desktop-promote	Set up job	﻿2026-09-13T19:34:46.4695160Z Current runner version: '2.337.0'
desktop-promote	Set up job	2026-09-13T19:34:46.4718150Z ##[group]Runner Image Provisioner
desktop-promote	Set up job	2026-09-13T19:34:46.4718920Z Hosted Compute Agent
desktop-promote	Set up job	2026-09-13T19:34:46.4719330Z Version: 20260828.587
desktop-promote	Set up job	2026-09-13T19:34:46.4719750Z Commit: abac92662cab4cc7352de4f9f9d2e2419aad9c29
desktop-promote	Set up job	2026-09-13T19:34:46.4720240Z Build Date: 2026-08-28T16:44:25Z
desktop-promote	Set up job	2026-09-13T19:34:46.4720760Z Worker ID: {b96c9871-e161-48d4-b011-62f3f30d319c}
desktop-promote	Set up job	2026-09-13T19:34:46.4721290Z Azure Region: westus
desktop-promote	Set up job	2026-09-13T19:34:46.4721730Z ##[endgroup]
desktop-promote	Set up job	2026-09-13T19:34:46.4722970Z ##[group]Operating System
desktop-promote	Set up job	2026-09-13T19:34:46.4723440Z macOS
desktop-promote	Set up job	2026-09-13T19:34:46.4723780Z 15.7.9
desktop-promote	Set up job	2026-09-13T19:34:46.4724210Z 24G830
desktop-promote	Set up job	2026-09-13T19:34:46.4724560Z ##[endgroup]
desktop-promote	Set up job	2026-09-13T19:34:46.4724940Z ##[group]Runner Image
desktop-promote	Set up job	2026-09-13T19:34:46.4725330Z Image: macos-15-arm64
desktop-promote	Set up job	2026-09-13T19:34:46.4725740Z Version: 20260907.0337.1
desktop-promote	Set up job	2026-09-13T19:34:46.4726540Z Included Software: https://github.com/actions/runner-images/blob/macos-15-arm64/20260907.0337/images/macos/macos-15-arm64-Readme.md
desktop-promote	Set up job	2026-09-13T19:34:46.4727990Z Image Release: https://github.com/actions/runner-images/releases/tag/macos-15-arm64%2F20260907.0337
desktop-promote	Set up job	2026-09-13T19:34:46.4728700Z ##[endgroup]
desktop-promote	Set up job	2026-09-13T19:34:46.4729600Z ##[group]GITHUB_TOKEN Permissions
desktop-promote	Set up job	2026-09-13T19:34:46.4731070Z Attestations: write
desktop-promote	Set up job	2026-09-13T19:34:46.4731620Z Contents: read
desktop-promote	Set up job	2026-09-13T19:34:46.4732020Z Metadata: read
desktop-promote	Set up job	2026-09-13T19:34:46.4732450Z ##[endgroup]
desktop-promote	Set up job	2026-09-13T19:34:46.4734090Z Secret source: Actions
desktop-promote	Set up job	2026-09-13T19:34:46.4734750Z Cache mode: write
desktop-promote	Set up job	2026-09-13T19:34:46.4735240Z Prepare workflow directory
desktop-promote	Set up job	2026-09-13T19:34:46.5254600Z Prepare all required actions
desktop-promote	Set up job	2026-09-13T19:34:46.5322320Z Getting action download info
desktop-promote	Set up job	2026-09-13T19:34:46.6877260Z Download action repository 'actions/checkout@34e114876b0b11c390a56381ad16ebd13914f8d5' (SHA:34e114876b0b11c390a56381ad16ebd13914f8d5)
desktop-promote	Set up job	2026-09-13T19:34:46.9301370Z Download action repository 'actions/setup-node@49933ea5288caeca8642d1e84afbd3f7d6820020' (SHA:49933ea5288caeca8642d1e84afbd3f7d6820020)
desktop-promote	Set up job	2026-09-13T19:34:47.0317510Z Download action repository 'actions/download-artifact@d3f86a106a0bac45b974a628896c90dbdf5c8093' (SHA:d3f86a106a0bac45b974a628896c90dbdf5c8093)
desktop-promote	Set up job	2026-09-13T19:34:47.8215020Z Download action repository 'actions/attest-build-provenance@4d101475d8b20a2381f78447822ac1eab6504dd8' (SHA:4d101475d8b20a2381f78447822ac1eab6504dd8)
desktop-promote	Set up job	2026-09-13T19:34:48.1808330Z Download action repository 'actions/upload-artifact@ea165f8d65b6e75b540449e92b4886f43607fa02' (SHA:ea165f8d65b6e75b540449e92b4886f43607fa02)
desktop-promote	Set up job	2026-09-13T19:34:48.4084550Z Getting action download info
desktop-promote	Set up job	2026-09-13T19:34:48.4782300Z Download action repository 'actions/attest@508db95dd578ae2727ebd6217d5ba78e4fbda05d' (SHA:508db95dd578ae2727ebd6217d5ba78e4fbda05d)
desktop-promote	Set up job	2026-09-13T19:34:49.3967280Z Complete job name: desktop-promote
desktop-promote	Run actions/checkout@34e114876b0b11c390a56381ad16ebd13914f8d5	﻿2026-09-13T19:34:49.4804560Z Node 20 is being deprecated. This workflow is running with Node 24 by default. If you need to temporarily use Node 20, you can set the ACTIONS_ALLOW_USE_UNSECURE_NODE_VERSION=true environment variable. For more information see: https://github.blog/changelog/2025-09-19-deprecation-of-node-20-on-github-actions-runners/
desktop-promote	Run actions/checkout@34e114876b0b11c390a56381ad16ebd13914f8d5	2026-09-13T19:34:49.4813480Z ##[group]Run actions/checkout@34e114876b0b11c390a56381ad16ebd13914f8d5
desktop-promote	Run actions/checkout@34e114876b0b11c390a56381ad16ebd13914f8d5	2026-09-13T19:34:49.4814500Z with:
desktop-promote	Run actions/checkout@34e114876b0b11c390a56381ad16ebd13914f8d5	2026-09-13T19:34:49.4815050Z   repository: szTheory/keepling
desktop-promote	Run actions/checkout@34e114876b0b11c390a56381ad16ebd13914f8d5	2026-09-13T19:34:49.4820820Z   token: ***
desktop-promote	Run actions/checkout@34e114876b0b11c390a56381ad16ebd13914f8d5	2026-09-13T19:34:49.4821340Z   ssh-strict: true
desktop-promote	Run actions/checkout@34e114876b0b11c390a56381ad16ebd13914f8d5	2026-09-13T19:34:49.4821920Z   ssh-user: git
desktop-promote	Run actions/checkout@34e114876b0b11c390a56381ad16ebd13914f8d5	2026-09-13T19:34:49.4822510Z   persist-credentials: true
desktop-promote	Run actions/checkout@34e114876b0b11c390a56381ad16ebd13914f8d5	2026-09-13T19:34:49.4823220Z   clean: true
desktop-promote	Run actions/checkout@34e114876b0b11c390a56381ad16ebd13914f8d5	2026-09-13T19:34:49.4823810Z   sparse-checkout-cone-mode: true
desktop-promote	Run actions/checkout@34e114876b0b11c390a56381ad16ebd13914f8d5	2026-09-13T19:34:49.4825590Z   fetch-depth: 1
desktop-promote	Run actions/checkout@34e114876b0b11c390a56381ad16ebd13914f8d5	2026-09-13T19:34:49.4826150Z   fetch-tags: false
desktop-promote	Run actions/checkout@34e114876b0b11c390a56381ad16ebd13914f8d5	2026-09-13T19:34:49.4826740Z   show-progress: true
desktop-promote	Run actions/checkout@34e114876b0b11c390a56381ad16ebd13914f8d5	2026-09-13T19:34:49.4827300Z   lfs: false
desktop-promote	Run actions/checkout@34e114876b0b11c390a56381ad16ebd13914f8d5	2026-09-13T19:34:49.4827870Z   submodules: false
desktop-promote	Run actions/checkout@34e114876b0b11c390a56381ad16ebd13914f8d5	2026-09-13T19:34:49.4828450Z   set-safe-directory: true
desktop-promote	Run actions/checkout@34e114876b0b11c390a56381ad16ebd13914f8d5	2026-09-13T19:34:49.4830740Z env:
desktop-promote	Run actions/checkout@34e114876b0b11c390a56381ad16ebd13914f8d5	2026-09-13T19:34:49.4832600Z   KEEPLING_DESKTOP_ARTIFACT_ROOT: keepling-desktop-package
desktop-promote	Run actions/checkout@34e114876b0b11c390a56381ad16ebd13914f8d5	2026-09-13T19:34:49.4834390Z ##[endgroup]
desktop-promote	Run actions/checkout@34e114876b0b11c390a56381ad16ebd13914f8d5	2026-09-13T19:34:49.8573500Z Syncing repository: szTheory/keepling
desktop-promote	Run actions/checkout@34e114876b0b11c390a56381ad16ebd13914f8d5	2026-09-13T19:34:49.8575460Z ##[group]Getting Git version info
desktop-promote	Run actions/checkout@34e114876b0b11c390a56381ad16ebd13914f8d5	2026-09-13T19:34:49.8576360Z Working directory is '/Users/runner/work/keepling/keepling'
desktop-promote	Run actions/checkout@34e114876b0b11c390a56381ad16ebd13914f8d5	2026-09-13T19:34:49.8754350Z [command]/opt/homebrew/bin/git version
desktop-promote	Run actions/checkout@34e114876b0b11c390a56381ad16ebd13914f8d5	2026-09-13T19:34:49.9378110Z git version 2.55.0
desktop-promote	Run actions/checkout@34e114876b0b11c390a56381ad16ebd13914f8d5	2026-09-13T19:34:49.9391410Z ##[endgroup]
desktop-promote	Run actions/checkout@34e114876b0b11c390a56381ad16ebd13914f8d5	2026-09-13T19:34:49.9397400Z Copying '/Users/runner/.gitconfig' to '/Users/runner/work/_temp/f53c23bc-2fa1-4465-b41f-8e4b538aaf84/.gitconfig'
desktop-promote	Run actions/checkout@34e114876b0b11c390a56381ad16ebd13914f8d5	2026-09-13T19:34:49.9404660Z Temporarily overriding HOME='/Users/runner/work/_temp/f53c23bc-2fa1-4465-b41f-8e4b538aaf84' before making global git config changes
desktop-promote	Run actions/checkout@34e114876b0b11c390a56381ad16ebd13914f8d5	2026-09-13T19:34:49.9406480Z Adding repository directory to the temporary git global config as a safe directory
desktop-promote	Run actions/checkout@34e114876b0b11c390a56381ad16ebd13914f8d5	2026-09-13T19:34:49.9408180Z [command]/opt/homebrew/bin/git config --global --add safe.directory /Users/runner/work/keepling/keepling
desktop-promote	Run actions/checkout@34e114876b0b11c390a56381ad16ebd13914f8d5	2026-09-13T19:34:49.9510470Z Deleting the contents of '/Users/runner/work/keepling/keepling'
desktop-promote	Run actions/checkout@34e114876b0b11c390a56381ad16ebd13914f8d5	2026-09-13T19:34:49.9518710Z ##[group]Initializing the repository
desktop-promote	Run actions/checkout@34e114876b0b11c390a56381ad16ebd13914f8d5	2026-09-13T19:34:49.9519920Z [command]/opt/homebrew/bin/git init /Users/runner/work/keepling/keepling
desktop-promote	Run actions/checkout@34e114876b0b11c390a56381ad16ebd13914f8d5	2026-09-13T19:34:49.9746440Z hint: Using 'master' as the name for the initial branch. This default branch name
desktop-promote	Run actions/checkout@34e114876b0b11c390a56381ad16ebd13914f8d5	2026-09-13T19:34:49.9754320Z hint: will change to "main" in Git 3.0. To configure the initial branch name
desktop-promote	Run actions/checkout@34e114876b0b11c390a56381ad16ebd13914f8d5	2026-09-13T19:34:49.9756880Z hint: to use in all of your new repositories, which will suppress this warning,
desktop-promote	Run actions/checkout@34e114876b0b11c390a56381ad16ebd13914f8d5	2026-09-13T19:34:49.9769160Z hint: call:
desktop-promote	Run actions/checkout@34e114876b0b11c390a56381ad16ebd13914f8d5	2026-09-13T19:34:49.9770950Z hint:
desktop-promote	Run actions/checkout@34e114876b0b11c390a56381ad16ebd13914f8d5	2026-09-13T19:34:49.9772800Z hint: 	git config --global init.defaultBranch <name>
desktop-promote	Run actions/checkout@34e114876b0b11c390a56381ad16ebd13914f8d5	2026-09-13T19:34:49.9774900Z hint:
desktop-promote	Run actions/checkout@34e114876b0b11c390a56381ad16ebd13914f8d5	2026-09-13T19:34:49.9776910Z hint: Names commonly chosen instead of 'master' are 'main', 'trunk' and
desktop-promote	Run actions/checkout@34e114876b0b11c390a56381ad16ebd13914f8d5	2026-09-13T19:34:49.9780250Z hint: 'development'. The just-created branch can be renamed via this command:
desktop-promote	Run actions/checkout@34e114876b0b11c390a56381ad16ebd13914f8d5	2026-09-13T19:34:49.9782930Z hint:
desktop-promote	Run actions/checkout@34e114876b0b11c390a56381ad16ebd13914f8d5	2026-09-13T19:34:49.9784410Z hint: 	git branch -m <name>
desktop-promote	Run actions/checkout@34e114876b0b11c390a56381ad16ebd13914f8d5	2026-09-13T19:34:49.9786110Z hint:
desktop-promote	Run actions/checkout@34e114876b0b11c390a56381ad16ebd13914f8d5	2026-09-13T19:34:49.9788370Z hint: Disable this message with "git config set advice.defaultBranchName false"
desktop-promote	Run actions/checkout@34e114876b0b11c390a56381ad16ebd13914f8d5	2026-09-13T19:34:49.9792000Z Initialized empty Git repository in /Users/runner/work/keepling/keepling/.git/
desktop-promote	Run actions/checkout@34e114876b0b11c390a56381ad16ebd13914f8d5	2026-09-13T19:34:49.9799250Z [command]/opt/homebrew/bin/git remote add origin https://github.com/szTheory/keepling
desktop-promote	Run actions/checkout@34e114876b0b11c390a56381ad16ebd13914f8d5	2026-09-13T19:34:49.9871770Z ##[endgroup]
desktop-promote	Run actions/checkout@34e114876b0b11c390a56381ad16ebd13914f8d5	2026-09-13T19:34:49.9873990Z ##[group]Disabling automatic garbage collection
desktop-promote	Run actions/checkout@34e114876b0b11c390a56381ad16ebd13914f8d5	2026-09-13T19:34:49.9875020Z [command]/opt/homebrew/bin/git config --local gc.auto 0
desktop-promote	Run actions/checkout@34e114876b0b11c390a56381ad16ebd13914f8d5	2026-09-13T19:34:49.9924270Z ##[endgroup]
desktop-promote	Run actions/checkout@34e114876b0b11c390a56381ad16ebd13914f8d5	2026-09-13T19:34:49.9926390Z ##[group]Setting up auth
desktop-promote	Run actions/checkout@34e114876b0b11c390a56381ad16ebd13914f8d5	2026-09-13T19:34:49.9927610Z [command]/opt/homebrew/bin/git config --local --name-only --get-regexp core\.sshCommand
desktop-promote	Run actions/checkout@34e114876b0b11c390a56381ad16ebd13914f8d5	2026-09-13T19:34:49.9994490Z [command]/opt/homebrew/bin/git submodule foreach --recursive sh -c "git config --local --name-only --get-regexp 'core\.sshCommand' && git config --local --unset-all 'core.sshCommand' || :"
desktop-promote	Run actions/checkout@34e114876b0b11c390a56381ad16ebd13914f8d5	2026-09-13T19:34:50.0949810Z [command]/opt/homebrew/bin/git config --local --name-only --get-regexp http\.https\:\/\/github\.com\/\.extraheader
desktop-promote	Run actions/checkout@34e114876b0b11c390a56381ad16ebd13914f8d5	2026-09-13T19:34:50.1018140Z [command]/opt/homebrew/bin/git submodule foreach --recursive sh -c "git config --local --name-only --get-regexp 'http\.https\:\/\/github\.com\/\.extraheader' && git config --local --unset-all 'http.https://github.com/.extraheader' || :"
desktop-promote	Run actions/checkout@34e114876b0b11c390a56381ad16ebd13914f8d5	2026-09-13T19:34:50.1992750Z [command]/opt/homebrew/bin/git config --local --name-only --get-regexp ^includeIf\.gitdir:
desktop-promote	Run actions/checkout@34e114876b0b11c390a56381ad16ebd13914f8d5	2026-09-13T19:34:50.2261190Z [command]/opt/homebrew/bin/git submodule foreach --recursive git config --local --show-origin --name-only --get-regexp remote.origin.url
desktop-promote	Run actions/checkout@34e114876b0b11c390a56381ad16ebd13914f8d5	2026-09-13T19:34:50.3307500Z [command]/opt/homebrew/bin/git config --local http.https://github.com/.extraheader AUTHORIZATION: basic ***
desktop-promote	Run actions/checkout@34e114876b0b11c390a56381ad16ebd13914f8d5	2026-09-13T19:34:50.3386840Z ##[endgroup]
desktop-promote	Run actions/checkout@34e114876b0b11c390a56381ad16ebd13914f8d5	2026-09-13T19:34:50.3393450Z ##[group]Fetching the repository
desktop-promote	Run actions/checkout@34e114876b0b11c390a56381ad16ebd13914f8d5	2026-09-13T19:34:50.3399120Z [command]/opt/homebrew/bin/git -c protocol.version=2 fetch --no-tags --prune --no-recurse-submodules --depth=1 origin +c2e4ce37ff0ca2c27067b098c2cfbdc59155ba96:refs/remotes/origin/main
desktop-promote	Run actions/checkout@34e114876b0b11c390a56381ad16ebd13914f8d5	2026-09-13T19:34:51.8203930Z From https://github.com/szTheory/keepling
desktop-promote	Run actions/checkout@34e114876b0b11c390a56381ad16ebd13914f8d5	2026-09-13T19:34:51.8205770Z  * [new ref]         c2e4ce37ff0ca2c27067b098c2cfbdc59155ba96 -> origin/main
desktop-promote	Run actions/checkout@34e114876b0b11c390a56381ad16ebd13914f8d5	2026-09-13T19:34:51.8213400Z ##[endgroup]
desktop-promote	Run actions/checkout@34e114876b0b11c390a56381ad16ebd13914f8d5	2026-09-13T19:34:51.8217970Z ##[group]Determining the checkout info
desktop-promote	Run actions/checkout@34e114876b0b11c390a56381ad16ebd13914f8d5	2026-09-13T19:34:51.8219080Z ##[endgroup]
desktop-promote	Run actions/checkout@34e114876b0b11c390a56381ad16ebd13914f8d5	2026-09-13T19:34:51.8229980Z [command]/opt/homebrew/bin/git sparse-checkout disable
desktop-promote	Run actions/checkout@34e114876b0b11c390a56381ad16ebd13914f8d5	2026-09-13T19:34:51.8340050Z [command]/opt/homebrew/bin/git config --local --unset-all extensions.worktreeConfig
desktop-promote	Run actions/checkout@34e114876b0b11c390a56381ad16ebd13914f8d5	2026-09-13T19:34:51.8408120Z ##[group]Checking out the ref
desktop-promote	Run actions/checkout@34e114876b0b11c390a56381ad16ebd13914f8d5	2026-09-13T19:34:51.8411310Z [command]/opt/homebrew/bin/git checkout --progress --force -B main refs/remotes/origin/main
desktop-promote	Run actions/checkout@34e114876b0b11c390a56381ad16ebd13914f8d5	2026-09-13T19:34:51.9887170Z Switched to a new branch 'main'
desktop-promote	Run actions/checkout@34e114876b0b11c390a56381ad16ebd13914f8d5	2026-09-13T19:34:51.9893220Z branch 'main' set up to track 'origin/main'.
desktop-promote	Run actions/checkout@34e114876b0b11c390a56381ad16ebd13914f8d5	2026-09-13T19:34:51.9898160Z ##[endgroup]
desktop-promote	Run actions/checkout@34e114876b0b11c390a56381ad16ebd13914f8d5	2026-09-13T19:34:51.9975810Z [command]/opt/homebrew/bin/git log -1 --format=%H
desktop-promote	Run actions/checkout@34e114876b0b11c390a56381ad16ebd13914f8d5	2026-09-13T19:34:52.0028240Z c2e4ce37ff0ca2c27067b098c2cfbdc59155ba96
desktop-promote	Run actions/setup-node@49933ea5288caeca8642d1e84afbd3f7d6820020	﻿2026-09-13T19:34:52.0269600Z Node 20 is being deprecated. This workflow is running with Node 24 by default. If you need to temporarily use Node 20, you can set the ACTIONS_ALLOW_USE_UNSECURE_NODE_VERSION=true environment variable. For more information see: https://github.blog/changelog/2025-09-19-deprecation-of-node-20-on-github-actions-runners/
desktop-promote	Run actions/setup-node@49933ea5288caeca8642d1e84afbd3f7d6820020	2026-09-13T19:34:52.0271100Z ##[group]Run actions/setup-node@49933ea5288caeca8642d1e84afbd3f7d6820020
desktop-promote	Run actions/setup-node@49933ea5288caeca8642d1e84afbd3f7d6820020	2026-09-13T19:34:52.0271380Z with:
desktop-promote	Run actions/setup-node@49933ea5288caeca8642d1e84afbd3f7d6820020	2026-09-13T19:34:52.0271540Z   node-version: 24.7.0
desktop-promote	Run actions/setup-node@49933ea5288caeca8642d1e84afbd3f7d6820020	2026-09-13T19:34:52.0271700Z   always-auth: false
desktop-promote	Run actions/setup-node@49933ea5288caeca8642d1e84afbd3f7d6820020	2026-09-13T19:34:52.0271870Z   check-latest: false
desktop-promote	Run actions/setup-node@49933ea5288caeca8642d1e84afbd3f7d6820020	2026-09-13T19:34:52.0273640Z   token: ***
desktop-promote	Run actions/setup-node@49933ea5288caeca8642d1e84afbd3f7d6820020	2026-09-13T19:34:52.0273770Z env:
desktop-promote	Run actions/setup-node@49933ea5288caeca8642d1e84afbd3f7d6820020	2026-09-13T19:34:52.0273960Z   KEEPLING_DESKTOP_ARTIFACT_ROOT: keepling-desktop-package
desktop-promote	Run actions/setup-node@49933ea5288caeca8642d1e84afbd3f7d6820020	2026-09-13T19:34:52.0274220Z ##[endgroup]
desktop-promote	Run actions/setup-node@49933ea5288caeca8642d1e84afbd3f7d6820020	2026-09-13T19:34:52.2045570Z Attempting to download 24.7.0...
desktop-promote	Run actions/setup-node@49933ea5288caeca8642d1e84afbd3f7d6820020	2026-09-13T19:34:52.2195730Z (node:1769) [DEP0040] DeprecationWarning: The `punycode` module is deprecated. Please use a userland alternative instead.
desktop-promote	Run actions/setup-node@49933ea5288caeca8642d1e84afbd3f7d6820020	2026-09-13T19:34:52.2197000Z (Use `node --trace-deprecation ...` to show where the warning was created)
desktop-promote	Run actions/setup-node@49933ea5288caeca8642d1e84afbd3f7d6820020	2026-09-13T19:34:53.2273590Z Acquiring 24.7.0 - arm64 from https://github.com/actions/node-versions/releases/download/24.7.0-17283839804/node-24.7.0-darwin-arm64.tar.gz
desktop-promote	Run actions/setup-node@49933ea5288caeca8642d1e84afbd3f7d6820020	2026-09-13T19:34:54.0237370Z Extracting ...
desktop-promote	Run actions/setup-node@49933ea5288caeca8642d1e84afbd3f7d6820020	2026-09-13T19:34:54.0469880Z [command]/usr/bin/tar xz --strip 1 -C /Users/runner/work/_temp/0920dd6a-580a-4404-8441-8766ce0da90b -f /Users/runner/work/_temp/a4312295-5455-4b0e-8f3c-805b81ba6f8d
desktop-promote	Run actions/setup-node@49933ea5288caeca8642d1e84afbd3f7d6820020	2026-09-13T19:34:55.2034000Z Adding to the cache ...
desktop-promote	Run actions/setup-node@49933ea5288caeca8642d1e84afbd3f7d6820020	2026-09-13T19:34:57.8289520Z ##[group]Environment details
desktop-promote	Run actions/setup-node@49933ea5288caeca8642d1e84afbd3f7d6820020	2026-09-13T19:34:58.2119330Z node: v24.7.0
desktop-promote	Run actions/setup-node@49933ea5288caeca8642d1e84afbd3f7d6820020	2026-09-13T19:34:58.2120340Z npm: 11.5.1
desktop-promote	Run actions/setup-node@49933ea5288caeca8642d1e84afbd3f7d6820020	2026-09-13T19:34:58.2120840Z yarn: 1.22.22
desktop-promote	Run actions/setup-node@49933ea5288caeca8642d1e84afbd3f7d6820020	2026-09-13T19:34:58.2122520Z ##[endgroup]
desktop-promote	Run actions/download-artifact@d3f86a106a0bac45b974a628896c90dbdf5c8093	﻿2026-09-13T19:34:58.2360880Z Node 20 is being deprecated. This workflow is running with Node 24 by default. If you need to temporarily use Node 20, you can set the ACTIONS_ALLOW_USE_UNSECURE_NODE_VERSION=true environment variable. For more information see: https://github.blog/changelog/2025-09-19-deprecation-of-node-20-on-github-actions-runners/
desktop-promote	Run actions/download-artifact@d3f86a106a0bac45b974a628896c90dbdf5c8093	2026-09-13T19:34:58.2362240Z ##[group]Run actions/download-artifact@d3f86a106a0bac45b974a628896c90dbdf5c8093
desktop-promote	Run actions/download-artifact@d3f86a106a0bac45b974a628896c90dbdf5c8093	2026-09-13T19:34:58.2362640Z with:
desktop-promote	Run actions/download-artifact@d3f86a106a0bac45b974a628896c90dbdf5c8093	2026-09-13T19:34:58.2362990Z   name: keepling-desktop-package
desktop-promote	Run actions/download-artifact@d3f86a106a0bac45b974a628896c90dbdf5c8093	2026-09-13T19:34:58.2430640Z   path: /Users/runner/work/_temp/keepling-desktop-package
desktop-promote	Run actions/download-artifact@d3f86a106a0bac45b974a628896c90dbdf5c8093	2026-09-13T19:34:58.2431190Z   merge-multiple: false
desktop-promote	Run actions/download-artifact@d3f86a106a0bac45b974a628896c90dbdf5c8093	2026-09-13T19:34:58.2431410Z   repository: szTheory/keepling
desktop-promote	Run actions/download-artifact@d3f86a106a0bac45b974a628896c90dbdf5c8093	2026-09-13T19:34:58.2431690Z   run-id: 34777805267
desktop-promote	Run actions/download-artifact@d3f86a106a0bac45b974a628896c90dbdf5c8093	2026-09-13T19:34:58.2431870Z env:
desktop-promote	Run actions/download-artifact@d3f86a106a0bac45b974a628896c90dbdf5c8093	2026-09-13T19:34:58.2432090Z   KEEPLING_DESKTOP_ARTIFACT_ROOT: keepling-desktop-package
desktop-promote	Run actions/download-artifact@d3f86a106a0bac45b974a628896c90dbdf5c8093	2026-09-13T19:34:58.2432410Z ##[endgroup]
desktop-promote	Run actions/download-artifact@d3f86a106a0bac45b974a628896c90dbdf5c8093	2026-09-13T19:34:58.4786300Z Downloading single artifact
desktop-promote	Run actions/download-artifact@d3f86a106a0bac45b974a628896c90dbdf5c8093	2026-09-13T19:34:58.4922740Z (node:1818) [DEP0040] DeprecationWarning: The `punycode` module is deprecated. Please use a userland alternative instead.
desktop-promote	Run actions/download-artifact@d3f86a106a0bac45b974a628896c90dbdf5c8093	2026-09-13T19:34:58.4943780Z (Use `node --trace-deprecation ...` to show where the warning was created)
desktop-promote	Run actions/download-artifact@d3f86a106a0bac45b974a628896c90dbdf5c8093	2026-09-13T19:34:58.5535150Z Preparing to download the following artifacts:
desktop-promote	Run actions/download-artifact@d3f86a106a0bac45b974a628896c90dbdf5c8093	2026-09-13T19:34:58.5538060Z - keepling-desktop-package (ID: 10323893801, Size: 260101582, Expected Digest: sha256:28b617e7b9f1e25aa19e5309bb9a43a5eefd554171d38cb223e895e96665bcab)
desktop-promote	Run actions/download-artifact@d3f86a106a0bac45b974a628896c90dbdf5c8093	2026-09-13T19:34:58.6675830Z Redirecting to blob download url: https://productionresultssa11.blob.core.windows.net/actions-results/6c96096e-95f6-41d2-8f12-7d4a9be542d9/workflow-job-run-08bd7d4d-5d3a-5a1f-8b45-80b04d0efa15/artifacts/d673bfa41ddf059217fd82e3d6ea2d41bfb7cc9b5796cb68d3af55bc077e78ee.zip
desktop-promote	Run actions/download-artifact@d3f86a106a0bac45b974a628896c90dbdf5c8093	2026-09-13T19:34:58.6679420Z Starting download of artifact to: /Users/runner/work/_temp/keepling-desktop-package
desktop-promote	Run actions/download-artifact@d3f86a106a0bac45b974a628896c90dbdf5c8093	2026-09-13T19:34:58.7867120Z (node:1818) [DEP0005] DeprecationWarning: Buffer() is deprecated due to security and usability issues. Please use the Buffer.alloc(), Buffer.allocUnsafe(), or Buffer.from() methods instead.
desktop-promote	Run actions/download-artifact@d3f86a106a0bac45b974a628896c90dbdf5c8093	2026-09-13T19:35:02.5397670Z SHA256 digest of downloaded artifact is 28b617e7b9f1e25aa19e5309bb9a43a5eefd554171d38cb223e895e96665bcab
desktop-promote	Run actions/download-artifact@d3f86a106a0bac45b974a628896c90dbdf5c8093	2026-09-13T19:35:02.5504070Z Artifact download completed successfully.
desktop-promote	Run actions/download-artifact@d3f86a106a0bac45b974a628896c90dbdf5c8093	2026-09-13T19:35:02.5506200Z Total of 1 artifact(s) downloaded
desktop-promote	Run actions/download-artifact@d3f86a106a0bac45b974a628896c90dbdf5c8093	2026-09-13T19:35:02.5512850Z Download artifact has finished successfully
desktop-promote	Rebase the stapled artifact path onto this job's download	﻿2026-09-13T19:35:02.5644300Z ##[group]Run set -o pipefail
desktop-promote	Rebase the stapled artifact path onto this job's download	2026-09-13T19:35:02.5645440Z ^[[36;1mset -o pipefail^[[0m
desktop-promote	Rebase the stapled artifact path onto this job's download	2026-09-13T19:35:02.5646280Z ^[[36;1martifact_root="$RUNNER_TEMP/${KEEPLING_DESKTOP_ARTIFACT_ROOT}"^[[0m
desktop-promote	Rebase the stapled artifact path onto this job's download	2026-09-13T19:35:02.5647370Z ^[[36;1mchmod -R u+x "$artifact_root"^[[0m
desktop-promote	Rebase the stapled artifact path onto this job's download	2026-09-13T19:35:02.5648090Z ^[[36;1mnode -e "^[[0m
desktop-promote	Rebase the stapled artifact path onto this job's download	2026-09-13T19:35:02.5648650Z ^[[36;1m  const fs = require('node:fs');^[[0m
desktop-promote	Rebase the stapled artifact path onto this job's download	2026-09-13T19:35:02.5649470Z ^[[36;1m  const path = require('node:path');^[[0m
desktop-promote	Rebase the stapled artifact path onto this job's download	2026-09-13T19:35:02.5650210Z ^[[36;1m  const root = process.argv[1];^[[0m
desktop-promote	Rebase the stapled artifact path onto this job's download	2026-09-13T19:35:02.5651220Z ^[[36;1m  const manifestPath = path.join(root, 'package-manifest.json');^[[0m
desktop-promote	Rebase the stapled artifact path onto this job's download	2026-09-13T19:35:02.5652850Z ^[[36;1m  const manifest = JSON.parse(fs.readFileSync(manifestPath, 'utf8'));^[[0m
desktop-promote	Rebase the stapled artifact path onto this job's download	2026-09-13T19:35:02.5654130Z ^[[36;1m  manifest.archivePath = path.join(root, path.basename(manifest.archivePath));^[[0m
desktop-promote	Rebase the stapled artifact path onto this job's download	2026-09-13T19:35:02.5655310Z ^[[36;1m  if (manifest.stapledArchivePath) {^[[0m
desktop-promote	Rebase the stapled artifact path onto this job's download	2026-09-13T19:35:02.5656610Z ^[[36;1m    manifest.stapledArchivePath = path.join(root, path.basename(manifest.stapledArchivePath));^[[0m
desktop-promote	Rebase the stapled artifact path onto this job's download	2026-09-13T19:35:02.5657900Z ^[[36;1m  }^[[0m
desktop-promote	Rebase the stapled artifact path onto this job's download	2026-09-13T19:35:02.5658660Z ^[[36;1m  // The .app tree itself never travels -- say so, rather than^[[0m
desktop-promote	Rebase the stapled artifact path onto this job's download	2026-09-13T19:35:02.5659670Z ^[[36;1m  // leaving a path that resolves to nothing on this runner.^[[0m
desktop-promote	Rebase the stapled artifact path onto this job's download	2026-09-13T19:35:02.5660690Z ^[[36;1m  manifest.stapledApplicationPath = null;^[[0m
desktop-promote	Rebase the stapled artifact path onto this job's download	2026-09-13T19:35:02.5661810Z ^[[36;1m  fs.writeFileSync(manifestPath, JSON.stringify(manifest, null, 2) + '\n');^[[0m
desktop-promote	Rebase the stapled artifact path onto this job's download	2026-09-13T19:35:02.5662790Z ^[[36;1m" "$artifact_root"^[[0m
desktop-promote	Rebase the stapled artifact path onto this job's download	2026-09-13T19:35:02.5740210Z shell: /bin/bash -e {0}
desktop-promote	Rebase the stapled artifact path onto this job's download	2026-09-13T19:35:02.5740850Z env:
desktop-promote	Rebase the stapled artifact path onto this job's download	2026-09-13T19:35:02.5741460Z   KEEPLING_DESKTOP_ARTIFACT_ROOT: keepling-desktop-package
desktop-promote	Rebase the stapled artifact path onto this job's download	2026-09-13T19:35:02.5742220Z ##[endgroup]
desktop-promote	Promote only the recorded digest, exclusively, after every required lane passed	﻿2026-09-13T19:35:02.7376230Z ##[group]Run node tooling/package-desktop.mjs --promote "$RUNNER_TEMP/${KEEPLING_DESKTOP_ARTIFACT_ROOT}/package-manifest.json"
desktop-promote	Promote only the recorded digest, exclusively, after every required lane passed	2026-09-13T19:35:02.7378290Z ^[[36;1mnode tooling/package-desktop.mjs --promote "$RUNNER_TEMP/${KEEPLING_DESKTOP_ARTIFACT_ROOT}/package-manifest.json"^[[0m
desktop-promote	Promote only the recorded digest, exclusively, after every required lane passed	2026-09-13T19:35:02.7380090Z ^[[36;1mecho "Promoted digest bd85468a3ec6283eb1548b6f42648b922b788ef38561d9d764a7c36f09f0a215"^[[0m
desktop-promote	Promote only the recorded digest, exclusively, after every required lane passed	2026-09-13T19:35:02.7444990Z shell: /bin/bash -e {0}
desktop-promote	Promote only the recorded digest, exclusively, after every required lane passed	2026-09-13T19:35:02.7445220Z env:
desktop-promote	Promote only the recorded digest, exclusively, after every required lane passed	2026-09-13T19:35:02.7445470Z   KEEPLING_DESKTOP_ARTIFACT_ROOT: keepling-desktop-package
desktop-promote	Promote only the recorded digest, exclusively, after every required lane passed	2026-09-13T19:35:02.7446320Z ##[endgroup]
desktop-promote	Promote only the recorded digest, exclusively, after every required lane passed	2026-09-13T19:35:04.2929230Z Shipped stapled artifact gated: codeDirectoryHash=7aac6074b7838a9727effe84053be208979e8c13
desktop-promote	Promote only the recorded digest, exclusively, after every required lane passed	2026-09-13T19:35:04.2956620Z Desktop package promoted: digest=bd85468a3ec6283eb1548b6f42648b922b788ef38561d9d764a7c36f09f0a215 record=/var/folders/nj/vtw8zd2j31d1gdrtntc5y4600000gn/T/keepling-desktop-promotions/bd85468a3ec6283eb1548b6f42648b922b788ef38561d9d764a7c36f09f0a215.json
desktop-promote	Promote only the recorded digest, exclusively, after every required lane passed	2026-09-13T19:35:04.2966980Z Promoted digest bd85468a3ec6283eb1548b6f42648b922b788ef38561d9d764a7c36f09f0a215
desktop-promote	Attest build provenance for the packaged archive (SLSA Build Level 2)	﻿2026-09-13T19:35:04.3067890Z ##[group]Run actions/attest-build-provenance@4d101475d8b20a2381f78447822ac1eab6504dd8
desktop-promote	Attest build provenance for the packaged archive (SLSA Build Level 2)	2026-09-13T19:35:04.3068290Z with:
desktop-promote	Attest build provenance for the packaged archive (SLSA Build Level 2)	2026-09-13T19:35:04.3068560Z   subject-path: /Users/runner/work/_temp/keepling-desktop-package/*.ditto.zip
desktop-promote	Attest build provenance for the packaged archive (SLSA Build Level 2)	2026-09-13T19:35:04.3068890Z   push-to-registry: false
desktop-promote	Attest build provenance for the packaged archive (SLSA Build Level 2)	2026-09-13T19:35:04.3069090Z   create-storage-record: true
desktop-promote	Attest build provenance for the packaged archive (SLSA Build Level 2)	2026-09-13T19:35:04.3069280Z   show-summary: true
desktop-promote	Attest build provenance for the packaged archive (SLSA Build Level 2)	2026-09-13T19:35:04.3071140Z   github-token: ***
desktop-promote	Attest build provenance for the packaged archive (SLSA Build Level 2)	2026-09-13T19:35:04.3071300Z env:
desktop-promote	Attest build provenance for the packaged archive (SLSA Build Level 2)	2026-09-13T19:35:04.3071500Z   KEEPLING_DESKTOP_ARTIFACT_ROOT: keepling-desktop-package
desktop-promote	Attest build provenance for the packaged archive (SLSA Build Level 2)	2026-09-13T19:35:04.3071760Z ##[endgroup]
desktop-promote	Attest build provenance for the packaged archive (SLSA Build Level 2)	2026-09-13T19:35:04.3118920Z ##[start-action display=Attest;id=__actions_attest-build-provenance.attest]
desktop-promote	Attest build provenance for the packaged archive (SLSA Build Level 2)	2026-09-13T19:35:04.3194290Z ##[group]Run actions/attest@508db95dd578ae2727ebd6217d5ba78e4fbda05d
desktop-promote	Attest build provenance for the packaged archive (SLSA Build Level 2)	2026-09-13T19:35:04.3194650Z with:
desktop-promote	Attest build provenance for the packaged archive (SLSA Build Level 2)	2026-09-13T19:35:04.3194920Z   subject-path: /Users/runner/work/_temp/keepling-desktop-package/*.ditto.zip
desktop-promote	Attest build provenance for the packaged archive (SLSA Build Level 2)	2026-09-13T19:35:04.3195310Z   push-to-registry: false
desktop-promote	Attest build provenance for the packaged archive (SLSA Build Level 2)	2026-09-13T19:35:04.3195570Z   create-storage-record: true
desktop-promote	Attest build provenance for the packaged archive (SLSA Build Level 2)	2026-09-13T19:35:04.3195740Z   show-summary: true
desktop-promote	Attest build provenance for the packaged archive (SLSA Build Level 2)	2026-09-13T19:35:04.3197690Z   github-token: ***
desktop-promote	Attest build provenance for the packaged archive (SLSA Build Level 2)	2026-09-13T19:35:04.3197850Z env:
desktop-promote	Attest build provenance for the packaged archive (SLSA Build Level 2)	2026-09-13T19:35:04.3198050Z   KEEPLING_DESKTOP_ARTIFACT_ROOT: keepling-desktop-package
desktop-promote	Attest build provenance for the packaged archive (SLSA Build Level 2)	2026-09-13T19:35:04.3198380Z   NODE_OPTIONS: --max-http-header-size=32768
desktop-promote	Attest build provenance for the packaged archive (SLSA Build Level 2)	2026-09-13T19:35:04.3198630Z ##[endgroup]
desktop-promote	Attest build provenance for the packaged archive (SLSA Build Level 2)	2026-09-13T19:35:04.5126010Z Attestation type: Build Provenance
desktop-promote	Attest build provenance for the packaged archive (SLSA Build Level 2)	2026-09-13T19:35:06.1490970Z Attestation created for 2 subjects
desktop-promote	Attest build provenance for the packaged archive (SLSA Build Level 2)	2026-09-13T19:35:06.1494220Z ##[group]^[[36mAttestation signed using certificate from Public Good Sigstore instance^[[39m
desktop-promote	Attest build provenance for the packaged archive (SLSA Build Level 2)	2026-09-13T19:35:06.1512230Z -----BEGIN CERTIFICATE-----
desktop-promote	Attest build provenance for the packaged archive (SLSA Build Level 2)	2026-09-13T19:35:06.1512990Z MIIHAjCCBoegAwIBAgIUaeuFmr91a9UcAVniSnwuYPjSo3AwCgYIKoZIzj0EAwMw
desktop-promote	Attest build provenance for the packaged archive (SLSA Build Level 2)	2026-09-13T19:35:06.1513740Z NzEVMBMGA1UEChMMc2lnc3RvcmUuZGV2MR4wHAYDVQQDExVzaWdzdG9yZS1pbnRl
desktop-promote	Attest build provenance for the packaged archive (SLSA Build Level 2)	2026-09-13T19:35:06.1514450Z cm1lZGlhdGUwHhcNMjYwOTEzMTkzNTA1WhcNMjYwOTEzMTk0NTA1WjAAMFkwEwYH
desktop-promote	Attest build provenance for the packaged archive (SLSA Build Level 2)	2026-09-13T19:35:06.1515130Z KoZIzj0CAQYIKoZIzj0DAQcDQgAEiQ2gDZtdHvnaal8Uo1r6HHQ/2yduZv8aKxnZ
desktop-promote	Attest build provenance for the packaged archive (SLSA Build Level 2)	2026-09-13T19:35:06.1516280Z /ZN/thmvx6lozK8RwNz+GIIhsPWJy83lUs+z0qcDrMyK2vdkwqOCBaYwggWiMA4G
desktop-promote	Attest build provenance for the packaged archive (SLSA Build Level 2)	2026-09-13T19:35:06.1518110Z A1UdDwEB/wQEAwIHgDATBgNVHSUEDDAKBggrBgEFBQcDAzAdBgNVHQ4EFgQU3TbA
desktop-promote	Attest build provenance for the packaged archive (SLSA Build Level 2)	2026-09-13T19:35:06.1519450Z Bi9pFd4twtkCbKssKAciMb4wHwYDVR0jBBgwFoAU39Ppz1YkEZb5qNjpKFWixi4Y
desktop-promote	Attest build provenance for the packaged archive (SLSA Build Level 2)	2026-09-13T19:35:06.1520390Z ZD8wYAYDVR0RAQH/BFYwVIZSaHR0cHM6Ly9naXRodWIuY29tL3N6VGhlb3J5L2tl
desktop-promote	Attest build provenance for the packaged archive (SLSA Build Level 2)	2026-09-13T19:35:06.1521070Z ZXBsaW5nLy5naXRodWIvd29ya2Zsb3dzL2Rlc2t0b3AueW1sQHJlZnMvaGVhZHMv
desktop-promote	Attest build provenance for the packaged archive (SLSA Build Level 2)	2026-09-13T19:35:06.1522110Z bWFpbjA5BgorBgEEAYO/MAEBBCtodHRwczovL3Rva2VuLmFjdGlvbnMuZ2l0aHVi
desktop-promote	Attest build provenance for the packaged archive (SLSA Build Level 2)	2026-09-13T19:35:06.1522710Z dXNlcmNvbnRlbnQuY29tMBIGCisGAQQBg78wAQIEBHB1c2gwNgYKKwYBBAGDvzAB
desktop-promote	Attest build provenance for the packaged archive (SLSA Build Level 2)	2026-09-13T19:35:06.1523460Z AwQoYzJlNGNlMzdmZjBjYTJjMjcwNjdiMDk4YzJjZmJkYzU5MTU1YmE5NjAnBgor
desktop-promote	Attest build provenance for the packaged archive (SLSA Build Level 2)	2026-09-13T19:35:06.1524140Z BgEEAYO/MAEEBBlEZXNrdG9wIHBhY2thZ2VkIGV2aWRlbmNlMB8GCisGAQQBg78w
desktop-promote	Attest build provenance for the packaged archive (SLSA Build Level 2)	2026-09-13T19:35:06.1524780Z AQUEEXN6VGhlb3J5L2tlZXBsaW5nMB0GCisGAQQBg78wAQYED3JlZnMvaGVhZHMv
desktop-promote	Attest build provenance for the packaged archive (SLSA Build Level 2)	2026-09-13T19:35:06.1526260Z bWFpbjA7BgorBgEEAYO/MAEIBC0MK2h0dHBzOi8vdG9rZW4uYWN0aW9ucy5naXRo
desktop-promote	Attest build provenance for the packaged archive (SLSA Build Level 2)	2026-09-13T19:35:06.1527200Z dWJ1c2VyY29udGVudC5jb20wYgYKKwYBBAGDvzABCQRUDFJodHRwczovL2dpdGh1
desktop-promote	Attest build provenance for the packaged archive (SLSA Build Level 2)	2026-09-13T19:35:06.1528540Z Yi5jb20vc3pUaGVvcnkva2VlcGxpbmcvLmdpdGh1Yi93b3JrZmxvd3MvZGVza3Rv
desktop-promote	Attest build provenance for the packaged archive (SLSA Build Level 2)	2026-09-13T19:35:06.1541030Z cC55bWxAcmVmcy9oZWFkcy9tYWluMDgGCisGAQQBg78wAQoEKgwoYzJlNGNlMzdm
desktop-promote	Attest build provenance for the packaged archive (SLSA Build Level 2)	2026-09-13T19:35:06.1541700Z ZjBjYTJjMjcwNjdiMDk4YzJjZmJkYzU5MTU1YmE5NjAdBgorBgEEAYO/MAELBA8M
desktop-promote	Attest build provenance for the packaged archive (SLSA Build Level 2)	2026-09-13T19:35:06.1543110Z DWdpdGh1Yi1ob3N0ZWQwNAYKKwYBBAGDvzABDAQmDCRodHRwczovL2dpdGh1Yi5j
desktop-promote	Attest build provenance for the packaged archive (SLSA Build Level 2)	2026-09-13T19:35:06.1543720Z b20vc3pUaGVvcnkva2VlcGxpbmcwOAYKKwYBBAGDvzABDQQqDChjMmU0Y2UzN2Zm
desktop-promote	Attest build provenance for the packaged archive (SLSA Build Level 2)	2026-09-13T19:35:06.1544950Z MGNhMmMyNzA2N2IwOThjMmNmYmRjNTkxNTViYTk2MB8GCisGAQQBg78wAQ4EEQwP
desktop-promote	Attest build provenance for the packaged archive (SLSA Build Level 2)	2026-09-13T19:35:06.1546270Z cmVmcy9oZWFkcy9tYWluMBoGCisGAQQBg78wAQ8EDAwKMTM2NDkzMDI5MjArBgor
desktop-promote	Attest build provenance for the packaged archive (SLSA Build Level 2)	2026-09-13T19:35:06.1546920Z BgEEAYO/MAEQBB0MG2h0dHBzOi8vZ2l0aHViLmNvbS9zelRoZW9yeTAVBgorBgEE
desktop-promote	Attest build provenance for the packaged archive (SLSA Build Level 2)	2026-09-13T19:35:06.1547650Z AYO/MAERBAcMBTI4NjUyMGIGCisGAQQBg78wARIEVAxSaHR0cHM6Ly9naXRodWIu
desktop-promote	Attest build provenance for the packaged archive (SLSA Build Level 2)	2026-09-13T19:35:06.1548480Z Y29tL3N6VGhlb3J5L2tlZXBsaW5nLy5naXRodWIvd29ya2Zsb3dzL2Rlc2t0b3Au
desktop-promote	Attest build provenance for the packaged archive (SLSA Build Level 2)	2026-09-13T19:35:06.1549670Z eW1sQHJlZnMvaGVhZHMvbWFpbjA4BgorBgEEAYO/MAETBCoMKGMyZTRjZTM3ZmYw
desktop-promote	Attest build provenance for the packaged archive (SLSA Build Level 2)	2026-09-13T19:35:06.1550330Z Y2EyYzI3MDY3YjA5OGMyY2ZiZGM1OTE1NWJhOTYwFAYKKwYBBAGDvzABFAQGDARw
desktop-promote	Attest build provenance for the packaged archive (SLSA Build Level 2)	2026-09-13T19:35:06.1550950Z dXNoMFgGCisGAQQBg78wARUESgxIaHR0cHM6Ly9naXRodWIuY29tL3N6VGhlb3J5
desktop-promote	Attest build provenance for the packaged archive (SLSA Build Level 2)	2026-09-13T19:35:06.1551600Z L2tlZXBsaW5nL2FjdGlvbnMvcnVucy8zNDc3NzgwNTI2Ny9hdHRlbXB0cy8xMBYG
desktop-promote	Attest build provenance for the packaged archive (SLSA Build Level 2)	2026-09-13T19:35:06.1552250Z CisGAQQBg78wARYECAwGcHVibGljMEsGCisGAQQBg78wARgEPQw7cmVwbzpzelRo
desktop-promote	Attest build provenance for the packaged archive (SLSA Build Level 2)	2026-09-13T19:35:06.1552940Z ZW9yeUAyODY1Mi9rZWVwbGluZ0AxMzY0OTMwMjkyOnJlZjpyZWZzL2hlYWRzL21h
desktop-promote	Attest build provenance for the packaged archive (SLSA Build Level 2)	2026-09-13T19:35:06.1553560Z aW4wgYoGCisGAQQB1nkCBAIEfAR6AHgAdgDdPTBqxscRMmMZHhyZZzcCokpeuN48
desktop-promote	Attest build provenance for the packaged archive (SLSA Build Level 2)	2026-09-13T19:35:06.1560080Z rf+HinKALynujgAAAaCcRCE8AAAEAwBHMEUCIQDw3aJeApoKAIOe8W1s1JsqRkHs
desktop-promote	Attest build provenance for the packaged archive (SLSA Build Level 2)	2026-09-13T19:35:06.1562070Z /R0PrbqWFwcXdnevqwIgeUL4gnE5N/Qn7D+bQ3f5/4LHZhA0kJi+BCj5wM3Na0cw
desktop-promote	Attest build provenance for the packaged archive (SLSA Build Level 2)	2026-09-13T19:35:06.1564110Z CgYIKoZIzj0EAwMDaQAwZgIxAO8yi413C2Q9LDalfv5Cj4/dWBY/MrPVscVHY9hD
desktop-promote	Attest build provenance for the packaged archive (SLSA Build Level 2)	2026-09-13T19:35:06.1566140Z VJsCNZ2D92lHmQ4bcfYXlhOAcwIxANsgq4MolbkJBSTccr8T1hSrheSuV7qxgnnL
desktop-promote	Attest build provenance for the packaged archive (SLSA Build Level 2)	2026-09-13T19:35:06.1567270Z D6h04HPo8yDoGhHirVwlL3sd6p2SVw==
desktop-promote	Attest build provenance for the packaged archive (SLSA Build Level 2)	2026-09-13T19:35:06.1568340Z -----END CERTIFICATE-----
desktop-promote	Attest build provenance for the packaged archive (SLSA Build Level 2)	2026-09-13T19:35:06.1569100Z 
desktop-promote	Attest build provenance for the packaged archive (SLSA Build Level 2)	2026-09-13T19:35:06.1571250Z ##[endgroup]
desktop-promote	Attest build provenance for the packaged archive (SLSA Build Level 2)	2026-09-13T19:35:06.1572050Z ^[[36mAttestation signature uploaded to Rekor transparency log^[[39m
desktop-promote	Attest build provenance for the packaged archive (SLSA Build Level 2)	2026-09-13T19:35:06.1573770Z https://search.sigstore.dev?logIndex=2821418340
desktop-promote	Attest build provenance for the packaged archive (SLSA Build Level 2)	2026-09-13T19:35:06.1574420Z ^[[36mAttestation uploaded to repository^[[39m
desktop-promote	Attest build provenance for the packaged archive (SLSA Build Level 2)	2026-09-13T19:35:06.1574940Z https://github.com/szTheory/keepling/attestations/47196946
desktop-promote	Attest build provenance for the packaged archive (SLSA Build Level 2)	2026-09-13T19:35:06.1844440Z ##[end-action id=__actions_attest-build-provenance.attest;outcome=success;conclusion=success;duration_ms=1871]
desktop-promote	Provision the Elixir/OTP toolchain for source-based SBOM generation	﻿2026-09-13T19:35:06.1903780Z ##[group]Run brew list asdf >/dev/null 2>&1 || brew install asdf
desktop-promote	Provision the Elixir/OTP toolchain for source-based SBOM generation	2026-09-13T19:35:06.1904220Z ^[[36;1mbrew list asdf >/dev/null 2>&1 || brew install asdf^[[0m
desktop-promote	Provision the Elixir/OTP toolchain for source-based SBOM generation	2026-09-13T19:35:06.1904540Z ^[[36;1m./tooling/runtime-preflight.sh --provision^[[0m
desktop-promote	Provision the Elixir/OTP toolchain for source-based SBOM generation	2026-09-13T19:35:06.1904810Z ^[[36;1mcorepack enable^[[0m
desktop-promote	Provision the Elixir/OTP toolchain for source-based SBOM generation	2026-09-13T19:35:06.1905020Z ^[[36;1mpnpm install --frozen-lockfile^[[0m
desktop-promote	Provision the Elixir/OTP toolchain for source-based SBOM generation	2026-09-13T19:35:06.1905340Z ^[[36;1m# Installing Elixir is not enough. A fresh OTP install has no Hex,^[[0m
desktop-promote	Provision the Elixir/OTP toolchain for source-based SBOM generation	2026-09-13T19:35:06.1905740Z ^[[36;1m# and `mix sbom.cyclonedx` needs it twice over: to resolve the^[[0m
desktop-promote	Provision the Elixir/OTP toolchain for source-based SBOM generation	2026-09-13T19:35:06.1906120Z ^[[36;1m# project's own dependencies, and because the `:sbom` task is itself^[[0m
desktop-promote	Provision the Elixir/OTP toolchain for source-based SBOM generation	2026-09-13T19:35:06.1906530Z ^[[36;1m# a Hex package. Without this the task dies on an interactive prompt^[[0m
desktop-promote	Provision the Elixir/OTP toolchain for source-based SBOM generation	2026-09-13T19:35:06.1906850Z ^[[36;1m# no CI run can answer:^[[0m
desktop-promote	Provision the Elixir/OTP toolchain for source-based SBOM generation	2026-09-13T19:35:06.1907130Z ^[[36;1m#   Mix requires the Hex package manager to fetch dependencies^[[0m
desktop-promote	Provision the Elixir/OTP toolchain for source-based SBOM generation	2026-09-13T19:35:06.1907490Z ^[[36;1m#   ** (Mix) Could not find an SCM for dependency :phoenix^[[0m
desktop-promote	Provision the Elixir/OTP toolchain for source-based SBOM generation	2026-09-13T19:35:06.1907900Z ^[[36;1m#   Shall I install Hex? (if running non-interactively, use ...)^[[0m
desktop-promote	Provision the Elixir/OTP toolchain for source-based SBOM generation	2026-09-13T19:35:06.1908180Z ^[[36;1m#^[[0m
desktop-promote	Provision the Elixir/OTP toolchain for source-based SBOM generation	2026-09-13T19:35:06.1908420Z ^[[36;1m# These go through `--exec`, like every other mix invocation in this^[[0m
desktop-promote	Provision the Elixir/OTP toolchain for source-based SBOM generation	2026-09-13T19:35:06.1908830Z ^[[36;1m# repository's workflows. `--provision` exports the asdf toolchain^[[0m
desktop-promote	Provision the Elixir/OTP toolchain for source-based SBOM generation	2026-09-13T19:35:06.1909220Z ^[[36;1m# PATH inside its OWN process and writes nothing to $GITHUB_PATH, so^[[0m
desktop-promote	Provision the Elixir/OTP toolchain for source-based SBOM generation	2026-09-13T19:35:06.1909750Z ^[[36;1m# a bare `mix` in this step resolves against the runner's PATH and^[[0m
desktop-promote	Provision the Elixir/OTP toolchain for source-based SBOM generation	2026-09-13T19:35:06.1910120Z ^[[36;1m# fails with `mix: command not found` (exit 127) even though the^[[0m
desktop-promote	Provision the Elixir/OTP toolchain for source-based SBOM generation	2026-09-13T19:35:06.1910630Z ^[[36;1m# preflight just reported Elixir 1.20.2. `--exec` re-runs the same^[[0m
desktop-promote	Provision the Elixir/OTP toolchain for source-based SBOM generation	2026-09-13T19:35:06.1911110Z ^[[36;1m# resolution and then execs the command inside it.^[[0m
desktop-promote	Provision the Elixir/OTP toolchain for source-based SBOM generation	2026-09-13T19:35:06.1911440Z ^[[36;1m#^[[0m
desktop-promote	Provision the Elixir/OTP toolchain for source-based SBOM generation	2026-09-13T19:35:06.1912160Z ^[[36;1m# `deps.get` matters because "from source" still means from a^[[0m
desktop-promote	Provision the Elixir/OTP toolchain for source-based SBOM generation	2026-09-13T19:35:06.1912690Z ^[[36;1m# RESOLVED tree: mix.lock names the versions, deps.get is what makes^[[0m
desktop-promote	Provision the Elixir/OTP toolchain for source-based SBOM generation	2026-09-13T19:35:06.1913080Z ^[[36;1m# them inspectable.^[[0m
desktop-promote	Provision the Elixir/OTP toolchain for source-based SBOM generation	2026-09-13T19:35:06.1913640Z ^[[36;1m./tooling/runtime-preflight.sh --exec -- sh -c 'mix local.hex --force && mix local.rebar --force && cd apps/server && mix deps.get'^[[0m
desktop-promote	Provision the Elixir/OTP toolchain for source-based SBOM generation	2026-09-13T19:35:06.1954770Z shell: /bin/bash -e {0}
desktop-promote	Provision the Elixir/OTP toolchain for source-based SBOM generation	2026-09-13T19:35:06.1955050Z env:
desktop-promote	Provision the Elixir/OTP toolchain for source-based SBOM generation	2026-09-13T19:35:06.1955340Z   KEEPLING_DESKTOP_ARTIFACT_ROOT: keepling-desktop-package
desktop-promote	Provision the Elixir/OTP toolchain for source-based SBOM generation	2026-09-13T19:35:06.1955690Z ##[endgroup]
desktop-promote	Provision the Elixir/OTP toolchain for source-based SBOM generation	2026-09-13T19:35:09.4207620Z ^[[32m==>^[[0m ^[[1mDownloading bottle manifests^[[0m
desktop-promote	Provision the Elixir/OTP toolchain for source-based SBOM generation	2026-09-13T19:35:09.4286190Z ✔︎ Bottle Manifest asdf (0.20.0)
desktop-promote	Provision the Elixir/OTP toolchain for source-based SBOM generation	2026-09-13T19:35:09.4291490Z ^[[34m==>^[[0m ^[[1mWould install 1 formula:^[[0m
desktop-promote	Provision the Elixir/OTP toolchain for source-based SBOM generation	2026-09-13T19:35:09.4292450Z asdf
desktop-promote	Provision the Elixir/OTP toolchain for source-based SBOM generation	2026-09-13T19:35:09.4801250Z ^[[32m==>^[[0m ^[[1mFetching downloads for: ^[[32masdf^[[39m^[[0m
desktop-promote	Provision the Elixir/OTP toolchain for source-based SBOM generation	2026-09-13T19:35:09.8863430Z ✔︎ Bottle asdf (0.20.0)
desktop-promote	Provision the Elixir/OTP toolchain for source-based SBOM generation	2026-09-13T19:35:09.8906190Z ^[[34m==>^[[0m ^[[1mPouring asdf--0.20.0.arm64_sequoia.bottle.tar.gz^[[0m
desktop-promote	Provision the Elixir/OTP toolchain for source-based SBOM generation	2026-09-13T19:35:10.0771600Z 🍺  /opt/homebrew/Cellar/asdf/0.20.0: 10 files, 4.4MB
desktop-promote	Provision the Elixir/OTP toolchain for source-based SBOM generation	2026-09-13T19:35:10.0777800Z ^[[32m==>^[[0m ^[[1mCaveats^[[0m
desktop-promote	Provision the Elixir/OTP toolchain for source-based SBOM generation	2026-09-13T19:35:10.0779020Z Bash completion has been installed to:
desktop-promote	Provision the Elixir/OTP toolchain for source-based SBOM generation	2026-09-13T19:35:10.0779900Z   /opt/homebrew/etc/bash_completion.d
desktop-promote	Provision the Elixir/OTP toolchain for source-based SBOM generation	2026-09-13T19:35:13.2498470Z Downloading kerl...
desktop-promote	Provision the Elixir/OTP toolchain for source-based SBOM generation	2026-09-13T19:35:13.2658950Z   % Total    % Received % Xferd  Average Speed   Time    Time     Time  Current
desktop-promote	Provision the Elixir/OTP toolchain for source-based SBOM generation	2026-09-13T19:35:13.2660520Z                                  Dload  Upload   Total   Spent    Left  Speed
desktop-promote	Provision the Elixir/OTP toolchain for source-based SBOM generation	2026-09-13T19:35:13.2661450Z 
desktop-promote	Provision the Elixir/OTP toolchain for source-based SBOM generation	2026-09-13T19:35:13.5381950Z   0     0    0     0    0     0      0      0 --:--:-- --:--:-- --:--:--     0
desktop-promote	Provision the Elixir/OTP toolchain for source-based SBOM generation	2026-09-13T19:35:13.5382690Z 100 84548  100 84548    0     0   303k      0 --:--:-- --:--:-- --:--:--  303k
desktop-promote	Provision the Elixir/OTP toolchain for source-based SBOM generation	2026-09-13T19:35:14.9098580Z [asdf-erlang] ⚠️ Warning: fop is optional and not installed. Please install it using 'brew install fop'.
desktop-promote	Provision the Elixir/OTP toolchain for source-based SBOM generation	2026-09-13T19:35:16.3575340Z [asdf-erlang] ⚠️ Warning: unixodbc is optional and not installed. Please install it using 'brew install unixodbc'.
desktop-promote	Provision the Elixir/OTP toolchain for source-based SBOM generation	2026-09-13T19:35:17.4523950Z [asdf-erlang] ⚠️ Warning: wxmac is optional and not installed. You can install it using 'brew install --build-from-source wxmac'.
desktop-promote	Provision the Elixir/OTP toolchain for source-based SBOM generation	2026-09-13T19:35:17.4541430Z [asdf-erlang] ⚠️ Note: wxmac is required for building Erlang/OTP with a working :observer
desktop-promote	Provision the Elixir/OTP toolchain for source-based SBOM generation	2026-09-13T19:35:17.4983320Z [asdf-erlang] 🛟 Added unixodbc to KERL_CONFIGURE_OPTIONS:  --with-odbc=/opt/homebrew/opt/unixodbc
desktop-promote	Provision the Elixir/OTP toolchain for source-based SBOM generation	2026-09-13T19:35:17.5140600Z [asdf-erlang] 🛟 No CC found. Setting CC to: /usr/bin/clang -I/opt/homebrew/opt/unixodbc/include
desktop-promote	Provision the Elixir/OTP toolchain for source-based SBOM generation	2026-09-13T19:35:17.5288110Z [asdf-erlang] 🛟 No LDFLAGS found. Setting LDFLAGS to: -L/opt/homebrew/opt/unixodbc/lib
desktop-promote	Provision the Elixir/OTP toolchain for source-based SBOM generation	2026-09-13T19:35:17.5752750Z [asdf-erlang] 🛟 Added openssl to KERL_CONFIGURE_OPTIONS:  --with-ssl=/opt/homebrew/opt/openssl@3
desktop-promote	Provision the Elixir/OTP toolchain for source-based SBOM generation	2026-09-13T19:35:17.6024660Z [asdf-erlang] 🛟 OpenJDK has been added to PATH for this terminal session: /opt/homebrew/opt/openjdk/bin
desktop-promote	Provision the Elixir/OTP toolchain for source-based SBOM generation	2026-09-13T19:35:17.6027790Z [asdf-erlang] Please ensure this is included in your shell's dot files (.zshrc, .bashrc, etc.)
desktop-promote	Provision the Elixir/OTP toolchain for source-based SBOM generation	2026-09-13T19:35:17.6090920Z [asdf-erlang] 📦 Building with KERL_CONFIGURE_OPTIONS=  --with-odbc=/opt/homebrew/opt/unixodbc  --with-ssl=/opt/homebrew/opt/openssl@3
desktop-promote	Provision the Elixir/OTP toolchain for source-based SBOM generation	2026-09-13T19:35:17.8538410Z [asdf-erlang] ❄️ No kerl installation to cleanup for asdf_29.0.5
desktop-promote	Provision the Elixir/OTP toolchain for source-based SBOM generation	2026-09-13T19:35:18.0098870Z [asdf-erlang] ❄️ No kerl build to cleanup for asdf_29.0.5
desktop-promote	Provision the Elixir/OTP toolchain for source-based SBOM generation	2026-09-13T19:36:23.4318510Z APPLICATIONS INFORMATION (See: /Users/runner/.asdf/plugins/erlang/kerl-home/builds/asdf_29.0.5/otp_build_29.0.5.log)
desktop-promote	Provision the Elixir/OTP toolchain for source-based SBOM generation	2026-09-13T19:36:23.4319640Z  * odbc           : ODBC library - header check failed
desktop-promote	Provision the Elixir/OTP toolchain for source-based SBOM generation	2026-09-13T19:36:23.4320450Z  * wx             : wxWidgets was not compiled with --enable-webview or wxWebView developer package is not installed, wxWebView will NOT be available
desktop-promote	Provision the Elixir/OTP toolchain for source-based SBOM generation	2026-09-13T19:36:23.4321200Z  *         wxWidgets must be installed on your system.
desktop-promote	Provision the Elixir/OTP toolchain for source-based SBOM generation	2026-09-13T19:36:23.4331930Z  *         Please check that wx-config is in path, the directory
desktop-promote	Provision the Elixir/OTP toolchain for source-based SBOM generation	2026-09-13T19:36:23.4332510Z  *         where wxWidgets libraries are installed (returned by
desktop-promote	Provision the Elixir/OTP toolchain for source-based SBOM generation	2026-09-13T19:36:23.4332980Z  *         'wx-config --libs' or 'wx-config --static --libs' command)
desktop-promote	Provision the Elixir/OTP toolchain for source-based SBOM generation	2026-09-13T19:36:23.4333520Z  *         is in LD_LIBRARY_PATH or equivalent variable and
desktop-promote	Provision the Elixir/OTP toolchain for source-based SBOM generation	2026-09-13T19:36:23.4334050Z  *         wxWidgets version is 3.0.2 or above.
desktop-promote	Provision the Elixir/OTP toolchain for source-based SBOM generation	2026-09-13T19:36:23.4334310Z 
desktop-promote	Provision the Elixir/OTP toolchain for source-based SBOM generation	2026-09-13T19:37:57.6382270Z 👷🏼 kerl install asdf_29.0.5 /Users/runner/.asdf/installs/erlang/29.0.5
desktop-promote	Provision the Elixir/OTP toolchain for source-based SBOM generation	2026-09-13T19:38:25.6492580Z 🧹 Cleanup kerl build asdf_29.0.5
desktop-promote	Provision the Elixir/OTP toolchain for source-based SBOM generation	2026-09-13T19:38:27.0107730Z 🔗 Linking app executables /Users/runner/.asdf/installs/erlang/29.0.5
desktop-promote	Provision the Elixir/OTP toolchain for source-based SBOM generation	2026-09-13T19:38:27.0851740Z 👍 Installed erlang 29.0.5
desktop-promote	Provision the Elixir/OTP toolchain for source-based SBOM generation	2026-09-13T19:38:27.1305740Z ==> Checking whether specified Elixir release exists...
desktop-promote	Provision the Elixir/OTP toolchain for source-based SBOM generation	2026-09-13T19:38:27.4165610Z ==> Downloading 1.20.2-otp-29 to /Users/runner/.asdf/downloads/elixir/1.20.2-otp-29/elixir-precompiled-1.20.2-otp-29.zip
desktop-promote	Provision the Elixir/OTP toolchain for source-based SBOM generation	2026-09-13T19:38:27.4340090Z   % Total    % Received % Xferd  Average Speed   Time    Time     Time  Current
desktop-promote	Provision the Elixir/OTP toolchain for source-based SBOM generation	2026-09-13T19:38:27.4440530Z                                  Dload  Upload   Total   Spent    Left  Speed
desktop-promote	Provision the Elixir/OTP toolchain for source-based SBOM generation	2026-09-13T19:38:27.4541690Z 
desktop-promote	Provision the Elixir/OTP toolchain for source-based SBOM generation	2026-09-13T19:38:27.6434510Z   0     0    0     0    0     0      0      0 --:--:-- --:--:-- --:--:--     0
desktop-promote	Provision the Elixir/OTP toolchain for source-based SBOM generation	2026-09-13T19:38:27.6449370Z  98 8423k   98 8324k    0     0  38.7M      0 --:--:-- --:--:-- --:--:-- 38.7M
desktop-promote	Provision the Elixir/OTP toolchain for source-based SBOM generation	2026-09-13T19:38:27.6451930Z 100 8423k  100 8423k    0     0  38.9M      0 --:--:-- --:--:-- --:--:-- 38.9M
desktop-promote	Provision the Elixir/OTP toolchain for source-based SBOM generation	2026-09-13T19:38:27.6471520Z ==> Copying release into place
desktop-promote	Provision the Elixir/OTP toolchain for source-based SBOM generation	2026-09-13T19:38:29.0053440Z ^[[32m==>^[[0m ^[[1mDownloading bottle manifests^[[0m
desktop-promote	Provision the Elixir/OTP toolchain for source-based SBOM generation	2026-09-13T19:38:29.4766290Z ✔︎ Bottle Manifest postgresql@18 (18.6)
desktop-promote	Provision the Elixir/OTP toolchain for source-based SBOM generation	2026-09-13T19:38:29.4767750Z ^[[34m==>^[[0m ^[[1mWould install 1 formula:^[[0m
desktop-promote	Provision the Elixir/OTP toolchain for source-based SBOM generation	2026-09-13T19:38:29.4768260Z postgresql@18
desktop-promote	Provision the Elixir/OTP toolchain for source-based SBOM generation	2026-09-13T19:38:29.8627120Z ^[[32m==>^[[0m ^[[1mFetching downloads for: ^[[32mpostgresql@18^[[39m^[[0m
desktop-promote	Provision the Elixir/OTP toolchain for source-based SBOM generation	2026-09-13T19:38:32.0085670Z ✔︎ Bottle postgresql@18 (18.6)
desktop-promote	Provision the Elixir/OTP toolchain for source-based SBOM generation	2026-09-13T19:38:32.0508360Z ^[[34m==>^[[0m ^[[1mPouring postgresql@18--18.6.arm64_sequoia.bottle.tar.gz^[[0m
desktop-promote	Provision the Elixir/OTP toolchain for source-based SBOM generation	2026-09-13T19:38:35.2624560Z The files belonging to this database system will be owned by user "runner".
desktop-promote	Provision the Elixir/OTP toolchain for source-based SBOM generation	2026-09-13T19:38:35.2632410Z This user must also own the server process.
desktop-promote	Provision the Elixir/OTP toolchain for source-based SBOM generation	2026-09-13T19:38:35.2633180Z 
desktop-promote	Provision the Elixir/OTP toolchain for source-based SBOM generation	2026-09-13T19:38:35.2639380Z The database cluster will be initialized with locale "en_US.UTF-8".
desktop-promote	Provision the Elixir/OTP toolchain for source-based SBOM generation	2026-09-13T19:38:35.2641390Z The default text search configuration will be set to "english".
desktop-promote	Provision the Elixir/OTP toolchain for source-based SBOM generation	2026-09-13T19:38:35.2641700Z 
desktop-promote	Provision the Elixir/OTP toolchain for source-based SBOM generation	2026-09-13T19:38:35.2641930Z Data page checksums are enabled.
desktop-promote	Provision the Elixir/OTP toolchain for source-based SBOM generation	2026-09-13T19:38:35.2642180Z 
desktop-promote	Provision the Elixir/OTP toolchain for source-based SBOM generation	2026-09-13T19:38:35.2642560Z fixing permissions on existing directory /opt/homebrew/var/postgresql@18 ... ok
desktop-promote	Provision the Elixir/OTP toolchain for source-based SBOM generation	2026-09-13T19:38:35.2643160Z creating subdirectories ... ok
desktop-promote	Provision the Elixir/OTP toolchain for source-based SBOM generation	2026-09-13T19:38:35.2643580Z selecting dynamic shared memory implementation ... posix
desktop-promote	Provision the Elixir/OTP toolchain for source-based SBOM generation	2026-09-13T19:38:35.3222670Z selecting default "max_connections" ... 100
desktop-promote	Provision the Elixir/OTP toolchain for source-based SBOM generation	2026-09-13T19:38:35.3537510Z selecting default "shared_buffers" ... 128MB
desktop-promote	Provision the Elixir/OTP toolchain for source-based SBOM generation	2026-09-13T19:38:35.3562950Z selecting default time zone ... UTC
desktop-promote	Provision the Elixir/OTP toolchain for source-based SBOM generation	2026-09-13T19:38:35.3581560Z creating configuration files ... ok
desktop-promote	Provision the Elixir/OTP toolchain for source-based SBOM generation	2026-09-13T19:38:35.5247870Z running bootstrap script ... ok
desktop-promote	Provision the Elixir/OTP toolchain for source-based SBOM generation	2026-09-13T19:38:36.0292370Z performing post-bootstrap initialization ... ok
desktop-promote	Provision the Elixir/OTP toolchain for source-based SBOM generation	2026-09-13T19:38:36.0465880Z syncing data to disk ... ok
desktop-promote	Provision the Elixir/OTP toolchain for source-based SBOM generation	2026-09-13T19:38:36.0490660Z 
desktop-promote	Provision the Elixir/OTP toolchain for source-based SBOM generation	2026-09-13T19:38:36.0491100Z 
desktop-promote	Provision the Elixir/OTP toolchain for source-based SBOM generation	2026-09-13T19:38:36.0491590Z Success. You can now start the database server using:
desktop-promote	Provision the Elixir/OTP toolchain for source-based SBOM generation	2026-09-13T19:38:36.0492070Z 
desktop-promote	Provision the Elixir/OTP toolchain for source-based SBOM generation	2026-09-13T19:38:36.0492630Z     '/opt/homebrew/Cellar/postgresql@18/18.6/bin/pg_ctl' -D '/opt/homebrew/var/postgresql@18' -l logfile start
desktop-promote	Provision the Elixir/OTP toolchain for source-based SBOM generation	2026-09-13T19:38:36.0493160Z 
desktop-promote	Provision the Elixir/OTP toolchain for source-based SBOM generation	2026-09-13T19:38:36.0493620Z initdb: warning: enabling "trust" authentication for local connections
desktop-promote	Provision the Elixir/OTP toolchain for source-based SBOM generation	2026-09-13T19:38:36.0494770Z initdb: hint: You can change this by editing pg_hba.conf or using the option -A, or --auth-local and --auth-host, the next time you run initdb.
desktop-promote	Provision the Elixir/OTP toolchain for source-based SBOM generation	2026-09-13T19:38:36.7466190Z 🍺  /opt/homebrew/Cellar/postgresql@18/18.6: 3,873 files, 77.7MB
desktop-promote	Provision the Elixir/OTP toolchain for source-based SBOM generation	2026-09-13T19:38:36.7481260Z ^[[32m==>^[[0m ^[[1mCaveats^[[0m
desktop-promote	Provision the Elixir/OTP toolchain for source-based SBOM generation	2026-09-13T19:38:36.7481640Z ^[[34m==>^[[0m ^[[1mpostgresql@18^[[0m
desktop-promote	Provision the Elixir/OTP toolchain for source-based SBOM generation	2026-09-13T19:38:36.7482160Z This formula has created a default database cluster with:
desktop-promote	Provision the Elixir/OTP toolchain for source-based SBOM generation	2026-09-13T19:38:36.7498210Z   initdb --locale=en_US.UTF-8 -E UTF-8 /opt/homebrew/var/postgresql@18
desktop-promote	Provision the Elixir/OTP toolchain for source-based SBOM generation	2026-09-13T19:38:36.7498630Z 
desktop-promote	Provision the Elixir/OTP toolchain for source-based SBOM generation	2026-09-13T19:38:36.7498950Z When uninstalling, some dead symlinks are left behind so you may want to run:
desktop-promote	Provision the Elixir/OTP toolchain for source-based SBOM generation	2026-09-13T19:38:36.7499490Z   brew cleanup --prune-prefix
desktop-promote	Provision the Elixir/OTP toolchain for source-based SBOM generation	2026-09-13T19:38:36.7499700Z 
desktop-promote	Provision the Elixir/OTP toolchain for source-based SBOM generation	2026-09-13T19:38:36.7499940Z To start postgresql@18 now and restart at login:
desktop-promote	Provision the Elixir/OTP toolchain for source-based SBOM generation	2026-09-13T19:38:36.7500370Z   brew services start postgresql@18
desktop-promote	Provision the Elixir/OTP toolchain for source-based SBOM generation	2026-09-13T19:38:36.7500830Z Or, if you don't want/need a background service you can just run:
desktop-promote	Provision the Elixir/OTP toolchain for source-based SBOM generation	2026-09-13T19:38:36.7501580Z   LC_ALL="en_US.UTF-8" /opt/homebrew/opt/postgresql@18/bin/postgres -D /opt/homebrew/var/postgresql@18
desktop-promote	Provision the Elixir/OTP toolchain for source-based SBOM generation	2026-09-13T19:38:37.3580290Z Runtime preflight passed: Elixir 1.20.2, OTP 29.0.5, PostgreSQL 18.6
desktop-promote	Provision the Elixir/OTP toolchain for source-based SBOM generation	2026-09-13T19:38:37.7390300Z ! Corepack is about to download https://registry.npmjs.org/pnpm/-/pnpm-10.33.0.tgz
desktop-promote	Provision the Elixir/OTP toolchain for source-based SBOM generation	2026-09-13T19:38:38.6222330Z Scope: all 4 workspace projects
desktop-promote	Provision the Elixir/OTP toolchain for source-based SBOM generation	2026-09-13T19:38:38.6639440Z Lockfile is up to date, resolution step is skipped
desktop-promote	Provision the Elixir/OTP toolchain for source-based SBOM generation	2026-09-13T19:38:38.7799690Z Packages: +912
desktop-promote	Provision the Elixir/OTP toolchain for source-based SBOM generation	2026-09-13T19:38:38.7801430Z ++++++++++++++++++++++++++++++++++++++++++++++++++++++++++++++++++++++++++++++++
desktop-promote	Provision the Elixir/OTP toolchain for source-based SBOM generation	2026-09-13T19:38:39.1046040Z Progress: resolved 0, reused 0, downloaded 1, added 0
desktop-promote	Provision the Elixir/OTP toolchain for source-based SBOM generation	2026-09-13T19:38:40.1102850Z Progress: resolved 0, reused 0, downloaded 27, added 4
desktop-promote	Provision the Elixir/OTP toolchain for source-based SBOM generation	2026-09-13T19:38:41.1172330Z Progress: resolved 0, reused 0, downloaded 28, added 4
desktop-promote	Provision the Elixir/OTP toolchain for source-based SBOM generation	2026-09-13T19:38:42.1191600Z Progress: resolved 0, reused 0, downloaded 62, added 16
desktop-promote	Provision the Elixir/OTP toolchain for source-based SBOM generation	2026-09-13T19:38:43.1233160Z Progress: resolved 0, reused 0, downloaded 91, added 23
desktop-promote	Provision the Elixir/OTP toolchain for source-based SBOM generation	2026-09-13T19:38:44.1255220Z Progress: resolved 0, reused 0, downloaded 146, added 36
desktop-promote	Provision the Elixir/OTP toolchain for source-based SBOM generation	2026-09-13T19:38:45.1408530Z Progress: resolved 0, reused 0, downloaded 203, added 51
desktop-promote	Provision the Elixir/OTP toolchain for source-based SBOM generation	2026-09-13T19:38:46.1393270Z Progress: resolved 0, reused 0, downloaded 309, added 88
desktop-promote	Provision the Elixir/OTP toolchain for source-based SBOM generation	2026-09-13T19:38:47.1340870Z Progress: resolved 0, reused 0, downloaded 411, added 127
desktop-promote	Provision the Elixir/OTP toolchain for source-based SBOM generation	2026-09-13T19:38:48.1355110Z Progress: resolved 0, reused 0, downloaded 487, added 151
desktop-promote	Provision the Elixir/OTP toolchain for source-based SBOM generation	2026-09-13T19:38:49.1418320Z Progress: resolved 0, reused 0, downloaded 659, added 217
desktop-promote	Provision the Elixir/OTP toolchain for source-based SBOM generation	2026-09-13T19:38:50.1427420Z Progress: resolved 0, reused 0, downloaded 830, added 282
desktop-promote	Provision the Elixir/OTP toolchain for source-based SBOM generation	2026-09-13T19:38:51.0566440Z Packages are cloned from the content-addressable store to the virtual store.
desktop-promote	Provision the Elixir/OTP toolchain for source-based SBOM generation	2026-09-13T19:38:51.0674110Z   Content-addressable store is at: /Users/runner/Library/pnpm/store/v10
desktop-promote	Provision the Elixir/OTP toolchain for source-based SBOM generation	2026-09-13T19:38:51.0776490Z   Virtual store is at:             node_modules/.pnpm
desktop-promote	Provision the Elixir/OTP toolchain for source-based SBOM generation	2026-09-13T19:38:51.1767600Z Progress: resolved 0, reused 0, downloaded 869, added 465
desktop-promote	Provision the Elixir/OTP toolchain for source-based SBOM generation	2026-09-13T19:38:52.1765900Z Progress: resolved 0, reused 0, downloaded 870, added 883
desktop-promote	Provision the Elixir/OTP toolchain for source-based SBOM generation	2026-09-13T19:38:52.4905950Z Progress: resolved 0, reused 0, downloaded 870, added 912, done
desktop-promote	Provision the Elixir/OTP toolchain for source-based SBOM generation	2026-09-13T19:38:52.6327120Z 
desktop-promote	Provision the Elixir/OTP toolchain for source-based SBOM generation	2026-09-13T19:38:52.7208580Z Done in 14.3s using pnpm v10.33.0
desktop-promote	Provision the Elixir/OTP toolchain for source-based SBOM generation	2026-09-13T19:38:53.3605970Z Runtime preflight passed: Elixir 1.20.2, OTP 29.0.5, PostgreSQL 18.6
desktop-promote	Provision the Elixir/OTP toolchain for source-based SBOM generation	2026-09-13T19:38:54.1247160Z * creating /Users/runner/.mix/archives/hex-2.5.1
desktop-promote	Provision the Elixir/OTP toolchain for source-based SBOM generation	2026-09-13T19:38:54.6542030Z * creating /Users/runner/.mix/elixir/1-20-otp-29/rebar3
desktop-promote	Provision the Elixir/OTP toolchain for source-based SBOM generation	2026-09-13T19:38:55.8042310Z Resolving Hex dependencies...
desktop-promote	Provision the Elixir/OTP toolchain for source-based SBOM generation	2026-09-13T19:38:55.8950870Z Resolution completed in 0.087s
desktop-promote	Provision the Elixir/OTP toolchain for source-based SBOM generation	2026-09-13T19:38:55.9081170Z Unchanged:
desktop-promote	Provision the Elixir/OTP toolchain for source-based SBOM generation	2026-09-13T19:38:55.9081480Z   argon2_elixir 4.1.3
desktop-promote	Provision the Elixir/OTP toolchain for source-based SBOM generation	2026-09-13T19:38:55.9100890Z   bandit 1.12.5
desktop-promote	Provision the Elixir/OTP toolchain for source-based SBOM generation	2026-09-13T19:38:55.9101660Z   certifi 2.17.0
desktop-promote	Provision the Elixir/OTP toolchain for source-based SBOM generation	2026-09-13T19:38:55.9102250Z   comeonin 5.5.1
desktop-promote	Provision the Elixir/OTP toolchain for source-based SBOM generation	2026-09-13T19:38:55.9102910Z   db_connection 2.10.2
desktop-promote	Provision the Elixir/OTP toolchain for source-based SBOM generation	2026-09-13T19:38:55.9103730Z   decimal 3.1.1
desktop-promote	Provision the Elixir/OTP toolchain for source-based SBOM generation	2026-09-13T19:38:55.9104350Z   dns_cluster 0.2.0
desktop-promote	Provision the Elixir/OTP toolchain for source-based SBOM generation	2026-09-13T19:38:55.9105040Z   ecto 3.14.2
desktop-promote	Provision the Elixir/OTP toolchain for source-based SBOM generation	2026-09-13T19:38:55.9106020Z   ecto_sql 3.14.0
desktop-promote	Provision the Elixir/OTP toolchain for source-based SBOM generation	2026-09-13T19:38:55.9106680Z   elixir_make 0.10.0
desktop-promote	Provision the Elixir/OTP toolchain for source-based SBOM generation	2026-09-13T19:38:55.9107270Z   expo 1.1.1
desktop-promote	Provision the Elixir/OTP toolchain for source-based SBOM generation	2026-09-13T19:38:55.9109530Z   gettext 1.0.2
desktop-promote	Provision the Elixir/OTP toolchain for source-based SBOM generation	2026-09-13T19:38:55.9110020Z   h2 0.12.0
desktop-promote	Provision the Elixir/OTP toolchain for source-based SBOM generation	2026-09-13T19:38:55.9110570Z   hackney 4.7.4
desktop-promote	Provision the Elixir/OTP toolchain for source-based SBOM generation	2026-09-13T19:38:55.9111130Z   hammer 7.4.1
desktop-promote	Provision the Elixir/OTP toolchain for source-based SBOM generation	2026-09-13T19:38:55.9112050Z   hex_core 0.15.0
desktop-promote	Provision the Elixir/OTP toolchain for source-based SBOM generation	2026-09-13T19:38:55.9113140Z   hpax 1.0.4
desktop-promote	Provision the Elixir/OTP toolchain for source-based SBOM generation	2026-09-13T19:38:55.9114490Z   idna 7.1.0
desktop-promote	Provision the Elixir/OTP toolchain for source-based SBOM generation	2026-09-13T19:38:55.9115080Z   jason 1.4.5
desktop-promote	Provision the Elixir/OTP toolchain for source-based SBOM generation	2026-09-13T19:38:55.9115800Z   mime 2.0.7
desktop-promote	Provision the Elixir/OTP toolchain for source-based SBOM generation	2026-09-13T19:38:55.9116660Z   mimerl 1.5.0
desktop-promote	Provision the Elixir/OTP toolchain for source-based SBOM generation	2026-09-13T19:38:55.9117390Z   optimus 0.6.1
desktop-promote	Provision the Elixir/OTP toolchain for source-based SBOM generation	2026-09-13T19:38:55.9118590Z   parse_trans 3.4.2
desktop-promote	Provision the Elixir/OTP toolchain for source-based SBOM generation	2026-09-13T19:38:55.9119760Z   phoenix 1.8.13
desktop-promote	Provision the Elixir/OTP toolchain for source-based SBOM generation	2026-09-13T19:38:55.9120430Z   phoenix_ecto 4.7.0
desktop-promote	Provision the Elixir/OTP toolchain for source-based SBOM generation	2026-09-13T19:38:55.9121090Z   phoenix_pubsub 2.3.0
desktop-promote	Provision the Elixir/OTP toolchain for source-based SBOM generation	2026-09-13T19:38:55.9121620Z   phoenix_template 1.0.4
desktop-promote	Provision the Elixir/OTP toolchain for source-based SBOM generation	2026-09-13T19:38:55.9121960Z   plug 1.20.3
desktop-promote	Provision the Elixir/OTP toolchain for source-based SBOM generation	2026-09-13T19:38:55.9122480Z   plug_crypto 2.2.0
desktop-promote	Provision the Elixir/OTP toolchain for source-based SBOM generation	2026-09-13T19:38:55.9123110Z   postgrex 0.22.4
desktop-promote	Provision the Elixir/OTP toolchain for source-based SBOM generation	2026-09-13T19:38:55.9123550Z   protobuf 0.16.1
desktop-promote	Provision the Elixir/OTP toolchain for source-based SBOM generation	2026-09-13T19:38:55.9123880Z   purl 0.3.0
desktop-promote	Provision the Elixir/OTP toolchain for source-based SBOM generation	2026-09-13T19:38:55.9124340Z   quic 1.8.2
desktop-promote	Provision the Elixir/OTP toolchain for source-based SBOM generation	2026-09-13T19:38:55.9124860Z   sbom 0.10.0
desktop-promote	Provision the Elixir/OTP toolchain for source-based SBOM generation	2026-09-13T19:38:55.9125150Z   ssl_verify_fun 1.1.7
desktop-promote	Provision the Elixir/OTP toolchain for source-based SBOM generation	2026-09-13T19:38:55.9125630Z   stream_data 1.4.0
desktop-promote	Provision the Elixir/OTP toolchain for source-based SBOM generation	2026-09-13T19:38:55.9151180Z   telemetry 1.4.2
desktop-promote	Provision the Elixir/OTP toolchain for source-based SBOM generation	2026-09-13T19:38:55.9151590Z   telemetry_metrics 1.2.0
desktop-promote	Provision the Elixir/OTP toolchain for source-based SBOM generation	2026-09-13T19:38:55.9151930Z   telemetry_poller 1.3.0
desktop-promote	Provision the Elixir/OTP toolchain for source-based SBOM generation	2026-09-13T19:38:55.9152220Z   thousand_island 1.5.0
desktop-promote	Provision the Elixir/OTP toolchain for source-based SBOM generation	2026-09-13T19:38:55.9152390Z   tzdata 1.1.5
desktop-promote	Provision the Elixir/OTP toolchain for source-based SBOM generation	2026-09-13T19:38:55.9152620Z   websock 0.5.3
desktop-promote	Provision the Elixir/OTP toolchain for source-based SBOM generation	2026-09-13T19:38:55.9152900Z   websock_adapter 0.6.0
desktop-promote	Provision the Elixir/OTP toolchain for source-based SBOM generation	2026-09-13T19:38:55.9153130Z   webtransport 0.4.5
desktop-promote	Provision the Elixir/OTP toolchain for source-based SBOM generation	2026-09-13T19:38:55.9204480Z * Getting phoenix (Hex package)
desktop-promote	Provision the Elixir/OTP toolchain for source-based SBOM generation	2026-09-13T19:38:56.2529400Z * Getting phoenix_ecto (Hex package)
desktop-promote	Provision the Elixir/OTP toolchain for source-based SBOM generation	2026-09-13T19:38:56.2606360Z * Getting ecto_sql (Hex package)
desktop-promote	Provision the Elixir/OTP toolchain for source-based SBOM generation	2026-09-13T19:38:56.2788720Z * Getting postgrex (Hex package)
desktop-promote	Provision the Elixir/OTP toolchain for source-based SBOM generation	2026-09-13T19:38:56.3022130Z * Getting telemetry_metrics (Hex package)
desktop-promote	Provision the Elixir/OTP toolchain for source-based SBOM generation	2026-09-13T19:38:56.3079440Z * Getting telemetry_poller (Hex package)
desktop-promote	Provision the Elixir/OTP toolchain for source-based SBOM generation	2026-09-13T19:38:56.3142570Z * Getting gettext (Hex package)
desktop-promote	Provision the Elixir/OTP toolchain for source-based SBOM generation	2026-09-13T19:38:56.3241300Z * Getting jason (Hex package)
desktop-promote	Provision the Elixir/OTP toolchain for source-based SBOM generation	2026-09-13T19:38:56.3301850Z * Getting dns_cluster (Hex package)
desktop-promote	Provision the Elixir/OTP toolchain for source-based SBOM generation	2026-09-13T19:38:56.3341150Z * Getting bandit (Hex package)
desktop-promote	Provision the Elixir/OTP toolchain for source-based SBOM generation	2026-09-13T19:38:56.3689410Z * Getting argon2_elixir (Hex package)
desktop-promote	Provision the Elixir/OTP toolchain for source-based SBOM generation	2026-09-13T19:38:56.3869190Z * Getting tzdata (Hex package)
desktop-promote	Provision the Elixir/OTP toolchain for source-based SBOM generation	2026-09-13T19:38:56.4158280Z * Getting hammer (Hex package)
desktop-promote	Provision the Elixir/OTP toolchain for source-based SBOM generation	2026-09-13T19:38:56.4313210Z * Getting stream_data (Hex package)
desktop-promote	Provision the Elixir/OTP toolchain for source-based SBOM generation	2026-09-13T19:38:56.4857850Z * Getting sbom (Hex package)
desktop-promote	Provision the Elixir/OTP toolchain for source-based SBOM generation	2026-09-13T19:38:56.6754080Z * Getting hex_core (Hex package)
desktop-promote	Provision the Elixir/OTP toolchain for source-based SBOM generation	2026-09-13T19:38:56.7130600Z * Getting optimus (Hex package)
desktop-promote	Provision the Elixir/OTP toolchain for source-based SBOM generation	2026-09-13T19:38:56.7386940Z * Getting protobuf (Hex package)
desktop-promote	Provision the Elixir/OTP toolchain for source-based SBOM generation	2026-09-13T19:38:56.7813830Z * Getting purl (Hex package)
desktop-promote	Provision the Elixir/OTP toolchain for source-based SBOM generation	2026-09-13T19:38:56.8113780Z * Getting hackney (Hex package)
desktop-promote	Provision the Elixir/OTP toolchain for source-based SBOM generation	2026-09-13T19:38:56.8692710Z * Getting certifi (Hex package)
desktop-promote	Provision the Elixir/OTP toolchain for source-based SBOM generation	2026-09-13T19:38:56.8832570Z * Getting h2 (Hex package)
desktop-promote	Provision the Elixir/OTP toolchain for source-based SBOM generation	2026-09-13T19:38:56.9088430Z * Getting idna (Hex package)
desktop-promote	Provision the Elixir/OTP toolchain for source-based SBOM generation	2026-09-13T19:38:56.9339090Z * Getting mimerl (Hex package)
desktop-promote	Provision the Elixir/OTP toolchain for source-based SBOM generation	2026-09-13T19:38:56.9424370Z * Getting parse_trans (Hex package)
desktop-promote	Provision the Elixir/OTP toolchain for source-based SBOM generation	2026-09-13T19:38:56.9548340Z * Getting ssl_verify_fun (Hex package)
desktop-promote	Provision the Elixir/OTP toolchain for source-based SBOM generation	2026-09-13T19:38:56.9692890Z * Getting webtransport (Hex package)
desktop-promote	Provision the Elixir/OTP toolchain for source-based SBOM generation	2026-09-13T19:38:56.9925280Z * Getting quic (Hex package)
desktop-promote	Provision the Elixir/OTP toolchain for source-based SBOM generation	2026-09-13T19:38:57.0286340Z * Getting comeonin (Hex package)
desktop-promote	Provision the Elixir/OTP toolchain for source-based SBOM generation	2026-09-13T19:38:57.0345740Z * Getting elixir_make (Hex package)
desktop-promote	Provision the Elixir/OTP toolchain for source-based SBOM generation	2026-09-13T19:38:57.0421340Z * Getting hpax (Hex package)
desktop-promote	Provision the Elixir/OTP toolchain for source-based SBOM generation	2026-09-13T19:38:57.0498150Z * Getting plug (Hex package)
desktop-promote	Provision the Elixir/OTP toolchain for source-based SBOM generation	2026-09-13T19:38:57.0731550Z * Getting telemetry (Hex package)
desktop-promote	Provision the Elixir/OTP toolchain for source-based SBOM generation	2026-09-13T19:38:57.0813690Z * Getting thousand_island (Hex package)
desktop-promote	Provision the Elixir/OTP toolchain for source-based SBOM generation	2026-09-13T19:38:57.0919240Z * Getting websock (Hex package)
desktop-promote	Provision the Elixir/OTP toolchain for source-based SBOM generation	2026-09-13T19:38:57.0969370Z * Getting mime (Hex package)
desktop-promote	Provision the Elixir/OTP toolchain for source-based SBOM generation	2026-09-13T19:38:57.1039250Z * Getting plug_crypto (Hex package)
desktop-promote	Provision the Elixir/OTP toolchain for source-based SBOM generation	2026-09-13T19:38:57.1178650Z * Getting expo (Hex package)
desktop-promote	Provision the Elixir/OTP toolchain for source-based SBOM generation	2026-09-13T19:38:57.1477420Z * Getting db_connection (Hex package)
desktop-promote	Provision the Elixir/OTP toolchain for source-based SBOM generation	2026-09-13T19:38:57.1747200Z * Getting decimal (Hex package)
desktop-promote	Provision the Elixir/OTP toolchain for source-based SBOM generation	2026-09-13T19:38:57.1857300Z * Getting ecto (Hex package)
desktop-promote	Provision the Elixir/OTP toolchain for source-based SBOM generation	2026-09-13T19:38:57.2457390Z * Getting phoenix_pubsub (Hex package)
desktop-promote	Provision the Elixir/OTP toolchain for source-based SBOM generation	2026-09-13T19:38:57.2664150Z * Getting phoenix_template (Hex package)
desktop-promote	Provision the Elixir/OTP toolchain for source-based SBOM generation	2026-09-13T19:38:57.2787330Z * Getting websock_adapter (Hex package)
desktop-promote	Provision the Elixir/OTP toolchain for source-based SBOM generation	2026-09-13T19:38:57.2884500Z You have added/upgraded packages you could sponsor, run `mix hex.sponsor` to learn more
desktop-promote	Generate the Hex and npm bills of materials from source	﻿2026-09-13T19:38:57.3960030Z ##[group]Run ./tooling/runtime-preflight.sh --exec -- node tooling/generate-sbom.mjs --out "$RUNNER_TEMP/${KEEPLING_DESKTOP_ARTIFACT_ROOT}/sbom"
desktop-promote	Generate the Hex and npm bills of materials from source	2026-09-13T19:38:57.3961360Z ^[[36;1m./tooling/runtime-preflight.sh --exec -- node tooling/generate-sbom.mjs --out "$RUNNER_TEMP/${KEEPLING_DESKTOP_ARTIFACT_ROOT}/sbom"^[[0m
desktop-promote	Generate the Hex and npm bills of materials from source	2026-09-13T19:38:57.5881210Z shell: /bin/bash -e {0}
desktop-promote	Generate the Hex and npm bills of materials from source	2026-09-13T19:38:57.5881700Z env:
desktop-promote	Generate the Hex and npm bills of materials from source	2026-09-13T19:38:57.5882050Z   KEEPLING_DESKTOP_ARTIFACT_ROOT: keepling-desktop-package
desktop-promote	Generate the Hex and npm bills of materials from source	2026-09-13T19:38:57.5882310Z ##[endgroup]
desktop-promote	Generate the Hex and npm bills of materials from source	2026-09-13T19:38:58.2092570Z Runtime preflight passed: Elixir 1.20.2, OTP 29.0.5, PostgreSQL 18.6
desktop-promote	Generate the Hex and npm bills of materials from source	2026-09-13T19:38:58.2571460Z Generating Hex SBOM from source (apps/server) -> /Users/runner/work/_temp/keepling-desktop-package/sbom/sbom-hex.cdx.json
desktop-promote	Generate the Hex and npm bills of materials from source	2026-09-13T19:38:58.7850660Z Runtime preflight passed: Elixir 1.20.2, OTP 29.0.5, PostgreSQL 18.6
desktop-promote	Generate the Hex and npm bills of materials from source	2026-09-13T19:38:59.3890800Z ==> mime
desktop-promote	Generate the Hex and npm bills of materials from source	2026-09-13T19:38:59.3899720Z Compiling 1 file (.ex)
desktop-promote	Generate the Hex and npm bills of materials from source	2026-09-13T19:38:59.4708590Z Generated mime app
desktop-promote	Generate the Hex and npm bills of materials from source	2026-09-13T19:38:59.4882280Z ==> comeonin
desktop-promote	Generate the Hex and npm bills of materials from source	2026-09-13T19:38:59.4882940Z Compiling 3 files (.ex)
desktop-promote	Generate the Hex and npm bills of materials from source	2026-09-13T19:38:59.5085050Z Generated comeonin app
desktop-promote	Generate the Hex and npm bills of materials from source	2026-09-13T19:38:59.7808770Z ==> keepling
desktop-promote	Generate the Hex and npm bills of materials from source	2026-09-13T19:38:59.7809710Z ===> Analyzing applications...
desktop-promote	Generate the Hex and npm bills of materials from source	2026-09-13T19:38:59.9009400Z ===> Compiling hex_core
desktop-promote	Generate the Hex and npm bills of materials from source	2026-09-13T19:39:00.5901960Z ==> plug_crypto
desktop-promote	Generate the Hex and npm bills of materials from source	2026-09-13T19:39:00.5902340Z Compiling 5 files (.ex)
desktop-promote	Generate the Hex and npm bills of materials from source	2026-09-13T19:39:00.6610730Z Generated plug_crypto app
desktop-promote	Generate the Hex and npm bills of materials from source	2026-09-13T19:39:00.6718030Z ==> hpax
desktop-promote	Generate the Hex and npm bills of materials from source	2026-09-13T19:39:00.6718350Z Compiling 4 files (.ex)
desktop-promote	Generate the Hex and npm bills of materials from source	2026-09-13T19:39:00.9382080Z Generated hpax app
desktop-promote	Generate the Hex and npm bills of materials from source	2026-09-13T19:39:00.9606910Z ==> purl
desktop-promote	Generate the Hex and npm bills of materials from source	2026-09-13T19:39:00.9607220Z Compiling 5 files (.erl)
desktop-promote	Generate the Hex and npm bills of materials from source	2026-09-13T19:39:01.0031190Z Compiling 7 files (.ex)
desktop-promote	Generate the Hex and npm bills of materials from source	2026-09-13T19:39:01.0603940Z Generated purl app
desktop-promote	Generate the Hex and npm bills of materials from source	2026-09-13T19:39:01.3051830Z ==> keepling
desktop-promote	Generate the Hex and npm bills of materials from source	2026-09-13T19:39:01.3053150Z ===> Analyzing applications...
desktop-promote	Generate the Hex and npm bills of materials from source	2026-09-13T19:39:01.3585600Z ===> Compiling mimerl
desktop-promote	Generate the Hex and npm bills of materials from source	2026-09-13T19:39:02.0342960Z ==> ssl_verify_fun
desktop-promote	Generate the Hex and npm bills of materials from source	2026-09-13T19:39:02.0343250Z Compiling 7 files (.erl)
desktop-promote	Generate the Hex and npm bills of materials from source	2026-09-13T19:39:02.0764540Z Generated ssl_verify_fun app
desktop-promote	Generate the Hex and npm bills of materials from source	2026-09-13T19:39:02.0881770Z ==> optimus
desktop-promote	Generate the Hex and npm bills of materials from source	2026-09-13T19:39:02.0882130Z Compiling 17 files (.ex)
desktop-promote	Generate the Hex and npm bills of materials from source	2026-09-13T19:39:02.3061490Z Generated optimus app
desktop-promote	Generate the Hex and npm bills of materials from source	2026-09-13T19:39:02.5597120Z ==> keepling
desktop-promote	Generate the Hex and npm bills of materials from source	2026-09-13T19:39:02.6196170Z ===> Analyzing applications...
desktop-promote	Generate the Hex and npm bills of materials from source	2026-09-13T19:39:02.6196520Z ===> Compiling h2
desktop-promote	Generate the Hex and npm bills of materials from source	2026-09-13T19:39:03.3205890Z ==> elixir_make
desktop-promote	Generate the Hex and npm bills of materials from source	2026-09-13T19:39:03.3206200Z Compiling 8 files (.ex)
desktop-promote	Generate the Hex and npm bills of materials from source	2026-09-13T19:39:03.4001240Z Generated elixir_make app
desktop-promote	Generate the Hex and npm bills of materials from source	2026-09-13T19:39:03.4130060Z ==> argon2_elixir
desktop-promote	Generate the Hex and npm bills of materials from source	2026-09-13T19:39:03.4749030Z mkdir -p /Users/runner/work/keepling/keepling/apps/server/_build/dev/lib/argon2_elixir/priv
desktop-promote	Generate the Hex and npm bills of materials from source	2026-09-13T19:39:03.4789840Z cc -g -O3 -pthread -Wall -I"/Users/runner/.asdf/installs/erlang/29.0.5/erts-17.0.5/include" -Iargon2/include -Iargon2/src -Ic_src -dynamiclib -undefined dynamic_lookup  argon2/src/argon2.c argon2/src/core.c argon2/src/blake2/blake2b.c argon2/src/thread.c argon2/src/encoding.c argon2/src/ref.c c_src/argon2_nif.c -o /Users/runner/work/keepling/keepling/apps/server/_build/dev/lib/argon2_elixir/priv/argon2_nif.so
desktop-promote	Generate the Hex and npm bills of materials from source	2026-09-13T19:39:04.1549760Z Compiling 3 files (.ex)
desktop-promote	Generate the Hex and npm bills of materials from source	2026-09-13T19:39:04.1813400Z Generated argon2_elixir app
desktop-promote	Generate the Hex and npm bills of materials from source	2026-09-13T19:39:04.1944010Z ==> decimal
desktop-promote	Generate the Hex and npm bills of materials from source	2026-09-13T19:39:04.1944790Z Compiling 4 files (.ex)
desktop-promote	Generate the Hex and npm bills of materials from source	2026-09-13T19:39:04.7688320Z Generated decimal app
desktop-promote	Generate the Hex and npm bills of materials from source	2026-09-13T19:39:04.7837160Z ==> jason
desktop-promote	Generate the Hex and npm bills of materials from source	2026-09-13T19:39:04.7837810Z Compiling 10 files (.ex)
desktop-promote	Generate the Hex and npm bills of materials from source	2026-09-13T19:39:05.6727320Z Generated jason app
desktop-promote	Generate the Hex and npm bills of materials from source	2026-09-13T19:39:05.7060930Z warning: "xref: [exclude: ...]" in your mix.exs file is deprecated, instead use: "elixirc_options: [no_warn_undefined: ...]"
desktop-promote	Generate the Hex and npm bills of materials from source	2026-09-13T19:39:05.7061750Z   (mix 1.20.2) lib/mix/tasks/compile.elixir.ex:243: Mix.Tasks.Compile.Elixir.xref_exclude_opts/2
desktop-promote	Generate the Hex and npm bills of materials from source	2026-09-13T19:39:05.7063110Z   (mix 1.20.2) lib/mix/tasks/compile.elixir.ex:142: Mix.Tasks.Compile.Elixir.run/1
desktop-promote	Generate the Hex and npm bills of materials from source	2026-09-13T19:39:05.7063660Z   (mix 1.20.2) lib/mix/task.ex:502: anonymous fn/3 in Mix.Task.run_task/5
desktop-promote	Generate the Hex and npm bills of materials from source	2026-09-13T19:39:05.7064680Z   (mix 1.20.2) lib/mix/task.compiler.ex:299: Mix.Task.Compiler.run_compiler/2
desktop-promote	Generate the Hex and npm bills of materials from source	2026-09-13T19:39:05.7065150Z   (mix 1.20.2) lib/mix/task.compiler.ex:287: Mix.Task.Compiler.run/4
desktop-promote	Generate the Hex and npm bills of materials from source	2026-09-13T19:39:05.7065620Z   (mix 1.20.2) lib/mix/tasks/compile.all.ex:75: Mix.Tasks.Compile.All.do_run/2
desktop-promote	Generate the Hex and npm bills of materials from source	2026-09-13T19:39:05.7065870Z 
desktop-promote	Generate the Hex and npm bills of materials from source	2026-09-13T19:39:05.7119650Z ==> protobuf
desktop-promote	Generate the Hex and npm bills of materials from source	2026-09-13T19:39:05.7119910Z Compiling 46 files (.ex)
desktop-promote	Generate the Hex and npm bills of materials from source	2026-09-13T19:39:05.8512300Z      warning: the variable "literal_size" is accessed inside size(...) of a bitstring but it was defined outside of the match. You must precede it with the pin operator
desktop-promote	Generate the Hex and npm bills of materials from source	2026-09-13T19:39:05.8517430Z      │
desktop-promote	Generate the Hex and npm bills of materials from source	2026-09-13T19:39:05.8539320Z  157 │       <<^literal::bytes-size(literal_size), rest::binary>> -> rest
desktop-promote	Generate the Hex and npm bills of materials from source	2026-09-13T19:39:05.8541060Z      │                              ~
desktop-promote	Generate the Hex and npm bills of materials from source	2026-09-13T19:39:05.8542020Z      │
desktop-promote	Generate the Hex and npm bills of materials from source	2026-09-13T19:39:05.8543410Z      └─ lib/protobuf/json/rfc3339.ex:157:30: Protobuf.JSON.RFC3339.eat_literal/2
desktop-promote	Generate the Hex and npm bills of materials from source	2026-09-13T19:39:05.8544250Z 
desktop-promote	Generate the Hex and npm bills of materials from source	2026-09-13T19:39:05.8550300Z      warning: the variable "count" is accessed inside size(...) of a bitstring but it was defined outside of the match. You must precede it with the pin operator
desktop-promote	Generate the Hex and npm bills of materials from source	2026-09-13T19:39:05.8552560Z      │
desktop-promote	Generate the Hex and npm bills of materials from source	2026-09-13T19:39:05.8554400Z  182 │       <<digits::bytes-size(count), rest::binary>> ->
desktop-promote	Generate the Hex and npm bills of materials from source	2026-09-13T19:39:05.8556180Z      │                            ~
desktop-promote	Generate the Hex and npm bills of materials from source	2026-09-13T19:39:05.8557030Z      │
desktop-promote	Generate the Hex and npm bills of materials from source	2026-09-13T19:39:05.8558390Z      └─ lib/protobuf/json/rfc3339.ex:182:28: Protobuf.JSON.RFC3339.eat_digits/2
desktop-promote	Generate the Hex and npm bills of materials from source	2026-09-13T19:39:05.8559750Z 
desktop-promote	Generate the Hex and npm bills of materials from source	2026-09-13T19:39:06.0235740Z      warning: the variable "value" is accessed inside size(...) of a bitstring but it was defined outside of the match. You must precede it with the pin operator
desktop-promote	Generate the Hex and npm bills of materials from source	2026-09-13T19:39:06.0237630Z      │
desktop-promote	Generate the Hex and npm bills of materials from source	2026-09-13T19:39:06.0240270Z  151 │     <<_skip::bytes-size(value), rest::bits>> = rest
desktop-promote	Generate the Hex and npm bills of materials from source	2026-09-13T19:39:06.0241900Z      │                         ~
desktop-promote	Generate the Hex and npm bills of materials from source	2026-09-13T19:39:06.0242700Z      │
desktop-promote	Generate the Hex and npm bills of materials from source	2026-09-13T19:39:06.0243520Z      └─ lib/protobuf/decoder.ex:151:25: Protobuf.Decoder.skip_delimited/5
desktop-promote	Generate the Hex and npm bills of materials from source	2026-09-13T19:39:06.0244450Z 
desktop-promote	Generate the Hex and npm bills of materials from source	2026-09-13T19:39:06.0251070Z      warning: the variable "value" is accessed inside size(...) of a bitstring but it was defined outside of the match. You must precede it with the pin operator
desktop-promote	Generate the Hex and npm bills of materials from source	2026-09-13T19:39:06.0252210Z      │
desktop-promote	Generate the Hex and npm bills of materials from source	2026-09-13T19:39:06.0252940Z  151 │     <<_skip::bytes-size(value), rest::bits>> = rest
desktop-promote	Generate the Hex and npm bills of materials from source	2026-09-13T19:39:06.0254800Z      │                         ~
desktop-promote	Generate the Hex and npm bills of materials from source	2026-09-13T19:39:06.0256270Z      │
desktop-promote	Generate the Hex and npm bills of materials from source	2026-09-13T19:39:06.0257100Z      └─ lib/protobuf/decoder.ex:151:25: Protobuf.Decoder.skip_delimited/5
desktop-promote	Generate the Hex and npm bills of materials from source	2026-09-13T19:39:06.0257990Z 
desktop-promote	Generate the Hex and npm bills of materials from source	2026-09-13T19:39:06.0264090Z      warning: the variable "value" is accessed inside size(...) of a bitstring but it was defined outside of the match. You must precede it with the pin operator
desktop-promote	Generate the Hex and npm bills of materials from source	2026-09-13T19:39:06.0265240Z      │
desktop-promote	Generate the Hex and npm bills of materials from source	2026-09-13T19:39:06.0266170Z  151 │     <<_skip::bytes-size(value), rest::bits>> = rest
desktop-promote	Generate the Hex and npm bills of materials from source	2026-09-13T19:39:06.0266800Z      │                         ~
desktop-promote	Generate the Hex and npm bills of materials from source	2026-09-13T19:39:06.0267310Z      │
desktop-promote	Generate the Hex and npm bills of materials from source	2026-09-13T19:39:06.0269110Z      └─ lib/protobuf/decoder.ex:151:25: Protobuf.Decoder.skip_delimited/5
desktop-promote	Generate the Hex and npm bills of materials from source	2026-09-13T19:39:06.0270930Z 
desktop-promote	Generate the Hex and npm bills of materials from source	2026-09-13T19:39:06.0316410Z      warning: the variable "value" is accessed inside size(...) of a bitstring but it was defined outside of the match. You must precede it with the pin operator
desktop-promote	Generate the Hex and npm bills of materials from source	2026-09-13T19:39:06.0317800Z      │
desktop-promote	Generate the Hex and npm bills of materials from source	2026-09-13T19:39:06.0318960Z  151 │     <<_skip::bytes-size(value), rest::bits>> = rest
desktop-promote	Generate the Hex and npm bills of materials from source	2026-09-13T19:39:06.0320070Z      │                         ~
desktop-promote	Generate the Hex and npm bills of materials from source	2026-09-13T19:39:06.0320820Z      │
desktop-promote	Generate the Hex and npm bills of materials from source	2026-09-13T19:39:06.0321820Z      └─ lib/protobuf/decoder.ex:151:25: Protobuf.Decoder.skip_delimited/5
desktop-promote	Generate the Hex and npm bills of materials from source	2026-09-13T19:39:06.0322730Z 
desktop-promote	Generate the Hex and npm bills of materials from source	2026-09-13T19:39:06.0330410Z      warning: the variable "value" is accessed inside size(...) of a bitstring but it was defined outside of the match. You must precede it with the pin operator
desktop-promote	Generate the Hex and npm bills of materials from source	2026-09-13T19:39:06.0332230Z      │
desktop-promote	Generate the Hex and npm bills of materials from source	2026-09-13T19:39:06.0332730Z  151 │     <<_skip::bytes-size(value), rest::bits>> = rest
desktop-promote	Generate the Hex and npm bills of materials from source	2026-09-13T19:39:06.0333360Z      │                         ~
desktop-promote	Generate the Hex and npm bills of materials from source	2026-09-13T19:39:06.0334110Z      │
desktop-promote	Generate the Hex and npm bills of materials from source	2026-09-13T19:39:06.0335850Z      └─ lib/protobuf/decoder.ex:151:25: Protobuf.Decoder.skip_delimited/5
desktop-promote	Generate the Hex and npm bills of materials from source	2026-09-13T19:39:06.0336660Z 
desktop-promote	Generate the Hex and npm bills of materials from source	2026-09-13T19:39:06.0342740Z      warning: the variable "value" is accessed inside size(...) of a bitstring but it was defined outside of the match. You must precede it with the pin operator
desktop-promote	Generate the Hex and npm bills of materials from source	2026-09-13T19:39:06.0343950Z      │
desktop-promote	Generate the Hex and npm bills of materials from source	2026-09-13T19:39:06.0344980Z  151 │     <<_skip::bytes-size(value), rest::bits>> = rest
desktop-promote	Generate the Hex and npm bills of materials from source	2026-09-13T19:39:06.0346000Z      │                         ~
desktop-promote	Generate the Hex and npm bills of materials from source	2026-09-13T19:39:06.0346700Z      │
desktop-promote	Generate the Hex and npm bills of materials from source	2026-09-13T19:39:06.0347600Z      └─ lib/protobuf/decoder.ex:151:25: Protobuf.Decoder.skip_delimited/5
desktop-promote	Generate the Hex and npm bills of materials from source	2026-09-13T19:39:06.0348360Z 
desktop-promote	Generate the Hex and npm bills of materials from source	2026-09-13T19:39:06.0352990Z      warning: the variable "value" is accessed inside size(...) of a bitstring but it was defined outside of the match. You must precede it with the pin operator
desktop-promote	Generate the Hex and npm bills of materials from source	2026-09-13T19:39:06.0354350Z      │
desktop-promote	Generate the Hex and npm bills of materials from source	2026-09-13T19:39:06.0355450Z  151 │     <<_skip::bytes-size(value), rest::bits>> = rest
desktop-promote	Generate the Hex and npm bills of materials from source	2026-09-13T19:39:06.0356630Z      │                         ~
desktop-promote	Generate the Hex and npm bills of materials from source	2026-09-13T19:39:06.0357010Z      │
desktop-promote	Generate the Hex and npm bills of materials from source	2026-09-13T19:39:06.0357650Z      └─ lib/protobuf/decoder.ex:151:25: Protobuf.Decoder.skip_delimited/5
desktop-promote	Generate the Hex and npm bills of materials from source	2026-09-13T19:39:06.0357910Z 
desktop-promote	Generate the Hex and npm bills of materials from source	2026-09-13T19:39:06.0363820Z      warning: the variable "value" is accessed inside size(...) of a bitstring but it was defined outside of the match. You must precede it with the pin operator
desktop-promote	Generate the Hex and npm bills of materials from source	2026-09-13T19:39:06.0364390Z      │
desktop-promote	Generate the Hex and npm bills of materials from source	2026-09-13T19:39:06.0365420Z  151 │     <<_skip::bytes-size(value), rest::bits>> = rest
desktop-promote	Generate the Hex and npm bills of materials from source	2026-09-13T19:39:06.0366730Z      │                         ~
desktop-promote	Generate the Hex and npm bills of materials from source	2026-09-13T19:39:06.0367560Z      │
desktop-promote	Generate the Hex and npm bills of materials from source	2026-09-13T19:39:06.0368520Z      └─ lib/protobuf/decoder.ex:151:25: Protobuf.Decoder.skip_delimited/5
desktop-promote	Generate the Hex and npm bills of materials from source	2026-09-13T19:39:06.0369970Z 
desktop-promote	Generate the Hex and npm bills of materials from source	2026-09-13T19:39:06.0371930Z      warning: the variable "value" is accessed inside size(...) of a bitstring but it was defined outside of the match. You must precede it with the pin operator
desktop-promote	Generate the Hex and npm bills of materials from source	2026-09-13T19:39:06.0373650Z      │
desktop-promote	Generate the Hex and npm bills of materials from source	2026-09-13T19:39:06.0375050Z  151 │     <<_skip::bytes-size(value), rest::bits>> = rest
desktop-promote	Generate the Hex and npm bills of materials from source	2026-09-13T19:39:06.0375960Z      │                         ~
desktop-promote	Generate the Hex and npm bills of materials from source	2026-09-13T19:39:06.0377190Z      │
desktop-promote	Generate the Hex and npm bills of materials from source	2026-09-13T19:39:06.0378350Z      └─ lib/protobuf/decoder.ex:151:25: Protobuf.Decoder.skip_delimited/5
desktop-promote	Generate the Hex and npm bills of materials from source	2026-09-13T19:39:06.0379010Z 
desktop-promote	Generate the Hex and npm bills of materials from source	2026-09-13T19:39:06.0381080Z      warning: the variable "value" is accessed inside size(...) of a bitstring but it was defined outside of the match. You must precede it with the pin operator
desktop-promote	Generate the Hex and npm bills of materials from source	2026-09-13T19:39:06.0382200Z      │
desktop-promote	Generate the Hex and npm bills of materials from source	2026-09-13T19:39:06.0384670Z  151 │     <<_skip::bytes-size(value), rest::bits>> = rest
desktop-promote	Generate the Hex and npm bills of materials from source	2026-09-13T19:39:06.0385760Z      │                         ~
desktop-promote	Generate the Hex and npm bills of materials from source	2026-09-13T19:39:06.0386330Z      │
desktop-promote	Generate the Hex and npm bills of materials from source	2026-09-13T19:39:06.0387230Z      └─ lib/protobuf/decoder.ex:151:25: Protobuf.Decoder.skip_delimited/5
desktop-promote	Generate the Hex and npm bills of materials from source	2026-09-13T19:39:06.0387880Z 
desktop-promote	Generate the Hex and npm bills of materials from source	2026-09-13T19:39:06.0389500Z      warning: the variable "length" is accessed inside size(...) of a bitstring but it was defined outside of the match. You must precede it with the pin operator
desktop-promote	Generate the Hex and npm bills of materials from source	2026-09-13T19:39:06.0390290Z      │
desktop-promote	Generate the Hex and npm bills of materials from source	2026-09-13T19:39:06.0390810Z  157 │       <<_::bits-size(length), rest::bits>> -> rest
desktop-promote	Generate the Hex and npm bills of materials from source	2026-09-13T19:39:06.0391410Z      │                      ~
desktop-promote	Generate the Hex and npm bills of materials from source	2026-09-13T19:39:06.0391850Z      │
desktop-promote	Generate the Hex and npm bills of materials from source	2026-09-13T19:39:06.0392610Z      └─ lib/protobuf/decoder.ex:157:22: Protobuf.Decoder.skip_bits/2
desktop-promote	Generate the Hex and npm bills of materials from source	2026-09-13T19:39:06.0393340Z 
desktop-promote	Generate the Hex and npm bills of materials from source	2026-09-13T19:39:06.0400430Z      warning: the variable "value" is accessed inside size(...) of a bitstring but it was defined outside of the match. You must precede it with the pin operator
desktop-promote	Generate the Hex and npm bills of materials from source	2026-09-13T19:39:06.0401450Z      │
desktop-promote	Generate the Hex and npm bills of materials from source	2026-09-13T19:39:06.0402770Z  170 │       <<bytes::bytes-size(value), rest::bits>> = rest
desktop-promote	Generate the Hex and npm bills of materials from source	2026-09-13T19:39:06.0404460Z      │                           ~
desktop-promote	Generate the Hex and npm bills of materials from source	2026-09-13T19:39:06.0405210Z      │
desktop-promote	Generate the Hex and npm bills of materials from source	2026-09-13T19:39:06.0406010Z      └─ lib/protobuf/decoder.ex:170:27: Protobuf.Decoder.decode_delimited/5
desktop-promote	Generate the Hex and npm bills of materials from source	2026-09-13T19:39:06.0406940Z 
desktop-promote	Generate the Hex and npm bills of materials from source	2026-09-13T19:39:06.0408030Z      warning: the variable "value" is accessed inside size(...) of a bitstring but it was defined outside of the match. You must precede it with the pin operator
desktop-promote	Generate the Hex and npm bills of materials from source	2026-09-13T19:39:06.0409550Z      │
desktop-promote	Generate the Hex and npm bills of materials from source	2026-09-13T19:39:06.0410330Z  170 │       <<bytes::bytes-size(value), rest::bits>> = rest
desktop-promote	Generate the Hex and npm bills of materials from source	2026-09-13T19:39:06.0411570Z      │                           ~
desktop-promote	Generate the Hex and npm bills of materials from source	2026-09-13T19:39:06.0412420Z      │
desktop-promote	Generate the Hex and npm bills of materials from source	2026-09-13T19:39:06.0413340Z      └─ lib/protobuf/decoder.ex:170:27: Protobuf.Decoder.decode_delimited/5
desktop-promote	Generate the Hex and npm bills of materials from source	2026-09-13T19:39:06.0414300Z 
desktop-promote	Generate the Hex and npm bills of materials from source	2026-09-13T19:39:06.0418400Z      warning: the variable "value" is accessed inside size(...) of a bitstring but it was defined outside of the match. You must precede it with the pin operator
desktop-promote	Generate the Hex and npm bills of materials from source	2026-09-13T19:39:06.0419550Z      │
desktop-promote	Generate the Hex and npm bills of materials from source	2026-09-13T19:39:06.0420820Z  170 │       <<bytes::bytes-size(value), rest::bits>> = rest
desktop-promote	Generate the Hex and npm bills of materials from source	2026-09-13T19:39:06.0422430Z      │                           ~
desktop-promote	Generate the Hex and npm bills of materials from source	2026-09-13T19:39:06.0423190Z      │
desktop-promote	Generate the Hex and npm bills of materials from source	2026-09-13T19:39:06.0424470Z      └─ lib/protobuf/decoder.ex:170:27: Protobuf.Decoder.decode_delimited/5
desktop-promote	Generate the Hex and npm bills of materials from source	2026-09-13T19:39:06.0425020Z 
desktop-promote	Generate the Hex and npm bills of materials from source	2026-09-13T19:39:06.0425810Z      warning: the variable "value" is accessed inside size(...) of a bitstring but it was defined outside of the match. You must precede it with the pin operator
desktop-promote	Generate the Hex and npm bills of materials from source	2026-09-13T19:39:06.0426820Z      │
desktop-promote	Generate the Hex and npm bills of materials from source	2026-09-13T19:39:06.0427990Z  170 │       <<bytes::bytes-size(value), rest::bits>> = rest
desktop-promote	Generate the Hex and npm bills of materials from source	2026-09-13T19:39:06.0428760Z      │                           ~
desktop-promote	Generate the Hex and npm bills of materials from source	2026-09-13T19:39:06.0429340Z      │
desktop-promote	Generate the Hex and npm bills of materials from source	2026-09-13T19:39:06.0430930Z      └─ lib/protobuf/decoder.ex:170:27: Protobuf.Decoder.decode_delimited/5
desktop-promote	Generate the Hex and npm bills of materials from source	2026-09-13T19:39:06.0431750Z 
desktop-promote	Generate the Hex and npm bills of materials from source	2026-09-13T19:39:06.0436290Z      warning: the variable "value" is accessed inside size(...) of a bitstring but it was defined outside of the match. You must precede it with the pin operator
desktop-promote	Generate the Hex and npm bills of materials from source	2026-09-13T19:39:06.0437570Z      │
desktop-promote	Generate the Hex and npm bills of materials from source	2026-09-13T19:39:06.0438340Z  170 │       <<bytes::bytes-size(value), rest::bits>> = rest
desktop-promote	Generate the Hex and npm bills of materials from source	2026-09-13T19:39:06.0440300Z      │                           ~
desktop-promote	Generate the Hex and npm bills of materials from source	2026-09-13T19:39:06.0441040Z      │
desktop-promote	Generate the Hex and npm bills of materials from source	2026-09-13T19:39:06.0453200Z      └─ lib/protobuf/decoder.ex:170:27: Protobuf.Decoder.decode_delimited/5
desktop-promote	Generate the Hex and npm bills of materials from source	2026-09-13T19:39:06.0456210Z 
desktop-promote	Generate the Hex and npm bills of materials from source	2026-09-13T19:39:06.0459430Z      warning: the variable "value" is accessed inside size(...) of a bitstring but it was defined outside of the match. You must precede it with the pin operator
desktop-promote	Generate the Hex and npm bills of materials from source	2026-09-13T19:39:06.0465560Z      │
desktop-promote	Generate the Hex and npm bills of materials from source	2026-09-13T19:39:06.0466160Z  170 │       <<bytes::bytes-size(value), rest::bits>> = rest
desktop-promote	Generate the Hex and npm bills of materials from source	2026-09-13T19:39:06.0466660Z      │                           ~
desktop-promote	Generate the Hex and npm bills of materials from source	2026-09-13T19:39:06.0467210Z      │
desktop-promote	Generate the Hex and npm bills of materials from source	2026-09-13T19:39:06.0467800Z      └─ lib/protobuf/decoder.ex:170:27: Protobuf.Decoder.decode_delimited/5
desktop-promote	Generate the Hex and npm bills of materials from source	2026-09-13T19:39:06.0471610Z 
desktop-promote	Generate the Hex and npm bills of materials from source	2026-09-13T19:39:06.0492220Z      warning: the variable "value" is accessed inside size(...) of a bitstring but it was defined outside of the match. You must precede it with the pin operator
desktop-promote	Generate the Hex and npm bills of materials from source	2026-09-13T19:39:06.0494050Z      │
desktop-promote	Generate the Hex and npm bills of materials from source	2026-09-13T19:39:06.0496600Z  170 │       <<bytes::bytes-size(value), rest::bits>> = rest
desktop-promote	Generate the Hex and npm bills of materials from source	2026-09-13T19:39:06.0497450Z      │                           ~
desktop-promote	Generate the Hex and npm bills of materials from source	2026-09-13T19:39:06.0502710Z      │
desktop-promote	Generate the Hex and npm bills of materials from source	2026-09-13T19:39:06.0504350Z      └─ lib/protobuf/decoder.ex:170:27: Protobuf.Decoder.decode_delimited/5
desktop-promote	Generate the Hex and npm bills of materials from source	2026-09-13T19:39:06.0507700Z 
desktop-promote	Generate the Hex and npm bills of materials from source	2026-09-13T19:39:06.0508440Z      warning: the variable "value" is accessed inside size(...) of a bitstring but it was defined outside of the match. You must precede it with the pin operator
desktop-promote	Generate the Hex and npm bills of materials from source	2026-09-13T19:39:06.0512490Z      │
desktop-promote	Generate the Hex and npm bills of materials from source	2026-09-13T19:39:06.0512980Z  170 │       <<bytes::bytes-size(value), rest::bits>> = rest
desktop-promote	Generate the Hex and npm bills of materials from source	2026-09-13T19:39:06.0513440Z      │                           ~
desktop-promote	Generate the Hex and npm bills of materials from source	2026-09-13T19:39:06.0513790Z      │
desktop-promote	Generate the Hex and npm bills of materials from source	2026-09-13T19:39:06.0515940Z      └─ lib/protobuf/decoder.ex:170:27: Protobuf.Decoder.decode_delimited/5
desktop-promote	Generate the Hex and npm bills of materials from source	2026-09-13T19:39:06.0517230Z 
desktop-promote	Generate the Hex and npm bills of materials from source	2026-09-13T19:39:06.0526700Z      warning: the variable "value" is accessed inside size(...) of a bitstring but it was defined outside of the match. You must precede it with the pin operator
desktop-promote	Generate the Hex and npm bills of materials from source	2026-09-13T19:39:06.0528810Z      │
desktop-promote	Generate the Hex and npm bills of materials from source	2026-09-13T19:39:06.0529470Z  170 │       <<bytes::bytes-size(value), rest::bits>> = rest
desktop-promote	Generate the Hex and npm bills of materials from source	2026-09-13T19:39:06.0538480Z      │                           ~
desktop-promote	Generate the Hex and npm bills of materials from source	2026-09-13T19:39:06.0550840Z      │
desktop-promote	Generate the Hex and npm bills of materials from source	2026-09-13T19:39:06.0561540Z      └─ lib/protobuf/decoder.ex:170:27: Protobuf.Decoder.decode_delimited/5
desktop-promote	Generate the Hex and npm bills of materials from source	2026-09-13T19:39:06.0561840Z 
desktop-promote	Generate the Hex and npm bills of materials from source	2026-09-13T19:39:06.0562610Z      warning: the variable "value" is accessed inside size(...) of a bitstring but it was defined outside of the match. You must precede it with the pin operator
desktop-promote	Generate the Hex and npm bills of materials from source	2026-09-13T19:39:06.0569870Z      │
desktop-promote	Generate the Hex and npm bills of materials from source	2026-09-13T19:39:06.0572850Z  170 │       <<bytes::bytes-size(value), rest::bits>> = rest
desktop-promote	Generate the Hex and npm bills of materials from source	2026-09-13T19:39:06.0578100Z      │                           ~
desktop-promote	Generate the Hex and npm bills of materials from source	2026-09-13T19:39:06.0580990Z      │
desktop-promote	Generate the Hex and npm bills of materials from source	2026-09-13T19:39:06.0581800Z      └─ lib/protobuf/decoder.ex:170:27: Protobuf.Decoder.decode_delimited/5
desktop-promote	Generate the Hex and npm bills of materials from source	2026-09-13T19:39:06.0582370Z 
desktop-promote	Generate the Hex and npm bills of materials from source	2026-09-13T19:39:07.2277580Z      warning: this clause of defp add_json_name_to_opts/3 is never used (or it will always fail/warn when invoked)
desktop-promote	Generate the Hex and npm bills of materials from source	2026-09-13T19:39:07.2311970Z      │
desktop-promote	Generate the Hex and npm bills of materials from source	2026-09-13T19:39:07.2312830Z  354 │   defp add_json_name_to_opts(opts, _syntax, _props), do: opts
desktop-promote	Generate the Hex and npm bills of materials from source	2026-09-13T19:39:07.2313470Z      │        ~
desktop-promote	Generate the Hex and npm bills of materials from source	2026-09-13T19:39:07.2313940Z      │
desktop-promote	Generate the Hex and npm bills of materials from source	2026-09-13T19:39:07.2315180Z      └─ lib/protobuf/protoc/generator/message.ex:354:8: Protobuf.Protoc.Generator.Message.add_json_name_to_opts/3
desktop-promote	Generate the Hex and npm bills of materials from source	2026-09-13T19:39:07.2316130Z 
desktop-promote	Generate the Hex and npm bills of materials from source	2026-09-13T19:39:07.2349670Z     warning: a struct for Protobuf.Protoc.Context is expected on struct update:
desktop-promote	Generate the Hex and npm bills of materials from source	2026-09-13T19:39:07.2351310Z 
desktop-promote	Generate the Hex and npm bills of materials from source	2026-09-13T19:39:07.2352540Z         %Protobuf.Protoc.Context{
desktop-promote	Generate the Hex and npm bills of materials from source	2026-09-13T19:39:07.2353190Z           ctx
desktop-promote	Generate the Hex and npm bills of materials from source	2026-09-13T19:39:07.2354010Z           | comments: Protobuf.Protoc.Generator.Comment.parse(desc),
desktop-promote	Generate the Hex and npm bills of materials from source	2026-09-13T19:39:07.2355060Z             syntax: syntax(desc.syntax),
desktop-promote	Generate the Hex and npm bills of materials from source	2026-09-13T19:39:07.2355840Z             package: desc.package,
desktop-promote	Generate the Hex and npm bills of materials from source	2026-09-13T19:39:07.2356900Z             dep_type_mapping: get_dep_type_mapping(ctx, desc.dependency, desc.name)
desktop-promote	Generate the Hex and npm bills of materials from source	2026-09-13T19:39:07.2357550Z         }
desktop-promote	Generate the Hex and npm bills of materials from source	2026-09-13T19:39:07.2357900Z 
desktop-promote	Generate the Hex and npm bills of materials from source	2026-09-13T19:39:07.2358170Z     but got type:
desktop-promote	Generate the Hex and npm bills of materials from source	2026-09-13T19:39:07.2358630Z 
desktop-promote	Generate the Hex and npm bills of materials from source	2026-09-13T19:39:07.2358910Z         dynamic()
desktop-promote	Generate the Hex and npm bills of materials from source	2026-09-13T19:39:07.2359370Z 
desktop-promote	Generate the Hex and npm bills of materials from source	2026-09-13T19:39:07.2359660Z     where "ctx" was given the type:
desktop-promote	Generate the Hex and npm bills of materials from source	2026-09-13T19:39:07.2360130Z 
desktop-promote	Generate the Hex and npm bills of materials from source	2026-09-13T19:39:07.2360380Z         # type: dynamic()
desktop-promote	Generate the Hex and npm bills of materials from source	2026-09-13T19:39:07.2360890Z         # from: lib/protobuf/protoc/generator.ex:35:36
desktop-promote	Generate the Hex and npm bills of materials from source	2026-09-13T19:39:07.2361570Z         ctx
desktop-promote	Generate the Hex and npm bills of materials from source	2026-09-13T19:39:07.2361970Z 
desktop-promote	Generate the Hex and npm bills of materials from source	2026-09-13T19:39:07.2362450Z     when defining the variable "ctx", you must also pattern match on "%Protobuf.Protoc.Context{}"
desktop-promote	Generate the Hex and npm bills of materials from source	2026-09-13T19:39:07.2363170Z 
desktop-promote	Generate the Hex and npm bills of materials from source	2026-09-13T19:39:07.2363400Z     type warning found at:
desktop-promote	Generate the Hex and npm bills of materials from source	2026-09-13T19:39:07.2364270Z     │
desktop-promote	Generate the Hex and npm bills of materials from source	2026-09-13T19:39:07.2364810Z  37 │       %Context{
desktop-promote	Generate the Hex and npm bills of materials from source	2026-09-13T19:39:07.2366780Z     │       ~
desktop-promote	Generate the Hex and npm bills of materials from source	2026-09-13T19:39:07.2369010Z     │
desktop-promote	Generate the Hex and npm bills of materials from source	2026-09-13T19:39:07.2371010Z     └─ lib/protobuf/protoc/generator.ex:37:7: Protobuf.Protoc.Generator.generate_module_definitions/2
desktop-promote	Generate the Hex and npm bills of materials from source	2026-09-13T19:39:07.2371600Z 
desktop-promote	Generate the Hex and npm bills of materials from source	2026-09-13T19:39:07.2372320Z     warning: a struct for Protobuf.Protoc.Context is expected on struct update:
desktop-promote	Generate the Hex and npm bills of materials from source	2026-09-13T19:39:07.2373290Z 
desktop-promote	Generate the Hex and npm bills of materials from source	2026-09-13T19:39:07.2373660Z         %Protobuf.Protoc.Context{
desktop-promote	Generate the Hex and npm bills of materials from source	2026-09-13T19:39:07.2374300Z           Protobuf.Protoc.Context.append_comment_path(ctx, <<"6.", to_string(index)::binary>>)
desktop-promote	Generate the Hex and npm bills of materials from source	2026-09-13T19:39:07.2375250Z           | namespace: ctx.namespace ++ [Macro.camelize(desc.name)]
desktop-promote	Generate the Hex and npm bills of materials from source	2026-09-13T19:39:07.2375740Z         }
desktop-promote	Generate the Hex and npm bills of materials from source	2026-09-13T19:39:07.2376160Z 
desktop-promote	Generate the Hex and npm bills of materials from source	2026-09-13T19:39:07.2376330Z     but got type:
desktop-promote	Generate the Hex and npm bills of materials from source	2026-09-13T19:39:07.2376540Z 
desktop-promote	Generate the Hex and npm bills of materials from source	2026-09-13T19:39:07.2376780Z         dynamic(%{..., current_comment_path: term()})
desktop-promote	Generate the Hex and npm bills of materials from source	2026-09-13T19:39:07.2377070Z 
desktop-promote	Generate the Hex and npm bills of materials from source	2026-09-13T19:39:07.2377270Z     where "ctx" was given the types:
desktop-promote	Generate the Hex and npm bills of materials from source	2026-09-13T19:39:07.2379710Z 
desktop-promote	Generate the Hex and npm bills of materials from source	2026-09-13T19:39:07.2381610Z         # type: dynamic(%Protobuf.Protoc.Context{})
desktop-promote	Generate the Hex and npm bills of materials from source	2026-09-13T19:39:07.2382620Z         # from: lib/protobuf/protoc/generator/extension.ex:84:48
desktop-promote	Generate the Hex and npm bills of materials from source	2026-09-13T19:39:07.2383330Z         %Protobuf.Protoc.Context{} = ctx
desktop-promote	Generate the Hex and npm bills of materials from source	2026-09-13T19:39:07.2384160Z 
desktop-promote	Generate the Hex and npm bills of materials from source	2026-09-13T19:39:07.2385150Z         # type: dynamic(%Protobuf.Protoc.Context{current_comment_path: binary()})
desktop-promote	Generate the Hex and npm bills of materials from source	2026-09-13T19:39:07.2388890Z         # from: lib/protobuf/protoc/generator/extension.ex:88:31
desktop-promote	Generate the Hex and npm bills of materials from source	2026-09-13T19:39:07.2391980Z         Protobuf.Protoc.Context.append_comment_path(ctx, <<"7.", to_string(index)::binary>>)
desktop-promote	Generate the Hex and npm bills of materials from source	2026-09-13T19:39:07.2393700Z 
desktop-promote	Generate the Hex and npm bills of materials from source	2026-09-13T19:39:07.2394770Z     where "index" was given the type:
desktop-promote	Generate the Hex and npm bills of materials from source	2026-09-13T19:39:07.2396170Z 
desktop-promote	Generate the Hex and npm bills of materials from source	2026-09-13T19:39:07.2396610Z         # type: dynamic()
desktop-promote	Generate the Hex and npm bills of materials from source	2026-09-13T19:39:07.2397220Z         # from: lib/protobuf/protoc/generator/extension.ex
desktop-promote	Generate the Hex and npm bills of materials from source	2026-09-13T19:39:07.2397680Z         {desc, index}
desktop-promote	Generate the Hex and npm bills of materials from source	2026-09-13T19:39:07.2397950Z 
desktop-promote	Generate the Hex and npm bills of materials from source	2026-09-13T19:39:07.2398790Z     you must assign "Protobuf.Protoc.Context.append_comment_path(ctx, <<"6.", String.Chars.to_string(index)::binary>>)" to variable and pattern match on "%Protobuf.Protoc.Context{}"
desktop-promote	Generate the Hex and npm bills of materials from source	2026-09-13T19:39:07.2400210Z 
desktop-promote	Generate the Hex and npm bills of materials from source	2026-09-13T19:39:07.2400870Z     type warning found at:
desktop-promote	Generate the Hex and npm bills of materials from source	2026-09-13T19:39:07.2401810Z     │
desktop-promote	Generate the Hex and npm bills of materials from source	2026-09-13T19:39:07.2402600Z  90 │           %Context{
desktop-promote	Generate the Hex and npm bills of materials from source	2026-09-13T19:39:07.2404080Z     │           ~
desktop-promote	Generate the Hex and npm bills of materials from source	2026-09-13T19:39:07.2405210Z     │
desktop-promote	Generate the Hex and npm bills of materials from source	2026-09-13T19:39:07.2406950Z     └─ lib/protobuf/protoc/generator/extension.ex:90:11: Protobuf.Protoc.Generator.Extension.get_extensions_from_messages/3
desktop-promote	Generate the Hex and npm bills of materials from source	2026-09-13T19:39:07.2408040Z 
desktop-promote	Generate the Hex and npm bills of materials from source	2026-09-13T19:39:07.2408890Z      warning: a struct for Protobuf.Protoc.Context is expected on struct update:
desktop-promote	Generate the Hex and npm bills of materials from source	2026-09-13T19:39:07.2410070Z 
desktop-promote	Generate the Hex and npm bills of materials from source	2026-09-13T19:39:07.2410790Z          %Protobuf.Protoc.Context{ctx | plugins: String.split(plugins, "+")}
desktop-promote	Generate the Hex and npm bills of materials from source	2026-09-13T19:39:07.2411710Z 
desktop-promote	Generate the Hex and npm bills of materials from source	2026-09-13T19:39:07.2412360Z      but got type:
desktop-promote	Generate the Hex and npm bills of materials from source	2026-09-13T19:39:07.2412990Z 
desktop-promote	Generate the Hex and npm bills of materials from source	2026-09-13T19:39:07.2413700Z          dynamic()
desktop-promote	Generate the Hex and npm bills of materials from source	2026-09-13T19:39:07.2414370Z 
desktop-promote	Generate the Hex and npm bills of materials from source	2026-09-13T19:39:07.2415000Z      where "ctx" was given the type:
desktop-promote	Generate the Hex and npm bills of materials from source	2026-09-13T19:39:07.2417200Z 
desktop-promote	Generate the Hex and npm bills of materials from source	2026-09-13T19:39:07.2417650Z          # type: dynamic()
desktop-promote	Generate the Hex and npm bills of materials from source	2026-09-13T19:39:07.2418680Z          # from: lib/protobuf/protoc/cli.ex:105:43
desktop-promote	Generate the Hex and npm bills of materials from source	2026-09-13T19:39:07.2419540Z          ctx
desktop-promote	Generate the Hex and npm bills of materials from source	2026-09-13T19:39:07.2420090Z 
desktop-promote	Generate the Hex and npm bills of materials from source	2026-09-13T19:39:07.2421020Z      when defining the variable "ctx", you must also pattern match on "%Protobuf.Protoc.Context{}"
desktop-promote	Generate the Hex and npm bills of materials from source	2026-09-13T19:39:07.2422340Z 
desktop-promote	Generate the Hex and npm bills of materials from source	2026-09-13T19:39:07.2423130Z      type warning found at:
desktop-promote	Generate the Hex and npm bills of materials from source	2026-09-13T19:39:07.2424200Z      │
desktop-promote	Generate the Hex and npm bills of materials from source	2026-09-13T19:39:07.2427030Z  106 │     %Context{ctx | plugins: String.split(plugins, "+")}
desktop-promote	Generate the Hex and npm bills of materials from source	2026-09-13T19:39:07.2427930Z      │     ~
desktop-promote	Generate the Hex and npm bills of materials from source	2026-09-13T19:39:07.2429430Z      │
desktop-promote	Generate the Hex and npm bills of materials from source	2026-09-13T19:39:07.2430720Z      └─ lib/protobuf/protoc/cli.ex:106:5: Protobuf.Protoc.CLI.parse_param/2
desktop-promote	Generate the Hex and npm bills of materials from source	2026-09-13T19:39:07.2431390Z 
desktop-promote	Generate the Hex and npm bills of materials from source	2026-09-13T19:39:07.2431920Z      warning: a struct for Protobuf.Protoc.Context is expected on struct update:
desktop-promote	Generate the Hex and npm bills of materials from source	2026-09-13T19:39:07.2432360Z 
desktop-promote	Generate the Hex and npm bills of materials from source	2026-09-13T19:39:07.2432580Z          %Protobuf.Protoc.Context{ctx | gen_descriptors?: true}
desktop-promote	Generate the Hex and npm bills of materials from source	2026-09-13T19:39:07.2432910Z 
desktop-promote	Generate the Hex and npm bills of materials from source	2026-09-13T19:39:07.2433070Z      but got type:
desktop-promote	Generate the Hex and npm bills of materials from source	2026-09-13T19:39:07.2433180Z 
desktop-promote	Generate the Hex and npm bills of materials from source	2026-09-13T19:39:07.2433320Z          dynamic()
desktop-promote	Generate the Hex and npm bills of materials from source	2026-09-13T19:39:07.2433530Z 
desktop-promote	Generate the Hex and npm bills of materials from source	2026-09-13T19:39:07.2433680Z      where "ctx" was given the type:
desktop-promote	Generate the Hex and npm bills of materials from source	2026-09-13T19:39:07.2433870Z 
desktop-promote	Generate the Hex and npm bills of materials from source	2026-09-13T19:39:07.2433970Z          # type: dynamic()
desktop-promote	Generate the Hex and npm bills of materials from source	2026-09-13T19:39:07.2434310Z          # from: lib/protobuf/protoc/cli.ex:109:49
desktop-promote	Generate the Hex and npm bills of materials from source	2026-09-13T19:39:07.2434690Z          ctx
desktop-promote	Generate the Hex and npm bills of materials from source	2026-09-13T19:39:07.2434790Z 
desktop-promote	Generate the Hex and npm bills of materials from source	2026-09-13T19:39:07.2435100Z      when defining the variable "ctx", you must also pattern match on "%Protobuf.Protoc.Context{}"
desktop-promote	Generate the Hex and npm bills of materials from source	2026-09-13T19:39:07.2435420Z 
desktop-promote	Generate the Hex and npm bills of materials from source	2026-09-13T19:39:07.2435500Z      type warning found at:
desktop-promote	Generate the Hex and npm bills of materials from source	2026-09-13T19:39:07.2435740Z      │
desktop-promote	Generate the Hex and npm bills of materials from source	2026-09-13T19:39:07.2436010Z  112 │         %Context{ctx | gen_descriptors?: true}
desktop-promote	Generate the Hex and npm bills of materials from source	2026-09-13T19:39:07.2443460Z      │         ~
desktop-promote	Generate the Hex and npm bills of materials from source	2026-09-13T19:39:07.2443640Z      │
desktop-promote	Generate the Hex and npm bills of materials from source	2026-09-13T19:39:07.2443990Z      └─ lib/protobuf/protoc/cli.ex:112:9: Protobuf.Protoc.CLI.parse_param/2
desktop-promote	Generate the Hex and npm bills of materials from source	2026-09-13T19:39:07.2444690Z 
desktop-promote	Generate the Hex and npm bills of materials from source	2026-09-13T19:39:07.2444930Z      warning: a struct for Protobuf.Protoc.Context is expected on struct update:
desktop-promote	Generate the Hex and npm bills of materials from source	2026-09-13T19:39:07.2445190Z 
desktop-promote	Generate the Hex and npm bills of materials from source	2026-09-13T19:39:07.2445370Z          %Protobuf.Protoc.Context{ctx | package_prefix: package}
desktop-promote	Generate the Hex and npm bills of materials from source	2026-09-13T19:39:07.2445570Z 
desktop-promote	Generate the Hex and npm bills of materials from source	2026-09-13T19:39:07.2445890Z      but got type:
desktop-promote	Generate the Hex and npm bills of materials from source	2026-09-13T19:39:07.2445990Z 
desktop-promote	Generate the Hex and npm bills of materials from source	2026-09-13T19:39:07.2446040Z          dynamic()
desktop-promote	Generate the Hex and npm bills of materials from source	2026-09-13T19:39:07.2446140Z 
desktop-promote	Generate the Hex and npm bills of materials from source	2026-09-13T19:39:07.2446240Z      where "ctx" was given the type:
desktop-promote	Generate the Hex and npm bills of materials from source	2026-09-13T19:39:07.2446390Z 
desktop-promote	Generate the Hex and npm bills of materials from source	2026-09-13T19:39:07.2446450Z          # type: dynamic()
desktop-promote	Generate the Hex and npm bills of materials from source	2026-09-13T19:39:07.2446720Z          # from: lib/protobuf/protoc/cli.ex:119:50
desktop-promote	Generate the Hex and npm bills of materials from source	2026-09-13T19:39:07.2446950Z          ctx
desktop-promote	Generate the Hex and npm bills of materials from source	2026-09-13T19:39:07.2447030Z 
desktop-promote	Generate the Hex and npm bills of materials from source	2026-09-13T19:39:07.2447320Z      when defining the variable "ctx", you must also pattern match on "%Protobuf.Protoc.Context{}"
desktop-promote	Generate the Hex and npm bills of materials from source	2026-09-13T19:39:07.2447610Z 
desktop-promote	Generate the Hex and npm bills of materials from source	2026-09-13T19:39:07.2447690Z      type warning found at:
desktop-promote	Generate the Hex and npm bills of materials from source	2026-09-13T19:39:07.2447890Z      │
desktop-promote	Generate the Hex and npm bills of materials from source	2026-09-13T19:39:07.2448130Z  123 │       %Context{ctx | package_prefix: package}
desktop-promote	Generate the Hex and npm bills of materials from source	2026-09-13T19:39:07.2448370Z      │       ~
desktop-promote	Generate the Hex and npm bills of materials from source	2026-09-13T19:39:07.2448520Z      │
desktop-promote	Generate the Hex and npm bills of materials from source	2026-09-13T19:39:07.2448850Z      └─ lib/protobuf/protoc/cli.ex:123:7: Protobuf.Protoc.CLI.parse_param/2
desktop-promote	Generate the Hex and npm bills of materials from source	2026-09-13T19:39:07.2449110Z 
desktop-promote	Generate the Hex and npm bills of materials from source	2026-09-13T19:39:07.2449340Z      warning: a struct for Protobuf.Protoc.Context is expected on struct update:
desktop-promote	Generate the Hex and npm bills of materials from source	2026-09-13T19:39:07.2449610Z 
desktop-promote	Generate the Hex and npm bills of materials from source	2026-09-13T19:39:07.2449840Z          %Protobuf.Protoc.Context{ctx | transform_module: Module.concat([module])}
desktop-promote	Generate the Hex and npm bills of materials from source	2026-09-13T19:39:07.2450120Z 
desktop-promote	Generate the Hex and npm bills of materials from source	2026-09-13T19:39:07.2450180Z      but got type:
desktop-promote	Generate the Hex and npm bills of materials from source	2026-09-13T19:39:07.2450280Z 
desktop-promote	Generate the Hex and npm bills of materials from source	2026-09-13T19:39:07.2450360Z          dynamic()
desktop-promote	Generate the Hex and npm bills of materials from source	2026-09-13T19:39:07.2450490Z 
desktop-promote	Generate the Hex and npm bills of materials from source	2026-09-13T19:39:07.2450640Z      where "ctx" was given the type:
desktop-promote	Generate the Hex and npm bills of materials from source	2026-09-13T19:39:07.2450800Z 
desktop-promote	Generate the Hex and npm bills of materials from source	2026-09-13T19:39:07.2450870Z          # type: dynamic()
desktop-promote	Generate the Hex and npm bills of materials from source	2026-09-13T19:39:07.2451140Z          # from: lib/protobuf/protoc/cli.ex:127:51
desktop-promote	Generate the Hex and npm bills of materials from source	2026-09-13T19:39:07.2451370Z          ctx
desktop-promote	Generate the Hex and npm bills of materials from source	2026-09-13T19:39:07.2451500Z 
desktop-promote	Generate the Hex and npm bills of materials from source	2026-09-13T19:39:07.2451800Z      when defining the variable "ctx", you must also pattern match on "%Protobuf.Protoc.Context{}"
desktop-promote	Generate the Hex and npm bills of materials from source	2026-09-13T19:39:07.2452140Z 
desktop-promote	Generate the Hex and npm bills of materials from source	2026-09-13T19:39:07.2452220Z      type warning found at:
desktop-promote	Generate the Hex and npm bills of materials from source	2026-09-13T19:39:07.2452460Z      │
desktop-promote	Generate the Hex and npm bills of materials from source	2026-09-13T19:39:07.2452820Z  128 │     %Context{ctx | transform_module: Module.concat([module])}
desktop-promote	Generate the Hex and npm bills of materials from source	2026-09-13T19:39:07.2453150Z      │     ~
desktop-promote	Generate the Hex and npm bills of materials from source	2026-09-13T19:39:07.2453330Z      │
desktop-promote	Generate the Hex and npm bills of materials from source	2026-09-13T19:39:07.2453670Z      └─ lib/protobuf/protoc/cli.ex:128:5: Protobuf.Protoc.CLI.parse_param/2
desktop-promote	Generate the Hex and npm bills of materials from source	2026-09-13T19:39:07.2453920Z 
desktop-promote	Generate the Hex and npm bills of materials from source	2026-09-13T19:39:07.2454150Z      warning: a struct for Protobuf.Protoc.Context is expected on struct update:
desktop-promote	Generate the Hex and npm bills of materials from source	2026-09-13T19:39:07.2454460Z 
desktop-promote	Generate the Hex and npm bills of materials from source	2026-09-13T19:39:07.2454870Z          %Protobuf.Protoc.Context{ctx | one_file_per_module?: true}
desktop-promote	Generate the Hex and npm bills of materials from source	2026-09-13T19:39:07.2455180Z 
desktop-promote	Generate the Hex and npm bills of materials from source	2026-09-13T19:39:07.2455260Z      but got type:
desktop-promote	Generate the Hex and npm bills of materials from source	2026-09-13T19:39:07.2455370Z 
desktop-promote	Generate the Hex and npm bills of materials from source	2026-09-13T19:39:07.2455430Z          dynamic()
desktop-promote	Generate the Hex and npm bills of materials from source	2026-09-13T19:39:07.2455530Z 
desktop-promote	Generate the Hex and npm bills of materials from source	2026-09-13T19:39:07.2455640Z      where "ctx" was given the type:
desktop-promote	Generate the Hex and npm bills of materials from source	2026-09-13T19:39:07.2455790Z 
desktop-promote	Generate the Hex and npm bills of materials from source	2026-09-13T19:39:07.2455870Z          # type: dynamic()
desktop-promote	Generate the Hex and npm bills of materials from source	2026-09-13T19:39:07.2456120Z          # from: lib/protobuf/protoc/cli.ex:131:53
desktop-promote	Generate the Hex and npm bills of materials from source	2026-09-13T19:39:07.2456350Z          ctx
desktop-promote	Generate the Hex and npm bills of materials from source	2026-09-13T19:39:07.2456440Z 
desktop-promote	Generate the Hex and npm bills of materials from source	2026-09-13T19:39:07.2456730Z      when defining the variable "ctx", you must also pattern match on "%Protobuf.Protoc.Context{}"
desktop-promote	Generate the Hex and npm bills of materials from source	2026-09-13T19:39:07.2457040Z 
desktop-promote	Generate the Hex and npm bills of materials from source	2026-09-13T19:39:07.2457110Z      type warning found at:
desktop-promote	Generate the Hex and npm bills of materials from source	2026-09-13T19:39:07.2457350Z      │
desktop-promote	Generate the Hex and npm bills of materials from source	2026-09-13T19:39:07.2457610Z  134 │         %Context{ctx | one_file_per_module?: true}
desktop-promote	Generate the Hex and npm bills of materials from source	2026-09-13T19:39:07.2457880Z      │         ~
desktop-promote	Generate the Hex and npm bills of materials from source	2026-09-13T19:39:07.2458040Z      │
desktop-promote	Generate the Hex and npm bills of materials from source	2026-09-13T19:39:07.2458390Z      └─ lib/protobuf/protoc/cli.ex:134:9: Protobuf.Protoc.CLI.parse_param/2
desktop-promote	Generate the Hex and npm bills of materials from source	2026-09-13T19:39:07.2458660Z 
desktop-promote	Generate the Hex and npm bills of materials from source	2026-09-13T19:39:07.2458900Z      warning: a struct for Protobuf.Protoc.Context is expected on struct update:
desktop-promote	Generate the Hex and npm bills of materials from source	2026-09-13T19:39:07.2459160Z 
desktop-promote	Generate the Hex and npm bills of materials from source	2026-09-13T19:39:07.2459320Z          %Protobuf.Protoc.Context{ctx | include_docs?: true}
desktop-promote	Generate the Hex and npm bills of materials from source	2026-09-13T19:39:07.2459880Z 
desktop-promote	Generate the Hex and npm bills of materials from source	2026-09-13T19:39:07.2459950Z      but got type:
desktop-promote	Generate the Hex and npm bills of materials from source	2026-09-13T19:39:07.2460050Z 
desktop-promote	Generate the Hex and npm bills of materials from source	2026-09-13T19:39:07.2460110Z          dynamic()
desktop-promote	Generate the Hex and npm bills of materials from source	2026-09-13T19:39:07.2460200Z 
desktop-promote	Generate the Hex and npm bills of materials from source	2026-09-13T19:39:07.2460300Z      where "ctx" was given the type:
desktop-promote	Generate the Hex and npm bills of materials from source	2026-09-13T19:39:07.2460450Z 
desktop-promote	Generate the Hex and npm bills of materials from source	2026-09-13T19:39:07.2460840Z          # type: dynamic()
desktop-promote	Generate the Hex and npm bills of materials from source	2026-09-13T19:39:07.2461080Z          # from: lib/protobuf/protoc/cli.ex:141:46
desktop-promote	Generate the Hex and npm bills of materials from source	2026-09-13T19:39:07.2461310Z          ctx
desktop-promote	Generate the Hex and npm bills of materials from source	2026-09-13T19:39:07.2461400Z 
desktop-promote	Generate the Hex and npm bills of materials from source	2026-09-13T19:39:07.2461690Z      when defining the variable "ctx", you must also pattern match on "%Protobuf.Protoc.Context{}"
desktop-promote	Generate the Hex and npm bills of materials from source	2026-09-13T19:39:07.2462020Z 
desktop-promote	Generate the Hex and npm bills of materials from source	2026-09-13T19:39:07.2462100Z      type warning found at:
desktop-promote	Generate the Hex and npm bills of materials from source	2026-09-13T19:39:07.2462300Z      │
desktop-promote	Generate the Hex and npm bills of materials from source	2026-09-13T19:39:07.2462540Z  144 │         %Context{ctx | include_docs?: true}
desktop-promote	Generate the Hex and npm bills of materials from source	2026-09-13T19:39:07.2462780Z      │         ~
desktop-promote	Generate the Hex and npm bills of materials from source	2026-09-13T19:39:07.2462940Z      │
desktop-promote	Generate the Hex and npm bills of materials from source	2026-09-13T19:39:07.2463270Z      └─ lib/protobuf/protoc/cli.ex:144:9: Protobuf.Protoc.CLI.parse_param/2
desktop-promote	Generate the Hex and npm bills of materials from source	2026-09-13T19:39:07.2463570Z 
desktop-promote	Generate the Hex and npm bills of materials from source	2026-09-13T19:39:07.2513920Z      warning: a struct for Protobuf.FieldProps is expected on struct update:
desktop-promote	Generate the Hex and npm bills of materials from source	2026-09-13T19:39:07.2514270Z 
desktop-promote	Generate the Hex and npm bills of materials from source	2026-09-13T19:39:07.2514450Z          %Protobuf.FieldProps{acc | optional?: optional?}
desktop-promote	Generate the Hex and npm bills of materials from source	2026-09-13T19:39:07.2514660Z 
desktop-promote	Generate the Hex and npm bills of materials from source	2026-09-13T19:39:07.2514750Z      but got type:
desktop-promote	Generate the Hex and npm bills of materials from source	2026-09-13T19:39:07.2514850Z 
desktop-promote	Generate the Hex and npm bills of materials from source	2026-09-13T19:39:07.2514910Z          dynamic()
desktop-promote	Generate the Hex and npm bills of materials from source	2026-09-13T19:39:07.2515000Z 
desktop-promote	Generate the Hex and npm bills of materials from source	2026-09-13T19:39:07.2515110Z      where "acc" was given the type:
desktop-promote	Generate the Hex and npm bills of materials from source	2026-09-13T19:39:07.2515250Z 
desktop-promote	Generate the Hex and npm bills of materials from source	2026-09-13T19:39:07.2515320Z          # type: dynamic()
desktop-promote	Generate the Hex and npm bills of materials from source	2026-09-13T19:39:07.2515560Z          # from: lib/protobuf/dsl.ex:328:31
desktop-promote	Generate the Hex and npm bills of materials from source	2026-09-13T19:39:07.2515790Z          acc
desktop-promote	Generate the Hex and npm bills of materials from source	2026-09-13T19:39:07.2515880Z 
desktop-promote	Generate the Hex and npm bills of materials from source	2026-09-13T19:39:07.2516160Z      when defining the variable "acc", you must also pattern match on "%Protobuf.FieldProps{}"
desktop-promote	Generate the Hex and npm bills of materials from source	2026-09-13T19:39:07.2516460Z 
desktop-promote	Generate the Hex and npm bills of materials from source	2026-09-13T19:39:07.2516530Z      type warning found at:
desktop-promote	Generate the Hex and npm bills of materials from source	2026-09-13T19:39:07.2516840Z      │
desktop-promote	Generate the Hex and npm bills of materials from source	2026-09-13T19:39:07.2517140Z  329 │         %FieldProps{acc | optional?: optional?}
desktop-promote	Generate the Hex and npm bills of materials from source	2026-09-13T19:39:07.2517460Z      │         ~
desktop-promote	Generate the Hex and npm bills of materials from source	2026-09-13T19:39:07.2517630Z      │
desktop-promote	Generate the Hex and npm bills of materials from source	2026-09-13T19:39:07.2518150Z      └─ lib/protobuf/dsl.ex:329:9: Protobuf.DSL.parse_field_opts_to_field_props/2
desktop-promote	Generate the Hex and npm bills of materials from source	2026-09-13T19:39:07.2518490Z 
desktop-promote	Generate the Hex and npm bills of materials from source	2026-09-13T19:39:07.2524860Z      warning: a struct for Protobuf.FieldProps is expected on struct update:
desktop-promote	Generate the Hex and npm bills of materials from source	2026-09-13T19:39:07.2525180Z 
desktop-promote	Generate the Hex and npm bills of materials from source	2026-09-13T19:39:07.2525410Z          %Protobuf.FieldProps{acc | proto3_optional?: proto3_optional?}
desktop-promote	Generate the Hex and npm bills of materials from source	2026-09-13T19:39:07.2525660Z 
desktop-promote	Generate the Hex and npm bills of materials from source	2026-09-13T19:39:07.2525830Z      but got type:
desktop-promote	Generate the Hex and npm bills of materials from source	2026-09-13T19:39:07.2525940Z 
desktop-promote	Generate the Hex and npm bills of materials from source	2026-09-13T19:39:07.2526010Z          dynamic()
desktop-promote	Generate the Hex and npm bills of materials from source	2026-09-13T19:39:07.2526100Z 
desktop-promote	Generate the Hex and npm bills of materials from source	2026-09-13T19:39:07.2526210Z      where "acc" was given the type:
desktop-promote	Generate the Hex and npm bills of materials from source	2026-09-13T19:39:07.2526360Z 
desktop-promote	Generate the Hex and npm bills of materials from source	2026-09-13T19:39:07.2526430Z          # type: dynamic()
desktop-promote	Generate the Hex and npm bills of materials from source	2026-09-13T19:39:07.2526670Z          # from: lib/protobuf/dsl.ex:331:45
desktop-promote	Generate the Hex and npm bills of materials from source	2026-09-13T19:39:07.2526890Z          acc
desktop-promote	Generate the Hex and npm bills of materials from source	2026-09-13T19:39:07.2526980Z 
desktop-promote	Generate the Hex and npm bills of materials from source	2026-09-13T19:39:07.2527270Z      when defining the variable "acc", you must also pattern match on "%Protobuf.FieldProps{}"
desktop-promote	Generate the Hex and npm bills of materials from source	2026-09-13T19:39:07.2527560Z 
desktop-promote	Generate the Hex and npm bills of materials from source	2026-09-13T19:39:07.2527630Z      type warning found at:
desktop-promote	Generate the Hex and npm bills of materials from source	2026-09-13T19:39:07.2527860Z      │
desktop-promote	Generate the Hex and npm bills of materials from source	2026-09-13T19:39:07.2528160Z  332 │         %FieldProps{acc | proto3_optional?: proto3_optional?}
desktop-promote	Generate the Hex and npm bills of materials from source	2026-09-13T19:39:07.2528470Z      │         ~
desktop-promote	Generate the Hex and npm bills of materials from source	2026-09-13T19:39:07.2528620Z      │
desktop-promote	Generate the Hex and npm bills of materials from source	2026-09-13T19:39:07.2528980Z      └─ lib/protobuf/dsl.ex:332:9: Protobuf.DSL.parse_field_opts_to_field_props/2
desktop-promote	Generate the Hex and npm bills of materials from source	2026-09-13T19:39:07.2529250Z 
desktop-promote	Generate the Hex and npm bills of materials from source	2026-09-13T19:39:07.2533180Z      warning: a struct for Protobuf.FieldProps is expected on struct update:
desktop-promote	Generate the Hex and npm bills of materials from source	2026-09-13T19:39:07.2533440Z 
desktop-promote	Generate the Hex and npm bills of materials from source	2026-09-13T19:39:07.2533640Z          %Protobuf.FieldProps{acc | required?: required?}
desktop-promote	Generate the Hex and npm bills of materials from source	2026-09-13T19:39:07.2533840Z 
desktop-promote	Generate the Hex and npm bills of materials from source	2026-09-13T19:39:07.2533900Z      but got type:
desktop-promote	Generate the Hex and npm bills of materials from source	2026-09-13T19:39:07.2533990Z 
desktop-promote	Generate the Hex and npm bills of materials from source	2026-09-13T19:39:07.2534050Z          dynamic()
desktop-promote	Generate the Hex and npm bills of materials from source	2026-09-13T19:39:07.2534150Z 
desktop-promote	Generate the Hex and npm bills of materials from source	2026-09-13T19:39:07.2534250Z      where "acc" was given the type:
desktop-promote	Generate the Hex and npm bills of materials from source	2026-09-13T19:39:07.2534700Z 
desktop-promote	Generate the Hex and npm bills of materials from source	2026-09-13T19:39:07.2534770Z          # type: dynamic()
desktop-promote	Generate the Hex and npm bills of materials from source	2026-09-13T19:39:07.2534990Z          # from: lib/protobuf/dsl.ex:334:31
desktop-promote	Generate the Hex and npm bills of materials from source	2026-09-13T19:39:07.2535210Z          acc
desktop-promote	Generate the Hex and npm bills of materials from source	2026-09-13T19:39:07.2535300Z 
desktop-promote	Generate the Hex and npm bills of materials from source	2026-09-13T19:39:07.2535570Z      when defining the variable "acc", you must also pattern match on "%Protobuf.FieldProps{}"
desktop-promote	Generate the Hex and npm bills of materials from source	2026-09-13T19:39:07.2536130Z 
desktop-promote	Generate the Hex and npm bills of materials from source	2026-09-13T19:39:07.2536210Z      type warning found at:
desktop-promote	Generate the Hex and npm bills of materials from source	2026-09-13T19:39:07.2536420Z      │
desktop-promote	Generate the Hex and npm bills of materials from source	2026-09-13T19:39:07.2536670Z  335 │         %FieldProps{acc | required?: required?}
desktop-promote	Generate the Hex and npm bills of materials from source	2026-09-13T19:39:07.2536920Z      │         ~
desktop-promote	Generate the Hex and npm bills of materials from source	2026-09-13T19:39:07.2537080Z      │
desktop-promote	Generate the Hex and npm bills of materials from source	2026-09-13T19:39:07.2537420Z      └─ lib/protobuf/dsl.ex:335:9: Protobuf.DSL.parse_field_opts_to_field_props/2
desktop-promote	Generate the Hex and npm bills of materials from source	2026-09-13T19:39:07.2537680Z 
desktop-promote	Generate the Hex and npm bills of materials from source	2026-09-13T19:39:07.2541060Z      warning: a struct for Protobuf.FieldProps is expected on struct update:
desktop-promote	Generate the Hex and npm bills of materials from source	2026-09-13T19:39:07.2541320Z 
desktop-promote	Generate the Hex and npm bills of materials from source	2026-09-13T19:39:07.2541460Z          %Protobuf.FieldProps{acc | enum?: enum?}
desktop-promote	Generate the Hex and npm bills of materials from source	2026-09-13T19:39:07.2541630Z 
desktop-promote	Generate the Hex and npm bills of materials from source	2026-09-13T19:39:07.2541690Z      but got type:
desktop-promote	Generate the Hex and npm bills of materials from source	2026-09-13T19:39:07.2541790Z 
desktop-promote	Generate the Hex and npm bills of materials from source	2026-09-13T19:39:07.2541850Z          dynamic()
desktop-promote	Generate the Hex and npm bills of materials from source	2026-09-13T19:39:07.2541940Z 
desktop-promote	Generate the Hex and npm bills of materials from source	2026-09-13T19:39:07.2542040Z      where "acc" was given the type:
desktop-promote	Generate the Hex and npm bills of materials from source	2026-09-13T19:39:07.2542190Z 
desktop-promote	Generate the Hex and npm bills of materials from source	2026-09-13T19:39:07.2542250Z          # type: dynamic()
desktop-promote	Generate the Hex and npm bills of materials from source	2026-09-13T19:39:07.2542490Z          # from: lib/protobuf/dsl.ex:337:23
desktop-promote	Generate the Hex and npm bills of materials from source	2026-09-13T19:39:07.2542700Z          acc
desktop-promote	Generate the Hex and npm bills of materials from source	2026-09-13T19:39:07.2542780Z 
desktop-promote	Generate the Hex and npm bills of materials from source	2026-09-13T19:39:07.2543060Z      when defining the variable "acc", you must also pattern match on "%Protobuf.FieldProps{}"
desktop-promote	Generate the Hex and npm bills of materials from source	2026-09-13T19:39:07.2543340Z 
desktop-promote	Generate the Hex and npm bills of materials from source	2026-09-13T19:39:07.2543410Z      type warning found at:
desktop-promote	Generate the Hex and npm bills of materials from source	2026-09-13T19:39:07.2543600Z      │
desktop-promote	Generate the Hex and npm bills of materials from source	2026-09-13T19:39:07.2543940Z  338 │         %FieldProps{acc | enum?: enum?}
desktop-promote	Generate the Hex and npm bills of materials from source	2026-09-13T19:39:07.2544180Z      │         ~
desktop-promote	Generate the Hex and npm bills of materials from source	2026-09-13T19:39:07.2544320Z      │
desktop-promote	Generate the Hex and npm bills of materials from source	2026-09-13T19:39:07.2544670Z      └─ lib/protobuf/dsl.ex:338:9: Protobuf.DSL.parse_field_opts_to_field_props/2
desktop-promote	Generate the Hex and npm bills of materials from source	2026-09-13T19:39:07.2544930Z 
desktop-promote	Generate the Hex and npm bills of materials from source	2026-09-13T19:39:07.2547650Z      warning: a struct for Protobuf.FieldProps is expected on struct update:
desktop-promote	Generate the Hex and npm bills of materials from source	2026-09-13T19:39:07.2547910Z 
desktop-promote	Generate the Hex and npm bills of materials from source	2026-09-13T19:39:07.2548040Z          %Protobuf.FieldProps{acc | map?: map?}
desktop-promote	Generate the Hex and npm bills of materials from source	2026-09-13T19:39:07.2548200Z 
desktop-promote	Generate the Hex and npm bills of materials from source	2026-09-13T19:39:07.2548270Z      but got type:
desktop-promote	Generate the Hex and npm bills of materials from source	2026-09-13T19:39:07.2548360Z 
desktop-promote	Generate the Hex and npm bills of materials from source	2026-09-13T19:39:07.2548430Z          dynamic()
desktop-promote	Generate the Hex and npm bills of materials from source	2026-09-13T19:39:07.2548520Z 
desktop-promote	Generate the Hex and npm bills of materials from source	2026-09-13T19:39:07.2548620Z      where "acc" was given the type:
desktop-promote	Generate the Hex and npm bills of materials from source	2026-09-13T19:39:07.2548770Z 
desktop-promote	Generate the Hex and npm bills of materials from source	2026-09-13T19:39:07.2548840Z          # type: dynamic()
desktop-promote	Generate the Hex and npm bills of materials from source	2026-09-13T19:39:07.2549070Z          # from: lib/protobuf/dsl.ex:340:21
desktop-promote	Generate the Hex and npm bills of materials from source	2026-09-13T19:39:07.2549280Z          acc
desktop-promote	Generate the Hex and npm bills of materials from source	2026-09-13T19:39:07.2549360Z 
desktop-promote	Generate the Hex and npm bills of materials from source	2026-09-13T19:39:07.2549630Z      when defining the variable "acc", you must also pattern match on "%Protobuf.FieldProps{}"
desktop-promote	Generate the Hex and npm bills of materials from source	2026-09-13T19:39:07.2549920Z 
desktop-promote	Generate the Hex and npm bills of materials from source	2026-09-13T19:39:07.2549990Z      type warning found at:
desktop-promote	Generate the Hex and npm bills of materials from source	2026-09-13T19:39:07.2550190Z      │
desktop-promote	Generate the Hex and npm bills of materials from source	2026-09-13T19:39:07.2550420Z  341 │         %FieldProps{acc | map?: map?}
desktop-promote	Generate the Hex and npm bills of materials from source	2026-09-13T19:39:07.2550650Z      │         ~
desktop-promote	Generate the Hex and npm bills of materials from source	2026-09-13T19:39:07.2550800Z      │
desktop-promote	Generate the Hex and npm bills of materials from source	2026-09-13T19:39:07.2551140Z      └─ lib/protobuf/dsl.ex:341:9: Protobuf.DSL.parse_field_opts_to_field_props/2
desktop-promote	Generate the Hex and npm bills of materials from source	2026-09-13T19:39:07.2551400Z 
desktop-promote	Generate the Hex and npm bills of materials from source	2026-09-13T19:39:07.2554730Z      warning: a struct for Protobuf.FieldProps is expected on struct update:
desktop-promote	Generate the Hex and npm bills of materials from source	2026-09-13T19:39:07.2555030Z 
desktop-promote	Generate the Hex and npm bills of materials from source	2026-09-13T19:39:07.2555200Z          %Protobuf.FieldProps{acc | repeated?: repeated?}
desktop-promote	Generate the Hex and npm bills of materials from source	2026-09-13T19:39:07.2555460Z 
desktop-promote	Generate the Hex and npm bills of materials from source	2026-09-13T19:39:07.2555550Z      but got type:
desktop-promote	Generate the Hex and npm bills of materials from source	2026-09-13T19:39:07.2555680Z 
desktop-promote	Generate the Hex and npm bills of materials from source	2026-09-13T19:39:07.2555740Z          dynamic()
desktop-promote	Generate the Hex and npm bills of materials from source	2026-09-13T19:39:07.2555830Z 
desktop-promote	Generate the Hex and npm bills of materials from source	2026-09-13T19:39:07.2555940Z      where "acc" was given the type:
desktop-promote	Generate the Hex and npm bills of materials from source	2026-09-13T19:39:07.2556080Z 
desktop-promote	Generate the Hex and npm bills of materials from source	2026-09-13T19:39:07.2556150Z          # type: dynamic()
desktop-promote	Generate the Hex and npm bills of materials from source	2026-09-13T19:39:07.2556390Z          # from: lib/protobuf/dsl.ex:343:31
desktop-promote	Generate the Hex and npm bills of materials from source	2026-09-13T19:39:07.2556610Z          acc
desktop-promote	Generate the Hex and npm bills of materials from source	2026-09-13T19:39:07.2556710Z 
desktop-promote	Generate the Hex and npm bills of materials from source	2026-09-13T19:39:07.2557000Z      when defining the variable "acc", you must also pattern match on "%Protobuf.FieldProps{}"
desktop-promote	Generate the Hex and npm bills of materials from source	2026-09-13T19:39:07.2557550Z 
desktop-promote	Generate the Hex and npm bills of materials from source	2026-09-13T19:39:07.2557630Z      type warning found at:
desktop-promote	Generate the Hex and npm bills of materials from source	2026-09-13T19:39:07.2557850Z      │
desktop-promote	Generate the Hex and npm bills of materials from source	2026-09-13T19:39:07.2558120Z  344 │         %FieldProps{acc | repeated?: repeated?}
desktop-promote	Generate the Hex and npm bills of materials from source	2026-09-13T19:39:07.2558380Z      │         ~
desktop-promote	Generate the Hex and npm bills of materials from source	2026-09-13T19:39:07.2558540Z      │
desktop-promote	Generate the Hex and npm bills of materials from source	2026-09-13T19:39:07.2559210Z      └─ lib/protobuf/dsl.ex:344:9: Protobuf.DSL.parse_field_opts_to_field_props/2
desktop-promote	Generate the Hex and npm bills of materials from source	2026-09-13T19:39:07.2559470Z 
desktop-promote	Generate the Hex and npm bills of materials from source	2026-09-13T19:39:07.2563860Z      warning: a struct for Protobuf.FieldProps is expected on struct update:
desktop-promote	Generate the Hex and npm bills of materials from source	2026-09-13T19:39:07.2564610Z 
desktop-promote	Generate the Hex and npm bills of materials from source	2026-09-13T19:39:07.2565030Z          %Protobuf.FieldProps{acc | embedded?: embedded}
desktop-promote	Generate the Hex and npm bills of materials from source	2026-09-13T19:39:07.2565540Z 
desktop-promote	Generate the Hex and npm bills of materials from source	2026-09-13T19:39:07.2565730Z      but got type:
desktop-promote	Generate the Hex and npm bills of materials from source	2026-09-13T19:39:07.2566000Z 
desktop-promote	Generate the Hex and npm bills of materials from source	2026-09-13T19:39:07.2566190Z          dynamic()
desktop-promote	Generate the Hex and npm bills of materials from source	2026-09-13T19:39:07.2566450Z 
desktop-promote	Generate the Hex and npm bills of materials from source	2026-09-13T19:39:07.2566740Z      where "acc" was given the type:
desktop-promote	Generate the Hex and npm bills of materials from source	2026-09-13T19:39:07.2567130Z 
desktop-promote	Generate the Hex and npm bills of materials from source	2026-09-13T19:39:07.2567330Z          # type: dynamic()
desktop-promote	Generate the Hex and npm bills of materials from source	2026-09-13T19:39:07.2568000Z          # from: lib/protobuf/dsl.ex:346:30
desktop-promote	Generate the Hex and npm bills of materials from source	2026-09-13T19:39:07.2568590Z          acc
desktop-promote	Generate the Hex and npm bills of materials from source	2026-09-13T19:39:07.2568840Z 
desktop-promote	Generate the Hex and npm bills of materials from source	2026-09-13T19:39:07.2569590Z      when defining the variable "acc", you must also pattern match on "%Protobuf.FieldProps{}"
desktop-promote	Generate the Hex and npm bills of materials from source	2026-09-13T19:39:07.2570380Z 
desktop-promote	Generate the Hex and npm bills of materials from source	2026-09-13T19:39:07.2570590Z      type warning found at:
desktop-promote	Generate the Hex and npm bills of materials from source	2026-09-13T19:39:07.2571290Z      │
desktop-promote	Generate the Hex and npm bills of materials from source	2026-09-13T19:39:07.2572000Z  347 │         %FieldProps{acc | embedded?: embedded}
desktop-promote	Generate the Hex and npm bills of materials from source	2026-09-13T19:39:07.2572690Z      │         ~
desktop-promote	Generate the Hex and npm bills of materials from source	2026-09-13T19:39:07.2573140Z      │
desktop-promote	Generate the Hex and npm bills of materials from source	2026-09-13T19:39:07.2574090Z      └─ lib/protobuf/dsl.ex:347:9: Protobuf.DSL.parse_field_opts_to_field_props/2
desktop-promote	Generate the Hex and npm bills of materials from source	2026-09-13T19:39:07.2574780Z 
desktop-promote	Generate the Hex and npm bills of materials from source	2026-09-13T19:39:07.2575380Z      warning: a struct for Protobuf.FieldProps is expected on struct update:
desktop-promote	Generate the Hex and npm bills of materials from source	2026-09-13T19:39:07.2576030Z 
desktop-promote	Generate the Hex and npm bills of materials from source	2026-09-13T19:39:07.2576480Z          %Protobuf.FieldProps{acc | deprecated?: deprecated?}
desktop-promote	Generate the Hex and npm bills of materials from source	2026-09-13T19:39:07.2577010Z 
desktop-promote	Generate the Hex and npm bills of materials from source	2026-09-13T19:39:07.2577200Z      but got type:
desktop-promote	Generate the Hex and npm bills of materials from source	2026-09-13T19:39:07.2577470Z 
desktop-promote	Generate the Hex and npm bills of materials from source	2026-09-13T19:39:07.2577680Z          dynamic()
desktop-promote	Generate the Hex and npm bills of materials from source	2026-09-13T19:39:07.2577950Z 
desktop-promote	Generate the Hex and npm bills of materials from source	2026-09-13T19:39:07.2578230Z      where "acc" was given the type:
desktop-promote	Generate the Hex and npm bills of materials from source	2026-09-13T19:39:07.2578620Z 
desktop-promote	Generate the Hex and npm bills of materials from source	2026-09-13T19:39:07.2578820Z          # type: dynamic()
desktop-promote	Generate the Hex and npm bills of materials from source	2026-09-13T19:39:07.2579440Z          # from: lib/protobuf/dsl.ex:349:35
desktop-promote	Generate the Hex and npm bills of materials from source	2026-09-13T19:39:07.2580030Z          acc
desktop-promote	Generate the Hex and npm bills of materials from source	2026-09-13T19:39:07.2580290Z 
desktop-promote	Generate the Hex and npm bills of materials from source	2026-09-13T19:39:07.2581020Z      when defining the variable "acc", you must also pattern match on "%Protobuf.FieldProps{}"
desktop-promote	Generate the Hex and npm bills of materials from source	2026-09-13T19:39:07.2581800Z 
desktop-promote	Generate the Hex and npm bills of materials from source	2026-09-13T19:39:07.2582000Z      type warning found at:
desktop-promote	Generate the Hex and npm bills of materials from source	2026-09-13T19:39:07.2582830Z      │
desktop-promote	Generate the Hex and npm bills of materials from source	2026-09-13T19:39:07.2583570Z  350 │         %FieldProps{acc | deprecated?: deprecated?}
desktop-promote	Generate the Hex and npm bills of materials from source	2026-09-13T19:39:07.2584300Z      │         ~
desktop-promote	Generate the Hex and npm bills of materials from source	2026-09-13T19:39:07.2584730Z      │
desktop-promote	Generate the Hex and npm bills of materials from source	2026-09-13T19:39:07.2585650Z      └─ lib/protobuf/dsl.ex:350:9: Protobuf.DSL.parse_field_opts_to_field_props/2
desktop-promote	Generate the Hex and npm bills of materials from source	2026-09-13T19:39:07.2586310Z 
desktop-promote	Generate the Hex and npm bills of materials from source	2026-09-13T19:39:07.2586940Z      warning: a struct for Protobuf.FieldProps is expected on struct update:
desktop-promote	Generate the Hex and npm bills of materials from source	2026-09-13T19:39:07.2587610Z 
desktop-promote	Generate the Hex and npm bills of materials from source	2026-09-13T19:39:07.2587990Z          %Protobuf.FieldProps{acc | packed?: packed?}
desktop-promote	Generate the Hex and npm bills of materials from source	2026-09-13T19:39:07.2588480Z 
desktop-promote	Generate the Hex and npm bills of materials from source	2026-09-13T19:39:07.2588670Z      but got type:
desktop-promote	Generate the Hex and npm bills of materials from source	2026-09-13T19:39:07.2588950Z 
desktop-promote	Generate the Hex and npm bills of materials from source	2026-09-13T19:39:07.2589130Z          dynamic()
desktop-promote	Generate the Hex and npm bills of materials from source	2026-09-13T19:39:07.2589400Z 
desktop-promote	Generate the Hex and npm bills of materials from source	2026-09-13T19:39:07.2589710Z      where "acc" was given the type:
desktop-promote	Generate the Hex and npm bills of materials from source	2026-09-13T19:39:07.2590100Z 
desktop-promote	Generate the Hex and npm bills of materials from source	2026-09-13T19:39:07.2590290Z          # type: dynamic()
desktop-promote	Generate the Hex and npm bills of materials from source	2026-09-13T19:39:07.2590920Z          # from: lib/protobuf/dsl.ex:352:27
desktop-promote	Generate the Hex and npm bills of materials from source	2026-09-13T19:39:07.2591520Z          acc
desktop-promote	Generate the Hex and npm bills of materials from source	2026-09-13T19:39:07.2591770Z 
desktop-promote	Generate the Hex and npm bills of materials from source	2026-09-13T19:39:07.2592500Z      when defining the variable "acc", you must also pattern match on "%Protobuf.FieldProps{}"
desktop-promote	Generate the Hex and npm bills of materials from source	2026-09-13T19:39:07.2593280Z 
desktop-promote	Generate the Hex and npm bills of materials from source	2026-09-13T19:39:07.2593490Z      type warning found at:
desktop-promote	Generate the Hex and npm bills of materials from source	2026-09-13T19:39:07.2594010Z      │
desktop-promote	Generate the Hex and npm bills of materials from source	2026-09-13T19:39:07.2594670Z  353 │         %FieldProps{acc | packed?: packed?}
desktop-promote	Generate the Hex and npm bills of materials from source	2026-09-13T19:39:07.2595360Z      │         ~
desktop-promote	Generate the Hex and npm bills of materials from source	2026-09-13T19:39:07.2595820Z      │
desktop-promote	Generate the Hex and npm bills of materials from source	2026-09-13T19:39:07.2597640Z      └─ lib/protobuf/dsl.ex:353:9: Protobuf.DSL.parse_field_opts_to_field_props/2
desktop-promote	Generate the Hex and npm bills of materials from source	2026-09-13T19:39:07.2598520Z 
desktop-promote	Generate the Hex and npm bills of materials from source	2026-09-13T19:39:07.2599130Z      warning: a struct for Protobuf.FieldProps is expected on struct update:
desktop-promote	Generate the Hex and npm bills of materials from source	2026-09-13T19:39:07.2599790Z 
desktop-promote	Generate the Hex and npm bills of materials from source	2026-09-13T19:39:07.2600140Z          %Protobuf.FieldProps{acc | type: type}
desktop-promote	Generate the Hex and npm bills of materials from source	2026-09-13T19:39:07.2601390Z 
desktop-promote	Generate the Hex and npm bills of materials from source	2026-09-13T19:39:07.2601600Z      but got type:
desktop-promote	Generate the Hex and npm bills of materials from source	2026-09-13T19:39:07.2601880Z 
desktop-promote	Generate the Hex and npm bills of materials from source	2026-09-13T19:39:07.2602070Z          dynamic()
desktop-promote	Generate the Hex and npm bills of materials from source	2026-09-13T19:39:07.2602350Z 
desktop-promote	Generate the Hex and npm bills of materials from source	2026-09-13T19:39:07.2602640Z      where "acc" was given the type:
desktop-promote	Generate the Hex and npm bills of materials from source	2026-09-13T19:39:07.2603040Z 
desktop-promote	Generate the Hex and npm bills of materials from source	2026-09-13T19:39:07.2603260Z          # type: dynamic()
desktop-promote	Generate the Hex and npm bills of materials from source	2026-09-13T19:39:07.2603920Z          # from: lib/protobuf/dsl.ex:355:22
desktop-promote	Generate the Hex and npm bills of materials from source	2026-09-13T19:39:07.2604530Z          acc
desktop-promote	Generate the Hex and npm bills of materials from source	2026-09-13T19:39:07.2604790Z 
desktop-promote	Generate the Hex and npm bills of materials from source	2026-09-13T19:39:07.2605520Z      when defining the variable "acc", you must also pattern match on "%Protobuf.FieldProps{}"
desktop-promote	Generate the Hex and npm bills of materials from source	2026-09-13T19:39:07.2606300Z 
desktop-promote	Generate the Hex and npm bills of materials from source	2026-09-13T19:39:07.2606520Z      type warning found at:
desktop-promote	Generate the Hex and npm bills of materials from source	2026-09-13T19:39:07.2607160Z      │
desktop-promote	Generate the Hex and npm bills of materials from source	2026-09-13T19:39:07.2607810Z  356 │         %FieldProps{acc | type: type}
desktop-promote	Generate the Hex and npm bills of materials from source	2026-09-13T19:39:07.2608490Z      │         ~
desktop-promote	Generate the Hex and npm bills of materials from source	2026-09-13T19:39:07.2608930Z      │
desktop-promote	Generate the Hex and npm bills of materials from source	2026-09-13T19:39:07.2609930Z      └─ lib/protobuf/dsl.ex:356:9: Protobuf.DSL.parse_field_opts_to_field_props/2
desktop-promote	Generate the Hex and npm bills of materials from source	2026-09-13T19:39:07.2610650Z 
desktop-promote	Generate the Hex and npm bills of materials from source	2026-09-13T19:39:07.2611300Z      warning: a struct for Protobuf.FieldProps is expected on struct update:
desktop-promote	Generate the Hex and npm bills of materials from source	2026-09-13T19:39:07.2611980Z 
desktop-promote	Generate the Hex and npm bills of materials from source	2026-09-13T19:39:07.2612360Z          %Protobuf.FieldProps{acc | default: default}
desktop-promote	Generate the Hex and npm bills of materials from source	2026-09-13T19:39:07.2612830Z 
desktop-promote	Generate the Hex and npm bills of materials from source	2026-09-13T19:39:07.2613020Z      but got type:
desktop-promote	Generate the Hex and npm bills of materials from source	2026-09-13T19:39:07.2613290Z 
desktop-promote	Generate the Hex and npm bills of materials from source	2026-09-13T19:39:07.2613490Z          dynamic()
desktop-promote	Generate the Hex and npm bills of materials from source	2026-09-13T19:39:07.2613750Z 
desktop-promote	Generate the Hex and npm bills of materials from source	2026-09-13T19:39:07.2614040Z      where "acc" was given the type:
desktop-promote	Generate the Hex and npm bills of materials from source	2026-09-13T19:39:07.2614440Z 
desktop-promote	Generate the Hex and npm bills of materials from source	2026-09-13T19:39:07.2614650Z          # type: dynamic()
desktop-promote	Generate the Hex and npm bills of materials from source	2026-09-13T19:39:07.2615290Z          # from: lib/protobuf/dsl.ex:358:28
desktop-promote	Generate the Hex and npm bills of materials from source	2026-09-13T19:39:07.2616140Z          acc
desktop-promote	Generate the Hex and npm bills of materials from source	2026-09-13T19:39:07.2616430Z 
desktop-promote	Generate the Hex and npm bills of materials from source	2026-09-13T19:39:07.2626530Z      when defining the variable "acc", you must also pattern match on "%Protobuf.FieldProps{}"
desktop-promote	Generate the Hex and npm bills of materials from source	2026-09-13T19:39:07.2626970Z 
desktop-promote	Generate the Hex and npm bills of materials from source	2026-09-13T19:39:07.2627090Z      type warning found at:
desktop-promote	Generate the Hex and npm bills of materials from source	2026-09-13T19:39:07.2627420Z      │
desktop-promote	Generate the Hex and npm bills of materials from source	2026-09-13T19:39:07.2627690Z  359 │         %FieldProps{acc | default: default}
desktop-promote	Generate the Hex and npm bills of materials from source	2026-09-13T19:39:07.2627970Z      │         ~
desktop-promote	Generate the Hex and npm bills of materials from source	2026-09-13T19:39:07.2628130Z      │
desktop-promote	Generate the Hex and npm bills of materials from source	2026-09-13T19:39:07.2628510Z      └─ lib/protobuf/dsl.ex:359:9: Protobuf.DSL.parse_field_opts_to_field_props/2
desktop-promote	Generate the Hex and npm bills of materials from source	2026-09-13T19:39:07.2628780Z 
desktop-promote	Generate the Hex and npm bills of materials from source	2026-09-13T19:39:07.2629010Z      warning: a struct for Protobuf.FieldProps is expected on struct update:
desktop-promote	Generate the Hex and npm bills of materials from source	2026-09-13T19:39:07.2629270Z 
desktop-promote	Generate the Hex and npm bills of materials from source	2026-09-13T19:39:07.2629410Z          %Protobuf.FieldProps{acc | oneof: oneof}
desktop-promote	Generate the Hex and npm bills of materials from source	2026-09-13T19:39:07.2629600Z 
desktop-promote	Generate the Hex and npm bills of materials from source	2026-09-13T19:39:07.2629660Z      but got type:
desktop-promote	Generate the Hex and npm bills of materials from source	2026-09-13T19:39:07.2629770Z 
desktop-promote	Generate the Hex and npm bills of materials from source	2026-09-13T19:39:07.2629830Z          dynamic()
desktop-promote	Generate the Hex and npm bills of materials from source	2026-09-13T19:39:07.2629940Z 
desktop-promote	Generate the Hex and npm bills of materials from source	2026-09-13T19:39:07.2630040Z      where "acc" was given the type:
desktop-promote	Generate the Hex and npm bills of materials from source	2026-09-13T19:39:07.2630270Z 
desktop-promote	Generate the Hex and npm bills of materials from source	2026-09-13T19:39:07.2630350Z          # type: dynamic()
desktop-promote	Generate the Hex and npm bills of materials from source	2026-09-13T19:39:07.2630580Z          # from: lib/protobuf/dsl.ex:361:24
desktop-promote	Generate the Hex and npm bills of materials from source	2026-09-13T19:39:07.2630800Z          acc
desktop-promote	Generate the Hex and npm bills of materials from source	2026-09-13T19:39:07.2630880Z 
desktop-promote	Generate the Hex and npm bills of materials from source	2026-09-13T19:39:07.2631160Z      when defining the variable "acc", you must also pattern match on "%Protobuf.FieldProps{}"
desktop-promote	Generate the Hex and npm bills of materials from source	2026-09-13T19:39:07.2631460Z 
desktop-promote	Generate the Hex and npm bills of materials from source	2026-09-13T19:39:07.2631520Z      type warning found at:
desktop-promote	Generate the Hex and npm bills of materials from source	2026-09-13T19:39:07.2631720Z      │
desktop-promote	Generate the Hex and npm bills of materials from source	2026-09-13T19:39:07.2631960Z  362 │         %FieldProps{acc | oneof: oneof}
desktop-promote	Generate the Hex and npm bills of materials from source	2026-09-13T19:39:07.2632210Z      │         ~
desktop-promote	Generate the Hex and npm bills of materials from source	2026-09-13T19:39:07.2632370Z      │
desktop-promote	Generate the Hex and npm bills of materials from source	2026-09-13T19:39:07.2632730Z      └─ lib/protobuf/dsl.ex:362:9: Protobuf.DSL.parse_field_opts_to_field_props/2
desktop-promote	Generate the Hex and npm bills of materials from source	2026-09-13T19:39:07.2632990Z 
desktop-promote	Generate the Hex and npm bills of materials from source	2026-09-13T19:39:07.2633210Z      warning: a struct for Protobuf.FieldProps is expected on struct update:
desktop-promote	Generate the Hex and npm bills of materials from source	2026-09-13T19:39:07.2633460Z 
desktop-promote	Generate the Hex and npm bills of materials from source	2026-09-13T19:39:07.2633630Z          %Protobuf.FieldProps{acc | json_name: json_name}
desktop-promote	Generate the Hex and npm bills of materials from source	2026-09-13T19:39:07.2634160Z 
desktop-promote	Generate the Hex and npm bills of materials from source	2026-09-13T19:39:07.2634240Z      but got type:
desktop-promote	Generate the Hex and npm bills of materials from source	2026-09-13T19:39:07.2634340Z 
desktop-promote	Generate the Hex and npm bills of materials from source	2026-09-13T19:39:07.2634410Z          dynamic()
desktop-promote	Generate the Hex and npm bills of materials from source	2026-09-13T19:39:07.2634500Z 
desktop-promote	Generate the Hex and npm bills of materials from source	2026-09-13T19:39:07.2634610Z      where "acc" was given the type:
desktop-promote	Generate the Hex and npm bills of materials from source	2026-09-13T19:39:07.2634760Z 
desktop-promote	Generate the Hex and npm bills of materials from source	2026-09-13T19:39:07.2634830Z          # type: dynamic()
desktop-promote	Generate the Hex and npm bills of materials from source	2026-09-13T19:39:07.2635350Z          # from: lib/protobuf/dsl.ex:364:32
desktop-promote	Generate the Hex and npm bills of materials from source	2026-09-13T19:39:07.2635570Z          acc
desktop-promote	Generate the Hex and npm bills of materials from source	2026-09-13T19:39:07.2635660Z 
desktop-promote	Generate the Hex and npm bills of materials from source	2026-09-13T19:39:07.2635930Z      when defining the variable "acc", you must also pattern match on "%Protobuf.FieldProps{}"
desktop-promote	Generate the Hex and npm bills of materials from source	2026-09-13T19:39:07.2636230Z 
desktop-promote	Generate the Hex and npm bills of materials from source	2026-09-13T19:39:07.2636310Z      type warning found at:
desktop-promote	Generate the Hex and npm bills of materials from source	2026-09-13T19:39:07.2636520Z      │
desktop-promote	Generate the Hex and npm bills of materials from source	2026-09-13T19:39:07.2636790Z  365 │         %FieldProps{acc | json_name: json_name}
desktop-promote	Generate the Hex and npm bills of materials from source	2026-09-13T19:39:07.2637050Z      │         ~
desktop-promote	Generate the Hex and npm bills of materials from source	2026-09-13T19:39:07.2637200Z      │
desktop-promote	Generate the Hex and npm bills of materials from source	2026-09-13T19:39:07.2637550Z      └─ lib/protobuf/dsl.ex:365:9: Protobuf.DSL.parse_field_opts_to_field_props/2
desktop-promote	Generate the Hex and npm bills of materials from source	2026-09-13T19:39:07.2637810Z 
desktop-promote	Generate the Hex and npm bills of materials from source	2026-09-13T19:39:07.2638070Z      warning: a struct for Protobuf.FieldProps is expected on struct update:
desktop-promote	Generate the Hex and npm bills of materials from source	2026-09-13T19:39:07.2638340Z 
desktop-promote	Generate the Hex and npm bills of materials from source	2026-09-13T19:39:07.2638500Z          %Protobuf.FieldProps{props | json_name: props.name}
desktop-promote	Generate the Hex and npm bills of materials from source	2026-09-13T19:39:07.2638720Z 
desktop-promote	Generate the Hex and npm bills of materials from source	2026-09-13T19:39:07.2638780Z      but got type:
desktop-promote	Generate the Hex and npm bills of materials from source	2026-09-13T19:39:07.2638900Z 
desktop-promote	Generate the Hex and npm bills of materials from source	2026-09-13T19:39:07.2639070Z          dynamic(not %Protobuf.FieldProps{json_name: binary()})
desktop-promote	Generate the Hex and npm bills of materials from source	2026-09-13T19:39:07.2639290Z 
desktop-promote	Generate the Hex and npm bills of materials from source	2026-09-13T19:39:07.2639390Z      where "props" was given the type:
desktop-promote	Generate the Hex and npm bills of materials from source	2026-09-13T19:39:07.2639550Z 
desktop-promote	Generate the Hex and npm bills of materials from source	2026-09-13T19:39:07.2639750Z          # type: dynamic(not %Protobuf.FieldProps{json_name: binary()})
desktop-promote	Generate the Hex and npm bills of materials from source	2026-09-13T19:39:07.2640090Z          # from: lib/protobuf/dsl.ex:390:22
desktop-promote	Generate the Hex and npm bills of materials from source	2026-09-13T19:39:07.2640310Z          props
desktop-promote	Generate the Hex and npm bills of materials from source	2026-09-13T19:39:07.2640410Z 
desktop-promote	Generate the Hex and npm bills of materials from source	2026-09-13T19:39:07.2640700Z      when defining the variable "props", you must also pattern match on "%Protobuf.FieldProps{}"
desktop-promote	Generate the Hex and npm bills of materials from source	2026-09-13T19:39:07.2641010Z 
desktop-promote	Generate the Hex and npm bills of materials from source	2026-09-13T19:39:07.2641090Z      type warning found at:
desktop-promote	Generate the Hex and npm bills of materials from source	2026-09-13T19:39:07.2641280Z      │
desktop-promote	Generate the Hex and npm bills of materials from source	2026-09-13T19:39:07.2641650Z  390 │   defp cal_json_name(props), do: %FieldProps{props | json_name: props.name}
desktop-promote	Generate the Hex and npm bills of materials from source	2026-09-13T19:39:07.2642050Z      │                                  ~
desktop-promote	Generate the Hex and npm bills of materials from source	2026-09-13T19:39:07.2642270Z      │
desktop-promote	Generate the Hex and npm bills of materials from source	2026-09-13T19:39:07.2642570Z      └─ lib/protobuf/dsl.ex:390:34: Protobuf.DSL.cal_json_name/1
desktop-promote	Generate the Hex and npm bills of materials from source	2026-09-13T19:39:07.2642800Z 
desktop-promote	Generate the Hex and npm bills of materials from source	2026-09-13T19:39:07.2643030Z      warning: a struct for Protobuf.FieldProps is expected on struct update:
desktop-promote	Generate the Hex and npm bills of materials from source	2026-09-13T19:39:07.2643290Z 
desktop-promote	Generate the Hex and npm bills of materials from source	2026-09-13T19:39:07.2643440Z          %Protobuf.FieldProps{props | packed?: false}
desktop-promote	Generate the Hex and npm bills of materials from source	2026-09-13T19:39:07.2643620Z 
desktop-promote	Generate the Hex and npm bills of materials from source	2026-09-13T19:39:07.2643690Z      but got type:
desktop-promote	Generate the Hex and npm bills of materials from source	2026-09-13T19:39:07.2643790Z 
desktop-promote	Generate the Hex and npm bills of materials from source	2026-09-13T19:39:07.2643860Z          dynamic(
desktop-promote	Generate the Hex and npm bills of materials from source	2026-09-13T19:39:07.2644250Z            (%Protobuf.FieldProps{repeated?: true} and not %Protobuf.FieldProps{packed?: boolean()}) or
desktop-promote	Generate the Hex and npm bills of materials from source	2026-09-13T19:39:07.2644640Z              (map() and
desktop-promote	Generate the Hex and npm bills of materials from source	2026-09-13T19:39:07.2645070Z                 not (%Protobuf.FieldProps{repeated?: true} or %Protobuf.FieldProps{packed?: boolean()})) or
desktop-promote	Generate the Hex and npm bills of materials from source	2026-09-13T19:39:07.2646790Z              atom() or bitstring() or empty_list() or float() or fun() or integer() or
desktop-promote	Generate the Hex and npm bills of materials from source	2026-09-13T19:39:07.2648170Z              non_empty_list(term(), term()) or pid() or port() or reference() or {...}
desktop-promote	Generate the Hex and npm bills of materials from source	2026-09-13T19:39:07.2649010Z          )
desktop-promote	Generate the Hex and npm bills of materials from source	2026-09-13T19:39:07.2649280Z 
desktop-promote	Generate the Hex and npm bills of materials from source	2026-09-13T19:39:07.2649600Z      where "props" was given the type:
desktop-promote	Generate the Hex and npm bills of materials from source	2026-09-13T19:39:07.2650050Z 
desktop-promote	Generate the Hex and npm bills of materials from source	2026-09-13T19:39:07.2650260Z          # type: dynamic(
desktop-promote	Generate the Hex and npm bills of materials from source	2026-09-13T19:39:07.2651380Z            (%Protobuf.FieldProps{repeated?: true} and not %Protobuf.FieldProps{packed?: boolean()}) or
desktop-promote	Generate the Hex and npm bills of materials from source	2026-09-13T19:39:07.2652390Z              (map() and
desktop-promote	Generate the Hex and npm bills of materials from source	2026-09-13T19:39:07.2653490Z                 not (%Protobuf.FieldProps{repeated?: true} or %Protobuf.FieldProps{packed?: boolean()})) or
desktop-promote	Generate the Hex and npm bills of materials from source	2026-09-13T19:39:07.2654910Z              atom() or bitstring() or empty_list() or float() or fun() or integer() or
desktop-promote	Generate the Hex and npm bills of materials from source	2026-09-13T19:39:07.2656230Z              non_empty_list(term(), term()) or pid() or port() or reference() or {...}
desktop-promote	Generate the Hex and npm bills of materials from source	2026-09-13T19:39:07.2656920Z          )
desktop-promote	Generate the Hex and npm bills of materials from source	2026-09-13T19:39:07.2657130Z          # from: lib/protobuf/dsl.ex:426:19
desktop-promote	Generate the Hex and npm bills of materials from source	2026-09-13T19:39:07.2657350Z          props
desktop-promote	Generate the Hex and npm bills of materials from source	2026-09-13T19:39:07.2657450Z 
desktop-promote	Generate the Hex and npm bills of materials from source	2026-09-13T19:39:07.2657750Z      when defining the variable "props", you must also pattern match on "%Protobuf.FieldProps{}"
desktop-promote	Generate the Hex and npm bills of materials from source	2026-09-13T19:39:07.2658320Z 
desktop-promote	Generate the Hex and npm bills of materials from source	2026-09-13T19:39:07.2658410Z      type warning found at:
desktop-promote	Generate the Hex and npm bills of materials from source	2026-09-13T19:39:07.2658760Z      │
desktop-promote	Generate the Hex and npm bills of materials from source	2026-09-13T19:39:07.2659140Z  426 │   defp cal_packed(props, _syntax), do: %FieldProps{props | packed?: false}
desktop-promote	Generate the Hex and npm bills of materials from source	2026-09-13T19:39:07.2659550Z      │                                        ~
desktop-promote	Generate the Hex and npm bills of materials from source	2026-09-13T19:39:07.2659760Z      │
desktop-promote	Generate the Hex and npm bills of materials from source	2026-09-13T19:39:07.2660060Z      └─ lib/protobuf/dsl.ex:426:40: Protobuf.DSL.cal_packed/2
desktop-promote	Generate the Hex and npm bills of materials from source	2026-09-13T19:39:07.2660270Z 
desktop-promote	Generate the Hex and npm bills of materials from source	2026-09-13T19:39:07.2705050Z Generated protobuf app
desktop-promote	Generate the Hex and npm bills of materials from source	2026-09-13T19:39:07.8658970Z ==> keepling
desktop-promote	Generate the Hex and npm bills of materials from source	2026-09-13T19:39:07.8659820Z ===> Analyzing applications...
desktop-promote	Generate the Hex and npm bills of materials from source	2026-09-13T19:39:08.2319160Z ===> Compiling idna
desktop-promote	Generate the Hex and npm bills of materials from source	2026-09-13T19:39:29.7226510Z ==> phoenix_template
desktop-promote	Generate the Hex and npm bills of materials from source	2026-09-13T19:39:29.7227980Z Compiling 4 files (.ex)
desktop-promote	Generate the Hex and npm bills of materials from source	2026-09-13T19:39:29.7510220Z      warning: the variable "prefix_size" is accessed inside size(...) of a bitstring but it was defined outside of the match. You must precede it with the pin operator
desktop-promote	Generate the Hex and npm bills of materials from source	2026-09-13T19:39:29.7521270Z      │
desktop-promote	Generate the Hex and npm bills of materials from source	2026-09-13T19:39:29.7536440Z  505 │       <<prefix::binary-size(prefix_size), ^suffix::binary>> -> prefix
desktop-promote	Generate the Hex and npm bills of materials from source	2026-09-13T19:39:29.7539070Z      │                             ~
desktop-promote	Generate the Hex and npm bills of materials from source	2026-09-13T19:39:29.7541600Z      │
desktop-promote	Generate the Hex and npm bills of materials from source	2026-09-13T19:39:29.7547260Z      └─ lib/phoenix/template.ex:505:29: Phoenix.Template.unsuffix/2
desktop-promote	Generate the Hex and npm bills of materials from source	2026-09-13T19:39:29.7557930Z 
desktop-promote	Generate the Hex and npm bills of materials from source	2026-09-13T19:39:29.8174530Z Generated phoenix_template app
desktop-promote	Generate the Hex and npm bills of materials from source	2026-09-13T19:39:31.7439420Z ==> keepling
desktop-promote	Generate the Hex and npm bills of materials from source	2026-09-13T19:39:31.7440350Z ===> Analyzing applications...
desktop-promote	Generate the Hex and npm bills of materials from source	2026-09-13T19:39:31.8005280Z ===> Compiling telemetry
desktop-promote	Generate the Hex and npm bills of materials from source	2026-09-13T19:39:32.4477040Z ==> telemetry_metrics
desktop-promote	Generate the Hex and npm bills of materials from source	2026-09-13T19:39:32.4478400Z Compiling 7 files (.ex)
desktop-promote	Generate the Hex and npm bills of materials from source	2026-09-13T19:39:32.5221820Z Generated telemetry_metrics app
desktop-promote	Generate the Hex and npm bills of materials from source	2026-09-13T19:39:33.9491420Z ==> keepling
desktop-promote	Generate the Hex and npm bills of materials from source	2026-09-13T19:39:33.9491850Z ===> Analyzing applications...
desktop-promote	Generate the Hex and npm bills of materials from source	2026-09-13T19:39:33.9973790Z ===> Compiling telemetry_poller
desktop-promote	Generate the Hex and npm bills of materials from source	2026-09-13T19:39:35.4041540Z ==> thousand_island
desktop-promote	Generate the Hex and npm bills of materials from source	2026-09-13T19:39:35.4042400Z Compiling 18 files (.ex)
desktop-promote	Generate the Hex and npm bills of materials from source	2026-09-13T19:39:35.6013090Z Generated thousand_island app
desktop-promote	Generate the Hex and npm bills of materials from source	2026-09-13T19:39:35.6221900Z ==> db_connection
desktop-promote	Generate the Hex and npm bills of materials from source	2026-09-13T19:39:35.6222390Z Compiling 18 files (.ex)
desktop-promote	Generate the Hex and npm bills of materials from source	2026-09-13T19:39:36.5604210Z Generated db_connection app
desktop-promote	Generate the Hex and npm bills of materials from source	2026-09-13T19:39:36.5954280Z ==> ecto
desktop-promote	Generate the Hex and npm bills of materials from source	2026-09-13T19:39:36.5956540Z Compiling 56 files (.ex)
desktop-promote	Generate the Hex and npm bills of materials from source	2026-09-13T19:39:42.0369100Z Generated ecto app
desktop-promote	Generate the Hex and npm bills of materials from source	2026-09-13T19:39:42.1178740Z ==> sbom
desktop-promote	Generate the Hex and npm bills of materials from source	2026-09-13T19:39:42.1179740Z Compiling 552 files (.ex)
desktop-promote	Generate the Hex and npm bills of materials from source	2026-09-13T19:39:48.4031110Z      warning: the following conditional expression:
desktop-promote	Generate the Hex and npm bills of materials from source	2026-09-13T19:39:48.4036830Z 
desktop-promote	Generate the Hex and npm bills of materials from source	2026-09-13T19:39:48.4056820Z          load_from_app_spec?
desktop-promote	Generate the Hex and npm bills of materials from source	2026-09-13T19:39:48.4061050Z 
desktop-promote	Generate the Hex and npm bills of materials from source	2026-09-13T19:39:48.4071880Z      will always evaluate to:
desktop-promote	Generate the Hex and npm bills of materials from source	2026-09-13T19:39:48.4073080Z 
desktop-promote	Generate the Hex and npm bills of materials from source	2026-09-13T19:39:48.4079570Z          dynamic(true)
desktop-promote	Generate the Hex and npm bills of materials from source	2026-09-13T19:39:48.4081080Z 
desktop-promote	Generate the Hex and npm bills of materials from source	2026-09-13T19:39:48.4085390Z      where "load_from_app_spec?" was given the type:
desktop-promote	Generate the Hex and npm bills of materials from source	2026-09-13T19:39:48.4086290Z 
desktop-promote	Generate the Hex and npm bills of materials from source	2026-09-13T19:39:48.4087600Z          # type: dynamic(true)
desktop-promote	Generate the Hex and npm bills of materials from source	2026-09-13T19:39:48.4162030Z          # from: lib/sbom/fetcher/mix_runtime.ex:139:27
desktop-promote	Generate the Hex and npm bills of materials from source	2026-09-13T19:39:48.4175150Z          load_from_app_spec? =
desktop-promote	Generate the Hex and npm bills of materials from source	2026-09-13T19:39:48.4182210Z            not (
desktop-promote	Generate the Hex and npm bills of materials from source	2026-09-13T19:39:48.4217550Z              {arg1} = {app}
desktop-promote	Generate the Hex and npm bills of materials from source	2026-09-13T19:39:48.4219240Z          
desktop-promote	Generate the Hex and npm bills of materials from source	2026-09-13T19:39:48.4223210Z              arg1 === :eex or arg1 === :elixir or arg1 === :ex_unit or arg1 === :iex or arg1 === :logger or
desktop-promote	Generate the Hex and npm bills of materials from source	2026-09-13T19:39:48.4226140Z                arg1 === :mix or
desktop-promote	Generate the Hex and npm bills of materials from source	2026-09-13T19:39:48.4229850Z                (arg1 === :stdlib or arg1 === :et or arg1 === :reltool or arg1 === :megaco or
desktop-promote	Generate the Hex and npm bills of materials from source	2026-09-13T19:39:48.4235920Z                   arg1 === :kernel or arg1 === :ssh or arg1 === :parsetools or arg1 === :eunit or
desktop-promote	Generate the Hex and npm bills of materials from source	2026-09-13T19:39:48.4243870Z                   arg1 === :runtime_tools or arg1 === :asn1 or arg1 === :debugger or arg1 === :tools or
desktop-promote	Generate the Hex and npm bills of materials from source	2026-09-13T19:39:48.4259970Z                   arg1 === :compiler or arg1 === :jinterface or arg1 === :sasl or arg1 === :public_key or
desktop-promote	Generate the Hex and npm bills of materials from source	2026-09-13T19:39:48.4265840Z                   arg1 === :ftp or arg1 === :eldap or arg1 === :mnesia or arg1 === :observer or
desktop-promote	Generate the Hex and npm bills of materials from source	2026-09-13T19:39:48.4271860Z                   arg1 === :xmerl or arg1 === :tftp or arg1 === :ssl or arg1 === :crypto or arg1 === :edoc or
desktop-promote	Generate the Hex and npm bills of materials from source	2026-09-13T19:39:48.4277400Z                   arg1 === :snmp or arg1 === :erts or arg1 === :inets or arg1 === :diameter or arg1 === :wx or
desktop-promote	Generate the Hex and npm bills of materials from source	2026-09-13T19:39:48.4280840Z                   arg1 === :os_mon or arg1 === :odbc or arg1 === :erl_interface or arg1 === :common_test or
desktop-promote	Generate the Hex and npm bills of materials from source	2026-09-13T19:39:48.4283480Z                   arg1 === :dialyzer or arg1 === :syntax_tools) or arg1 == :hex
desktop-promote	Generate the Hex and npm bills of materials from source	2026-09-13T19:39:48.4286250Z            ) or not in_burrito?()
desktop-promote	Generate the Hex and npm bills of materials from source	2026-09-13T19:39:48.4287170Z 
desktop-promote	Generate the Hex and npm bills of materials from source	2026-09-13T19:39:48.4288810Z      type warning found at:
desktop-promote	Generate the Hex and npm bills of materials from source	2026-09-13T19:39:48.4291210Z      │
desktop-promote	Generate the Hex and npm bills of materials from source	2026-09-13T19:39:48.4293250Z  143 │           if load_from_app_spec? do
desktop-promote	Generate the Hex and npm bills of materials from source	2026-09-13T19:39:48.4295090Z      │           ~~~~~~~~~~~~~~~~~~~~~~~~~
desktop-promote	Generate the Hex and npm bills of materials from source	2026-09-13T19:39:48.4297990Z      │
desktop-promote	Generate the Hex and npm bills of materials from source	2026-09-13T19:39:48.4301650Z      └─ lib/sbom/fetcher/mix_runtime.ex:143: SBoM.Fetcher.MixRuntime.resolve_dep/3
desktop-promote	Generate the Hex and npm bills of materials from source	2026-09-13T19:39:48.4304170Z 
desktop-promote	Generate the Hex and npm bills of materials from source	2026-09-13T19:39:48.4780670Z      warning: the right-hand side of || will never be executed:
desktop-promote	Generate the Hex and npm bills of materials from source	2026-09-13T19:39:48.4788820Z 
desktop-promote	Generate the Hex and npm bills of materials from source	2026-09-13T19:39:48.4789550Z          classification_to_string(type) || ...
desktop-promote	Generate the Hex and npm bills of materials from source	2026-09-13T19:39:48.4790880Z 
desktop-promote	Generate the Hex and npm bills of materials from source	2026-09-13T19:39:48.4791720Z      because the left-hand side always evaluates to:
desktop-promote	Generate the Hex and npm bills of materials from source	2026-09-13T19:39:48.4791990Z 
desktop-promote	Generate the Hex and npm bills of materials from source	2026-09-13T19:39:48.4792320Z          binary()
desktop-promote	Generate the Hex and npm bills of materials from source	2026-09-13T19:39:48.4792560Z 
desktop-promote	Generate the Hex and npm bills of materials from source	2026-09-13T19:39:48.4792900Z      where "type" was given the type:
desktop-promote	Generate the Hex and npm bills of materials from source	2026-09-13T19:39:48.4793110Z 
desktop-promote	Generate the Hex and npm bills of materials from source	2026-09-13T19:39:48.4793550Z          # type: dynamic(not :CLASSIFICATION_NULL)
desktop-promote	Generate the Hex and npm bills of materials from source	2026-09-13T19:39:48.4794030Z          # from: lib/sbom/cyclonedx/common/enum_helpers.ex:155:36
desktop-promote	Generate the Hex and npm bills of materials from source	2026-09-13T19:39:48.4794430Z          type
desktop-promote	Generate the Hex and npm bills of materials from source	2026-09-13T19:39:48.4794570Z 
desktop-promote	Generate the Hex and npm bills of materials from source	2026-09-13T19:39:48.4795030Z      type warning found at:
desktop-promote	Generate the Hex and npm bills of materials from source	2026-09-13T19:39:48.4795560Z      │
desktop-promote	Generate the Hex and npm bills of materials from source	2026-09-13T19:39:48.4796130Z  155 │   def classification_to_string_xml(type), do: classification_to_string(type) || ""
desktop-promote	Generate the Hex and npm bills of materials from source	2026-09-13T19:39:48.4796800Z      │   ~~~~~~~~~~~~~~~~~~~~~~~~~~~~~~~~~~~~~~~~~~~~~~~~~~~~~~~~~~~~~~~~~~~~~~~~~~~~~~~~
desktop-promote	Generate the Hex and npm bills of materials from source	2026-09-13T19:39:48.4797160Z      │
desktop-promote	Generate the Hex and npm bills of materials from source	2026-09-13T19:39:48.4797840Z      └─ lib/sbom/cyclonedx/common/enum_helpers.ex:155: SBoM.CycloneDX.Common.EnumHelpers.classification_to_string_xml/1
desktop-promote	Generate the Hex and npm bills of materials from source	2026-09-13T19:39:48.4798330Z 
desktop-promote	Generate the Hex and npm bills of materials from source	2026-09-13T19:39:48.5033210Z Generated sbom app
desktop-promote	Generate the Hex and npm bills of materials from source	2026-09-13T19:39:48.5380580Z ==> expo
desktop-promote	Generate the Hex and npm bills of materials from source	2026-09-13T19:39:48.5381050Z Compiling 2 files (.erl)
desktop-promote	Generate the Hex and npm bills of materials from source	2026-09-13T19:39:48.8241620Z Compiling 22 files (.ex)
desktop-promote	Generate the Hex and npm bills of materials from source	2026-09-13T19:39:49.1425170Z Generated expo app
desktop-promote	Generate the Hex and npm bills of materials from source	2026-09-13T19:39:49.1692100Z ==> gettext
desktop-promote	Generate the Hex and npm bills of materials from source	2026-09-13T19:39:49.1693350Z Compiling 18 files (.ex)
desktop-promote	Generate the Hex and npm bills of materials from source	2026-09-13T19:39:49.4476610Z      warning: the following clause is redundant:
desktop-promote	Generate the Hex and npm bills of materials from source	2026-09-13T19:39:49.4478670Z 
desktop-promote	Generate the Hex and npm bills of materials from source	2026-09-13T19:39:49.4480870Z          defp ensure_empty_msgstr!(%Expo.Message.Plural{} = message)
desktop-promote	Generate the Hex and npm bills of materials from source	2026-09-13T19:39:49.4482170Z 
desktop-promote	Generate the Hex and npm bills of materials from source	2026-09-13T19:39:49.4482470Z      it has type:
desktop-promote	Generate the Hex and npm bills of materials from source	2026-09-13T19:39:49.4482800Z 
desktop-promote	Generate the Hex and npm bills of materials from source	2026-09-13T19:39:49.4483110Z          dynamic(%Expo.Message.Plural{})
desktop-promote	Generate the Hex and npm bills of materials from source	2026-09-13T19:39:49.4483670Z 
desktop-promote	Generate the Hex and npm bills of materials from source	2026-09-13T19:39:49.4484070Z      previous clauses have already matched on the following types:
desktop-promote	Generate the Hex and npm bills of materials from source	2026-09-13T19:39:49.4484610Z 
desktop-promote	Generate the Hex and npm bills of materials from source	2026-09-13T19:39:49.4484940Z          %Expo.Message.Singular{}
desktop-promote	Generate the Hex and npm bills of materials from source	2026-09-13T19:39:49.4485460Z          %Expo.Message.Plural{}
desktop-promote	Generate the Hex and npm bills of materials from source	2026-09-13T19:39:49.4486050Z 
desktop-promote	Generate the Hex and npm bills of materials from source	2026-09-13T19:39:49.4487210Z      │
desktop-promote	Generate the Hex and npm bills of materials from source	2026-09-13T19:39:49.4488100Z  391 │   defp ensure_empty_msgstr!(%Message.Plural{} = message) do
desktop-promote	Generate the Hex and npm bills of materials from source	2026-09-13T19:39:49.4489310Z      │        ~
desktop-promote	Generate the Hex and npm bills of materials from source	2026-09-13T19:39:49.4489870Z      │
desktop-promote	Generate the Hex and npm bills of materials from source	2026-09-13T19:39:49.4490380Z      └─ lib/gettext/extractor.ex:391:8: Gettext.Extractor.ensure_empty_msgstr!/1
desktop-promote	Generate the Hex and npm bills of materials from source	2026-09-13T19:39:49.4490720Z 
desktop-promote	Generate the Hex and npm bills of materials from source	2026-09-13T19:39:49.4491420Z      warning: this clause in cond will never match:
desktop-promote	Generate the Hex and npm bills of materials from source	2026-09-13T19:39:49.4491660Z 
desktop-promote	Generate the Hex and npm bills of materials from source	2026-09-13T19:39:49.4492000Z          not is_binary(locale)
desktop-promote	Generate the Hex and npm bills of materials from source	2026-09-13T19:39:49.4492180Z 
desktop-promote	Generate the Hex and npm bills of materials from source	2026-09-13T19:39:49.4493190Z      since it has type:
desktop-promote	Generate the Hex and npm bills of materials from source	2026-09-13T19:39:49.4493620Z 
desktop-promote	Generate the Hex and npm bills of materials from source	2026-09-13T19:39:49.4493970Z          dynamic(false)
desktop-promote	Generate the Hex and npm bills of materials from source	2026-09-13T19:39:49.4495540Z 
desktop-promote	Generate the Hex and npm bills of materials from source	2026-09-13T19:39:49.4495970Z      where "locale" was given the types:
desktop-promote	Generate the Hex and npm bills of materials from source	2026-09-13T19:39:49.4496450Z 
desktop-promote	Generate the Hex and npm bills of materials from source	2026-09-13T19:39:49.4496750Z          # type: binary()
desktop-promote	Generate the Hex and npm bills of materials from source	2026-09-13T19:39:49.4497440Z          # from: lib/gettext.ex:806:28
desktop-promote	Generate the Hex and npm bills of materials from source	2026-09-13T19:39:49.4498140Z          locale
desktop-promote	Generate the Hex and npm bills of materials from source	2026-09-13T19:39:49.4498640Z 
desktop-promote	Generate the Hex and npm bills of materials from source	2026-09-13T19:39:49.4498940Z          # type: binary()
desktop-promote	Generate the Hex and npm bills of materials from source	2026-09-13T19:39:49.4499710Z          # from: lib/gettext.ex:806:41
desktop-promote	Generate the Hex and npm bills of materials from source	2026-09-13T19:39:49.4500370Z          is_binary(locale)
desktop-promote	Generate the Hex and npm bills of materials from source	2026-09-13T19:39:49.4500870Z 
desktop-promote	Generate the Hex and npm bills of materials from source	2026-09-13T19:39:49.4501160Z      type warning found at:
desktop-promote	Generate the Hex and npm bills of materials from source	2026-09-13T19:39:49.4502120Z      │
desktop-promote	Generate the Hex and npm bills of materials from source	2026-09-13T19:39:49.4502860Z  808 │       not is_binary(locale) ->
desktop-promote	Generate the Hex and npm bills of materials from source	2026-09-13T19:39:49.4503810Z      │                             ~
desktop-promote	Generate the Hex and npm bills of materials from source	2026-09-13T19:39:49.4504570Z      │
desktop-promote	Generate the Hex and npm bills of materials from source	2026-09-13T19:39:49.4505380Z      └─ lib/gettext.ex:808:29: Gettext.put_locale!/2
desktop-promote	Generate the Hex and npm bills of materials from source	2026-09-13T19:39:49.4505970Z 
desktop-promote	Generate the Hex and npm bills of materials from source	2026-09-13T19:39:49.4506740Z      warning: Kernel.ParallelCompiler.async/1 is deprecated. Use `pmap/2` instead
desktop-promote	Generate the Hex and npm bills of materials from source	2026-09-13T19:39:49.4508030Z      │
desktop-promote	Generate the Hex and npm bills of materials from source	2026-09-13T19:39:49.4508400Z  426 │               Kernel.ParallelCompiler.async(fn ->
desktop-promote	Generate the Hex and npm bills of materials from source	2026-09-13T19:39:49.4508880Z      │                                       ~
desktop-promote	Generate the Hex and npm bills of materials from source	2026-09-13T19:39:49.4509250Z      │
desktop-promote	Generate the Hex and npm bills of materials from source	2026-09-13T19:39:49.4509940Z      └─ lib/gettext/compiler.ex:426:39: Gettext.Compiler.compile_po_files/3
desktop-promote	Generate the Hex and npm bills of materials from source	2026-09-13T19:39:49.4510200Z 
desktop-promote	Generate the Hex and npm bills of materials from source	2026-09-13T19:39:49.4585490Z Generated gettext app
desktop-promote	Generate the Hex and npm bills of materials from source	2026-09-13T19:39:49.4856530Z ==> phoenix_pubsub
desktop-promote	Generate the Hex and npm bills of materials from source	2026-09-13T19:39:49.4857440Z Compiling 12 files (.ex)
desktop-promote	Generate the Hex and npm bills of materials from source	2026-09-13T19:39:50.4989650Z Generated phoenix_pubsub app
desktop-promote	Generate the Hex and npm bills of materials from source	2026-09-13T19:39:50.5183600Z ==> dns_cluster
desktop-promote	Generate the Hex and npm bills of materials from source	2026-09-13T19:39:50.5184360Z Compiling 1 file (.ex)
desktop-promote	Generate the Hex and npm bills of materials from source	2026-09-13T19:39:50.5774440Z      warning: comparison between distinct types found:
desktop-promote	Generate the Hex and npm bills of materials from source	2026-09-13T19:39:50.5775200Z 
desktop-promote	Generate the Hex and npm bills of materials from source	2026-09-13T19:39:50.5775500Z          net_state.started != :no
desktop-promote	Generate the Hex and npm bills of materials from source	2026-09-13T19:39:50.5775960Z 
desktop-promote	Generate the Hex and npm bills of materials from source	2026-09-13T19:39:50.5776240Z      given types:
desktop-promote	Generate the Hex and npm bills of materials from source	2026-09-13T19:39:50.5776650Z 
desktop-promote	Generate the Hex and npm bills of materials from source	2026-09-13T19:39:50.5777000Z          dynamic(not :no) != :no
desktop-promote	Generate the Hex and npm bills of materials from source	2026-09-13T19:39:50.5777450Z 
desktop-promote	Generate the Hex and npm bills of materials from source	2026-09-13T19:39:50.5777850Z      where "net_state" was given the types:
desktop-promote	Generate the Hex and npm bills of materials from source	2026-09-13T19:39:50.5778270Z 
desktop-promote	Generate the Hex and npm bills of materials from source	2026-09-13T19:39:50.5778530Z          # type: dynamic()
desktop-promote	Generate the Hex and npm bills of materials from source	2026-09-13T19:39:50.5779280Z          # from: lib/dns_cluster.ex:207:8
desktop-promote	Generate the Hex and npm bills of materials from source	2026-09-13T19:39:50.5779990Z          net_state
desktop-promote	Generate the Hex and npm bills of materials from source	2026-09-13T19:39:50.5780250Z 
desktop-promote	Generate the Hex and npm bills of materials from source	2026-09-13T19:39:50.5780660Z          # type: dynamic(not false and not nil)
desktop-promote	Generate the Hex and npm bills of materials from source	2026-09-13T19:39:50.5781520Z          # from: lib/dns_cluster.ex:207:8
desktop-promote	Generate the Hex and npm bills of materials from source	2026-09-13T19:39:50.5783400Z          net_state
desktop-promote	Generate the Hex and npm bills of materials from source	2026-09-13T19:39:50.5783800Z 
desktop-promote	Generate the Hex and npm bills of materials from source	2026-09-13T19:39:50.5784150Z          # type: dynamic(%{..., started: term()})
desktop-promote	Generate the Hex and npm bills of materials from source	2026-09-13T19:39:50.5785220Z          # from: lib/dns_cluster.ex:210:25
desktop-promote	Generate the Hex and npm bills of materials from source	2026-09-13T19:39:50.5786120Z          net_state.started == :no
desktop-promote	Generate the Hex and npm bills of materials from source	2026-09-13T19:39:50.5786580Z 
desktop-promote	Generate the Hex and npm bills of materials from source	2026-09-13T19:39:50.5787020Z          # type: dynamic(%{..., started: not :no})
desktop-promote	Generate the Hex and npm bills of materials from source	2026-09-13T19:39:50.5787850Z          # from: lib/dns_cluster.ex:220:25
desktop-promote	Generate the Hex and npm bills of materials from source	2026-09-13T19:39:50.5788750Z          net_state.started == :no
desktop-promote	Generate the Hex and npm bills of materials from source	2026-09-13T19:39:50.5789220Z 
desktop-promote	Generate the Hex and npm bills of materials from source	2026-09-13T19:39:50.5790640Z      While Elixir can compare across all types, you are comparing across types which are always disjoint, and the result is either always true or always false
desktop-promote	Generate the Hex and npm bills of materials from source	2026-09-13T19:39:50.5791280Z 
desktop-promote	Generate the Hex and npm bills of materials from source	2026-09-13T19:39:50.5791410Z      type warning found at:
desktop-promote	Generate the Hex and npm bills of materials from source	2026-09-13T19:39:50.5791940Z      │
desktop-promote	Generate the Hex and npm bills of materials from source	2026-09-13T19:39:50.5792520Z  221 │           (!release? and net_state.started != :no and net_state[:name_domain] != :longnames) ->
desktop-promote	Generate the Hex and npm bills of materials from source	2026-09-13T19:39:50.5793030Z      │                                            ~
desktop-promote	Generate the Hex and npm bills of materials from source	2026-09-13T19:39:50.5793390Z      │
desktop-promote	Generate the Hex and npm bills of materials from source	2026-09-13T19:39:50.5793850Z      └─ lib/dns_cluster.ex:221:44: DNSCluster.warn_on_invalid_dist/0
desktop-promote	Generate the Hex and npm bills of materials from source	2026-09-13T19:39:50.5794470Z 
desktop-promote	Generate the Hex and npm bills of materials from source	2026-09-13T19:39:50.5829250Z Generated dns_cluster app
desktop-promote	Generate the Hex and npm bills of materials from source	2026-09-13T19:39:51.9968140Z ==> keepling
desktop-promote	Generate the Hex and npm bills of materials from source	2026-09-13T19:39:51.9969150Z ===> Analyzing applications...
desktop-promote	Generate the Hex and npm bills of materials from source	2026-09-13T19:39:52.0433220Z ===> Compiling certifi
desktop-promote	Generate the Hex and npm bills of materials from source	2026-09-13T19:39:52.8749970Z ==> plug
desktop-promote	Generate the Hex and npm bills of materials from source	2026-09-13T19:39:52.8751140Z Compiling 1 file (.erl)
desktop-promote	Generate the Hex and npm bills of materials from source	2026-09-13T19:39:52.9856680Z Compiling 42 files (.ex)
desktop-promote	Generate the Hex and npm bills of materials from source	2026-09-13T19:39:55.3266960Z Generated plug app
desktop-promote	Generate the Hex and npm bills of materials from source	2026-09-13T19:39:55.3368670Z warning: "xref: [exclude: ...]" in your mix.exs file is deprecated, instead use: "elixirc_options: [no_warn_undefined: ...]"
desktop-promote	Generate the Hex and npm bills of materials from source	2026-09-13T19:39:55.3369610Z   (mix 1.20.2) lib/mix/tasks/compile.elixir.ex:243: Mix.Tasks.Compile.Elixir.xref_exclude_opts/2
desktop-promote	Generate the Hex and npm bills of materials from source	2026-09-13T19:39:55.3370450Z   (mix 1.20.2) lib/mix/tasks/compile.elixir.ex:142: Mix.Tasks.Compile.Elixir.run/1
desktop-promote	Generate the Hex and npm bills of materials from source	2026-09-13T19:39:55.3371030Z   (mix 1.20.2) lib/mix/task.ex:502: anonymous fn/3 in Mix.Task.run_task/5
desktop-promote	Generate the Hex and npm bills of materials from source	2026-09-13T19:39:55.3371620Z   (mix 1.20.2) lib/mix/task.compiler.ex:299: Mix.Task.Compiler.run_compiler/2
desktop-promote	Generate the Hex and npm bills of materials from source	2026-09-13T19:39:55.3372130Z   (mix 1.20.2) lib/mix/task.compiler.ex:287: Mix.Task.Compiler.run/4
desktop-promote	Generate the Hex and npm bills of materials from source	2026-09-13T19:39:55.3372760Z   (mix 1.20.2) lib/mix/tasks/compile.all.ex:75: Mix.Tasks.Compile.All.do_run/2
desktop-promote	Generate the Hex and npm bills of materials from source	2026-09-13T19:39:55.3373090Z 
desktop-promote	Generate the Hex and npm bills of materials from source	2026-09-13T19:39:55.3488190Z ==> postgrex
desktop-promote	Generate the Hex and npm bills of materials from source	2026-09-13T19:39:55.3489670Z Compiling 70 files (.ex)
desktop-promote	Generate the Hex and npm bills of materials from source	2026-09-13T19:40:06.2746870Z Compiling lib/postgrex/default_types.ex (it's taking more than 10s)
desktop-promote	Generate the Hex and npm bills of materials from source	2026-09-13T19:40:06.3806240Z Generated postgrex app
desktop-promote	Generate the Hex and npm bills of materials from source	2026-09-13T19:40:06.4057880Z warning: "xref: [exclude: ...]" in your mix.exs file is deprecated, instead use: "elixirc_options: [no_warn_undefined: ...]"
desktop-promote	Generate the Hex and npm bills of materials from source	2026-09-13T19:40:06.4058860Z   (mix 1.20.2) lib/mix/tasks/compile.elixir.ex:243: Mix.Tasks.Compile.Elixir.xref_exclude_opts/2
desktop-promote	Generate the Hex and npm bills of materials from source	2026-09-13T19:40:06.4059520Z   (mix 1.20.2) lib/mix/tasks/compile.elixir.ex:142: Mix.Tasks.Compile.Elixir.run/1
desktop-promote	Generate the Hex and npm bills of materials from source	2026-09-13T19:40:06.4060050Z   (mix 1.20.2) lib/mix/task.ex:502: anonymous fn/3 in Mix.Task.run_task/5
desktop-promote	Generate the Hex and npm bills of materials from source	2026-09-13T19:40:06.4060600Z   (mix 1.20.2) lib/mix/task.compiler.ex:299: Mix.Task.Compiler.run_compiler/2
desktop-promote	Generate the Hex and npm bills of materials from source	2026-09-13T19:40:06.4061400Z   (mix 1.20.2) lib/mix/task.compiler.ex:287: Mix.Task.Compiler.run/4
desktop-promote	Generate the Hex and npm bills of materials from source	2026-09-13T19:40:06.4061930Z   (mix 1.20.2) lib/mix/tasks/compile.all.ex:75: Mix.Tasks.Compile.All.do_run/2
desktop-promote	Generate the Hex and npm bills of materials from source	2026-09-13T19:40:06.4062180Z 
desktop-promote	Generate the Hex and npm bills of materials from source	2026-09-13T19:40:06.4104840Z ==> phoenix_ecto
desktop-promote	Generate the Hex and npm bills of materials from source	2026-09-13T19:40:06.4105390Z Compiling 7 files (.ex)
desktop-promote	Generate the Hex and npm bills of materials from source	2026-09-13T19:40:06.5137360Z Generated phoenix_ecto app
desktop-promote	Generate the Hex and npm bills of materials from source	2026-09-13T19:40:06.5486340Z ==> ecto_sql
desktop-promote	Generate the Hex and npm bills of materials from source	2026-09-13T19:40:06.5487210Z Compiling 25 files (.ex)
desktop-promote	Generate the Hex and npm bills of materials from source	2026-09-13T19:40:07.8411290Z Generated ecto_sql app
desktop-promote	Generate the Hex and npm bills of materials from source	2026-09-13T19:40:07.8677390Z ==> hammer
desktop-promote	Generate the Hex and npm bills of materials from source	2026-09-13T19:40:07.8677770Z Compiling 13 files (.ex)
desktop-promote	Generate the Hex and npm bills of materials from source	2026-09-13T19:40:08.0121450Z Generated hammer app
desktop-promote	Generate the Hex and npm bills of materials from source	2026-09-13T19:40:08.3308600Z ==> keepling
desktop-promote	Generate the Hex and npm bills of materials from source	2026-09-13T19:40:08.3309610Z ===> Analyzing applications...
desktop-promote	Generate the Hex and npm bills of materials from source	2026-09-13T19:40:08.3837530Z ===> Compiling parse_trans
desktop-promote	Generate the Hex and npm bills of materials from source	2026-09-13T19:40:10.9061840Z ==> websock
desktop-promote	Generate the Hex and npm bills of materials from source	2026-09-13T19:40:10.9062750Z Compiling 1 file (.ex)
desktop-promote	Generate the Hex and npm bills of materials from source	2026-09-13T19:40:10.9213460Z Generated websock app
desktop-promote	Generate the Hex and npm bills of materials from source	2026-09-13T19:40:10.9471730Z ==> bandit
desktop-promote	Generate the Hex and npm bills of materials from source	2026-09-13T19:40:10.9472590Z Compiling 54 files (.ex)
desktop-promote	Generate the Hex and npm bills of materials from source	2026-09-13T19:40:12.0171150Z Generated bandit app
desktop-promote	Generate the Hex and npm bills of materials from source	2026-09-13T19:40:12.0311620Z ==> websock_adapter
desktop-promote	Generate the Hex and npm bills of materials from source	2026-09-13T19:40:12.0311970Z Compiling 4 files (.ex)
desktop-promote	Generate the Hex and npm bills of materials from source	2026-09-13T19:40:12.0560770Z Generated websock_adapter app
desktop-promote	Generate the Hex and npm bills of materials from source	2026-09-13T19:40:12.0930060Z ==> phoenix
desktop-promote	Generate the Hex and npm bills of materials from source	2026-09-13T19:40:12.0930400Z Compiling 74 files (.ex)
desktop-promote	Generate the Hex and npm bills of materials from source	2026-09-13T19:40:13.5925540Z Generated phoenix app
desktop-promote	Generate the Hex and npm bills of materials from source	2026-09-13T19:40:14.1271260Z ==> keepling
desktop-promote	Generate the Hex and npm bills of materials from source	2026-09-13T19:40:14.1271690Z ===> Analyzing applications...
desktop-promote	Generate the Hex and npm bills of materials from source	2026-09-13T19:40:14.2850010Z ===> Compiling quic
desktop-promote	Generate the Hex and npm bills of materials from source	2026-09-13T19:40:21.8983850Z ===> Analyzing applications...
desktop-promote	Generate the Hex and npm bills of materials from source	2026-09-13T19:40:22.5436800Z ===> Compiling webtransport
desktop-promote	Generate the Hex and npm bills of materials from source	2026-09-13T19:40:25.4110050Z ===> Analyzing applications...
desktop-promote	Generate the Hex and npm bills of materials from source	2026-09-13T19:40:25.5499420Z ===> Compiling hackney
desktop-promote	Generate the Hex and npm bills of materials from source	2026-09-13T19:40:29.0513170Z ==> tzdata
desktop-promote	Generate the Hex and npm bills of materials from source	2026-09-13T19:40:29.0519190Z Compiling 17 files (.ex)
desktop-promote	Generate the Hex and npm bills of materials from source	2026-09-13T19:40:29.4187860Z     warning: unused require Tzdata.Util
desktop-promote	Generate the Hex and npm bills of materials from source	2026-09-13T19:40:29.4199860Z     │
desktop-promote	Generate the Hex and npm bills of materials from source	2026-09-13T19:40:29.4200260Z   4 │   require Tzdata.Util
desktop-promote	Generate the Hex and npm bills of materials from source	2026-09-13T19:40:29.4200570Z     │   ~
desktop-promote	Generate the Hex and npm bills of materials from source	2026-09-13T19:40:29.4200770Z     │
desktop-promote	Generate the Hex and npm bills of materials from source	2026-09-13T19:40:29.4201230Z     └─ lib/tzdata/parser.ex:4:3
desktop-promote	Generate the Hex and npm bills of materials from source	2026-09-13T19:40:29.4201440Z 
desktop-promote	Generate the Hex and npm bills of materials from source	2026-09-13T19:40:29.4507130Z Generated tzdata app
desktop-promote	Generate the Hex and npm bills of materials from source	2026-09-13T19:40:29.9726840Z ==> keepling
desktop-promote	Generate the Hex and npm bills of materials from source	2026-09-13T19:40:29.9734710Z * creating /Users/runner/work/_temp/keepling-desktop-package/sbom/sbom-hex.cdx.json
desktop-promote	Generate the Hex and npm bills of materials from source	2026-09-13T19:40:30.0727810Z Generating npm SBOM from source (workspace root) -> /Users/runner/work/_temp/keepling-desktop-package/sbom/sbom-npm.cdx.json
desktop-promote	Generate the Hex and npm bills of materials from source	2026-09-13T19:40:30.3544240Z npm warn Unknown project config "node-linker". This will stop working in the next major version of npm.
desktop-promote	Generate the Hex and npm bills of materials from source	2026-09-13T19:40:35.6175960Z npm warn deprecated prebuild-install@7.1.3: No longer maintained. Please contact the author of the relevant native addon; alternatives are available.
desktop-promote	Generate the Hex and npm bills of materials from source	2026-09-13T19:40:36.0019570Z npm warn deprecated glob@10.5.0: Old versions of glob are not supported, and contain widely publicized security vulnerabilities, which have been fixed in the current version. Please update. Support for old versions may be purchased (at exorbitant rates) by contacting i@izs.me
desktop-promote	Generate the Hex and npm bills of materials from source	2026-09-13T19:40:38.9355850Z   Command failed: /Users/runner/hostedtoolcache/node/24.7.0/arm64/bin/node -- /Users/runner/hostedtoolcache/node/24.7.0/arm64/lib/node_modules/npm/bin/npm-cli.js ls --json --long --all
desktop-promote	Generate the Hex and npm bills of materials from source	2026-09-13T19:40:38.9360920Z   npm warn Unknown env config "node-linker". This will stop working in the next major version of npm.
desktop-promote	Generate the Hex and npm bills of materials from source	2026-09-13T19:40:38.9363460Z   npm warn Unknown project config "node-linker". This will stop working in the next major version of npm.
desktop-promote	Generate the Hex and npm bills of materials from source	2026-09-13T19:40:38.9365360Z   npm error code ELSPROBLEMS
desktop-promote	Generate the Hex and npm bills of materials from source	2026-09-13T19:40:38.9366060Z   npm error extraneous: @adobe/css-tools@4.5.0 /Users/runner/work/keepling/keepling/node_modules/@adobe/css-tools
desktop-promote	Generate the Hex and npm bills of materials from source	2026-09-13T19:40:38.9368090Z   npm error extraneous: @asamuzakjp/css-color@6.0.7 /Users/runner/work/keepling/keepling/node_modules/@asamuzakjp/css-color
desktop-promote	Generate the Hex and npm bills of materials from source	2026-09-13T19:40:38.9369510Z   npm error extraneous: @asamuzakjp/dom-selector@8.3.2 /Users/runner/work/keepling/keepling/node_modules/@asamuzakjp/dom-selector
desktop-promote	Generate the Hex and npm bills of materials from source	2026-09-13T19:40:38.9372430Z   npm error extraneous: @axe-core/playwright@4.13.0 /Users/runner/work/keepling/keepling/node_modules/@axe-core/playwright
desktop-promote	Generate the Hex and npm bills of materials from source	2026-09-13T19:40:38.9373890Z   npm error extraneous: @babel/compat-data@7.29.7 /Users/runner/work/keepling/keepling/node_modules/@babel/compat-data
desktop-promote	Generate the Hex and npm bills of materials from source	2026-09-13T19:40:38.9376790Z   npm error extraneous: @babel/core@7.29.7 /Users/runner/work/keepling/keepling/node_modules/@babel/core
desktop-promote	Generate the Hex and npm bills of materials from source	2026-09-13T19:40:38.9377790Z   npm error extraneous: @babel/generator@7.29.8 /Users/runner/work/keepling/keepling/node_modules/@babel/generator
desktop-promote	Generate the Hex and npm bills of materials from source	2026-09-13T19:40:38.9430100Z   npm error extraneous: @babel/helper-annotate-as-pure@7.29.7 /Users/runner/work/keepling/keepling/node_modules/@babel/helper-annotate-as-pure
desktop-promote	Generate the Hex and npm bills of materials from source	2026-09-13T19:40:38.9431430Z   npm error extraneous: @babel/helper-compilation-targets@7.29.7 /Users/runner/work/keepling/keepling/node_modules/@babel/helper-compilation-targets
desktop-promote	Generate the Hex and npm bills of materials from source	2026-09-13T19:40:38.9432740Z   npm error extraneous: @babel/helper-create-class-features-plugin@7.29.7 /Users/runner/work/keepling/keepling/node_modules/@babel/helper-create-class-features-plugin
desktop-promote	Generate the Hex and npm bills of materials from source	2026-09-13T19:40:38.9434470Z   npm error extraneous: @babel/helper-globals@7.29.7 /Users/runner/work/keepling/keepling/node_modules/@babel/helper-globals
desktop-promote	Generate the Hex and npm bills of materials from source	2026-09-13T19:40:38.9435720Z   npm error extraneous: @babel/helper-member-expression-to-functions@7.29.7 /Users/runner/work/keepling/keepling/node_modules/@babel/helper-member-expression-to-functions
desktop-promote	Generate the Hex and npm bills of materials from source	2026-09-13T19:40:38.9436950Z   npm error extraneous: @babel/helper-module-imports@7.29.7 /Users/runner/work/keepling/keepling/node_modules/@babel/helper-module-imports
desktop-promote	Generate the Hex and npm bills of materials from source	2026-09-13T19:40:38.9438080Z   npm error extraneous: @babel/helper-module-transforms@7.29.7 /Users/runner/work/keepling/keepling/node_modules/@babel/helper-module-transforms
desktop-promote	Generate the Hex and npm bills of materials from source	2026-09-13T19:40:38.9439560Z   npm error extraneous: @babel/helper-optimise-call-expression@7.29.7 /Users/runner/work/keepling/keepling/node_modules/@babel/helper-optimise-call-expression
desktop-promote	Generate the Hex and npm bills of materials from source	2026-09-13T19:40:38.9441820Z   npm error extraneous: @babel/helper-plugin-utils@7.29.7 /Users/runner/work/keepling/keepling/node_modules/@babel/helper-plugin-utils
desktop-promote	Generate the Hex and npm bills of materials from source	2026-09-13T19:40:38.9442880Z   npm error extraneous: @babel/helper-replace-supers@7.29.7 /Users/runner/work/keepling/keepling/node_modules/@babel/helper-replace-supers
desktop-promote	Generate the Hex and npm bills of materials from source	2026-09-13T19:40:38.9444890Z   npm error extraneous: @babel/helper-skip-transparent-expression-wrappers@7.29.7 /Users/runner/work/keepling/keepling/node_modules/@babel/helper-skip-transparent-expression-wrappers
desktop-promote	Generate the Hex and npm bills of materials from source	2026-09-13T19:40:38.9446540Z   npm error extraneous: @babel/helper-string-parser@7.29.7 /Users/runner/work/keepling/keepling/node_modules/@babel/helper-string-parser
desktop-promote	Generate the Hex and npm bills of materials from source	2026-09-13T19:40:38.9447610Z   npm error extraneous: @babel/helper-validator-option@7.29.7 /Users/runner/work/keepling/keepling/node_modules/@babel/helper-validator-option
desktop-promote	Generate the Hex and npm bills of materials from source	2026-09-13T19:40:38.9448630Z   npm error extraneous: @babel/helpers@7.29.7 /Users/runner/work/keepling/keepling/node_modules/@babel/helpers
desktop-promote	Generate the Hex and npm bills of materials from source	2026-09-13T19:40:38.9449520Z   npm error extraneous: @babel/parser@7.29.8 /Users/runner/work/keepling/keepling/node_modules/@babel/parser
desktop-promote	Generate the Hex and npm bills of materials from source	2026-09-13T19:40:38.9450450Z   npm error extraneous: @babel/plugin-syntax-jsx@7.29.7 /Users/runner/work/keepling/keepling/node_modules/@babel/plugin-syntax-jsx
desktop-promote	Generate the Hex and npm bills of materials from source	2026-09-13T19:40:38.9451470Z   npm error extraneous: @babel/plugin-syntax-typescript@7.29.7 /Users/runner/work/keepling/keepling/node_modules/@babel/plugin-syntax-typescript
desktop-promote	Generate the Hex and npm bills of materials from source	2026-09-13T19:40:38.9452630Z   npm error extraneous: @babel/plugin-transform-modules-commonjs@7.29.7 /Users/runner/work/keepling/keepling/node_modules/@babel/plugin-transform-modules-commonjs
desktop-promote	Generate the Hex and npm bills of materials from source	2026-09-13T19:40:38.9453810Z   npm error extraneous: @babel/plugin-transform-typescript@7.29.7 /Users/runner/work/keepling/keepling/node_modules/@babel/plugin-transform-typescript
desktop-promote	Generate the Hex and npm bills of materials from source	2026-09-13T19:40:38.9455380Z   npm error extraneous: @babel/preset-typescript@7.29.7 /Users/runner/work/keepling/keepling/node_modules/@babel/preset-typescript
desktop-promote	Generate the Hex and npm bills of materials from source	2026-09-13T19:40:38.9456300Z   npm error extraneous: @babel/runtime@7.29.7 /Users/runner/work/keepling/keepling/node_modules/@babel/runtime
desktop-promote	Generate the Hex and npm bills of materials from source	2026-09-13T19:40:38.9457150Z   npm error extraneous: @babel/template@7.29.7 /Users/runner/work/keepling/keepling/node_modules/@babel/template
desktop-promote	Generate the Hex and npm bills of materials from source	2026-09-13T19:40:38.9458010Z   npm error extraneous: @babel/traverse@7.29.8 /Users/runner/work/keepling/keepling/node_modules/@babel/traverse
desktop-promote	Generate the Hex and npm bills of materials from source	2026-09-13T19:40:38.9458850Z   npm error extraneous: @babel/types@7.29.8 /Users/runner/work/keepling/keepling/node_modules/@babel/types
desktop-promote	Generate the Hex and npm bills of materials from source	2026-09-13T19:40:38.9459650Z   npm error extraneous: @base-ui/react@1.7.0 /Users/runner/work/keepling/keepling/node_modules/@base-ui/react
desktop-promote	Generate the Hex and npm bills of materials from source	2026-09-13T19:40:38.9460570Z   npm error extraneous: @base-ui/utils@0.3.2 /Users/runner/work/keepling/keepling/node_modules/@base-ui/utils
desktop-promote	Generate the Hex and npm bills of materials from source	2026-09-13T19:40:38.9461450Z   npm error extraneous: @bramus/specificity@2.4.2 /Users/runner/work/keepling/keepling/node_modules/@bramus/specificity
desktop-promote	Generate the Hex and npm bills of materials from source	2026-09-13T19:40:38.9510010Z   npm error extraneous: @csstools/color-helpers@6.1.1 /Users/runner/work/keepling/keepling/node_modules/@csstools/color-helpers
desktop-promote	Generate the Hex and npm bills of materials from source	2026-09-13T19:40:38.9511110Z   npm error extraneous: @csstools/css-calc@3.3.0 /Users/runner/work/keepling/keepling/node_modules/@csstools/css-calc
desktop-promote	Generate the Hex and npm bills of materials from source	2026-09-13T19:40:38.9512130Z   npm error extraneous: @csstools/css-color-parser@4.2.2 /Users/runner/work/keepling/keepling/node_modules/@csstools/css-color-parser
desktop-promote	Generate the Hex and npm bills of materials from source	2026-09-13T19:40:38.9513350Z   npm error extraneous: @csstools/css-parser-algorithms@4.0.0 /Users/runner/work/keepling/keepling/node_modules/@csstools/css-parser-algorithms
desktop-promote	Generate the Hex and npm bills of materials from source	2026-09-13T19:40:38.9517650Z   npm error extraneous: @csstools/css-syntax-patches-for-csstree@1.1.12 /Users/runner/work/keepling/keepling/node_modules/@csstools/css-syntax-patches-for-csstree
desktop-promote	Generate the Hex and npm bills of materials from source	2026-09-13T19:40:38.9524150Z   npm error extraneous: @csstools/css-tokenizer@4.0.0 /Users/runner/work/keepling/keepling/node_modules/@csstools/css-tokenizer
desktop-promote	Generate the Hex and npm bills of materials from source	2026-09-13T19:40:38.9528790Z   npm error extraneous: @dotenvx/dotenvx@1.75.1 /Users/runner/work/keepling/keepling/node_modules/@dotenvx/dotenvx
desktop-promote	Generate the Hex and npm bills of materials from source	2026-09-13T19:40:38.9531030Z   npm error extraneous: @dotenvx/primitives@0.8.0 /Users/runner/work/keepling/keepling/node_modules/@dotenvx/primitives
desktop-promote	Generate the Hex and npm bills of materials from source	2026-09-13T19:40:38.9534700Z   npm error extraneous: @electron-forge/cli@7.11.2 /Users/runner/work/keepling/keepling/node_modules/@electron-forge/cli
desktop-promote	Generate the Hex and npm bills of materials from source	2026-09-13T19:40:38.9537220Z   npm error extraneous: @electron-forge/core-utils@7.11.2 /Users/runner/work/keepling/keepling/node_modules/@electron-forge/core-utils
desktop-promote	Generate the Hex and npm bills of materials from source	2026-09-13T19:40:38.9539770Z   npm error extraneous: @electron-forge/core@7.11.2 /Users/runner/work/keepling/keepling/node_modules/@electron-forge/core
desktop-promote	Generate the Hex and npm bills of materials from source	2026-09-13T19:40:38.9542140Z   npm error extraneous: @electron-forge/maker-base@7.11.2 /Users/runner/work/keepling/keepling/node_modules/@electron-forge/maker-base
desktop-promote	Generate the Hex and npm bills of materials from source	2026-09-13T19:40:38.9544910Z   npm error extraneous: @electron-forge/maker-zip@7.11.2 /Users/runner/work/keepling/keepling/node_modules/@electron-forge/maker-zip
desktop-promote	Generate the Hex and npm bills of materials from source	2026-09-13T19:40:38.9549050Z   npm error extraneous: @electron-forge/plugin-base@7.11.2 /Users/runner/work/keepling/keepling/node_modules/@electron-forge/plugin-base
desktop-promote	Generate the Hex and npm bills of materials from source	2026-09-13T19:40:38.9596110Z   npm error extraneous: @electron-forge/publisher-base@7.11.2 /Users/runner/work/keepling/keepling/node_modules/@electron-forge/publisher-base
desktop-promote	Generate the Hex and npm bills of materials from source	2026-09-13T19:40:38.9601080Z   npm error extraneous: @electron-forge/shared-types@7.11.2 /Users/runner/work/keepling/keepling/node_modules/@electron-forge/shared-types
desktop-promote	Generate the Hex and npm bills of materials from source	2026-09-13T19:40:38.9604550Z   npm error extraneous: @electron-forge/template-base@7.11.2 /Users/runner/work/keepling/keepling/node_modules/@electron-forge/template-base
desktop-promote	Generate the Hex and npm bills of materials from source	2026-09-13T19:40:38.9607990Z   npm error extraneous: @electron-forge/template-vite-typescript@7.11.2 /Users/runner/work/keepling/keepling/node_modules/@electron-forge/template-vite-typescript
desktop-promote	Generate the Hex and npm bills of materials from source	2026-09-13T19:40:38.9610580Z   npm error extraneous: @electron-forge/template-vite@7.11.2 /Users/runner/work/keepling/keepling/node_modules/@electron-forge/template-vite
desktop-promote	Generate the Hex and npm bills of materials from source	2026-09-13T19:40:38.9611900Z   npm error extraneous: @electron-forge/template-webpack-typescript@7.11.2 /Users/runner/work/keepling/keepling/node_modules/@electron-forge/template-webpack-typescript
desktop-promote	Generate the Hex and npm bills of materials from source	2026-09-13T19:40:38.9613200Z   npm error extraneous: @electron-forge/template-webpack@7.11.2 /Users/runner/work/keepling/keepling/node_modules/@electron-forge/template-webpack
desktop-promote	Generate the Hex and npm bills of materials from source	2026-09-13T19:40:38.9614790Z   npm error extraneous: @electron-forge/tracer@7.11.2 /Users/runner/work/keepling/keepling/node_modules/@electron-forge/tracer
desktop-promote	Generate the Hex and npm bills of materials from source	2026-09-13T19:40:38.9615830Z   npm error extraneous: @electron-internal/extract-zip@1.0.5 /Users/runner/work/keepling/keepling/node_modules/@electron-internal/extract-zip
desktop-promote	Generate the Hex and npm bills of materials from source	2026-09-13T19:40:38.9616910Z   npm error extraneous: @electron/asar@3.4.1 /Users/runner/work/keepling/keepling/node_modules/@electron/asar
desktop-promote	Generate the Hex and npm bills of materials from source	2026-09-13T19:40:38.9618160Z   npm error extraneous: @electron/get@3.1.0 /Users/runner/work/keepling/keepling/node_modules/@electron/get
desktop-promote	Generate the Hex and npm bills of materials from source	2026-09-13T19:40:38.9619150Z   npm error extraneous: @electron/node-gyp@10.2.0-electron.1 /Users/runner/work/keepling/keepling/node_modules/@electron/node-gyp
desktop-promote	Generate the Hex and npm bills of materials from source	2026-09-13T19:40:38.9620790Z   npm error extraneous: @electron/notarize@2.5.0 /Users/runner/work/keepling/keepling/node_modules/@electron/notarize
desktop-promote	Generate the Hex and npm bills of materials from source	2026-09-13T19:40:38.9621740Z   npm error extraneous: @electron/osx-sign@1.3.3 /Users/runner/work/keepling/keepling/node_modules/@electron/osx-sign
desktop-promote	Generate the Hex and npm bills of materials from source	2026-09-13T19:40:38.9622690Z   npm error extraneous: @electron/packager@18.4.4 /Users/runner/work/keepling/keepling/node_modules/@electron/packager
desktop-promote	Generate the Hex and npm bills of materials from source	2026-09-13T19:40:38.9623620Z   npm error extraneous: @electron/rebuild@3.7.2 /Users/runner/work/keepling/keepling/node_modules/@electron/rebuild
desktop-promote	Generate the Hex and npm bills of materials from source	2026-09-13T19:40:38.9624540Z   npm error extraneous: @electron/universal@2.0.3 /Users/runner/work/keepling/keepling/node_modules/@electron/universal
desktop-promote	Generate the Hex and npm bills of materials from source	2026-09-13T19:40:38.9625470Z   npm error extraneous: @electron/windows-sign@1.2.2 /Users/runner/work/keepling/keepling/node_modules/@electron/windows-sign
desktop-promote	Generate the Hex and npm bills of materials from source	2026-09-13T19:40:38.9627050Z   npm error extraneous: @eslint-community/eslint-utils@4.10.1 /Users/runner/work/keepling/keepling/node_modules/@eslint-community/eslint-utils
desktop-promote	Generate the Hex and npm bills of materials from source	2026-09-13T19:40:38.9628030Z   npm error extraneous: @eslint-community/regexpp@4.12.2 /Users/runner/work/keepling/keepling/node_modules/@eslint-community/regexpp
desktop-promote	Generate the Hex and npm bills of materials from source	2026-09-13T19:40:38.9629240Z   npm error extraneous: @eslint/config-array@0.23.5 /Users/runner/work/keepling/keepling/node_modules/@eslint/config-array
desktop-promote	Generate the Hex and npm bills of materials from source	2026-09-13T19:40:38.9631160Z   npm error extraneous: @eslint/config-helpers@0.7.0 /Users/runner/work/keepling/keepling/node_modules/@eslint/config-helpers
desktop-promote	Generate the Hex and npm bills of materials from source	2026-09-13T19:40:38.9632140Z   npm error extraneous: @eslint/core@1.2.1 /Users/runner/work/keepling/keepling/node_modules/@eslint/core
desktop-promote	Generate the Hex and npm bills of materials from source	2026-09-13T19:40:38.9633000Z   npm error extraneous: @eslint/js@10.0.1 /Users/runner/work/keepling/keepling/node_modules/@eslint/js
desktop-promote	Generate the Hex and npm bills of materials from source	2026-09-13T19:40:38.9633900Z   npm error extraneous: @eslint/object-schema@3.0.5 /Users/runner/work/keepling/keepling/node_modules/@eslint/object-schema
desktop-promote	Generate the Hex and npm bills of materials from source	2026-09-13T19:40:38.9634860Z   npm error extraneous: @eslint/plugin-kit@0.7.2 /Users/runner/work/keepling/keepling/node_modules/@eslint/plugin-kit
desktop-promote	Generate the Hex and npm bills of materials from source	2026-09-13T19:40:38.9635790Z   npm error extraneous: @exodus/bytes@1.15.1 /Users/runner/work/keepling/keepling/node_modules/@exodus/bytes
desktop-promote	Generate the Hex and npm bills of materials from source	2026-09-13T19:40:38.9637060Z   npm error extraneous: @floating-ui/core@1.8.0 /Users/runner/work/keepling/keepling/node_modules/@floating-ui/core
desktop-promote	Generate the Hex and npm bills of materials from source	2026-09-13T19:40:38.9638150Z   npm error extraneous: @floating-ui/dom@1.8.0 /Users/runner/work/keepling/keepling/node_modules/@floating-ui/dom
desktop-promote	Generate the Hex and npm bills of materials from source	2026-09-13T19:40:38.9639100Z   npm error extraneous: @floating-ui/react-dom@2.1.9 /Users/runner/work/keepling/keepling/node_modules/@floating-ui/react-dom
desktop-promote	Generate the Hex and npm bills of materials from source	2026-09-13T19:40:38.9640540Z   npm error extraneous: @floating-ui/utils@0.2.12 /Users/runner/work/keepling/keepling/node_modules/@floating-ui/utils
desktop-promote	Generate the Hex and npm bills of materials from source	2026-09-13T19:40:38.9645300Z   npm error extraneous: @gar/promisify@1.1.3 /Users/runner/work/keepling/keepling/node_modules/@gar/promisify
desktop-promote	Generate the Hex and npm bills of materials from source	2026-09-13T19:40:38.9647760Z   npm error extraneous: @hono/node-server@2.1.1 /Users/runner/work/keepling/keepling/node_modules/@hono/node-server
desktop-promote	Generate the Hex and npm bills of materials from source	2026-09-13T19:40:38.9650060Z   npm error extraneous: @humanfs/core@0.19.2 /Users/runner/work/keepling/keepling/node_modules/@humanfs/core
desktop-promote	Generate the Hex and npm bills of materials from source	2026-09-13T19:40:38.9653040Z   npm error extraneous: @humanfs/node@0.16.8 /Users/runner/work/keepling/keepling/node_modules/@humanfs/node
desktop-promote	Generate the Hex and npm bills of materials from source	2026-09-13T19:40:38.9655480Z   npm error extraneous: @humanfs/types@0.15.0 /Users/runner/work/keepling/keepling/node_modules/@humanfs/types
desktop-promote	Generate the Hex and npm bills of materials from source	2026-09-13T19:40:38.9660400Z   npm error extraneous: @humanwhocodes/module-importer@1.0.1 /Users/runner/work/keepling/keepling/node_modules/@humanwhocodes/module-importer
desktop-promote	Generate the Hex and npm bills of materials from source	2026-09-13T19:40:38.9747730Z   npm error extraneous: @humanwhocodes/retry@0.4.3 /Users/runner/work/keepling/keepling/node_modules/@humanwhocodes/retry
desktop-promote	Generate the Hex and npm bills of materials from source	2026-09-13T19:40:38.9819270Z   npm error extraneous: @inquirer/checkbox@3.0.1 /Users/runner/work/keepling/keepling/node_modules/@inquirer/checkbox
desktop-promote	Generate the Hex and npm bills of materials from source	2026-09-13T19:40:38.9820990Z   npm error extraneous: @inquirer/confirm@4.0.1 /Users/runner/work/keepling/keepling/node_modules/@inquirer/confirm
desktop-promote	Generate the Hex and npm bills of materials from source	2026-09-13T19:40:38.9821950Z   npm error extraneous: @inquirer/core@9.2.1 /Users/runner/work/keepling/keepling/node_modules/@inquirer/core
desktop-promote	Generate the Hex and npm bills of materials from source	2026-09-13T19:40:38.9824740Z   npm error extraneous: @inquirer/editor@3.0.1 /Users/runner/work/keepling/keepling/node_modules/@inquirer/editor
desktop-promote	Generate the Hex and npm bills of materials from source	2026-09-13T19:40:38.9825740Z   npm error extraneous: @inquirer/expand@3.0.1 /Users/runner/work/keepling/keepling/node_modules/@inquirer/expand
desktop-promote	Generate the Hex and npm bills of materials from source	2026-09-13T19:40:38.9826670Z   npm error extraneous: @inquirer/figures@1.0.15 /Users/runner/work/keepling/keepling/node_modules/@inquirer/figures
desktop-promote	Generate the Hex and npm bills of materials from source	2026-09-13T19:40:38.9827790Z   npm error extraneous: @inquirer/input@3.0.1 /Users/runner/work/keepling/keepling/node_modules/@inquirer/input
desktop-promote	Generate the Hex and npm bills of materials from source	2026-09-13T19:40:38.9828750Z   npm error extraneous: @inquirer/number@2.0.1 /Users/runner/work/keepling/keepling/node_modules/@inquirer/number
desktop-promote	Generate the Hex and npm bills of materials from source	2026-09-13T19:40:38.9830240Z   npm error extraneous: @inquirer/password@3.0.1 /Users/runner/work/keepling/keepling/node_modules/@inquirer/password
desktop-promote	Generate the Hex and npm bills of materials from source	2026-09-13T19:40:38.9831680Z   npm error extraneous: @inquirer/prompts@6.0.1 /Users/runner/work/keepling/keepling/node_modules/@inquirer/prompts
desktop-promote	Generate the Hex and npm bills of materials from source	2026-09-13T19:40:38.9834290Z   npm error extraneous: @inquirer/rawlist@3.0.1 /Users/runner/work/keepling/keepling/node_modules/@inquirer/rawlist
desktop-promote	Generate the Hex and npm bills of materials from source	2026-09-13T19:40:38.9835300Z   npm error extraneous: @inquirer/search@2.0.1 /Users/runner/work/keepling/keepling/node_modules/@inquirer/search
desktop-promote	Generate the Hex and npm bills of materials from source	2026-09-13T19:40:38.9836150Z   npm error extraneous: @inquirer/select@3.0.1 /Users/runner/work/keepling/keepling/node_modules/@inquirer/select
desktop-promote	Generate the Hex and npm bills of materials from source	2026-09-13T19:40:38.9837140Z   npm error extraneous: @inquirer/type@2.0.0 /Users/runner/work/keepling/keepling/node_modules/@inquirer/type
desktop-promote	Generate the Hex and npm bills of materials from source	2026-09-13T19:40:38.9838140Z   npm error extraneous: @jridgewell/gen-mapping@0.3.13 /Users/runner/work/keepling/keepling/node_modules/@jridgewell/gen-mapping
desktop-promote	Generate the Hex and npm bills of materials from source	2026-09-13T19:40:38.9839240Z   npm error extraneous: @jridgewell/remapping@2.3.5 /Users/runner/work/keepling/keepling/node_modules/@jridgewell/remapping
desktop-promote	Generate the Hex and npm bills of materials from source	2026-09-13T19:40:38.9840180Z   npm error extraneous: @jridgewell/resolve-uri@3.1.2 /Users/runner/work/keepling/keepling/node_modules/@jridgewell/resolve-uri
desktop-promote	Generate the Hex and npm bills of materials from source	2026-09-13T19:40:38.9841170Z   npm error extraneous: @jridgewell/source-map@0.3.11 /Users/runner/work/keepling/keepling/node_modules/@jridgewell/source-map
desktop-promote	Generate the Hex and npm bills of materials from source	2026-09-13T19:40:38.9842240Z   npm error extraneous: @jridgewell/sourcemap-codec@1.6.0 /Users/runner/work/keepling/keepling/node_modules/@jridgewell/sourcemap-codec
desktop-promote	Generate the Hex and npm bills of materials from source	2026-09-13T19:40:38.9843370Z   npm error extraneous: @jridgewell/trace-mapping@0.3.31 /Users/runner/work/keepling/keepling/node_modules/@jridgewell/trace-mapping
desktop-promote	Generate the Hex and npm bills of materials from source	2026-09-13T19:40:38.9844490Z   npm error extraneous: @listr2/prompt-adapter-inquirer@2.0.22 /Users/runner/work/keepling/keepling/node_modules/@listr2/prompt-adapter-inquirer
desktop-promote	Generate the Hex and npm bills of materials from source	2026-09-13T19:40:38.9845930Z   npm error extraneous: @malept/cross-spawn-promise@2.0.0 /Users/runner/work/keepling/keepling/node_modules/@malept/cross-spawn-promise
desktop-promote	Generate the Hex and npm bills of materials from source	2026-09-13T19:40:38.9847020Z   npm error extraneous: @modelcontextprotocol/sdk@1.30.0 /Users/runner/work/keepling/keepling/node_modules/@modelcontextprotocol/sdk
desktop-promote	Generate the Hex and npm bills of materials from source	2026-09-13T19:40:38.9848010Z   npm error extraneous: @nodelib/fs.scandir@2.1.5 /Users/runner/work/keepling/keepling/node_modules/@nodelib/fs.scandir
desktop-promote	Generate the Hex and npm bills of materials from source	2026-09-13T19:40:38.9848920Z   npm error extraneous: @nodelib/fs.stat@2.0.5 /Users/runner/work/keepling/keepling/node_modules/@nodelib/fs.stat
desktop-promote	Generate the Hex and npm bills of materials from source	2026-09-13T19:40:38.9849870Z   npm error extraneous: @nodelib/fs.walk@1.2.8 /Users/runner/work/keepling/keepling/node_modules/@nodelib/fs.walk
desktop-promote	Generate the Hex and npm bills of materials from source	2026-09-13T19:40:38.9850850Z   npm error extraneous: @npmcli/fs@2.1.2 /Users/runner/work/keepling/keepling/node_modules/@npmcli/fs
desktop-promote	Generate the Hex and npm bills of materials from source	2026-09-13T19:40:38.9851780Z   npm error extraneous: @npmcli/move-file@2.0.1 /Users/runner/work/keepling/keepling/node_modules/@npmcli/move-file
desktop-promote	Generate the Hex and npm bills of materials from source	2026-09-13T19:40:38.9852710Z   npm error extraneous: @oxc-project/types@0.147.0 /Users/runner/work/keepling/keepling/node_modules/@oxc-project/types
desktop-promote	Generate the Hex and npm bills of materials from source	2026-09-13T19:40:38.9853610Z   npm error extraneous: @playwright/test@1.62.1 /Users/runner/work/keepling/keepling/node_modules/@playwright/test
desktop-promote	Generate the Hex and npm bills of materials from source	2026-09-13T19:40:38.9854600Z   npm error extraneous: @rolldown/binding-darwin-arm64@1.2.6 /Users/runner/work/keepling/keepling/node_modules/@rolldown/binding-darwin-arm64
desktop-promote	Generate the Hex and npm bills of materials from source	2026-09-13T19:40:38.9855670Z   npm error extraneous: @rolldown/pluginutils@1.0.1 /Users/runner/work/keepling/keepling/node_modules/@rolldown/pluginutils
desktop-promote	Generate the Hex and npm bills of materials from source	2026-09-13T19:40:38.9856720Z   npm error extraneous: @sec-ant/readable-stream@0.4.1 /Users/runner/work/keepling/keepling/node_modules/@sec-ant/readable-stream
desktop-promote	Generate the Hex and npm bills of materials from source	2026-09-13T19:40:38.9857780Z   npm error extraneous: @sindresorhus/is@4.6.0 /Users/runner/work/keepling/keepling/node_modules/@sindresorhus/is
desktop-promote	Generate the Hex and npm bills of materials from source	2026-09-13T19:40:38.9859210Z   npm error extraneous: @sindresorhus/merge-streams@4.0.0 /Users/runner/work/keepling/keepling/node_modules/@sindresorhus/merge-streams
desktop-promote	Generate the Hex and npm bills of materials from source	2026-09-13T19:40:38.9862230Z   npm error extraneous: @standard-schema/spec@1.1.0 /Users/runner/work/keepling/keepling/node_modules/@standard-schema/spec
desktop-promote	Generate the Hex and npm bills of materials from source	2026-09-13T19:40:38.9863320Z   npm error extraneous: @szmarczak/http-timer@4.0.6 /Users/runner/work/keepling/keepling/node_modules/@szmarczak/http-timer
desktop-promote	Generate the Hex and npm bills of materials from source	2026-09-13T19:40:38.9864550Z   npm error extraneous: @tailwindcss/node@4.3.3 /Users/runner/work/keepling/keepling/node_modules/@tailwindcss/node
desktop-promote	Generate the Hex and npm bills of materials from source	2026-09-13T19:40:38.9865500Z   npm error extraneous: @tailwindcss/oxide-darwin-arm64@4.3.3 /Users/runner/work/keepling/keepling/node_modules/@tailwindcss/oxide-darwin-arm64
desktop-promote	Generate the Hex and npm bills of materials from source	2026-09-13T19:40:38.9866520Z   npm error extraneous: @tailwindcss/oxide@4.3.3 /Users/runner/work/keepling/keepling/node_modules/@tailwindcss/oxide
desktop-promote	Generate the Hex and npm bills of materials from source	2026-09-13T19:40:38.9867430Z   npm error extraneous: @tailwindcss/vite@4.3.3 /Users/runner/work/keepling/keepling/node_modules/@tailwindcss/vite
desktop-promote	Generate the Hex and npm bills of materials from source	2026-09-13T19:40:38.9868600Z   npm error extraneous: @testing-library/dom@10.4.1 /Users/runner/work/keepling/keepling/node_modules/@testing-library/dom
desktop-promote	Generate the Hex and npm bills of materials from source	2026-09-13T19:40:38.9869700Z   npm error extraneous: @testing-library/jest-dom@7.0.1 /Users/runner/work/keepling/keepling/node_modules/@testing-library/jest-dom
desktop-promote	Generate the Hex and npm bills of materials from source	2026-09-13T19:40:38.9870810Z   npm error extraneous: @testing-library/react@16.3.3 /Users/runner/work/keepling/keepling/node_modules/@testing-library/react
desktop-promote	Generate the Hex and npm bills of materials from source	2026-09-13T19:40:38.9871830Z   npm error extraneous: @testing-library/user-event@14.6.6 /Users/runner/work/keepling/keepling/node_modules/@testing-library/user-event
desktop-promote	Generate the Hex and npm bills of materials from source	2026-09-13T19:40:38.9872730Z   npm error extraneous: @tootallnate/once@2.0.1 /Users/runner/work/keepling/keepling/node_modules/@tootallnate/once
desktop-promote	Generate the Hex and npm bills of materials from source	2026-09-13T19:40:38.9873660Z   npm error extraneous: @ts-morph/common@0.27.0 /Users/runner/work/keepling/keepling/node_modules/@ts-morph/common
desktop-promote	Generate the Hex and npm bills of materials from source	2026-09-13T19:40:38.9874570Z   npm error extraneous: @types/aria-query@5.0.4 /Users/runner/work/keepling/keepling/node_modules/@types/aria-query
desktop-promote	Generate the Hex and npm bills of materials from source	2026-09-13T19:40:38.9875550Z   npm error extraneous: @types/cacheable-request@6.0.3 /Users/runner/work/keepling/keepling/node_modules/@types/cacheable-request
desktop-promote	Generate the Hex and npm bills of materials from source	2026-09-13T19:40:38.9876470Z   npm error extraneous: @types/chai@5.2.3 /Users/runner/work/keepling/keepling/node_modules/@types/chai
desktop-promote	Generate the Hex and npm bills of materials from source	2026-09-13T19:40:38.9877310Z   npm error extraneous: @types/deep-eql@4.0.2 /Users/runner/work/keepling/keepling/node_modules/@types/deep-eql
desktop-promote	Generate the Hex and npm bills of materials from source	2026-09-13T19:40:38.9878120Z   npm error extraneous: @types/esrecurse@4.3.1 /Users/runner/work/keepling/keepling/node_modules/@types/esrecurse
desktop-promote	Generate the Hex and npm bills of materials from source	2026-09-13T19:40:38.9879000Z   npm error extraneous: @types/estree@1.0.9 /Users/runner/work/keepling/keepling/node_modules/@types/estree
desktop-promote	Generate the Hex and npm bills of materials from source	2026-09-13T19:40:38.9879960Z   npm error extraneous: @types/http-cache-semantics@4.2.0 /Users/runner/work/keepling/keepling/node_modules/@types/http-cache-semantics
desktop-promote	Generate the Hex and npm bills of materials from source	2026-09-13T19:40:38.9881040Z   npm error extraneous: @types/json-schema@7.0.15 /Users/runner/work/keepling/keepling/node_modules/@types/json-schema
desktop-promote	Generate the Hex and npm bills of materials from source	2026-09-13T19:40:38.9882490Z   npm error extraneous: @types/keyv@3.1.4 /Users/runner/work/keepling/keepling/node_modules/@types/keyv
desktop-promote	Generate the Hex and npm bills of materials from source	2026-09-13T19:40:38.9883420Z   npm error extraneous: @types/mute-stream@0.0.4 /Users/runner/work/keepling/keepling/node_modules/@types/mute-stream
desktop-promote	Generate the Hex and npm bills of materials from source	2026-09-13T19:40:38.9884300Z   npm error extraneous: @types/node@24.13.3 /Users/runner/work/keepling/keepling/node_modules/@types/node
desktop-promote	Generate the Hex and npm bills of materials from source	2026-09-13T19:40:38.9885040Z   npm error extraneous: @types/react-dom@19.2.5 /Users/runner/work/keepling/keepling/node_modules/@types/react-dom
desktop-promote	Generate the Hex and npm bills of materials from source	2026-09-13T19:40:38.9885840Z   npm error extraneous: @types/react@19.2.18 /Users/runner/work/keepling/keepling/node_modules/@types/react
desktop-promote	Generate the Hex and npm bills of materials from source	2026-09-13T19:40:38.9886980Z   npm error extraneous: @types/responselike@1.0.3 /Users/runner/work/keepling/keepling/node_modules/@types/responselike
desktop-promote	Generate the Hex and npm bills of materials from source	2026-09-13T19:40:38.9887950Z   npm error extraneous: @types/validate-npm-package-name@4.0.2 /Users/runner/work/keepling/keepling/node_modules/@types/validate-npm-package-name
desktop-promote	Generate the Hex and npm bills of materials from source	2026-09-13T19:40:38.9889190Z   npm error extraneous: @types/wrap-ansi@3.0.0 /Users/runner/work/keepling/keepling/node_modules/@types/wrap-ansi
desktop-promote	Generate the Hex and npm bills of materials from source	2026-09-13T19:40:38.9889960Z   npm error extraneous: @types/yauzl@2.10.3 /Users/runner/work/keepling/keepling/node_modules/@types/yauzl
desktop-promote	Generate the Hex and npm bills of materials from source	2026-09-13T19:40:38.9891050Z   npm error extraneous: @typescript-eslint/eslint-plugin@8.69.0 /Users/runner/work/keepling/keepling/node_modules/@typescript-eslint/eslint-plugin
desktop-promote	Generate the Hex and npm bills of materials from source	2026-09-13T19:40:38.9892070Z   npm error extraneous: @typescript-eslint/parser@8.69.0 /Users/runner/work/keepling/keepling/node_modules/@typescript-eslint/parser
desktop-promote	Generate the Hex and npm bills of materials from source	2026-09-13T19:40:38.9893010Z   npm error extraneous: @typescript-eslint/project-service@8.69.0 /Users/runner/work/keepling/keepling/node_modules/@typescript-eslint/project-service
desktop-promote	Generate the Hex and npm bills of materials from source	2026-09-13T19:40:38.9894070Z   npm error extraneous: @typescript-eslint/scope-manager@8.69.0 /Users/runner/work/keepling/keepling/node_modules/@typescript-eslint/scope-manager
desktop-promote	Generate the Hex and npm bills of materials from source	2026-09-13T19:40:38.9895120Z   npm error extraneous: @typescript-eslint/tsconfig-utils@8.69.0 /Users/runner/work/keepling/keepling/node_modules/@typescript-eslint/tsconfig-utils
desktop-promote	Generate the Hex and npm bills of materials from source	2026-09-13T19:40:38.9896170Z   npm error extraneous: @typescript-eslint/type-utils@8.69.0 /Users/runner/work/keepling/keepling/node_modules/@typescript-eslint/type-utils
desktop-promote	Generate the Hex and npm bills of materials from source	2026-09-13T19:40:38.9897060Z   npm error extraneous: @typescript-eslint/types@8.69.0 /Users/runner/work/keepling/keepling/node_modules/@typescript-eslint/types
desktop-promote	Generate the Hex and npm bills of materials from source	2026-09-13T19:40:38.9898120Z   npm error extraneous: @typescript-eslint/typescript-estree@8.69.0 /Users/runner/work/keepling/keepling/node_modules/@typescript-eslint/typescript-estree
desktop-promote	Generate the Hex and npm bills of materials from source	2026-09-13T19:40:38.9901000Z   npm error extraneous: @typescript-eslint/utils@8.69.0 /Users/runner/work/keepling/keepling/node_modules/@typescript-eslint/utils
desktop-promote	Generate the Hex and npm bills of materials from source	2026-09-13T19:40:38.9903720Z   npm error extraneous: @typescript-eslint/visitor-keys@8.69.0 /Users/runner/work/keepling/keepling/node_modules/@typescript-eslint/visitor-keys
desktop-promote	Generate the Hex and npm bills of materials from source	2026-09-13T19:40:38.9906140Z   npm error extraneous: @vitejs/plugin-react@6.1.1 /Users/runner/work/keepling/keepling/node_modules/@vitejs/plugin-react
desktop-promote	Generate the Hex and npm bills of materials from source	2026-09-13T19:40:38.9908270Z   npm error extraneous: @vitest/expect@4.1.11 /Users/runner/work/keepling/keepling/node_modules/@vitest/expect
desktop-promote	Generate the Hex and npm bills of materials from source	2026-09-13T19:40:38.9909120Z   npm error extraneous: @vitest/mocker@4.1.11 /Users/runner/work/keepling/keepling/node_modules/@vitest/mocker
desktop-promote	Generate the Hex and npm bills of materials from source	2026-09-13T19:40:38.9910030Z   npm error extraneous: @vitest/pretty-format@4.1.11 /Users/runner/work/keepling/keepling/node_modules/@vitest/pretty-format
desktop-promote	Generate the Hex and npm bills of materials from source	2026-09-13T19:40:38.9910970Z   npm error extraneous: @vitest/runner@4.1.11 /Users/runner/work/keepling/keepling/node_modules/@vitest/runner
desktop-promote	Generate the Hex and npm bills of materials from source	2026-09-13T19:40:38.9911810Z   npm error extraneous: @vitest/snapshot@4.1.11 /Users/runner/work/keepling/keepling/node_modules/@vitest/snapshot
desktop-promote	Generate the Hex and npm bills of materials from source	2026-09-13T19:40:38.9912700Z   npm error extraneous: @vitest/spy@4.1.11 /Users/runner/work/keepling/keepling/node_modules/@vitest/spy
desktop-promote	Generate the Hex and npm bills of materials from source	2026-09-13T19:40:38.9913550Z   npm error extraneous: @vitest/utils@4.1.11 /Users/runner/work/keepling/keepling/node_modules/@vitest/utils
desktop-promote	Generate the Hex and npm bills of materials from source	2026-09-13T19:40:38.9914470Z   npm error extraneous: @vscode/sudo-prompt@9.3.2 /Users/runner/work/keepling/keepling/node_modules/@vscode/sudo-prompt
desktop-promote	Generate the Hex and npm bills of materials from source	2026-09-13T19:40:38.9915410Z   npm error extraneous: @webassemblyjs/ast@1.14.1 /Users/runner/work/keepling/keepling/node_modules/@webassemblyjs/ast
desktop-promote	Generate the Hex and npm bills of materials from source	2026-09-13T19:40:38.9916570Z   npm error extraneous: @webassemblyjs/floating-point-hex-parser@1.13.2 /Users/runner/work/keepling/keepling/node_modules/@webassemblyjs/floating-point-hex-parser
desktop-promote	Generate the Hex and npm bills of materials from source	2026-09-13T19:40:38.9917830Z   npm error extraneous: @webassemblyjs/helper-api-error@1.13.2 /Users/runner/work/keepling/keepling/node_modules/@webassemblyjs/helper-api-error
desktop-promote	Generate the Hex and npm bills of materials from source	2026-09-13T19:40:38.9918910Z   npm error extraneous: @webassemblyjs/helper-buffer@1.14.1 /Users/runner/work/keepling/keepling/node_modules/@webassemblyjs/helper-buffer
desktop-promote	Generate the Hex and npm bills of materials from source	2026-09-13T19:40:38.9919980Z   npm error extraneous: @webassemblyjs/helper-numbers@1.13.2 /Users/runner/work/keepling/keepling/node_modules/@webassemblyjs/helper-numbers
desktop-promote	Generate the Hex and npm bills of materials from source	2026-09-13T19:40:38.9921850Z   npm error extraneous: @webassemblyjs/helper-wasm-bytecode@1.13.2 /Users/runner/work/keepling/keepling/node_modules/@webassemblyjs/helper-wasm-bytecode
desktop-promote	Generate the Hex and npm bills of materials from source	2026-09-13T19:40:38.9923150Z   npm error extraneous: @webassemblyjs/helper-wasm-section@1.14.1 /Users/runner/work/keepling/keepling/node_modules/@webassemblyjs/helper-wasm-section
desktop-promote	Generate the Hex and npm bills of materials from source	2026-09-13T19:40:38.9924310Z   npm error extraneous: @webassemblyjs/ieee754@1.13.2 /Users/runner/work/keepling/keepling/node_modules/@webassemblyjs/ieee754
desktop-promote	Generate the Hex and npm bills of materials from source	2026-09-13T19:40:38.9925170Z   npm error extraneous: @webassemblyjs/leb128@1.13.2 /Users/runner/work/keepling/keepling/node_modules/@webassemblyjs/leb128
desktop-promote	Generate the Hex and npm bills of materials from source	2026-09-13T19:40:38.9925970Z   npm error extraneous: @webassemblyjs/utf8@1.13.2 /Users/runner/work/keepling/keepling/node_modules/@webassemblyjs/utf8
desktop-promote	Generate the Hex and npm bills of materials from source	2026-09-13T19:40:38.9926880Z   npm error extraneous: @webassemblyjs/wasm-edit@1.14.1 /Users/runner/work/keepling/keepling/node_modules/@webassemblyjs/wasm-edit
desktop-promote	Generate the Hex and npm bills of materials from source	2026-09-13T19:40:38.9927760Z   npm error extraneous: @webassemblyjs/wasm-gen@1.14.1 /Users/runner/work/keepling/keepling/node_modules/@webassemblyjs/wasm-gen
desktop-promote	Generate the Hex and npm bills of materials from source	2026-09-13T19:40:38.9928620Z   npm error extraneous: @webassemblyjs/wasm-opt@1.14.1 /Users/runner/work/keepling/keepling/node_modules/@webassemblyjs/wasm-opt
desktop-promote	Generate the Hex and npm bills of materials from source	2026-09-13T19:40:38.9929870Z   npm error extraneous: @webassemblyjs/wasm-parser@1.14.1 /Users/runner/work/keepling/keepling/node_modules/@webassemblyjs/wasm-parser
desktop-promote	Generate the Hex and npm bills of materials from source	2026-09-13T19:40:38.9930850Z   npm error extraneous: @webassemblyjs/wast-printer@1.14.1 /Users/runner/work/keepling/keepling/node_modules/@webassemblyjs/wast-printer
desktop-promote	Generate the Hex and npm bills of materials from source	2026-09-13T19:40:38.9931730Z   npm error extraneous: @xmldom/xmldom@0.9.12 /Users/runner/work/keepling/keepling/node_modules/@xmldom/xmldom
desktop-promote	Generate the Hex and npm bills of materials from source	2026-09-13T19:40:38.9932450Z   npm error extraneous: @xtuc/ieee754@1.2.0 /Users/runner/work/keepling/keepling/node_modules/@xtuc/ieee754
desktop-promote	Generate the Hex and npm bills of materials from source	2026-09-13T19:40:38.9933180Z   npm error extraneous: @xtuc/long@4.2.2 /Users/runner/work/keepling/keepling/node_modules/@xtuc/long
desktop-promote	Generate the Hex and npm bills of materials from source	2026-09-13T19:40:38.9933890Z   npm error extraneous: abbrev@1.1.1 /Users/runner/work/keepling/keepling/node_modules/abbrev
desktop-promote	Generate the Hex and npm bills of materials from source	2026-09-13T19:40:38.9934530Z   npm error extraneous: accepts@2.0.0 /Users/runner/work/keepling/keepling/node_modules/accepts
desktop-promote	Generate the Hex and npm bills of materials from source	2026-09-13T19:40:38.9935320Z   npm error extraneous: acorn-jsx@5.3.2 /Users/runner/work/keepling/keepling/node_modules/acorn-jsx
desktop-promote	Generate the Hex and npm bills of materials from source	2026-09-13T19:40:38.9935970Z   npm error extraneous: acorn@8.18.0 /Users/runner/work/keepling/keepling/node_modules/acorn
desktop-promote	Generate the Hex and npm bills of materials from source	2026-09-13T19:40:38.9936710Z   npm error extraneous: agent-base@6.0.2 /Users/runner/work/keepling/keepling/node_modules/agent-base
desktop-promote	Generate the Hex and npm bills of materials from source	2026-09-13T19:40:38.9937400Z   npm error extraneous: agentkeepalive@4.6.0 /Users/runner/work/keepling/keepling/node_modules/agentkeepalive
desktop-promote	Generate the Hex and npm bills of materials from source	2026-09-13T19:40:38.9938160Z   npm error extraneous: aggregate-error@3.1.0 /Users/runner/work/keepling/keepling/node_modules/aggregate-error
desktop-promote	Generate the Hex and npm bills of materials from source	2026-09-13T19:40:38.9938930Z   npm error extraneous: ajv-formats@2.1.1 /Users/runner/work/keepling/keepling/node_modules/ajv-formats
desktop-promote	Generate the Hex and npm bills of materials from source	2026-09-13T19:40:38.9939580Z   npm error extraneous: ajv-keywords@5.1.0 /Users/runner/work/keepling/keepling/node_modules/ajv-keywords
desktop-promote	Generate the Hex and npm bills of materials from source	2026-09-13T19:40:38.9940230Z   npm error extraneous: ajv@8.20.0 /Users/runner/work/keepling/keepling/node_modules/ajv
desktop-promote	Generate the Hex and npm bills of materials from source	2026-09-13T19:40:38.9940910Z   npm error extraneous: ansi-escapes@4.3.2 /Users/runner/work/keepling/keepling/node_modules/ansi-escapes
desktop-promote	Generate the Hex and npm bills of materials from source	2026-09-13T19:40:38.9941580Z   npm error extraneous: ansi-regex@5.0.1 /Users/runner/work/keepling/keepling/node_modules/ansi-regex
desktop-promote	Generate the Hex and npm bills of materials from source	2026-09-13T19:40:38.9942190Z   npm error extraneous: ansi-styles@4.3.0 /Users/runner/work/keepling/keepling/node_modules/ansi-styles
desktop-promote	Generate the Hex and npm bills of materials from source	2026-09-13T19:40:38.9942870Z   npm error extraneous: aria-query@5.3.0 /Users/runner/work/keepling/keepling/node_modules/aria-query
desktop-promote	Generate the Hex and npm bills of materials from source	2026-09-13T19:40:38.9943640Z   npm error extraneous: assertion-error@2.0.1 /Users/runner/work/keepling/keepling/node_modules/assertion-error
desktop-promote	Generate the Hex and npm bills of materials from source	2026-09-13T19:40:38.9944640Z   npm error extraneous: ast-types@0.16.3 /Users/runner/work/keepling/keepling/node_modules/ast-types
desktop-promote	Generate the Hex and npm bills of materials from source	2026-09-13T19:40:38.9945330Z   npm error extraneous: at-least-node@1.0.0 /Users/runner/work/keepling/keepling/node_modules/at-least-node
desktop-promote	Generate the Hex and npm bills of materials from source	2026-09-13T19:40:38.9945960Z   npm error extraneous: atomically@1.7.0 /Users/runner/work/keepling/keepling/node_modules/atomically
desktop-promote	Generate the Hex and npm bills of materials from source	2026-09-13T19:40:38.9946710Z   npm error extraneous: author-regex@1.0.0 /Users/runner/work/keepling/keepling/node_modules/author-regex
desktop-promote	Generate the Hex and npm bills of materials from source	2026-09-13T19:40:38.9947340Z   npm error extraneous: axe-core@4.13.0 /Users/runner/work/keepling/keepling/node_modules/axe-core
desktop-promote	Generate the Hex and npm bills of materials from source	2026-09-13T19:40:38.9947930Z   npm error extraneous: base64-js@1.5.1 /Users/runner/work/keepling/keepling/node_modules/base64-js
desktop-promote	Generate the Hex and npm bills of materials from source	2026-09-13T19:40:38.9948670Z   npm error extraneous: baseline-browser-mapping@2.11.20 /Users/runner/work/keepling/keepling/node_modules/baseline-browser-mapping
desktop-promote	Generate the Hex and npm bills of materials from source	2026-09-13T19:40:38.9949360Z   npm error extraneous: bidi-js@1.0.3 /Users/runner/work/keepling/keepling/node_modules/bidi-js
desktop-promote	Generate the Hex and npm bills of materials from source	2026-09-13T19:40:38.9949890Z   npm error extraneous: bl@4.1.0 /Users/runner/work/keepling/keepling/node_modules/bl
desktop-promote	Generate the Hex and npm bills of materials from source	2026-09-13T19:40:38.9950450Z   npm error extraneous: bluebird@3.7.2 /Users/runner/work/keepling/keepling/node_modules/bluebird
desktop-promote	Generate the Hex and npm bills of materials from source	2026-09-13T19:40:38.9951110Z   npm error extraneous: body-parser@2.3.0 /Users/runner/work/keepling/keepling/node_modules/body-parser
desktop-promote	Generate the Hex and npm bills of materials from source	2026-09-13T19:40:38.9951710Z   npm error extraneous: boolean@3.2.0 /Users/runner/work/keepling/keepling/node_modules/boolean
desktop-promote	Generate the Hex and npm bills of materials from source	2026-09-13T19:40:38.9952280Z   npm error extraneous: braces@3.0.3 /Users/runner/work/keepling/keepling/node_modules/braces
desktop-promote	Generate the Hex and npm bills of materials from source	2026-09-13T19:40:38.9952890Z   npm error extraneous: browserslist@4.28.8 /Users/runner/work/keepling/keepling/node_modules/browserslist
desktop-promote	Generate the Hex and npm bills of materials from source	2026-09-13T19:40:38.9953540Z   npm error extraneous: buffer-crc32@0.2.13 /Users/runner/work/keepling/keepling/node_modules/buffer-crc32
desktop-promote	Generate the Hex and npm bills of materials from source	2026-09-13T19:40:38.9954170Z   npm error extraneous: buffer-from@1.1.2 /Users/runner/work/keepling/keepling/node_modules/buffer-from
desktop-promote	Generate the Hex and npm bills of materials from source	2026-09-13T19:40:38.9954780Z   npm error extraneous: buffer@5.7.1 /Users/runner/work/keepling/keepling/node_modules/buffer
desktop-promote	Generate the Hex and npm bills of materials from source	2026-09-13T19:40:38.9955390Z   npm error extraneous: bundle-name@4.1.0 /Users/runner/work/keepling/keepling/node_modules/bundle-name
desktop-promote	Generate the Hex and npm bills of materials from source	2026-09-13T19:40:38.9955990Z   npm error extraneous: bytes@3.1.2 /Users/runner/work/keepling/keepling/node_modules/bytes
desktop-promote	Generate the Hex and npm bills of materials from source	2026-09-13T19:40:38.9956550Z   npm error extraneous: cacache@16.1.3 /Users/runner/work/keepling/keepling/node_modules/cacache
desktop-promote	Generate the Hex and npm bills of materials from source	2026-09-13T19:40:38.9957190Z   npm error extraneous: cacheable-lookup@5.0.4 /Users/runner/work/keepling/keepling/node_modules/cacheable-lookup
desktop-promote	Generate the Hex and npm bills of materials from source	2026-09-13T19:40:38.9957900Z   npm error extraneous: cacheable-request@7.0.4 /Users/runner/work/keepling/keepling/node_modules/cacheable-request
desktop-promote	Generate the Hex and npm bills of materials from source	2026-09-13T19:40:38.9958670Z   npm error extraneous: call-bind-apply-helpers@1.0.2 /Users/runner/work/keepling/keepling/node_modules/call-bind-apply-helpers
desktop-promote	Generate the Hex and npm bills of materials from source	2026-09-13T19:40:38.9959380Z   npm error extraneous: call-bound@1.0.4 /Users/runner/work/keepling/keepling/node_modules/call-bound
desktop-promote	Generate the Hex and npm bills of materials from source	2026-09-13T19:40:38.9959980Z   npm error extraneous: callsites@3.1.0 /Users/runner/work/keepling/keepling/node_modules/callsites
desktop-promote	Generate the Hex and npm bills of materials from source	2026-09-13T19:40:38.9960640Z   npm error extraneous: caniuse-lite@1.0.30001810 /Users/runner/work/keepling/keepling/node_modules/caniuse-lite
desktop-promote	Generate the Hex and npm bills of materials from source	2026-09-13T19:40:38.9961240Z   npm error extraneous: chai@6.2.2 /Users/runner/work/keepling/keepling/node_modules/chai
desktop-promote	Generate the Hex and npm bills of materials from source	2026-09-13T19:40:38.9961790Z   npm error extraneous: chalk@4.1.2 /Users/runner/work/keepling/keepling/node_modules/chalk
desktop-promote	Generate the Hex and npm bills of materials from source	2026-09-13T19:40:38.9962340Z   npm error extraneous: chardet@0.7.0 /Users/runner/work/keepling/keepling/node_modules/chardet
desktop-promote	Generate the Hex and npm bills of materials from source	2026-09-13T19:40:38.9962890Z   npm error extraneous: chownr@2.0.0 /Users/runner/work/keepling/keepling/node_modules/chownr
desktop-promote	Generate the Hex and npm bills of materials from source	2026-09-13T19:40:38.9963680Z   npm error extraneous: chrome-trace-event@1.0.4 /Users/runner/work/keepling/keepling/node_modules/chrome-trace-event
desktop-promote	Generate the Hex and npm bills of materials from source	2026-09-13T19:40:38.9964610Z   npm error extraneous: class-variance-authority@0.7.1 /Users/runner/work/keepling/keepling/node_modules/class-variance-authority
desktop-promote	Generate the Hex and npm bills of materials from source	2026-09-13T19:40:38.9965330Z   npm error extraneous: clean-stack@2.2.0 /Users/runner/work/keepling/keepling/node_modules/clean-stack
desktop-promote	Generate the Hex and npm bills of materials from source	2026-09-13T19:40:38.9965940Z   npm error extraneous: cli-cursor@3.1.0 /Users/runner/work/keepling/keepling/node_modules/cli-cursor
desktop-promote	Generate the Hex and npm bills of materials from source	2026-09-13T19:40:38.9966690Z   npm error extraneous: cli-spinners@2.9.2 /Users/runner/work/keepling/keepling/node_modules/cli-spinners
desktop-promote	Generate the Hex and npm bills of materials from source	2026-09-13T19:40:38.9967330Z   npm error extraneous: cli-truncate@3.1.0 /Users/runner/work/keepling/keepling/node_modules/cli-truncate
desktop-promote	Generate the Hex and npm bills of materials from source	2026-09-13T19:40:38.9967940Z   npm error extraneous: cli-width@4.1.0 /Users/runner/work/keepling/keepling/node_modules/cli-width
desktop-promote	Generate the Hex and npm bills of materials from source	2026-09-13T19:40:38.9968500Z   npm error extraneous: cliui@8.0.1 /Users/runner/work/keepling/keepling/node_modules/cliui
desktop-promote	Generate the Hex and npm bills of materials from source	2026-09-13T19:40:38.9969200Z   npm error extraneous: clone-response@1.0.3 /Users/runner/work/keepling/keepling/node_modules/clone-response
desktop-promote	Generate the Hex and npm bills of materials from source	2026-09-13T19:40:38.9969830Z   npm error extraneous: clone@1.0.4 /Users/runner/work/keepling/keepling/node_modules/clone
desktop-promote	Generate the Hex and npm bills of materials from source	2026-09-13T19:40:38.9970350Z   npm error extraneous: clsx@2.1.1 /Users/runner/work/keepling/keepling/node_modules/clsx
desktop-promote	Generate the Hex and npm bills of materials from source	2026-09-13T19:40:38.9971000Z   npm error extraneous: code-block-writer@13.0.3 /Users/runner/work/keepling/keepling/node_modules/code-block-writer
desktop-promote	Generate the Hex and npm bills of materials from source	2026-09-13T19:40:38.9971690Z   npm error extraneous: color-convert@2.0.1 /Users/runner/work/keepling/keepling/node_modules/color-convert
desktop-promote	Generate the Hex and npm bills of materials from source	2026-09-13T19:40:38.9972320Z   npm error extraneous: color-name@1.1.4 /Users/runner/work/keepling/keepling/node_modules/color-name
desktop-promote	Generate the Hex and npm bills of materials from source	2026-09-13T19:40:38.9972930Z   npm error extraneous: commander@11.1.0 /Users/runner/work/keepling/keepling/node_modules/commander
desktop-promote	Generate the Hex and npm bills of materials from source	2026-09-13T19:40:38.9973610Z   npm error extraneous: compare-version@0.1.2 /Users/runner/work/keepling/keepling/node_modules/compare-version
desktop-promote	Generate the Hex and npm bills of materials from source	2026-09-13T19:40:38.9974250Z   npm error extraneous: concat-map@0.0.1 /Users/runner/work/keepling/keepling/node_modules/concat-map
desktop-promote	Generate the Hex and npm bills of materials from source	2026-09-13T19:40:38.9974820Z   npm error extraneous: conf@10.2.0 /Users/runner/work/keepling/keepling/node_modules/conf
desktop-promote	Generate the Hex and npm bills of materials from source	2026-09-13T19:40:38.9975480Z   npm error extraneous: content-disposition@1.1.0 /Users/runner/work/keepling/keepling/node_modules/content-disposition
desktop-promote	Generate the Hex and npm bills of materials from source	2026-09-13T19:40:38.9976180Z   npm error extraneous: content-type@2.1.0 /Users/runner/work/keepling/keepling/node_modules/content-type
desktop-promote	Generate the Hex and npm bills of materials from source	2026-09-13T19:40:38.9976860Z   npm error extraneous: convert-source-map@2.0.0 /Users/runner/work/keepling/keepling/node_modules/convert-source-map
desktop-promote	Generate the Hex and npm bills of materials from source	2026-09-13T19:40:38.9977570Z   npm error extraneous: cookie-signature@1.2.2 /Users/runner/work/keepling/keepling/node_modules/cookie-signature
desktop-promote	Generate the Hex and npm bills of materials from source	2026-09-13T19:40:38.9978200Z   npm error extraneous: cookie@0.7.2 /Users/runner/work/keepling/keepling/node_modules/cookie
desktop-promote	Generate the Hex and npm bills of materials from source	2026-09-13T19:40:38.9978740Z   npm error extraneous: cors@2.8.6 /Users/runner/work/keepling/keepling/node_modules/cors
desktop-promote	Generate the Hex and npm bills of materials from source	2026-09-13T19:40:38.9979340Z   npm error extraneous: cosmiconfig@9.0.2 /Users/runner/work/keepling/keepling/node_modules/cosmiconfig
desktop-promote	Generate the Hex and npm bills of materials from source	2026-09-13T19:40:38.9979980Z   npm error extraneous: cross-dirname@0.1.0 /Users/runner/work/keepling/keepling/node_modules/cross-dirname
desktop-promote	Generate the Hex and npm bills of materials from source	2026-09-13T19:40:38.9980620Z   npm error extraneous: cross-spawn@7.0.6 /Users/runner/work/keepling/keepling/node_modules/cross-spawn
desktop-promote	Generate the Hex and npm bills of materials from source	2026-09-13T19:40:38.9981240Z   npm error extraneous: cross-zip@4.0.1 /Users/runner/work/keepling/keepling/node_modules/cross-zip
desktop-promote	Generate the Hex and npm bills of materials from source	2026-09-13T19:40:38.9981820Z   npm error extraneous: css-tree@3.2.1 /Users/runner/work/keepling/keepling/node_modules/css-tree
desktop-promote	Generate the Hex and npm bills of materials from source	2026-09-13T19:40:38.9982420Z   npm error extraneous: css.escape@1.5.1 /Users/runner/work/keepling/keepling/node_modules/css.escape
desktop-promote	Generate the Hex and npm bills of materials from source	2026-09-13T19:40:38.9983000Z   npm error extraneous: cssesc@3.0.0 /Users/runner/work/keepling/keepling/node_modules/cssesc
desktop-promote	Generate the Hex and npm bills of materials from source	2026-09-13T19:40:38.9983560Z   npm error extraneous: csstype@3.2.3 /Users/runner/work/keepling/keepling/node_modules/csstype
desktop-promote	Generate the Hex and npm bills of materials from source	2026-09-13T19:40:38.9984270Z   npm error extraneous: data-urls@7.0.0 /Users/runner/work/keepling/keepling/node_modules/data-urls
desktop-promote	Generate the Hex and npm bills of materials from source	2026-09-13T19:40:38.9984890Z   npm error extraneous: debounce-fn@4.0.0 /Users/runner/work/keepling/keepling/node_modules/debounce-fn
desktop-promote	Generate the Hex and npm bills of materials from source	2026-09-13T19:40:38.9985500Z   npm error extraneous: decimal.js@10.6.0 /Users/runner/work/keepling/keepling/node_modules/decimal.js
desktop-promote	Generate the Hex and npm bills of materials from source	2026-09-13T19:40:38.9986280Z   npm error extraneous: decompress-response@6.0.0 /Users/runner/work/keepling/keepling/node_modules/decompress-response
desktop-promote	Generate the Hex and npm bills of materials from source	2026-09-13T19:40:38.9986920Z   npm error extraneous: dedent@1.7.2 /Users/runner/work/keepling/keepling/node_modules/dedent
desktop-promote	Generate the Hex and npm bills of materials from source	2026-09-13T19:40:38.9987610Z   npm error extraneous: deep-is@0.1.4 /Users/runner/work/keepling/keepling/node_modules/deep-is
desktop-promote	Generate the Hex and npm bills of materials from source	2026-09-13T19:40:38.9988210Z   npm error extraneous: deepmerge@4.3.1 /Users/runner/work/keepling/keepling/node_modules/deepmerge
desktop-promote	Generate the Hex and npm bills of materials from source	2026-09-13T19:40:38.9988950Z   npm error extraneous: default-browser-id@5.0.1 /Users/runner/work/keepling/keepling/node_modules/default-browser-id
desktop-promote	Generate the Hex and npm bills of materials from source	2026-09-13T19:40:38.9989680Z   npm error extraneous: default-browser@5.5.1 /Users/runner/work/keepling/keepling/node_modules/default-browser
desktop-promote	Generate the Hex and npm bills of materials from source	2026-09-13T19:40:38.9990300Z   npm error extraneous: defaults@1.0.4 /Users/runner/work/keepling/keepling/node_modules/defaults
desktop-promote	Generate the Hex and npm bills of materials from source	2026-09-13T19:40:38.9990950Z   npm error extraneous: defer-to-connect@2.0.1 /Users/runner/work/keepling/keepling/node_modules/defer-to-connect
desktop-promote	Generate the Hex and npm bills of materials from source	2026-09-13T19:40:38.9991690Z   npm error extraneous: define-data-property@1.1.4 /Users/runner/work/keepling/keepling/node_modules/define-data-property
desktop-promote	Generate the Hex and npm bills of materials from source	2026-09-13T19:40:38.9992410Z   npm error extraneous: define-lazy-prop@2.0.0 /Users/runner/work/keepling/keepling/node_modules/define-lazy-prop
desktop-promote	Generate the Hex and npm bills of materials from source	2026-09-13T19:40:38.9993120Z   npm error extraneous: define-properties@1.2.1 /Users/runner/work/keepling/keepling/node_modules/define-properties
desktop-promote	Generate the Hex and npm bills of materials from source	2026-09-13T19:40:38.9993740Z   npm error extraneous: depd@2.0.0 /Users/runner/work/keepling/keepling/node_modules/depd
desktop-promote	Generate the Hex and npm bills of materials from source	2026-09-13T19:40:38.9994290Z   npm error extraneous: dequal@2.0.3 /Users/runner/work/keepling/keepling/node_modules/dequal
desktop-promote	Generate the Hex and npm bills of materials from source	2026-09-13T19:40:38.9994900Z   npm error extraneous: detect-libc@2.1.2 /Users/runner/work/keepling/keepling/node_modules/detect-libc
desktop-promote	Generate the Hex and npm bills of materials from source	2026-09-13T19:40:38.9995530Z   npm error extraneous: detect-node@2.1.0 /Users/runner/work/keepling/keepling/node_modules/detect-node
desktop-promote	Generate the Hex and npm bills of materials from source	2026-09-13T19:40:38.9996090Z   npm error extraneous: diff@8.0.4 /Users/runner/work/keepling/keepling/node_modules/diff
desktop-promote	Generate the Hex and npm bills of materials from source	2026-09-13T19:40:38.9996670Z   npm error extraneous: dir-compare@4.2.0 /Users/runner/work/keepling/keepling/node_modules/dir-compare
desktop-promote	Generate the Hex and npm bills of materials from source	2026-09-13T19:40:38.9997410Z   npm error extraneous: dom-accessibility-api@0.5.16 /Users/runner/work/keepling/keepling/node_modules/dom-accessibility-api
desktop-promote	Generate the Hex and npm bills of materials from source	2026-09-13T19:40:38.9998080Z   npm error extraneous: dot-prop@6.0.1 /Users/runner/work/keepling/keepling/node_modules/dot-prop
desktop-promote	Generate the Hex and npm bills of materials from source	2026-09-13T19:40:38.9998650Z   npm error extraneous: dotenv@17.4.2 /Users/runner/work/keepling/keepling/node_modules/dotenv
desktop-promote	Generate the Hex and npm bills of materials from source	2026-09-13T19:40:38.9999250Z   npm error extraneous: dunder-proto@1.0.1 /Users/runner/work/keepling/keepling/node_modules/dunder-proto
desktop-promote	Generate the Hex and npm bills of materials from source	2026-09-13T19:40:38.9999930Z   npm error extraneous: eastasianwidth@0.2.0 /Users/runner/work/keepling/keepling/node_modules/eastasianwidth
desktop-promote	Generate the Hex and npm bills of materials from source	2026-09-13T19:40:39.0000610Z   npm error extraneous: ee-first@1.1.1 /Users/runner/work/keepling/keepling/node_modules/ee-first
desktop-promote	Generate the Hex and npm bills of materials from source	2026-09-13T19:40:39.0001400Z   npm error extraneous: electron-to-chromium@1.5.420 /Users/runner/work/keepling/keepling/node_modules/electron-to-chromium
desktop-promote	Generate the Hex and npm bills of materials from source	2026-09-13T19:40:39.0002060Z   npm error extraneous: electron@44.1.1 /Users/runner/work/keepling/keepling/node_modules/electron
desktop-promote	Generate the Hex and npm bills of materials from source	2026-09-13T19:40:39.0003480Z   npm error extraneous: emoji-regex@8.0.0 /Users/runner/work/keepling/keepling/node_modules/emoji-regex
desktop-promote	Generate the Hex and npm bills of materials from source	2026-09-13T19:40:39.0004170Z   npm error extraneous: encodeurl@2.0.0 /Users/runner/work/keepling/keepling/node_modules/encodeurl
desktop-promote	Generate the Hex and npm bills of materials from source	2026-09-13T19:40:39.0004900Z   npm error extraneous: encoding@0.1.13 /Users/runner/work/keepling/keepling/node_modules/encoding
desktop-promote	Generate the Hex and npm bills of materials from source	2026-09-13T19:40:39.0005930Z   npm error extraneous: end-of-stream@1.4.5 /Users/runner/work/keepling/keepling/node_modules/end-of-stream
desktop-promote	Generate the Hex and npm bills of materials from source	2026-09-13T19:40:39.0006620Z   npm error extraneous: enhanced-resolve@5.24.5 /Users/runner/work/keepling/keepling/node_modules/enhanced-resolve
desktop-promote	Generate the Hex and npm bills of materials from source	2026-09-13T19:40:39.0008040Z   npm error extraneous: enquirer@2.4.1 /Users/runner/work/keepling/keepling/node_modules/enquirer
desktop-promote	Generate the Hex and npm bills of materials from source	2026-09-13T19:40:39.0008750Z   npm error extraneous: entities@8.0.0 /Users/runner/work/keepling/keepling/node_modules/entities
desktop-promote	Generate the Hex and npm bills of materials from source	2026-09-13T19:40:39.0021140Z   npm error extraneous: env-paths@2.2.1 /Users/runner/work/keepling/keepling/node_modules/env-paths
desktop-promote	Generate the Hex and npm bills of materials from source	2026-09-13T19:40:39.0021870Z   npm error extraneous: err-code@2.0.3 /Users/runner/work/keepling/keepling/node_modules/err-code
desktop-promote	Generate the Hex and npm bills of materials from source	2026-09-13T19:40:39.0022470Z   npm error extraneous: error-ex@1.3.4 /Users/runner/work/keepling/keepling/node_modules/error-ex
desktop-promote	Generate the Hex and npm bills of materials from source	2026-09-13T19:40:39.0023210Z   npm error extraneous: es-define-property@1.0.1 /Users/runner/work/keepling/keepling/node_modules/es-define-property
desktop-promote	Generate the Hex and npm bills of materials from source	2026-09-13T19:40:39.0023960Z   npm error extraneous: es-errors@1.3.0 /Users/runner/work/keepling/keepling/node_modules/es-errors
desktop-promote	Generate the Hex and npm bills of materials from source	2026-09-13T19:40:39.0024630Z   npm error extraneous: es-module-lexer@2.3.2 /Users/runner/work/keepling/keepling/node_modules/es-module-lexer
desktop-promote	Generate the Hex and npm bills of materials from source	2026-09-13T19:40:39.0025350Z   npm error extraneous: es-object-atoms@1.1.2 /Users/runner/work/keepling/keepling/node_modules/es-object-atoms
desktop-promote	Generate the Hex and npm bills of materials from source	2026-09-13T19:40:39.0026100Z   npm error extraneous: es6-error@4.1.1 /Users/runner/work/keepling/keepling/node_modules/es6-error
desktop-promote	Generate the Hex and npm bills of materials from source	2026-09-13T19:40:39.0026710Z   npm error extraneous: escalade@3.2.0 /Users/runner/work/keepling/keepling/node_modules/escalade
desktop-promote	Generate the Hex and npm bills of materials from source	2026-09-13T19:40:39.0027350Z   npm error extraneous: escape-html@1.0.3 /Users/runner/work/keepling/keepling/node_modules/escape-html
desktop-promote	Generate the Hex and npm bills of materials from source	2026-09-13T19:40:39.0028070Z   npm error extraneous: escape-string-regexp@4.0.0 /Users/runner/work/keepling/keepling/node_modules/escape-string-regexp
desktop-promote	Generate the Hex and npm bills of materials from source	2026-09-13T19:40:39.0029320Z   npm error extraneous: eslint-plugin-react-hooks@7.1.1 /Users/runner/work/keepling/keepling/node_modules/eslint-plugin-react-hooks
desktop-promote	Generate the Hex and npm bills of materials from source	2026-09-13T19:40:39.0030190Z   npm error extraneous: eslint-plugin-react-refresh@0.5.5 /Users/runner/work/keepling/keepling/node_modules/eslint-plugin-react-refresh
desktop-promote	Generate the Hex and npm bills of materials from source	2026-09-13T19:40:39.0030950Z   npm error extraneous: eslint-scope@9.1.2 /Users/runner/work/keepling/keepling/node_modules/eslint-scope
desktop-promote	Generate the Hex and npm bills of materials from source	2026-09-13T19:40:39.0031640Z   npm error extraneous: eslint-visitor-keys@5.0.1 /Users/runner/work/keepling/keepling/node_modules/eslint-visitor-keys
desktop-promote	Generate the Hex and npm bills of materials from source	2026-09-13T19:40:39.0032310Z   npm error extraneous: eslint@10.9.1 /Users/runner/work/keepling/keepling/node_modules/eslint
desktop-promote	Generate the Hex and npm bills of materials from source	2026-09-13T19:40:39.0032880Z   npm error extraneous: espree@11.2.0 /Users/runner/work/keepling/keepling/node_modules/espree
desktop-promote	Generate the Hex and npm bills of materials from source	2026-09-13T19:40:39.0033870Z   npm error extraneous: esprima@4.0.1 /Users/runner/work/keepling/keepling/node_modules/esprima
desktop-promote	Generate the Hex and npm bills of materials from source	2026-09-13T19:40:39.0034460Z   npm error extraneous: esquery@1.7.0 /Users/runner/work/keepling/keepling/node_modules/esquery
desktop-promote	Generate the Hex and npm bills of materials from source	2026-09-13T19:40:39.0035040Z   npm error extraneous: esrecurse@4.3.0 /Users/runner/work/keepling/keepling/node_modules/esrecurse
desktop-promote	Generate the Hex and npm bills of materials from source	2026-09-13T19:40:39.0035650Z   npm error extraneous: estraverse@5.3.0 /Users/runner/work/keepling/keepling/node_modules/estraverse
desktop-promote	Generate the Hex and npm bills of materials from source	2026-09-13T19:40:39.0036390Z   npm error extraneous: estree-walker@3.0.3 /Users/runner/work/keepling/keepling/node_modules/estree-walker
desktop-promote	Generate the Hex and npm bills of materials from source	2026-09-13T19:40:39.0037000Z   npm error extraneous: esutils@2.0.3 /Users/runner/work/keepling/keepling/node_modules/esutils
desktop-promote	Generate the Hex and npm bills of materials from source	2026-09-13T19:40:39.0037530Z   npm error extraneous: eta@3.5.0 /Users/runner/work/keepling/keepling/node_modules/eta
desktop-promote	Generate the Hex and npm bills of materials from source	2026-09-13T19:40:39.0038060Z   npm error extraneous: etag@1.8.1 /Users/runner/work/keepling/keepling/node_modules/etag
desktop-promote	Generate the Hex and npm bills of materials from source	2026-09-13T19:40:39.0039110Z   npm error extraneous: eventemitter3@5.0.4 /Users/runner/work/keepling/keepling/node_modules/eventemitter3
desktop-promote	Generate the Hex and npm bills of materials from source	2026-09-13T19:40:39.0040240Z   npm error extraneous: events@3.3.0 /Users/runner/work/keepling/keepling/node_modules/events
desktop-promote	Generate the Hex and npm bills of materials from source	2026-09-13T19:40:39.0040890Z   npm error extraneous: eventsource-parser@3.1.1 /Users/runner/work/keepling/keepling/node_modules/eventsource-parser
desktop-promote	Generate the Hex and npm bills of materials from source	2026-09-13T19:40:39.0041570Z   npm error extraneous: eventsource@3.0.7 /Users/runner/work/keepling/keepling/node_modules/eventsource
desktop-promote	Generate the Hex and npm bills of materials from source	2026-09-13T19:40:39.0042290Z   npm error extraneous: execa@1.0.0 /Users/runner/work/keepling/keepling/node_modules/execa
desktop-promote	Generate the Hex and npm bills of materials from source	2026-09-13T19:40:39.0042880Z   npm error extraneous: expect-type@1.4.0 /Users/runner/work/keepling/keepling/node_modules/expect-type
desktop-promote	Generate the Hex and npm bills of materials from source	2026-09-13T19:40:39.0043560Z   npm error extraneous: exponential-backoff@3.1.3 /Users/runner/work/keepling/keepling/node_modules/exponential-backoff
desktop-promote	Generate the Hex and npm bills of materials from source	2026-09-13T19:40:39.0044300Z   npm error extraneous: express-rate-limit@8.7.0 /Users/runner/work/keepling/keepling/node_modules/express-rate-limit
desktop-promote	Generate the Hex and npm bills of materials from source	2026-09-13T19:40:39.0044930Z   npm error extraneous: express@5.2.1 /Users/runner/work/keepling/keepling/node_modules/express
desktop-promote	Generate the Hex and npm bills of materials from source	2026-09-13T19:40:39.0045580Z   npm error extraneous: external-editor@3.1.0 /Users/runner/work/keepling/keepling/node_modules/external-editor
desktop-promote	Generate the Hex and npm bills of materials from source	2026-09-13T19:40:39.0046230Z   npm error extraneous: extract-zip@2.0.1 /Users/runner/work/keepling/keepling/node_modules/extract-zip
desktop-promote	Generate the Hex and npm bills of materials from source	2026-09-13T19:40:39.0046850Z   npm error extraneous: fast-glob@3.3.3 /Users/runner/work/keepling/keepling/node_modules/fast-glob
desktop-promote	Generate the Hex and npm bills of materials from source	2026-09-13T19:40:39.0047580Z   npm error extraneous: fast-json-stable-stringify@2.1.0 /Users/runner/work/keepling/keepling/node_modules/fast-json-stable-stringify
desktop-promote	Generate the Hex and npm bills of materials from source	2026-09-13T19:40:39.0048440Z   npm error extraneous: fast-levenshtein@2.0.6 /Users/runner/work/keepling/keepling/node_modules/fast-levenshtein
desktop-promote	Generate the Hex and npm bills of materials from source	2026-09-13T19:40:39.0049150Z   npm error extraneous: fast-uri@3.1.6 /Users/runner/work/keepling/keepling/node_modules/fast-uri
desktop-promote	Generate the Hex and npm bills of materials from source	2026-09-13T19:40:39.0049760Z   npm error extraneous: fastq@1.20.3 /Users/runner/work/keepling/keepling/node_modules/fastq
desktop-promote	Generate the Hex and npm bills of materials from source	2026-09-13T19:40:39.0050440Z   npm error extraneous: fd-slicer@1.1.0 /Users/runner/work/keepling/keepling/node_modules/fd-slicer
desktop-promote	Generate the Hex and npm bills of materials from source	2026-09-13T19:40:39.0051010Z   npm error extraneous: fdir@6.5.0 /Users/runner/work/keepling/keepling/node_modules/fdir
desktop-promote	Generate the Hex and npm bills of materials from source	2026-09-13T19:40:39.0051580Z   npm error extraneous: figures@6.1.0 /Users/runner/work/keepling/keepling/node_modules/figures
desktop-promote	Generate the Hex and npm bills of materials from source	2026-09-13T19:40:39.0052340Z   npm error extraneous: file-entry-cache@8.0.0 /Users/runner/work/keepling/keepling/node_modules/file-entry-cache
desktop-promote	Generate the Hex and npm bills of materials from source	2026-09-13T19:40:39.0053150Z   npm error extraneous: filename-reserved-regex@2.0.0 /Users/runner/work/keepling/keepling/node_modules/filename-reserved-regex
desktop-promote	Generate the Hex and npm bills of materials from source	2026-09-13T19:40:39.0053870Z   npm error extraneous: filenamify@4.3.0 /Users/runner/work/keepling/keepling/node_modules/filenamify
desktop-promote	Generate the Hex and npm bills of materials from source	2026-09-13T19:40:39.0054510Z   npm error extraneous: fill-range@7.1.1 /Users/runner/work/keepling/keepling/node_modules/fill-range
desktop-promote	Generate the Hex and npm bills of materials from source	2026-09-13T19:40:39.0055150Z   npm error extraneous: finalhandler@2.1.1 /Users/runner/work/keepling/keepling/node_modules/finalhandler
desktop-promote	Generate the Hex and npm bills of materials from source	2026-09-13T19:40:39.0055790Z   npm error extraneous: find-up@5.0.0 /Users/runner/work/keepling/keepling/node_modules/find-up
desktop-promote	Generate the Hex and npm bills of materials from source	2026-09-13T19:40:39.0056410Z   npm error extraneous: flat-cache@4.0.1 /Users/runner/work/keepling/keepling/node_modules/flat-cache
desktop-promote	Generate the Hex and npm bills of materials from source	2026-09-13T19:40:39.0057020Z   npm error extraneous: flatted@3.4.4 /Users/runner/work/keepling/keepling/node_modules/flatted
desktop-promote	Generate the Hex and npm bills of materials from source	2026-09-13T19:40:39.0057670Z   npm error extraneous: flora-colossus@2.0.0 /Users/runner/work/keepling/keepling/node_modules/flora-colossus
desktop-promote	Generate the Hex and npm bills of materials from source	2026-09-13T19:40:39.0058370Z   npm error extraneous: forwarded@0.2.0 /Users/runner/work/keepling/keepling/node_modules/forwarded
desktop-promote	Generate the Hex and npm bills of materials from source	2026-09-13T19:40:39.0058970Z   npm error extraneous: fresh@2.0.0 /Users/runner/work/keepling/keepling/node_modules/fresh
desktop-promote	Generate the Hex and npm bills of materials from source	2026-09-13T19:40:39.0059560Z   npm error extraneous: fs-extra@10.1.0 /Users/runner/work/keepling/keepling/node_modules/fs-extra
desktop-promote	Generate the Hex and npm bills of materials from source	2026-09-13T19:40:39.0060240Z   npm error extraneous: fs-minipass@2.1.0 /Users/runner/work/keepling/keepling/node_modules/fs-minipass
desktop-promote	Generate the Hex and npm bills of materials from source	2026-09-13T19:40:39.0061240Z   npm error extraneous: fs.realpath@1.0.0 /Users/runner/work/keepling/keepling/node_modules/fs.realpath
desktop-promote	Generate the Hex and npm bills of materials from source	2026-09-13T19:40:39.0061900Z   npm error extraneous: fsevents@2.3.2 /Users/runner/work/keepling/keepling/node_modules/fsevents
desktop-promote	Generate the Hex and npm bills of materials from source	2026-09-13T19:40:39.0062610Z   npm error extraneous: function-bind@1.1.2 /Users/runner/work/keepling/keepling/node_modules/function-bind
desktop-promote	Generate the Hex and npm bills of materials from source	2026-09-13T19:40:39.0063570Z   npm error extraneous: fuzzysort@3.1.0 /Users/runner/work/keepling/keepling/node_modules/fuzzysort
desktop-promote	Generate the Hex and npm bills of materials from source	2026-09-13T19:40:39.0064350Z   npm error extraneous: galactus@1.0.0 /Users/runner/work/keepling/keepling/node_modules/galactus
desktop-promote	Generate the Hex and npm bills of materials from source	2026-09-13T19:40:39.0064960Z   npm error extraneous: gensync@1.0.0-beta.2 /Users/runner/work/keepling/keepling/node_modules/gensync
desktop-promote	Generate the Hex and npm bills of materials from source	2026-09-13T19:40:39.0065610Z   npm error extraneous: get-caller-file@2.0.5 /Users/runner/work/keepling/keepling/node_modules/get-caller-file
desktop-promote	Generate the Hex and npm bills of materials from source	2026-09-13T19:40:39.0066340Z   npm error extraneous: get-east-asian-width@1.6.0 /Users/runner/work/keepling/keepling/node_modules/get-east-asian-width
desktop-promote	Generate the Hex and npm bills of materials from source	2026-09-13T19:40:39.0067040Z   npm error extraneous: get-intrinsic@1.3.0 /Users/runner/work/keepling/keepling/node_modules/get-intrinsic
desktop-promote	Generate the Hex and npm bills of materials from source	2026-09-13T19:40:39.0067770Z   npm error extraneous: get-own-enumerable-keys@1.0.0 /Users/runner/work/keepling/keepling/node_modules/get-own-enumerable-keys
desktop-promote	Generate the Hex and npm bills of materials from source	2026-09-13T19:40:39.0068510Z   npm error extraneous: get-package-info@1.0.0 /Users/runner/work/keepling/keepling/node_modules/get-package-info
desktop-promote	Generate the Hex and npm bills of materials from source	2026-09-13T19:40:39.0069150Z   npm error extraneous: get-proto@1.0.1 /Users/runner/work/keepling/keepling/node_modules/get-proto
desktop-promote	Generate the Hex and npm bills of materials from source	2026-09-13T19:40:39.0069770Z   npm error extraneous: get-stream@5.2.0 /Users/runner/work/keepling/keepling/node_modules/get-stream
desktop-promote	Generate the Hex and npm bills of materials from source	2026-09-13T19:40:39.0070390Z   npm error extraneous: glob-parent@5.1.2 /Users/runner/work/keepling/keepling/node_modules/glob-parent
desktop-promote	Generate the Hex and npm bills of materials from source	2026-09-13T19:40:39.0070970Z   npm error extraneous: glob@7.2.3 /Users/runner/work/keepling/keepling/node_modules/glob
desktop-promote	Generate the Hex and npm bills of materials from source	2026-09-13T19:40:39.0071580Z   npm error extraneous: global-agent@3.0.0 /Users/runner/work/keepling/keepling/node_modules/global-agent
desktop-promote	Generate the Hex and npm bills of materials from source	2026-09-13T19:40:39.0095000Z   npm error extraneous: global-dirs@3.0.1 /Users/runner/work/keepling/keepling/node_modules/global-dirs
desktop-promote	Generate the Hex and npm bills of materials from source	2026-09-13T19:40:39.0095670Z   npm error extraneous: globals@17.12.0 /Users/runner/work/keepling/keepling/node_modules/globals
desktop-promote	Generate the Hex and npm bills of materials from source	2026-09-13T19:40:39.0096290Z   npm error extraneous: globalthis@1.0.4 /Users/runner/work/keepling/keepling/node_modules/globalthis
desktop-promote	Generate the Hex and npm bills of materials from source	2026-09-13T19:40:39.0096860Z   npm error extraneous: gopd@1.2.0 /Users/runner/work/keepling/keepling/node_modules/gopd
desktop-promote	Generate the Hex and npm bills of materials from source	2026-09-13T19:40:39.0097390Z   npm error extraneous: got@11.8.6 /Users/runner/work/keepling/keepling/node_modules/got
desktop-promote	Generate the Hex and npm bills of materials from source	2026-09-13T19:40:39.0097990Z   npm error extraneous: graceful-fs@4.2.11 /Users/runner/work/keepling/keepling/node_modules/graceful-fs
desktop-promote	Generate the Hex and npm bills of materials from source	2026-09-13T19:40:39.0098610Z   npm error extraneous: has-flag@4.0.0 /Users/runner/work/keepling/keepling/node_modules/has-flag
desktop-promote	Generate the Hex and npm bills of materials from source	2026-09-13T19:40:39.0099350Z   npm error extraneous: has-property-descriptors@1.0.2 /Users/runner/work/keepling/keepling/node_modules/has-property-descriptors
desktop-promote	Generate the Hex and npm bills of materials from source	2026-09-13T19:40:39.0100070Z   npm error extraneous: has-symbols@1.1.0 /Users/runner/work/keepling/keepling/node_modules/has-symbols
desktop-promote	Generate the Hex and npm bills of materials from source	2026-09-13T19:40:39.0100660Z   npm error extraneous: hasown@2.0.4 /Users/runner/work/keepling/keepling/node_modules/hasown
desktop-promote	Generate the Hex and npm bills of materials from source	2026-09-13T19:40:39.0101290Z   npm error extraneous: hermes-estree@0.25.1 /Users/runner/work/keepling/keepling/node_modules/hermes-estree
desktop-promote	Generate the Hex and npm bills of materials from source	2026-09-13T19:40:39.0101960Z   npm error extraneous: hermes-parser@0.25.1 /Users/runner/work/keepling/keepling/node_modules/hermes-parser
desktop-promote	Generate the Hex and npm bills of materials from source	2026-09-13T19:40:39.0102550Z   npm error extraneous: hono@4.13.5 /Users/runner/work/keepling/keepling/node_modules/hono
desktop-promote	Generate the Hex and npm bills of materials from source	2026-09-13T19:40:39.0103180Z   npm error extraneous: hosted-git-info@2.8.9 /Users/runner/work/keepling/keepling/node_modules/hosted-git-info
desktop-promote	Generate the Hex and npm bills of materials from source	2026-09-13T19:40:39.0104010Z   npm error extraneous: html-encoding-sniffer@6.0.0 /Users/runner/work/keepling/keepling/node_modules/html-encoding-sniffer
desktop-promote	Generate the Hex and npm bills of materials from source	2026-09-13T19:40:39.0105190Z   npm error extraneous: http-cache-semantics@4.2.0 /Users/runner/work/keepling/keepling/node_modules/http-cache-semantics
desktop-promote	Generate the Hex and npm bills of materials from source	2026-09-13T19:40:39.0105870Z   npm error extraneous: http-errors@2.0.1 /Users/runner/work/keepling/keepling/node_modules/http-errors
desktop-promote	Generate the Hex and npm bills of materials from source	2026-09-13T19:40:39.0106740Z   npm error extraneous: http-proxy-agent@5.0.0 /Users/runner/work/keepling/keepling/node_modules/http-proxy-agent
desktop-promote	Generate the Hex and npm bills of materials from source	2026-09-13T19:40:39.0107430Z   npm error extraneous: http2-wrapper@1.0.3 /Users/runner/work/keepling/keepling/node_modules/http2-wrapper
desktop-promote	Generate the Hex and npm bills of materials from source	2026-09-13T19:40:39.0108070Z   npm error extraneous: human-signals@2.1.0 /Users/runner/work/keepling/keepling/node_modules/human-signals
desktop-promote	Generate the Hex and npm bills of materials from source	2026-09-13T19:40:39.0108720Z   npm error extraneous: humanize-ms@1.2.1 /Users/runner/work/keepling/keepling/node_modules/humanize-ms
desktop-promote	Generate the Hex and npm bills of materials from source	2026-09-13T19:40:39.0109350Z   npm error extraneous: iconv-lite@0.7.3 /Users/runner/work/keepling/keepling/node_modules/iconv-lite
desktop-promote	Generate the Hex and npm bills of materials from source	2026-09-13T19:40:39.0109960Z   npm error extraneous: ieee754@1.2.1 /Users/runner/work/keepling/keepling/node_modules/ieee754
desktop-promote	Generate the Hex and npm bills of materials from source	2026-09-13T19:40:39.0110560Z   npm error extraneous: ignore@5.3.2 /Users/runner/work/keepling/keepling/node_modules/ignore
desktop-promote	Generate the Hex and npm bills of materials from source	2026-09-13T19:40:39.0111190Z   npm error extraneous: import-fresh@3.3.1 /Users/runner/work/keepling/keepling/node_modules/import-fresh
desktop-promote	Generate the Hex and npm bills of materials from source	2026-09-13T19:40:39.0111850Z   npm error extraneous: imurmurhash@0.1.4 /Users/runner/work/keepling/keepling/node_modules/imurmurhash
desktop-promote	Generate the Hex and npm bills of materials from source	2026-09-13T19:40:39.0112510Z   npm error extraneous: indent-string@4.0.0 /Users/runner/work/keepling/keepling/node_modules/indent-string
desktop-promote	Generate the Hex and npm bills of materials from source	2026-09-13T19:40:39.0113220Z   npm error extraneous: infer-owner@1.0.4 /Users/runner/work/keepling/keepling/node_modules/infer-owner
desktop-promote	Generate the Hex and npm bills of materials from source	2026-09-13T19:40:39.0113880Z   npm error extraneous: inflight@1.0.6 /Users/runner/work/keepling/keepling/node_modules/inflight
desktop-promote	Generate the Hex and npm bills of materials from source	2026-09-13T19:40:39.0114490Z   npm error extraneous: inherits@2.0.4 /Users/runner/work/keepling/keepling/node_modules/inherits
desktop-promote	Generate the Hex and npm bills of materials from source	2026-09-13T19:40:39.0115050Z   npm error extraneous: ini@2.0.0 /Users/runner/work/keepling/keepling/node_modules/ini
desktop-promote	Generate the Hex and npm bills of materials from source	2026-09-13T19:40:39.0115640Z   npm error extraneous: interpret@3.1.1 /Users/runner/work/keepling/keepling/node_modules/interpret
desktop-promote	Generate the Hex and npm bills of materials from source	2026-09-13T19:40:39.0116250Z   npm error extraneous: ip-address@10.7.0 /Users/runner/work/keepling/keepling/node_modules/ip-address
desktop-promote	Generate the Hex and npm bills of materials from source	2026-09-13T19:40:39.0116870Z   npm error extraneous: ipaddr.js@1.9.1 /Users/runner/work/keepling/keepling/node_modules/ipaddr.js
desktop-promote	Generate the Hex and npm bills of materials from source	2026-09-13T19:40:39.0117490Z   npm error extraneous: is-arrayish@0.2.1 /Users/runner/work/keepling/keepling/node_modules/is-arrayish
desktop-promote	Generate the Hex and npm bills of materials from source	2026-09-13T19:40:39.0118140Z   npm error extraneous: is-core-module@2.16.2 /Users/runner/work/keepling/keepling/node_modules/is-core-module
desktop-promote	Generate the Hex and npm bills of materials from source	2026-09-13T19:40:39.0118780Z   npm error extraneous: is-docker@2.2.1 /Users/runner/work/keepling/keepling/node_modules/is-docker
desktop-promote	Generate the Hex and npm bills of materials from source	2026-09-13T19:40:39.0119400Z   npm error extraneous: is-extglob@2.1.1 /Users/runner/work/keepling/keepling/node_modules/is-extglob
desktop-promote	Generate the Hex and npm bills of materials from source	2026-09-13T19:40:39.0120120Z   npm error extraneous: is-fullwidth-code-point@3.0.0 /Users/runner/work/keepling/keepling/node_modules/is-fullwidth-code-point
desktop-promote	Generate the Hex and npm bills of materials from source	2026-09-13T19:40:39.0120810Z   npm error extraneous: is-glob@4.0.3 /Users/runner/work/keepling/keepling/node_modules/is-glob
desktop-promote	Generate the Hex and npm bills of materials from source	2026-09-13T19:40:39.0121390Z   npm error extraneous: is-in-ssh@1.0.0 /Users/runner/work/keepling/keepling/node_modules/is-in-ssh
desktop-promote	Generate the Hex and npm bills of materials from source	2026-09-13T19:40:39.0122080Z   npm error extraneous: is-inside-container@1.0.0 /Users/runner/work/keepling/keepling/node_modules/is-inside-container
desktop-promote	Generate the Hex and npm bills of materials from source	2026-09-13T19:40:39.0122780Z   npm error extraneous: is-interactive@1.0.0 /Users/runner/work/keepling/keepling/node_modules/is-interactive
desktop-promote	Generate the Hex and npm bills of materials from source	2026-09-13T19:40:39.0123410Z   npm error extraneous: is-lambda@1.0.1 /Users/runner/work/keepling/keepling/node_modules/is-lambda
desktop-promote	Generate the Hex and npm bills of materials from source	2026-09-13T19:40:39.0124000Z   npm error extraneous: is-number@7.0.0 /Users/runner/work/keepling/keepling/node_modules/is-number
desktop-promote	Generate the Hex and npm bills of materials from source	2026-09-13T19:40:39.0124760Z   npm error extraneous: is-obj@2.0.0 /Users/runner/work/keepling/keepling/node_modules/is-obj
desktop-promote	Generate the Hex and npm bills of materials from source	2026-09-13T19:40:39.0125370Z   npm error extraneous: is-plain-obj@4.1.0 /Users/runner/work/keepling/keepling/node_modules/is-plain-obj
desktop-promote	Generate the Hex and npm bills of materials from source	2026-09-13T19:40:39.0126170Z   npm error extraneous: is-potential-custom-element-name@1.0.1 /Users/runner/work/keepling/keepling/node_modules/is-potential-custom-element-name
desktop-promote	Generate the Hex and npm bills of materials from source	2026-09-13T19:40:39.0127320Z   npm error extraneous: is-promise@4.0.0 /Users/runner/work/keepling/keepling/node_modules/is-promise
desktop-promote	Generate the Hex and npm bills of materials from source	2026-09-13T19:40:39.0127940Z   npm error extraneous: is-regexp@3.1.0 /Users/runner/work/keepling/keepling/node_modules/is-regexp
desktop-promote	Generate the Hex and npm bills of materials from source	2026-09-13T19:40:39.0128550Z   npm error extraneous: is-stream@4.0.1 /Users/runner/work/keepling/keepling/node_modules/is-stream
desktop-promote	Generate the Hex and npm bills of materials from source	2026-09-13T19:40:39.0129270Z   npm error extraneous: is-unicode-supported@0.1.0 /Users/runner/work/keepling/keepling/node_modules/is-unicode-supported
desktop-promote	Generate the Hex and npm bills of materials from source	2026-09-13T19:40:39.0129920Z   npm error extraneous: is-wsl@2.2.0 /Users/runner/work/keepling/keepling/node_modules/is-wsl
desktop-promote	Generate the Hex and npm bills of materials from source	2026-09-13T19:40:39.0130530Z   npm error extraneous: isbinaryfile@4.0.10 /Users/runner/work/keepling/keepling/node_modules/isbinaryfile
desktop-promote	Generate the Hex and npm bills of materials from source	2026-09-13T19:40:39.0131150Z   npm error extraneous: isexe@2.0.0 /Users/runner/work/keepling/keepling/node_modules/isexe
desktop-promote	Generate the Hex and npm bills of materials from source	2026-09-13T19:40:39.0131760Z   npm error extraneous: jest-worker@27.5.1 /Users/runner/work/keepling/keepling/node_modules/jest-worker
desktop-promote	Generate the Hex and npm bills of materials from source	2026-09-13T19:40:39.0132330Z   npm error extraneous: jiti@2.7.0 /Users/runner/work/keepling/keepling/node_modules/jiti
desktop-promote	Generate the Hex and npm bills of materials from source	2026-09-13T19:40:39.0132860Z   npm error extraneous: jose@6.2.10 /Users/runner/work/keepling/keepling/node_modules/jose
desktop-promote	Generate the Hex and npm bills of materials from source	2026-09-13T19:40:39.0133400Z   npm error extraneous: jsdom@30.0.1 /Users/runner/work/keepling/keepling/node_modules/jsdom
desktop-promote	Generate the Hex and npm bills of materials from source	2026-09-13T19:40:39.0133950Z   npm error extraneous: jsesc@3.1.0 /Users/runner/work/keepling/keepling/node_modules/jsesc
desktop-promote	Generate the Hex and npm bills of materials from source	2026-09-13T19:40:39.0134600Z   npm error extraneous: json-buffer@3.0.1 /Users/runner/work/keepling/keepling/node_modules/json-buffer
desktop-promote	Generate the Hex and npm bills of materials from source	2026-09-13T19:40:39.0135370Z   npm error extraneous: json-parse-even-better-errors@2.3.1 /Users/runner/work/keepling/keepling/node_modules/json-parse-even-better-errors
desktop-promote	Generate the Hex and npm bills of materials from source	2026-09-13T19:40:39.0136160Z   npm error extraneous: json-schema-typed@7.0.3 /Users/runner/work/keepling/keepling/node_modules/json-schema-typed
desktop-promote	Generate the Hex and npm bills of materials from source	2026-09-13T19:40:39.0137040Z   npm error extraneous: json-stable-stringify-without-jsonify@1.0.1 /Users/runner/work/keepling/keepling/node_modules/json-stable-stringify-without-jsonify
desktop-promote	Generate the Hex and npm bills of materials from source	2026-09-13T19:40:39.0137890Z   npm error extraneous: json-stringify-safe@5.0.1 /Users/runner/work/keepling/keepling/node_modules/json-stringify-safe
desktop-promote	Generate the Hex and npm bills of materials from source	2026-09-13T19:40:39.0138520Z   npm error extraneous: json5@2.2.3 /Users/runner/work/keepling/keepling/node_modules/json5
desktop-promote	Generate the Hex and npm bills of materials from source	2026-09-13T19:40:39.0139080Z   npm error extraneous: jsonfile@6.2.1 /Users/runner/work/keepling/keepling/node_modules/jsonfile
desktop-promote	Generate the Hex and npm bills of materials from source	2026-09-13T19:40:39.0139630Z   npm error extraneous: junk@3.1.0 /Users/runner/work/keepling/keepling/node_modules/junk
desktop-promote	Generate the Hex and npm bills of materials from source	2026-09-13T19:40:39.0140160Z   npm error extraneous: keyv@4.5.4 /Users/runner/work/keepling/keepling/node_modules/keyv
desktop-promote	Generate the Hex and npm bills of materials from source	2026-09-13T19:40:39.0140700Z   npm error extraneous: kleur@4.1.5 /Users/runner/work/keepling/keepling/node_modules/kleur
desktop-promote	Generate the Hex and npm bills of materials from source	2026-09-13T19:40:39.0141250Z   npm error extraneous: levn@0.4.1 /Users/runner/work/keepling/keepling/node_modules/levn
desktop-promote	Generate the Hex and npm bills of materials from source	2026-09-13T19:40:39.0141980Z   npm error extraneous: lightningcss-darwin-arm64@1.33.0 /Users/runner/work/keepling/keepling/node_modules/lightningcss-darwin-arm64
desktop-promote	Generate the Hex and npm bills of materials from source	2026-09-13T19:40:39.0142720Z   npm error extraneous: lightningcss@1.33.0 /Users/runner/work/keepling/keepling/node_modules/lightningcss
desktop-promote	Generate the Hex and npm bills of materials from source	2026-09-13T19:40:39.0143410Z   npm error extraneous: lines-and-columns@1.2.4 /Users/runner/work/keepling/keepling/node_modules/lines-and-columns
desktop-promote	Generate the Hex and npm bills of materials from source	2026-09-13T19:40:39.0144040Z   npm error extraneous: listr2@7.0.2 /Users/runner/work/keepling/keepling/node_modules/listr2
desktop-promote	Generate the Hex and npm bills of materials from source	2026-09-13T19:40:39.0144670Z   npm error extraneous: load-json-file@2.0.0 /Users/runner/work/keepling/keepling/node_modules/load-json-file
desktop-promote	Generate the Hex and npm bills of materials from source	2026-09-13T19:40:39.0145500Z   npm error extraneous: locate-path@2.0.0 /Users/runner/work/keepling/keepling/node_modules/locate-path
desktop-promote	Generate the Hex and npm bills of materials from source	2026-09-13T19:40:39.0146140Z   npm error extraneous: lodash.get@4.4.2 /Users/runner/work/keepling/keepling/node_modules/lodash.get
desktop-promote	Generate the Hex and npm bills of materials from source	2026-09-13T19:40:39.0146840Z   npm error extraneous: log-symbols@4.1.0 /Users/runner/work/keepling/keepling/node_modules/log-symbols
desktop-promote	Generate the Hex and npm bills of materials from source	2026-09-13T19:40:39.0147480Z   npm error extraneous: log-update@5.0.1 /Users/runner/work/keepling/keepling/node_modules/log-update
desktop-promote	Generate the Hex and npm bills of materials from source	2026-09-13T19:40:39.0148150Z   npm error extraneous: lowercase-keys@2.0.0 /Users/runner/work/keepling/keepling/node_modules/lowercase-keys
desktop-promote	Generate the Hex and npm bills of materials from source	2026-09-13T19:40:39.0149700Z   npm error extraneous: lru-cache@11.5.2 /Users/runner/work/keepling/keepling/node_modules/lru-cache
desktop-promote	Generate the Hex and npm bills of materials from source	2026-09-13T19:40:39.0150410Z   npm error extraneous: lucide-react@1.39.0 /Users/runner/work/keepling/keepling/node_modules/lucide-react
desktop-promote	Generate the Hex and npm bills of materials from source	2026-09-13T19:40:39.0151040Z   npm error extraneous: lz-string@1.5.0 /Users/runner/work/keepling/keepling/node_modules/lz-string
desktop-promote	Generate the Hex and npm bills of materials from source	2026-09-13T19:40:39.0151660Z   npm error extraneous: magic-string@0.30.21 /Users/runner/work/keepling/keepling/node_modules/magic-string
desktop-promote	Generate the Hex and npm bills of materials from source	2026-09-13T19:40:39.0152360Z   npm error extraneous: make-fetch-happen@10.2.1 /Users/runner/work/keepling/keepling/node_modules/make-fetch-happen
desktop-promote	Generate the Hex and npm bills of materials from source	2026-09-13T19:40:39.0153070Z   npm error extraneous: map-age-cleaner@0.1.3 /Users/runner/work/keepling/keepling/node_modules/map-age-cleaner
desktop-promote	Generate the Hex and npm bills of materials from source	2026-09-13T19:40:39.0153690Z   npm error extraneous: matcher@3.0.0 /Users/runner/work/keepling/keepling/node_modules/matcher
desktop-promote	Generate the Hex and npm bills of materials from source	2026-09-13T19:40:39.0154350Z   npm error extraneous: math-intrinsics@1.1.0 /Users/runner/work/keepling/keepling/node_modules/math-intrinsics
desktop-promote	Generate the Hex and npm bills of materials from source	2026-09-13T19:40:39.0155000Z   npm error extraneous: mdn-data@2.27.1 /Users/runner/work/keepling/keepling/node_modules/mdn-data
desktop-promote	Generate the Hex and npm bills of materials from source	2026-09-13T19:40:39.0155620Z   npm error extraneous: media-typer@1.1.1 /Users/runner/work/keepling/keepling/node_modules/media-typer
desktop-promote	Generate the Hex and npm bills of materials from source	2026-09-13T19:40:39.0156190Z   npm error extraneous: mem@4.3.0 /Users/runner/work/keepling/keepling/node_modules/mem
desktop-promote	Generate the Hex and npm bills of materials from source	2026-09-13T19:40:39.0156830Z   npm error extraneous: merge-descriptors@2.0.0 /Users/runner/work/keepling/keepling/node_modules/merge-descriptors
desktop-promote	Generate the Hex and npm bills of materials from source	2026-09-13T19:40:39.0157520Z   npm error extraneous: merge-stream@2.0.0 /Users/runner/work/keepling/keepling/node_modules/merge-stream
desktop-promote	Generate the Hex and npm bills of materials from source	2026-09-13T19:40:39.0158110Z   npm error extraneous: merge2@1.4.1 /Users/runner/work/keepling/keepling/node_modules/merge2
desktop-promote	Generate the Hex and npm bills of materials from source	2026-09-13T19:40:39.0158700Z   npm error extraneous: micromatch@4.0.8 /Users/runner/work/keepling/keepling/node_modules/micromatch
desktop-promote	Generate the Hex and npm bills of materials from source	2026-09-13T19:40:39.0159280Z   npm error extraneous: mime-db@1.54.0 /Users/runner/work/keepling/keepling/node_modules/mime-db
desktop-promote	Generate the Hex and npm bills of materials from source	2026-09-13T19:40:39.0159870Z   npm error extraneous: mime-types@3.0.2 /Users/runner/work/keepling/keepling/node_modules/mime-types
desktop-promote	Generate the Hex and npm bills of materials from source	2026-09-13T19:40:39.0160480Z   npm error extraneous: mimic-fn@2.1.0 /Users/runner/work/keepling/keepling/node_modules/mimic-fn
desktop-promote	Generate the Hex and npm bills of materials from source	2026-09-13T19:40:39.0161180Z   npm error extraneous: mimic-function@5.0.1 /Users/runner/work/keepling/keepling/node_modules/mimic-function
desktop-promote	Generate the Hex and npm bills of materials from source	2026-09-13T19:40:39.0162370Z   npm error extraneous: mimic-response@1.0.1 /Users/runner/work/keepling/keepling/node_modules/mimic-response
desktop-promote	Generate the Hex and npm bills of materials from source	2026-09-13T19:40:39.0163070Z   npm error extraneous: min-indent@1.0.1 /Users/runner/work/keepling/keepling/node_modules/min-indent
desktop-promote	Generate the Hex and npm bills of materials from source	2026-09-13T19:40:39.0163700Z   npm error extraneous: minimatch@10.2.6 /Users/runner/work/keepling/keepling/node_modules/minimatch
desktop-promote	Generate the Hex and npm bills of materials from source	2026-09-13T19:40:39.0164300Z   npm error extraneous: minimist@1.2.8 /Users/runner/work/keepling/keepling/node_modules/minimist
desktop-promote	Generate the Hex and npm bills of materials from source	2026-09-13T19:40:39.0165080Z   npm error extraneous: minimizer-webpack-plugin@5.8.0 /Users/runner/work/keepling/keepling/node_modules/minimizer-webpack-plugin
desktop-promote	Generate the Hex and npm bills of materials from source	2026-09-13T19:40:39.0165860Z   npm error extraneous: minipass-collect@1.0.2 /Users/runner/work/keepling/keepling/node_modules/minipass-collect
desktop-promote	Generate the Hex and npm bills of materials from source	2026-09-13T19:40:39.0167530Z   npm error extraneous: minipass-fetch@2.1.2 /Users/runner/work/keepling/keepling/node_modules/minipass-fetch
desktop-promote	Generate the Hex and npm bills of materials from source	2026-09-13T19:40:39.0168310Z   npm error extraneous: minipass-flush@1.0.7 /Users/runner/work/keepling/keepling/node_modules/minipass-flush
desktop-promote	Generate the Hex and npm bills of materials from source	2026-09-13T19:40:39.0169480Z   npm error extraneous: minipass-pipeline@1.2.4 /Users/runner/work/keepling/keepling/node_modules/minipass-pipeline
desktop-promote	Generate the Hex and npm bills of materials from source	2026-09-13T19:40:39.0170630Z   npm error extraneous: minipass-sized@1.0.3 /Users/runner/work/keepling/keepling/node_modules/minipass-sized
desktop-promote	Generate the Hex and npm bills of materials from source	2026-09-13T19:40:39.0171260Z   npm error extraneous: minipass@3.3.6 /Users/runner/work/keepling/keepling/node_modules/minipass
desktop-promote	Generate the Hex and npm bills of materials from source	2026-09-13T19:40:39.0171960Z   npm error extraneous: minizlib@2.1.2 /Users/runner/work/keepling/keepling/node_modules/minizlib
desktop-promote	Generate the Hex and npm bills of materials from source	2026-09-13T19:40:39.0172530Z   npm error extraneous: mkdirp@1.0.4 /Users/runner/work/keepling/keepling/node_modules/mkdirp
desktop-promote	Generate the Hex and npm bills of materials from source	2026-09-13T19:40:39.0173130Z   npm error extraneous: mute-stream@1.0.0 /Users/runner/work/keepling/keepling/node_modules/mute-stream
desktop-promote	Generate the Hex and npm bills of materials from source	2026-09-13T19:40:39.0173720Z   npm error extraneous: nanoid@3.3.18 /Users/runner/work/keepling/keepling/node_modules/nanoid
desktop-promote	Generate the Hex and npm bills of materials from source	2026-09-13T19:40:39.0174780Z   npm error extraneous: natural-compare@1.4.0 /Users/runner/work/keepling/keepling/node_modules/natural-compare
desktop-promote	Generate the Hex and npm bills of materials from source	2026-09-13T19:40:39.0175440Z   npm error extraneous: negotiator@0.6.4 /Users/runner/work/keepling/keepling/node_modules/negotiator
desktop-promote	Generate the Hex and npm bills of materials from source	2026-09-13T19:40:39.0176050Z   npm error extraneous: neo-async@2.6.2 /Users/runner/work/keepling/keepling/node_modules/neo-async
desktop-promote	Generate the Hex and npm bills of materials from source	2026-09-13T19:40:39.0176630Z   npm error extraneous: nice-try@1.0.5 /Users/runner/work/keepling/keepling/node_modules/nice-try
desktop-promote	Generate the Hex and npm bills of materials from source	2026-09-13T19:40:39.0177210Z   npm error extraneous: node-abi@3.96.0 /Users/runner/work/keepling/keepling/node_modules/node-abi
desktop-promote	Generate the Hex and npm bills of materials from source	2026-09-13T19:40:39.0177850Z   npm error extraneous: node-api-version@0.2.1 /Users/runner/work/keepling/keepling/node_modules/node-api-version
desktop-promote	Generate the Hex and npm bills of materials from source	2026-09-13T19:40:39.0178510Z   npm error extraneous: node-fetch@2.7.0 /Users/runner/work/keepling/keepling/node_modules/node-fetch
desktop-promote	Generate the Hex and npm bills of materials from source	2026-09-13T19:40:39.0179220Z   npm error extraneous: node-releases@2.0.54 /Users/runner/work/keepling/keepling/node_modules/node-releases
desktop-promote	Generate the Hex and npm bills of materials from source	2026-09-13T19:40:39.0179800Z   npm error extraneous: nopt@6.0.0 /Users/runner/work/keepling/keepling/node_modules/nopt
desktop-promote	Generate the Hex and npm bills of materials from source	2026-09-13T19:40:39.0180480Z   npm error extraneous: normalize-package-data@2.5.0 /Users/runner/work/keepling/keepling/node_modules/normalize-package-data
desktop-promote	Generate the Hex and npm bills of materials from source	2026-09-13T19:40:39.0181200Z   npm error extraneous: normalize-url@6.1.0 /Users/runner/work/keepling/keepling/node_modules/normalize-url
desktop-promote	Generate the Hex and npm bills of materials from source	2026-09-13T19:40:39.0182270Z   npm error extraneous: npm-run-path@2.0.2 /Users/runner/work/keepling/keepling/node_modules/npm-run-path
desktop-promote	Generate the Hex and npm bills of materials from source	2026-09-13T19:40:39.0182920Z   npm error extraneous: object-assign@4.1.1 /Users/runner/work/keepling/keepling/node_modules/object-assign
desktop-promote	Generate the Hex and npm bills of materials from source	2026-09-13T19:40:39.0183600Z   npm error extraneous: object-inspect@1.13.4 /Users/runner/work/keepling/keepling/node_modules/object-inspect
desktop-promote	Generate the Hex and npm bills of materials from source	2026-09-13T19:40:39.0184250Z   npm error extraneous: object-keys@1.1.1 /Users/runner/work/keepling/keepling/node_modules/object-keys
desktop-promote	Generate the Hex and npm bills of materials from source	2026-09-13T19:40:39.0184900Z   npm error extraneous: object-treeify@1.1.33 /Users/runner/work/keepling/keepling/node_modules/object-treeify
desktop-promote	Generate the Hex and npm bills of materials from source	2026-09-13T19:40:39.0185580Z   npm error extraneous: obug@2.1.4 /Users/runner/work/keepling/keepling/node_modules/obug
desktop-promote	Generate the Hex and npm bills of materials from source	2026-09-13T19:40:39.0186160Z   npm error extraneous: on-finished@2.4.1 /Users/runner/work/keepling/keepling/node_modules/on-finished
desktop-promote	Generate the Hex and npm bills of materials from source	2026-09-13T19:40:39.0186720Z   npm error extraneous: once@1.4.0 /Users/runner/work/keepling/keepling/node_modules/once
desktop-promote	Generate the Hex and npm bills of materials from source	2026-09-13T19:40:39.0187280Z   npm error extraneous: onetime@5.1.2 /Users/runner/work/keepling/keepling/node_modules/onetime
desktop-promote	Generate the Hex and npm bills of materials from source	2026-09-13T19:40:39.0187820Z   npm error extraneous: open@8.4.2 /Users/runner/work/keepling/keepling/node_modules/open
desktop-promote	Generate the Hex and npm bills of materials from source	2026-09-13T19:40:39.0188990Z   npm error extraneous: optionator@0.9.4 /Users/runner/work/keepling/keepling/node_modules/optionator
desktop-promote	Generate the Hex and npm bills of materials from source	2026-09-13T19:40:39.0190050Z   npm error extraneous: ora@5.4.1 /Users/runner/work/keepling/keepling/node_modules/ora
desktop-promote	Generate the Hex and npm bills of materials from source	2026-09-13T19:40:39.0190630Z   npm error extraneous: os-tmpdir@1.0.2 /Users/runner/work/keepling/keepling/node_modules/os-tmpdir
desktop-promote	Generate the Hex and npm bills of materials from source	2026-09-13T19:40:39.0191250Z   npm error extraneous: p-cancelable@2.1.1 /Users/runner/work/keepling/keepling/node_modules/p-cancelable
desktop-promote	Generate the Hex and npm bills of materials from source	2026-09-13T19:40:39.0192030Z   npm error extraneous: p-defer@1.0.0 /Users/runner/work/keepling/keepling/node_modules/p-defer
desktop-promote	Generate the Hex and npm bills of materials from source	2026-09-13T19:40:39.0192620Z   npm error extraneous: p-finally@1.0.0 /Users/runner/work/keepling/keepling/node_modules/p-finally
desktop-promote	Generate the Hex and npm bills of materials from source	2026-09-13T19:40:39.0193260Z   npm error extraneous: p-is-promise@2.1.0 /Users/runner/work/keepling/keepling/node_modules/p-is-promise
desktop-promote	Generate the Hex and npm bills of materials from source	2026-09-13T19:40:39.0193860Z   npm error extraneous: p-limit@3.1.0 /Users/runner/work/keepling/keepling/node_modules/p-limit
desktop-promote	Generate the Hex and npm bills of materials from source	2026-09-13T19:40:39.0194580Z   npm error extraneous: p-locate@2.0.0 /Users/runner/work/keepling/keepling/node_modules/p-locate
desktop-promote	Generate the Hex and npm bills of materials from source	2026-09-13T19:40:39.0195180Z   npm error extraneous: p-map@4.0.0 /Users/runner/work/keepling/keepling/node_modules/p-map
desktop-promote	Generate the Hex and npm bills of materials from source	2026-09-13T19:40:39.0195730Z   npm error extraneous: p-try@1.0.0 /Users/runner/work/keepling/keepling/node_modules/p-try
desktop-promote	Generate the Hex and npm bills of materials from source	2026-09-13T19:40:39.0196360Z   npm error extraneous: parent-module@1.0.1 /Users/runner/work/keepling/keepling/node_modules/parent-module
desktop-promote	Generate the Hex and npm bills of materials from source	2026-09-13T19:40:39.0197080Z   npm error extraneous: parse-author@2.0.0 /Users/runner/work/keepling/keepling/node_modules/parse-author
desktop-promote	Generate the Hex and npm bills of materials from source	2026-09-13T19:40:39.0205270Z   npm error extraneous: parse-ms@4.0.0 /Users/runner/work/keepling/keepling/node_modules/parse-ms
desktop-promote	Generate the Hex and npm bills of materials from source	2026-09-13T19:40:39.0205880Z   npm error extraneous: parse5@8.0.1 /Users/runner/work/keepling/keepling/node_modules/parse5
desktop-promote	Generate the Hex and npm bills of materials from source	2026-09-13T19:40:39.0206450Z   npm error extraneous: parseurl@1.3.3 /Users/runner/work/keepling/keepling/node_modules/parseurl
desktop-promote	Generate the Hex and npm bills of materials from source	2026-09-13T19:40:39.0207080Z   npm error extraneous: path-browserify@1.0.1 /Users/runner/work/keepling/keepling/node_modules/path-browserify
desktop-promote	Generate the Hex and npm bills of materials from source	2026-09-13T19:40:39.0208170Z   npm error extraneous: path-exists@3.0.0 /Users/runner/work/keepling/keepling/node_modules/path-exists
desktop-promote	Generate the Hex and npm bills of materials from source	2026-09-13T19:40:39.0208860Z   npm error extraneous: path-is-absolute@1.0.1 /Users/runner/work/keepling/keepling/node_modules/path-is-absolute
desktop-promote	Generate the Hex and npm bills of materials from source	2026-09-13T19:40:39.0209490Z   npm error extraneous: path-key@3.1.1 /Users/runner/work/keepling/keepling/node_modules/path-key
desktop-promote	Generate the Hex and npm bills of materials from source	2026-09-13T19:40:39.0210100Z   npm error extraneous: path-parse@1.0.7 /Users/runner/work/keepling/keepling/node_modules/path-parse
desktop-promote	Generate the Hex and npm bills of materials from source	2026-09-13T19:40:39.0210840Z   npm error extraneous: path-to-regexp@8.4.2 /Users/runner/work/keepling/keepling/node_modules/path-to-regexp
desktop-promote	Generate the Hex and npm bills of materials from source	2026-09-13T19:40:39.0211460Z   npm error extraneous: path-type@2.0.0 /Users/runner/work/keepling/keepling/node_modules/path-type
desktop-promote	Generate the Hex and npm bills of materials from source	2026-09-13T19:40:39.0212030Z   npm error extraneous: pathe@2.0.3 /Users/runner/work/keepling/keepling/node_modules/pathe
desktop-promote	Generate the Hex and npm bills of materials from source	2026-09-13T19:40:39.0212610Z   npm error extraneous: pe-library@1.0.1 /Users/runner/work/keepling/keepling/node_modules/pe-library
desktop-promote	Generate the Hex and npm bills of materials from source	2026-09-13T19:40:39.0213650Z   npm error extraneous: pend@1.2.0 /Users/runner/work/keepling/keepling/node_modules/pend
desktop-promote	Generate the Hex and npm bills of materials from source	2026-09-13T19:40:39.0214290Z   npm error extraneous: picomatch@4.0.7 /Users/runner/work/keepling/keepling/node_modules/picomatch
desktop-promote	Generate the Hex and npm bills of materials from source	2026-09-13T19:40:39.0214860Z   npm error extraneous: pify@2.3.0 /Users/runner/work/keepling/keepling/node_modules/pify
desktop-promote	Generate the Hex and npm bills of materials from source	2026-09-13T19:40:39.0215470Z   npm error extraneous: pkce-challenge@5.0.1 /Users/runner/work/keepling/keepling/node_modules/pkce-challenge
desktop-promote	Generate the Hex and npm bills of materials from source	2026-09-13T19:40:39.0216080Z   npm error extraneous: pkg-up@3.1.0 /Users/runner/work/keepling/keepling/node_modules/pkg-up
desktop-promote	Generate the Hex and npm bills of materials from source	2026-09-13T19:40:39.0216710Z   npm error extraneous: playwright-core@1.62.1 /Users/runner/work/keepling/keepling/node_modules/playwright-core
desktop-promote	Generate the Hex and npm bills of materials from source	2026-09-13T19:40:39.0217370Z   npm error extraneous: playwright@1.62.1 /Users/runner/work/keepling/keepling/node_modules/playwright
desktop-promote	Generate the Hex and npm bills of materials from source	2026-09-13T19:40:39.0217940Z   npm error extraneous: plist@3.1.1 /Users/runner/work/keepling/keepling/node_modules/plist
desktop-promote	Generate the Hex and npm bills of materials from source	2026-09-13T19:40:39.0219130Z   npm error extraneous: postcss-selector-parser@7.1.5 /Users/runner/work/keepling/keepling/node_modules/postcss-selector-parser
desktop-promote	Generate the Hex and npm bills of materials from source	2026-09-13T19:40:39.0219820Z   npm error extraneous: postcss@8.5.26 /Users/runner/work/keepling/keepling/node_modules/postcss
desktop-promote	Generate the Hex and npm bills of materials from source	2026-09-13T19:40:39.0220560Z   npm error extraneous: postject@1.0.0-alpha.6 /Users/runner/work/keepling/keepling/node_modules/postject
desktop-promote	Generate the Hex and npm bills of materials from source	2026-09-13T19:40:39.0221240Z   npm error extraneous: powershell-utils@0.2.1 /Users/runner/work/keepling/keepling/node_modules/powershell-utils
desktop-promote	Generate the Hex and npm bills of materials from source	2026-09-13T19:40:39.0221990Z   npm error extraneous: prelude-ls@1.2.1 /Users/runner/work/keepling/keepling/node_modules/prelude-ls
desktop-promote	Generate the Hex and npm bills of materials from source	2026-09-13T19:40:39.0222580Z   npm error extraneous: prettier@3.9.6 /Users/runner/work/keepling/keepling/node_modules/prettier
desktop-promote	Generate the Hex and npm bills of materials from source	2026-09-13T19:40:39.0223210Z   npm error extraneous: pretty-format@27.5.1 /Users/runner/work/keepling/keepling/node_modules/pretty-format
desktop-promote	Generate the Hex and npm bills of materials from source	2026-09-13T19:40:39.0223830Z   npm error extraneous: pretty-ms@9.3.1 /Users/runner/work/keepling/keepling/node_modules/pretty-ms
desktop-promote	Generate the Hex and npm bills of materials from source	2026-09-13T19:40:39.0224850Z   npm error extraneous: proc-log@2.0.1 /Users/runner/work/keepling/keepling/node_modules/proc-log
desktop-promote	Generate the Hex and npm bills of materials from source	2026-09-13T19:40:39.0225450Z   npm error extraneous: progress@2.0.3 /Users/runner/work/keepling/keepling/node_modules/progress
desktop-promote	Generate the Hex and npm bills of materials from source	2026-09-13T19:40:39.0226100Z   npm error extraneous: promise-inflight@1.0.1 /Users/runner/work/keepling/keepling/node_modules/promise-inflight
desktop-promote	Generate the Hex and npm bills of materials from source	2026-09-13T19:40:39.0227000Z   npm error extraneous: promise-retry@2.0.1 /Users/runner/work/keepling/keepling/node_modules/promise-retry
desktop-promote	Generate the Hex and npm bills of materials from source	2026-09-13T19:40:39.0227620Z   npm error extraneous: prompts@2.4.2 /Users/runner/work/keepling/keepling/node_modules/prompts
desktop-promote	Generate the Hex and npm bills of materials from source	2026-09-13T19:40:39.0228220Z   npm error extraneous: proxy-addr@2.0.7 /Users/runner/work/keepling/keepling/node_modules/proxy-addr
desktop-promote	Generate the Hex and npm bills of materials from source	2026-09-13T19:40:39.0228780Z   npm error extraneous: pump@3.0.4 /Users/runner/work/keepling/keepling/node_modules/pump
desktop-promote	Generate the Hex and npm bills of materials from source	2026-09-13T19:40:39.0229960Z   npm error extraneous: punycode@2.3.1 /Users/runner/work/keepling/keepling/node_modules/punycode
desktop-promote	Generate the Hex and npm bills of materials from source	2026-09-13T19:40:39.0230590Z   npm error extraneous: qs@6.16.0 /Users/runner/work/keepling/keepling/node_modules/qs
desktop-promote	Generate the Hex and npm bills of materials from source	2026-09-13T19:40:39.0231230Z   npm error extraneous: queue-microtask@1.2.3 /Users/runner/work/keepling/keepling/node_modules/queue-microtask
desktop-promote	Generate the Hex and npm bills of materials from source	2026-09-13T19:40:39.0231890Z   npm error extraneous: quick-lru@5.1.1 /Users/runner/work/keepling/keepling/node_modules/quick-lru
desktop-promote	Generate the Hex and npm bills of materials from source	2026-09-13T19:40:39.0232620Z   npm error extraneous: range-parser@1.3.0 /Users/runner/work/keepling/keepling/node_modules/range-parser
desktop-promote	Generate the Hex and npm bills of materials from source	2026-09-13T19:40:39.0233230Z   npm error extraneous: raw-body@3.0.2 /Users/runner/work/keepling/keepling/node_modules/raw-body
desktop-promote	Generate the Hex and npm bills of materials from source	2026-09-13T19:40:39.0233860Z   npm error extraneous: react-dom@19.2.8 /Users/runner/work/keepling/keepling/node_modules/react-dom
desktop-promote	Generate the Hex and npm bills of materials from source	2026-09-13T19:40:39.0234460Z   npm error extraneous: react-is@17.0.2 /Users/runner/work/keepling/keepling/node_modules/react-is
desktop-promote	Generate the Hex and npm bills of materials from source	2026-09-13T19:40:39.0235210Z   npm error extraneous: react@19.2.8 /Users/runner/work/keepling/keepling/node_modules/react
desktop-promote	Generate the Hex and npm bills of materials from source	2026-09-13T19:40:39.0235950Z   npm error extraneous: read-binary-file-arch@1.0.6 /Users/runner/work/keepling/keepling/node_modules/read-binary-file-arch
desktop-promote	Generate the Hex and npm bills of materials from source	2026-09-13T19:40:39.0236650Z   npm error extraneous: read-pkg-up@2.0.0 /Users/runner/work/keepling/keepling/node_modules/read-pkg-up
desktop-promote	Generate the Hex and npm bills of materials from source	2026-09-13T19:40:39.0237290Z   npm error extraneous: read-pkg@2.0.0 /Users/runner/work/keepling/keepling/node_modules/read-pkg
desktop-promote	Generate the Hex and npm bills of materials from source	2026-09-13T19:40:39.0237940Z   npm error extraneous: readable-stream@3.6.2 /Users/runner/work/keepling/keepling/node_modules/readable-stream
desktop-promote	Generate the Hex and npm bills of materials from source	2026-09-13T19:40:39.0238660Z   npm error extraneous: recast@0.23.21 /Users/runner/work/keepling/keepling/node_modules/recast
desktop-promote	Generate the Hex and npm bills of materials from source	2026-09-13T19:40:39.0239230Z   npm error extraneous: rechoir@0.8.0 /Users/runner/work/keepling/keepling/node_modules/rechoir
desktop-promote	Generate the Hex and npm bills of materials from source	2026-09-13T19:40:39.0239810Z   npm error extraneous: redent@3.0.0 /Users/runner/work/keepling/keepling/node_modules/redent
desktop-promote	Generate the Hex and npm bills of materials from source	2026-09-13T19:40:39.0240770Z   npm error extraneous: require-directory@2.1.1 /Users/runner/work/keepling/keepling/node_modules/require-directory
desktop-promote	Generate the Hex and npm bills of materials from source	2026-09-13T19:40:39.0241440Z   npm error extraneous: resedit@2.0.3 /Users/runner/work/keepling/keepling/node_modules/resedit
desktop-promote	Generate the Hex and npm bills of materials from source	2026-09-13T19:40:39.0242620Z   npm error extraneous: reselect@5.3.0 /Users/runner/work/keepling/keepling/node_modules/reselect
desktop-promote	Generate the Hex and npm bills of materials from source	2026-09-13T19:40:39.0243480Z   npm error extraneous: resolve-alpn@1.2.1 /Users/runner/work/keepling/keepling/node_modules/resolve-alpn
desktop-promote	Generate the Hex and npm bills of materials from source	2026-09-13T19:40:39.0244150Z   npm error extraneous: resolve-from@4.0.0 /Users/runner/work/keepling/keepling/node_modules/resolve-from
desktop-promote	Generate the Hex and npm bills of materials from source	2026-09-13T19:40:39.0244860Z   npm error extraneous: resolve@1.22.12 /Users/runner/work/keepling/keepling/node_modules/resolve
desktop-promote	Generate the Hex and npm bills of materials from source	2026-09-13T19:40:39.0245530Z   npm error extraneous: responselike@2.0.1 /Users/runner/work/keepling/keepling/node_modules/responselike
desktop-promote	Generate the Hex and npm bills of materials from source	2026-09-13T19:40:39.0246200Z   npm error extraneous: restore-cursor@3.1.0 /Users/runner/work/keepling/keepling/node_modules/restore-cursor
desktop-promote	Generate the Hex and npm bills of materials from source	2026-09-13T19:40:39.0246820Z   npm error extraneous: retry@0.12.0 /Users/runner/work/keepling/keepling/node_modules/retry
desktop-promote	Generate the Hex and npm bills of materials from source	2026-09-13T19:40:39.0247400Z   npm error extraneous: reusify@1.1.0 /Users/runner/work/keepling/keepling/node_modules/reusify
desktop-promote	Generate the Hex and npm bills of materials from source	2026-09-13T19:40:39.0247990Z   npm error extraneous: rfdc@1.4.1 /Users/runner/work/keepling/keepling/node_modules/rfdc
desktop-promote	Generate the Hex and npm bills of materials from source	2026-09-13T19:40:39.0248560Z   npm error extraneous: rimraf@3.0.2 /Users/runner/work/keepling/keepling/node_modules/rimraf
desktop-promote	Generate the Hex and npm bills of materials from source	2026-09-13T19:40:39.0249140Z   npm error extraneous: roarr@2.15.4 /Users/runner/work/keepling/keepling/node_modules/roarr
desktop-promote	Generate the Hex and npm bills of materials from source	2026-09-13T19:40:39.0249750Z   npm error extraneous: rolldown@1.2.6 /Users/runner/work/keepling/keepling/node_modules/rolldown
desktop-promote	Generate the Hex and npm bills of materials from source	2026-09-13T19:40:39.0250320Z   npm error extraneous: router@2.2.0 /Users/runner/work/keepling/keepling/node_modules/router
desktop-promote	Generate the Hex and npm bills of materials from source	2026-09-13T19:40:39.7550360Z   npm error extraneous: run-applescript@7.1.0 /Users/runner/work/keepling/keepling/node_modules/run-applescript
desktop-promote	Generate the Hex and npm bills of materials from source	2026-09-13T19:40:39.7551810Z   npm error extraneous: run-parallel@1.2.0 /Users/runner/work/keepling/keepling/node_modules/run-parallel
desktop-promote	Generate the Hex and npm bills of materials from source	2026-09-13T19:40:39.7552730Z   npm error extraneous: safe-buffer@5.2.1 /Users/runner/work/keepling/keepling/node_modules/safe-buffer
desktop-promote	Generate the Hex and npm bills of materials from source	2026-09-13T19:40:39.7553490Z   npm error extraneous: safer-buffer@2.1.2 /Users/runner/work/keepling/keepling/node_modules/safer-buffer
desktop-promote	Generate the Hex and npm bills of materials from source	2026-09-13T19:40:39.7554100Z   npm error extraneous: saxes@6.0.0 /Users/runner/work/keepling/keepling/node_modules/saxes
desktop-promote	Generate the Hex and npm bills of materials from source	2026-09-13T19:40:39.7554830Z   npm error extraneous: scheduler@0.27.0 /Users/runner/work/keepling/keepling/node_modules/scheduler
desktop-promote	Generate the Hex and npm bills of materials from source	2026-09-13T19:40:39.7555450Z   npm error extraneous: schema-utils@4.3.3 /Users/runner/work/keepling/keepling/node_modules/schema-utils
desktop-promote	Generate the Hex and npm bills of materials from source	2026-09-13T19:40:39.7556110Z   npm error extraneous: semver-compare@1.0.0 /Users/runner/work/keepling/keepling/node_modules/semver-compare
desktop-promote	Generate the Hex and npm bills of materials from source	2026-09-13T19:40:39.7556730Z   npm error extraneous: semver@7.8.5 /Users/runner/work/keepling/keepling/node_modules/semver
desktop-promote	Generate the Hex and npm bills of materials from source	2026-09-13T19:40:39.7557300Z   npm error extraneous: send@1.2.1 /Users/runner/work/keepling/keepling/node_modules/send
desktop-promote	Generate the Hex and npm bills of materials from source	2026-09-13T19:40:39.7557990Z   npm error extraneous: serialize-error@7.0.1 /Users/runner/work/keepling/keepling/node_modules/serialize-error
desktop-promote	Generate the Hex and npm bills of materials from source	2026-09-13T19:40:39.7558660Z   npm error extraneous: serve-static@2.2.1 /Users/runner/work/keepling/keepling/node_modules/serve-static
desktop-promote	Generate the Hex and npm bills of materials from source	2026-09-13T19:40:39.7559320Z   npm error extraneous: setprototypeof@1.2.0 /Users/runner/work/keepling/keepling/node_modules/setprototypeof
desktop-promote	Generate the Hex and npm bills of materials from source	2026-09-13T19:40:39.7559950Z   npm error extraneous: shadcn@4.19.1 /Users/runner/work/keepling/keepling/node_modules/shadcn
desktop-promote	Generate the Hex and npm bills of materials from source	2026-09-13T19:40:39.7560580Z   npm error extraneous: shebang-command@2.0.0 /Users/runner/work/keepling/keepling/node_modules/shebang-command
desktop-promote	Generate the Hex and npm bills of materials from source	2026-09-13T19:40:39.7561260Z   npm error extraneous: shebang-regex@3.0.0 /Users/runner/work/keepling/keepling/node_modules/shebang-regex
desktop-promote	Generate the Hex and npm bills of materials from source	2026-09-13T19:40:39.7562410Z   npm error extraneous: side-channel-list@1.0.1 /Users/runner/work/keepling/keepling/node_modules/side-channel-list
desktop-promote	Generate the Hex and npm bills of materials from source	2026-09-13T19:40:39.7563120Z   npm error extraneous: side-channel-map@1.0.1 /Users/runner/work/keepling/keepling/node_modules/side-channel-map
desktop-promote	Generate the Hex and npm bills of materials from source	2026-09-13T19:40:39.7563900Z   npm error extraneous: side-channel-weakmap@1.0.2 /Users/runner/work/keepling/keepling/node_modules/side-channel-weakmap
desktop-promote	Generate the Hex and npm bills of materials from source	2026-09-13T19:40:39.7565000Z   npm error extraneous: side-channel@1.1.1 /Users/runner/work/keepling/keepling/node_modules/side-channel
desktop-promote	Generate the Hex and npm bills of materials from source	2026-09-13T19:40:39.7565660Z   npm error extraneous: siginfo@2.0.0 /Users/runner/work/keepling/keepling/node_modules/siginfo
desktop-promote	Generate the Hex and npm bills of materials from source	2026-09-13T19:40:39.7566320Z   npm error extraneous: signal-exit@3.0.7 /Users/runner/work/keepling/keepling/node_modules/signal-exit
desktop-promote	Generate the Hex and npm bills of materials from source	2026-09-13T19:40:39.7567000Z   npm error extraneous: sisteransi@1.0.5 /Users/runner/work/keepling/keepling/node_modules/sisteransi
desktop-promote	Generate the Hex and npm bills of materials from source	2026-09-13T19:40:39.7567660Z   npm error extraneous: slice-ansi@5.0.0 /Users/runner/work/keepling/keepling/node_modules/slice-ansi
desktop-promote	Generate the Hex and npm bills of materials from source	2026-09-13T19:40:39.7568340Z   npm error extraneous: smart-buffer@4.2.0 /Users/runner/work/keepling/keepling/node_modules/smart-buffer
desktop-promote	Generate the Hex and npm bills of materials from source	2026-09-13T19:40:39.7569180Z   npm error extraneous: socks-proxy-agent@7.0.0 /Users/runner/work/keepling/keepling/node_modules/socks-proxy-agent
desktop-promote	Generate the Hex and npm bills of materials from source	2026-09-13T19:40:39.7569910Z   npm error extraneous: socks@2.8.9 /Users/runner/work/keepling/keepling/node_modules/socks
desktop-promote	Generate the Hex and npm bills of materials from source	2026-09-13T19:40:39.7570570Z   npm error extraneous: source-map-js@1.2.1 /Users/runner/work/keepling/keepling/node_modules/source-map-js
desktop-promote	Generate the Hex and npm bills of materials from source	2026-09-13T19:40:39.7571300Z   npm error extraneous: source-map-support@0.5.21 /Users/runner/work/keepling/keepling/node_modules/source-map-support
desktop-promote	Generate the Hex and npm bills of materials from source	2026-09-13T19:40:39.7572040Z   npm error extraneous: source-map@0.6.1 /Users/runner/work/keepling/keepling/node_modules/source-map
desktop-promote	Generate the Hex and npm bills of materials from source	2026-09-13T19:40:39.7591590Z   npm error extraneous: spdx-correct@3.2.0 /Users/runner/work/keepling/keepling/node_modules/spdx-correct
desktop-promote	Generate the Hex and npm bills of materials from source	2026-09-13T19:40:39.7594670Z   npm error extraneous: spdx-exceptions@2.5.0 /Users/runner/work/keepling/keepling/node_modules/spdx-exceptions
desktop-promote	Generate the Hex and npm bills of materials from source	2026-09-13T19:40:39.7597370Z   npm error extraneous: spdx-expression-parse@3.0.1 /Users/runner/work/keepling/keepling/node_modules/spdx-expression-parse
desktop-promote	Generate the Hex and npm bills of materials from source	2026-09-13T19:40:39.7599860Z   npm error extraneous: spdx-license-ids@3.0.23 /Users/runner/work/keepling/keepling/node_modules/spdx-license-ids
desktop-promote	Generate the Hex and npm bills of materials from source	2026-09-13T19:40:39.7601410Z   npm error extraneous: sprintf-js@1.1.3 /Users/runner/work/keepling/keepling/node_modules/sprintf-js
desktop-promote	Generate the Hex and npm bills of materials from source	2026-09-13T19:40:39.7602040Z   npm error extraneous: ssri@9.0.1 /Users/runner/work/keepling/keepling/node_modules/ssri
desktop-promote	Generate the Hex and npm bills of materials from source	2026-09-13T19:40:39.7603370Z   npm error extraneous: stackback@0.0.2 /Users/runner/work/keepling/keepling/node_modules/stackback
desktop-promote	Generate the Hex and npm bills of materials from source	2026-09-13T19:40:39.7604020Z   npm error extraneous: statuses@2.0.2 /Users/runner/work/keepling/keepling/node_modules/statuses
desktop-promote	Generate the Hex and npm bills of materials from source	2026-09-13T19:40:39.7604700Z   npm error extraneous: std-env@4.2.0 /Users/runner/work/keepling/keepling/node_modules/std-env
desktop-promote	Generate the Hex and npm bills of materials from source	2026-09-13T19:40:39.7605450Z   npm error extraneous: stdin-discarder@0.2.2 /Users/runner/work/keepling/keepling/node_modules/stdin-discarder
desktop-promote	Generate the Hex and npm bills of materials from source	2026-09-13T19:40:39.7606170Z   npm error extraneous: string_decoder@1.3.0 /Users/runner/work/keepling/keepling/node_modules/string_decoder
desktop-promote	Generate the Hex and npm bills of materials from source	2026-09-13T19:40:39.7606820Z   npm error extraneous: string-width@4.2.3 /Users/runner/work/keepling/keepling/node_modules/string-width
desktop-promote	Generate the Hex and npm bills of materials from source	2026-09-13T19:40:39.7607520Z   npm error extraneous: stringify-object@5.0.0 /Users/runner/work/keepling/keepling/node_modules/stringify-object
desktop-promote	Generate the Hex and npm bills of materials from source	2026-09-13T19:40:39.7608270Z   npm error extraneous: strip-ansi@6.0.1 /Users/runner/work/keepling/keepling/node_modules/strip-ansi
desktop-promote	Generate the Hex and npm bills of materials from source	2026-09-13T19:40:39.7608880Z   npm error extraneous: strip-bom@3.0.0 /Users/runner/work/keepling/keepling/node_modules/strip-bom
desktop-promote	Generate the Hex and npm bills of materials from source	2026-09-13T19:40:39.7609510Z   npm error extraneous: strip-eof@1.0.0 /Users/runner/work/keepling/keepling/node_modules/strip-eof
desktop-promote	Generate the Hex and npm bills of materials from source	2026-09-13T19:40:39.7610290Z   npm error extraneous: strip-final-newline@2.0.0 /Users/runner/work/keepling/keepling/node_modules/strip-final-newline
desktop-promote	Generate the Hex and npm bills of materials from source	2026-09-13T19:40:39.7611520Z   npm error extraneous: strip-indent@3.0.0 /Users/runner/work/keepling/keepling/node_modules/strip-indent
desktop-promote	Generate the Hex and npm bills of materials from source	2026-09-13T19:40:39.7612270Z   npm error extraneous: strip-outer@1.0.1 /Users/runner/work/keepling/keepling/node_modules/strip-outer
desktop-promote	Generate the Hex and npm bills of materials from source	2026-09-13T19:40:39.7613350Z   npm error extraneous: sumchecker@3.0.1 /Users/runner/work/keepling/keepling/node_modules/sumchecker
desktop-promote	Generate the Hex and npm bills of materials from source	2026-09-13T19:40:39.7614250Z   npm error extraneous: supports-preserve-symlinks-flag@1.0.0 /Users/runner/work/keepling/keepling/node_modules/supports-preserve-symlinks-flag
desktop-promote	Generate the Hex and npm bills of materials from source	2026-09-13T19:40:39.7615140Z   npm error extraneous: symbol-tree@3.2.4 /Users/runner/work/keepling/keepling/node_modules/symbol-tree
desktop-promote	Generate the Hex and npm bills of materials from source	2026-09-13T19:40:39.7615880Z   npm error extraneous: systeminformation@5.33.7 /Users/runner/work/keepling/keepling/node_modules/systeminformation
desktop-promote	Generate the Hex and npm bills of materials from source	2026-09-13T19:40:39.7616640Z   npm error extraneous: tailwind-merge@3.6.0 /Users/runner/work/keepling/keepling/node_modules/tailwind-merge
desktop-promote	Generate the Hex and npm bills of materials from source	2026-09-13T19:40:39.7617360Z   npm error extraneous: tailwindcss@4.3.3 /Users/runner/work/keepling/keepling/node_modules/tailwindcss
desktop-promote	Generate the Hex and npm bills of materials from source	2026-09-13T19:40:39.7617950Z   npm error extraneous: tapable@2.3.3 /Users/runner/work/keepling/keepling/node_modules/tapable
desktop-promote	Generate the Hex and npm bills of materials from source	2026-09-13T19:40:39.7618540Z   npm error extraneous: tar@6.2.1 /Users/runner/work/keepling/keepling/node_modules/tar
desktop-promote	Generate the Hex and npm bills of materials from source	2026-09-13T19:40:39.7619150Z   npm error extraneous: terser@5.51.2 /Users/runner/work/keepling/keepling/node_modules/terser
desktop-promote	Generate the Hex and npm bills of materials from source	2026-09-13T19:40:39.7619780Z   npm error extraneous: tiny-invariant@1.3.3 /Users/runner/work/keepling/keepling/node_modules/tiny-invariant
desktop-promote	Generate the Hex and npm bills of materials from source	2026-09-13T19:40:39.7620410Z   npm error extraneous: tinybench@2.9.0 /Users/runner/work/keepling/keepling/node_modules/tinybench
desktop-promote	Generate the Hex and npm bills of materials from source	2026-09-13T19:40:39.7621000Z   npm error extraneous: tinyexec@1.3.0 /Users/runner/work/keepling/keepling/node_modules/tinyexec
desktop-promote	Generate the Hex and npm bills of materials from source	2026-09-13T19:40:39.7621610Z   npm error extraneous: tinyglobby@0.2.17 /Users/runner/work/keepling/keepling/node_modules/tinyglobby
desktop-promote	Generate the Hex and npm bills of materials from source	2026-09-13T19:40:39.7622230Z   npm error extraneous: tinyrainbow@3.1.1 /Users/runner/work/keepling/keepling/node_modules/tinyrainbow
desktop-promote	Generate the Hex and npm bills of materials from source	2026-09-13T19:40:39.7622860Z   npm error extraneous: tldts-core@7.4.11 /Users/runner/work/keepling/keepling/node_modules/tldts-core
desktop-promote	Generate the Hex and npm bills of materials from source	2026-09-13T19:40:39.7623440Z   npm error extraneous: tldts@7.4.11 /Users/runner/work/keepling/keepling/node_modules/tldts
desktop-promote	Generate the Hex and npm bills of materials from source	2026-09-13T19:40:39.7623970Z   npm error extraneous: tmp@0.0.33 /Users/runner/work/keepling/keepling/node_modules/tmp
desktop-promote	Generate the Hex and npm bills of materials from source	2026-09-13T19:40:39.7624570Z   npm error extraneous: to-regex-range@5.0.1 /Users/runner/work/keepling/keepling/node_modules/to-regex-range
desktop-promote	Generate the Hex and npm bills of materials from source	2026-09-13T19:40:39.7625240Z   npm error extraneous: toidentifier@1.0.1 /Users/runner/work/keepling/keepling/node_modules/toidentifier
desktop-promote	Generate the Hex and npm bills of materials from source	2026-09-13T19:40:39.7625880Z   npm error extraneous: tough-cookie@6.0.2 /Users/runner/work/keepling/keepling/node_modules/tough-cookie
desktop-promote	Generate the Hex and npm bills of materials from source	2026-09-13T19:40:39.7626470Z   npm error extraneous: tr46@6.0.0 /Users/runner/work/keepling/keepling/node_modules/tr46
desktop-promote	Generate the Hex and npm bills of materials from source	2026-09-13T19:40:39.7627070Z   npm error extraneous: trim-repeated@1.0.0 /Users/runner/work/keepling/keepling/node_modules/trim-repeated
desktop-promote	Generate the Hex and npm bills of materials from source	2026-09-13T19:40:39.7627710Z   npm error extraneous: ts-api-utils@2.5.0 /Users/runner/work/keepling/keepling/node_modules/ts-api-utils
desktop-promote	Generate the Hex and npm bills of materials from source	2026-09-13T19:40:39.7628330Z   npm error extraneous: ts-morph@26.0.0 /Users/runner/work/keepling/keepling/node_modules/ts-morph
desktop-promote	Generate the Hex and npm bills of materials from source	2026-09-13T19:40:39.7628960Z   npm error extraneous: tsconfig-paths@4.2.0 /Users/runner/work/keepling/keepling/node_modules/tsconfig-paths
desktop-promote	Generate the Hex and npm bills of materials from source	2026-09-13T19:40:39.7629560Z   npm error extraneous: tslib@2.8.1 /Users/runner/work/keepling/keepling/node_modules/tslib
desktop-promote	Generate the Hex and npm bills of materials from source	2026-09-13T19:40:39.7630170Z   npm error extraneous: tw-animate-css@1.4.0 /Users/runner/work/keepling/keepling/node_modules/tw-animate-css
desktop-promote	Generate the Hex and npm bills of materials from source	2026-09-13T19:40:39.7630810Z   npm error extraneous: type-check@0.4.0 /Users/runner/work/keepling/keepling/node_modules/type-check
desktop-promote	Generate the Hex and npm bills of materials from source	2026-09-13T19:40:39.7632010Z   npm error extraneous: type-is@2.1.0 /Users/runner/work/keepling/keepling/node_modules/type-is
desktop-promote	Generate the Hex and npm bills of materials from source	2026-09-13T19:40:39.7634730Z   npm error extraneous: typescript-eslint@8.69.0 /Users/runner/work/keepling/keepling/node_modules/typescript-eslint
desktop-promote	Generate the Hex and npm bills of materials from source	2026-09-13T19:40:39.7636820Z   npm error extraneous: undici-types@7.18.2 /Users/runner/work/keepling/keepling/node_modules/undici-types
desktop-promote	Generate the Hex and npm bills of materials from source	2026-09-13T19:40:39.7639050Z   npm error extraneous: undici@7.29.0 /Users/runner/work/keepling/keepling/node_modules/undici
desktop-promote	Generate the Hex and npm bills of materials from source	2026-09-13T19:40:39.7640680Z   npm error extraneous: unicorn-magic@0.3.0 /Users/runner/work/keepling/keepling/node_modules/unicorn-magic
desktop-promote	Generate the Hex and npm bills of materials from source	2026-09-13T19:40:39.7642440Z   npm error extraneous: unique-filename@2.0.1 /Users/runner/work/keepling/keepling/node_modules/unique-filename
desktop-promote	Generate the Hex and npm bills of materials from source	2026-09-13T19:40:39.7644280Z   npm error extraneous: unique-slug@3.0.0 /Users/runner/work/keepling/keepling/node_modules/unique-slug
desktop-promote	Generate the Hex and npm bills of materials from source	2026-09-13T19:40:39.7645050Z   npm error extraneous: universalify@2.0.1 /Users/runner/work/keepling/keepling/node_modules/universalify
desktop-promote	Generate the Hex and npm bills of materials from source	2026-09-13T19:40:39.7645680Z   npm error extraneous: unpipe@1.0.0 /Users/runner/work/keepling/keepling/node_modules/unpipe
desktop-promote	Generate the Hex and npm bills of materials from source	2026-09-13T19:40:39.7646370Z   npm error extraneous: update-browserslist-db@1.3.2 /Users/runner/work/keepling/keepling/node_modules/update-browserslist-db
desktop-promote	Generate the Hex and npm bills of materials from source	2026-09-13T19:40:39.7647050Z   npm error extraneous: uri-js@4.4.1 /Users/runner/work/keepling/keepling/node_modules/uri-js
desktop-promote	Generate the Hex and npm bills of materials from source	2026-09-13T19:40:39.7647750Z   npm error extraneous: use-sync-external-store@1.6.0 /Users/runner/work/keepling/keepling/node_modules/use-sync-external-store
desktop-promote	Generate the Hex and npm bills of materials from source	2026-09-13T19:40:39.7648450Z   npm error extraneous: username@5.1.0 /Users/runner/work/keepling/keepling/node_modules/username
desktop-promote	Generate the Hex and npm bills of materials from source	2026-09-13T19:40:39.7649100Z   npm error extraneous: util-deprecate@1.0.2 /Users/runner/work/keepling/keepling/node_modules/util-deprecate
desktop-promote	Generate the Hex and npm bills of materials from source	2026-09-13T19:40:39.7649900Z   npm error extraneous: validate-npm-package-license@3.0.4 /Users/runner/work/keepling/keepling/node_modules/validate-npm-package-license
desktop-promote	Generate the Hex and npm bills of materials from source	2026-09-13T19:40:39.7650780Z   npm error extraneous: validate-npm-package-name@7.0.2 /Users/runner/work/keepling/keepling/node_modules/validate-npm-package-name
desktop-promote	Generate the Hex and npm bills of materials from source	2026-09-13T19:40:39.7651450Z   npm error extraneous: vary@1.1.2 /Users/runner/work/keepling/keepling/node_modules/vary
desktop-promote	Generate the Hex and npm bills of materials from source	2026-09-13T19:40:39.7651980Z   npm error extraneous: vite@8.2.2 /Users/runner/work/keepling/keepling/node_modules/vite
desktop-promote	Generate the Hex and npm bills of materials from source	2026-09-13T19:40:39.7652530Z   npm error extraneous: vitest@4.1.11 /Users/runner/work/keepling/keepling/node_modules/vitest
desktop-promote	Generate the Hex and npm bills of materials from source	2026-09-13T19:40:39.7653190Z   npm error extraneous: w3c-xmlserializer@5.0.0 /Users/runner/work/keepling/keepling/node_modules/w3c-xmlserializer
desktop-promote	Generate the Hex and npm bills of materials from source	2026-09-13T19:40:39.7653960Z   npm error extraneous: watchpack@2.5.2 /Users/runner/work/keepling/keepling/node_modules/watchpack
desktop-promote	Generate the Hex and npm bills of materials from source	2026-09-13T19:40:39.7654560Z   npm error extraneous: wcwidth@1.0.1 /Users/runner/work/keepling/keepling/node_modules/wcwidth
desktop-promote	Generate the Hex and npm bills of materials from source	2026-09-13T19:40:39.7655240Z   npm error extraneous: webidl-conversions@8.0.1 /Users/runner/work/keepling/keepling/node_modules/webidl-conversions
desktop-promote	Generate the Hex and npm bills of materials from source	2026-09-13T19:40:39.7655950Z   npm error extraneous: webpack-sources@3.5.1 /Users/runner/work/keepling/keepling/node_modules/webpack-sources
desktop-promote	Generate the Hex and npm bills of materials from source	2026-09-13T19:40:39.7656590Z   npm error extraneous: webpack@5.110.3 /Users/runner/work/keepling/keepling/node_modules/webpack
desktop-promote	Generate the Hex and npm bills of materials from source	2026-09-13T19:40:39.7657250Z   npm error extraneous: whatwg-mimetype@5.0.0 /Users/runner/work/keepling/keepling/node_modules/whatwg-mimetype
desktop-promote	Generate the Hex and npm bills of materials from source	2026-09-13T19:40:39.7657910Z   npm error extraneous: whatwg-url@5.0.0 /Users/runner/work/keepling/keepling/node_modules/whatwg-url
desktop-promote	Generate the Hex and npm bills of materials from source	2026-09-13T19:40:39.7658480Z   npm error extraneous: which@2.0.2 /Users/runner/work/keepling/keepling/node_modules/which
desktop-promote	Generate the Hex and npm bills of materials from source	2026-09-13T19:40:39.7659140Z   npm error extraneous: why-is-node-running@2.3.0 /Users/runner/work/keepling/keepling/node_modules/why-is-node-running
desktop-promote	Generate the Hex and npm bills of materials from source	2026-09-13T19:40:39.7659810Z   npm error extraneous: word-wrap@1.2.5 /Users/runner/work/keepling/keepling/node_modules/word-wrap
desktop-promote	Generate the Hex and npm bills of materials from source	2026-09-13T19:40:39.7660410Z   npm error extraneous: wrap-ansi@8.1.0 /Users/runner/work/keepling/keepling/node_modules/wrap-ansi
desktop-promote	Generate the Hex and npm bills of materials from source	2026-09-13T19:40:39.7661300Z   npm error extraneous: wrappy@1.0.2 /Users/runner/work/keepling/keepling/node_modules/wrappy
desktop-promote	Generate the Hex and npm bills of materials from source	2026-09-13T19:40:39.7661880Z   npm error extraneous: wsl-utils@1.0.0 /Users/runner/work/keepling/keepling/node_modules/wsl-utils
desktop-promote	Generate the Hex and npm bills of materials from source	2026-09-13T19:40:39.7662700Z   npm error extraneous: xml-name-validator@5.0.0 /Users/runner/work/keepling/keepling/node_modules/xml-name-validator
desktop-promote	Generate the Hex and npm bills of materials from source	2026-09-13T19:40:39.7663400Z   npm error extraneous: xmlbuilder@15.1.1 /Users/runner/work/keepling/keepling/node_modules/xmlbuilder
desktop-promote	Generate the Hex and npm bills of materials from source	2026-09-13T19:40:39.7664380Z   npm error extraneous: xmlchars@2.2.0 /Users/runner/work/keepling/keepling/node_modules/xmlchars
desktop-promote	Generate the Hex and npm bills of materials from source	2026-09-13T19:40:39.7664990Z   npm error extraneous: y18n@5.0.8 /Users/runner/work/keepling/keepling/node_modules/y18n
desktop-promote	Generate the Hex and npm bills of materials from source	2026-09-13T19:40:39.7665550Z   npm error extraneous: yallist@4.0.0 /Users/runner/work/keepling/keepling/node_modules/yallist
desktop-promote	Generate the Hex and npm bills of materials from source	2026-09-13T19:40:39.7666120Z   npm error extraneous: yargs@17.7.3 /Users/runner/work/keepling/keepling/node_modules/yargs
desktop-promote	Generate the Hex and npm bills of materials from source	2026-09-13T19:40:39.7666680Z   npm error extraneous: yauzl@2.10.0 /Users/runner/work/keepling/keepling/node_modules/yauzl
desktop-promote	Generate the Hex and npm bills of materials from source	2026-09-13T19:40:39.7667270Z   npm error extraneous: yocto-queue@0.1.0 /Users/runner/work/keepling/keepling/node_modules/yocto-queue
desktop-promote	Generate the Hex and npm bills of materials from source	2026-09-13T19:40:39.7667940Z   npm error extraneous: yocto-spinner@1.2.2 /Users/runner/work/keepling/keepling/node_modules/yocto-spinner
desktop-promote	Generate the Hex and npm bills of materials from source	2026-09-13T19:40:39.7668670Z   npm error extraneous: yoctocolors-cjs@2.1.3 /Users/runner/work/keepling/keepling/node_modules/yoctocolors-cjs
desktop-promote	Generate the Hex and npm bills of materials from source	2026-09-13T19:40:39.7669330Z   npm error extraneous: yoctocolors@2.2.0 /Users/runner/work/keepling/keepling/node_modules/yoctocolors
desktop-promote	Generate the Hex and npm bills of materials from source	2026-09-13T19:40:39.7670020Z   npm error extraneous: zod-to-json-schema@3.25.2 /Users/runner/work/keepling/keepling/node_modules/zod-to-json-schema
desktop-promote	Generate the Hex and npm bills of materials from source	2026-09-13T19:40:39.7670780Z   npm error extraneous: zod-validation-error@4.0.2 /Users/runner/work/keepling/keepling/node_modules/zod-validation-error
desktop-promote	Generate the Hex and npm bills of materials from source	2026-09-13T19:40:39.7671550Z   npm error extraneous: zod@4.5.4 /Users/runner/work/keepling/keepling/node_modules/zod
desktop-promote	Generate the Hex and npm bills of materials from source	2026-09-13T19:40:39.7684180Z   npm error extraneous: semver@6.3.1 /Users/runner/work/keepling/keepling/node_modules/@babel/core/node_modules/semver
desktop-promote	Generate the Hex and npm bills of materials from source	2026-09-13T19:40:39.7685170Z   npm error extraneous: lru-cache@5.1.1 /Users/runner/work/keepling/keepling/node_modules/@babel/helper-compilation-targets/node_modules/lru-cache
desktop-promote	Generate the Hex and npm bills of materials from source	2026-09-13T19:40:39.7686110Z   npm error extraneous: semver@6.3.1 /Users/runner/work/keepling/keepling/node_modules/@babel/helper-compilation-targets/node_modules/semver
desktop-promote	Generate the Hex and npm bills of materials from source	2026-09-13T19:40:39.7687010Z   npm error extraneous: yallist@3.1.1 /Users/runner/work/keepling/keepling/node_modules/@babel/helper-compilation-targets/node_modules/yallist
desktop-promote	Generate the Hex and npm bills of materials from source	2026-09-13T19:40:39.7687950Z   npm error extraneous: semver@6.3.1 /Users/runner/work/keepling/keepling/node_modules/@babel/helper-create-class-features-plugin/node_modules/semver
desktop-promote	Generate the Hex and npm bills of materials from source	2026-09-13T19:40:39.7688810Z   npm error extraneous: execa@5.1.1 /Users/runner/work/keepling/keepling/node_modules/@dotenvx/dotenvx/node_modules/execa
desktop-promote	Generate the Hex and npm bills of materials from source	2026-09-13T19:40:39.7689610Z   npm error extraneous: get-stream@6.0.1 /Users/runner/work/keepling/keepling/node_modules/@dotenvx/dotenvx/node_modules/get-stream
desktop-promote	Generate the Hex and npm bills of materials from source	2026-09-13T19:40:39.7690420Z   npm error extraneous: is-stream@2.0.1 /Users/runner/work/keepling/keepling/node_modules/@dotenvx/dotenvx/node_modules/is-stream
desktop-promote	Generate the Hex and npm bills of materials from source	2026-09-13T19:40:39.7691200Z   npm error extraneous: isexe@3.1.5 /Users/runner/work/keepling/keepling/node_modules/@dotenvx/dotenvx/node_modules/isexe
desktop-promote	Generate the Hex and npm bills of materials from source	2026-09-13T19:40:39.7692000Z   npm error extraneous: npm-run-path@4.0.1 /Users/runner/work/keepling/keepling/node_modules/@dotenvx/dotenvx/node_modules/npm-run-path
desktop-promote	Generate the Hex and npm bills of materials from source	2026-09-13T19:40:39.7692780Z   npm error extraneous: which@4.0.0 /Users/runner/work/keepling/keepling/node_modules/@dotenvx/dotenvx/node_modules/which
desktop-promote	Generate the Hex and npm bills of materials from source	2026-09-13T19:40:39.7693660Z   npm error extraneous: typescript@5.4.5 /Users/runner/work/keepling/keepling/node_modules/@electron-forge/template-webpack-typescript/node_modules/typescript
desktop-promote	Generate the Hex and npm bills of materials from source	2026-09-13T19:40:39.7695700Z   npm error extraneous: brace-expansion@1.1.18 /Users/runner/work/keepling/keepling/node_modules/@electron/asar/node_modules/brace-expansion
desktop-promote	Generate the Hex and npm bills of materials from source	2026-09-13T19:40:39.7696540Z   npm error extraneous: commander@5.1.0 /Users/runner/work/keepling/keepling/node_modules/@electron/asar/node_modules/commander
desktop-promote	Generate the Hex and npm bills of materials from source	2026-09-13T19:40:39.7697600Z   npm error extraneous: minimatch@3.1.5 /Users/runner/work/keepling/keepling/node_modules/@electron/asar/node_modules/minimatch
desktop-promote	Generate the Hex and npm bills of materials from source	2026-09-13T19:40:39.7698390Z   npm error extraneous: fs-extra@8.1.0 /Users/runner/work/keepling/keepling/node_modules/@electron/get/node_modules/fs-extra
desktop-promote	Generate the Hex and npm bills of materials from source	2026-09-13T19:40:39.7699200Z   npm error extraneous: jsonfile@4.0.0 /Users/runner/work/keepling/keepling/node_modules/@electron/get/node_modules/jsonfile
desktop-promote	Generate the Hex and npm bills of materials from source	2026-09-13T19:40:39.7699990Z   npm error extraneous: semver@6.3.1 /Users/runner/work/keepling/keepling/node_modules/@electron/get/node_modules/semver
desktop-promote	Generate the Hex and npm bills of materials from source	2026-09-13T19:40:39.7700870Z   npm error extraneous: universalify@0.1.2 /Users/runner/work/keepling/keepling/node_modules/@electron/get/node_modules/universalify
desktop-promote	Generate the Hex and npm bills of materials from source	2026-09-13T19:40:39.7701690Z   npm error extraneous: glob@8.1.0 /Users/runner/work/keepling/keepling/node_modules/@electron/node-gyp/node_modules/glob
desktop-promote	Generate the Hex and npm bills of materials from source	2026-09-13T19:40:39.7702490Z   npm error extraneous: minimatch@5.1.9 /Users/runner/work/keepling/keepling/node_modules/@electron/node-gyp/node_modules/minimatch
desktop-promote	Generate the Hex and npm bills of materials from source	2026-09-13T19:40:39.7703290Z   npm error extraneous: fs-extra@9.1.0 /Users/runner/work/keepling/keepling/node_modules/@electron/notarize/node_modules/fs-extra
desktop-promote	Generate the Hex and npm bills of materials from source	2026-09-13T19:40:39.7704110Z   npm error extraneous: fs-extra@11.4.0 /Users/runner/work/keepling/keepling/node_modules/@electron/packager/node_modules/fs-extra
desktop-promote	Generate the Hex and npm bills of materials from source	2026-09-13T19:40:39.7704890Z   npm error invalid: @electron/node-gyp@10.2.0-electron.1 /Users/runner/work/keepling/keepling/node_modules/@electron/node-gyp
desktop-promote	Generate the Hex and npm bills of materials from source	2026-09-13T19:40:39.7705680Z   npm error extraneous: fs-extra@11.4.0 /Users/runner/work/keepling/keepling/node_modules/@electron/universal/node_modules/fs-extra
desktop-promote	Generate the Hex and npm bills of materials from source	2026-09-13T19:40:39.7706490Z   npm error extraneous: minimatch@9.0.9 /Users/runner/work/keepling/keepling/node_modules/@electron/universal/node_modules/minimatch
desktop-promote	Generate the Hex and npm bills of materials from source	2026-09-13T19:40:39.7707300Z   npm error extraneous: fs-extra@11.4.0 /Users/runner/work/keepling/keepling/node_modules/@electron/windows-sign/node_modules/fs-extra
desktop-promote	Generate the Hex and npm bills of materials from source	2026-09-13T19:40:39.7708230Z   npm error extraneous: eslint-visitor-keys@3.4.3 /Users/runner/work/keepling/keepling/node_modules/@eslint-community/eslint-utils/node_modules/eslint-visitor-keys
desktop-promote	Generate the Hex and npm bills of materials from source	2026-09-13T19:40:39.7709150Z   npm error extraneous: @types/node@22.20.1 /Users/runner/work/keepling/keepling/node_modules/@inquirer/core/node_modules/@types/node
desktop-promote	Generate the Hex and npm bills of materials from source	2026-09-13T19:40:39.7709960Z   npm error extraneous: signal-exit@4.1.0 /Users/runner/work/keepling/keepling/node_modules/@inquirer/core/node_modules/signal-exit
desktop-promote	Generate the Hex and npm bills of materials from source	2026-09-13T19:40:39.7710800Z   npm error extraneous: undici-types@6.21.0 /Users/runner/work/keepling/keepling/node_modules/@inquirer/core/node_modules/undici-types
desktop-promote	Generate the Hex and npm bills of materials from source	2026-09-13T19:40:39.7711620Z   npm error extraneous: wrap-ansi@6.2.0 /Users/runner/work/keepling/keepling/node_modules/@inquirer/core/node_modules/wrap-ansi
desktop-promote	Generate the Hex and npm bills of materials from source	2026-09-13T19:40:39.7712520Z   npm error extraneous: @inquirer/type@1.5.5 /Users/runner/work/keepling/keepling/node_modules/@listr2/prompt-adapter-inquirer/node_modules/@inquirer/type
desktop-promote	Generate the Hex and npm bills of materials from source	2026-09-13T19:40:39.7713470Z   npm error extraneous: ajv-formats@3.0.1 /Users/runner/work/keepling/keepling/node_modules/@modelcontextprotocol/sdk/node_modules/ajv-formats
desktop-promote	Generate the Hex and npm bills of materials from source	2026-09-13T19:40:39.7714350Z   npm error extraneous: content-type@1.0.5 /Users/runner/work/keepling/keepling/node_modules/@modelcontextprotocol/sdk/node_modules/content-type
desktop-promote	Generate the Hex and npm bills of materials from source	2026-09-13T19:40:39.7715280Z   npm error extraneous: json-schema-typed@8.0.2 /Users/runner/work/keepling/keepling/node_modules/@modelcontextprotocol/sdk/node_modules/json-schema-typed
desktop-promote	Generate the Hex and npm bills of materials from source	2026-09-13T19:40:39.7716150Z   npm error extraneous: zod@3.25.76 /Users/runner/work/keepling/keepling/node_modules/@modelcontextprotocol/sdk/node_modules/zod
desktop-promote	Generate the Hex and npm bills of materials from source	2026-09-13T19:40:39.7717280Z   npm error extraneous: lightningcss-darwin-arm64@1.32.0 /Users/runner/work/keepling/keepling/node_modules/@tailwindcss/node/node_modules/lightningcss-darwin-arm64
desktop-promote	Generate the Hex and npm bills of materials from source	2026-09-13T19:40:39.7718210Z   npm error extraneous: lightningcss@1.32.0 /Users/runner/work/keepling/keepling/node_modules/@tailwindcss/node/node_modules/lightningcss
desktop-promote	Generate the Hex and npm bills of materials from source	2026-09-13T19:40:39.7719210Z   npm error extraneous: aria-query@5.3.2 /Users/runner/work/keepling/keepling/node_modules/@testing-library/jest-dom/node_modules/aria-query
desktop-promote	Generate the Hex and npm bills of materials from source	2026-09-13T19:40:39.7720180Z   npm error extraneous: dom-accessibility-api@0.6.3 /Users/runner/work/keepling/keepling/node_modules/@testing-library/jest-dom/node_modules/dom-accessibility-api
desktop-promote	Generate the Hex and npm bills of materials from source	2026-09-13T19:40:39.7721120Z   npm error extraneous: ignore@7.0.8 /Users/runner/work/keepling/keepling/node_modules/@typescript-eslint/eslint-plugin/node_modules/ignore
desktop-promote	Generate the Hex and npm bills of materials from source	2026-09-13T19:40:39.7722060Z   npm error extraneous: typescript@6.0.3 /Users/runner/work/keepling/keepling/node_modules/@typescript-eslint/eslint-plugin/node_modules/typescript
desktop-promote	Generate the Hex and npm bills of materials from source	2026-09-13T19:40:39.7723000Z   npm error extraneous: typescript@6.0.3 /Users/runner/work/keepling/keepling/node_modules/@typescript-eslint/parser/node_modules/typescript
desktop-promote	Generate the Hex and npm bills of materials from source	2026-09-13T19:40:39.7723900Z   npm error extraneous: typescript@6.0.3 /Users/runner/work/keepling/keepling/node_modules/@typescript-eslint/project-service/node_modules/typescript
desktop-promote	Generate the Hex and npm bills of materials from source	2026-09-13T19:40:39.7724860Z   npm error extraneous: typescript@6.0.3 /Users/runner/work/keepling/keepling/node_modules/@typescript-eslint/tsconfig-utils/node_modules/typescript
desktop-promote	Generate the Hex and npm bills of materials from source	2026-09-13T19:40:39.7725790Z   npm error extraneous: typescript@6.0.3 /Users/runner/work/keepling/keepling/node_modules/@typescript-eslint/type-utils/node_modules/typescript
desktop-promote	Generate the Hex and npm bills of materials from source	2026-09-13T19:40:39.7726710Z   npm error extraneous: typescript@6.0.3 /Users/runner/work/keepling/keepling/node_modules/@typescript-eslint/typescript-estree/node_modules/typescript
desktop-promote	Generate the Hex and npm bills of materials from source	2026-09-13T19:40:39.7727630Z   npm error extraneous: typescript@6.0.3 /Users/runner/work/keepling/keepling/node_modules/@typescript-eslint/utils/node_modules/typescript
desktop-promote	Generate the Hex and npm bills of materials from source	2026-09-13T19:40:39.7728450Z   npm error extraneous: negotiator@1.1.0 /Users/runner/work/keepling/keepling/node_modules/accepts/node_modules/negotiator
desktop-promote	Generate the Hex and npm bills of materials from source	2026-09-13T19:40:39.7729230Z   npm error extraneous: type-fest@0.21.3 /Users/runner/work/keepling/keepling/node_modules/ansi-escapes/node_modules/type-fest
desktop-promote	Generate the Hex and npm bills of materials from source	2026-09-13T19:40:39.7729970Z   npm error extraneous: glob@8.1.0 /Users/runner/work/keepling/keepling/node_modules/cacache/node_modules/glob
desktop-promote	Generate the Hex and npm bills of materials from source	2026-09-13T19:40:39.7730690Z   npm error extraneous: lru-cache@7.18.3 /Users/runner/work/keepling/keepling/node_modules/cacache/node_modules/lru-cache
desktop-promote	Generate the Hex and npm bills of materials from source	2026-09-13T19:40:39.7731440Z   npm error extraneous: minimatch@5.1.9 /Users/runner/work/keepling/keepling/node_modules/cacache/node_modules/minimatch
desktop-promote	Generate the Hex and npm bills of materials from source	2026-09-13T19:40:39.7732210Z   npm error extraneous: supports-color@7.2.0 /Users/runner/work/keepling/keepling/node_modules/chalk/node_modules/supports-color
desktop-promote	Generate the Hex and npm bills of materials from source	2026-09-13T19:40:39.7733020Z   npm error extraneous: ansi-regex@6.3.0 /Users/runner/work/keepling/keepling/node_modules/cli-truncate/node_modules/ansi-regex
desktop-promote	Generate the Hex and npm bills of materials from source	2026-09-13T19:40:39.7733840Z   npm error extraneous: emoji-regex@9.2.2 /Users/runner/work/keepling/keepling/node_modules/cli-truncate/node_modules/emoji-regex
desktop-promote	Generate the Hex and npm bills of materials from source	2026-09-13T19:40:39.7734650Z   npm error extraneous: string-width@5.1.2 /Users/runner/work/keepling/keepling/node_modules/cli-truncate/node_modules/string-width
desktop-promote	Generate the Hex and npm bills of materials from source	2026-09-13T19:40:39.7735960Z   npm error extraneous: strip-ansi@7.2.0 /Users/runner/work/keepling/keepling/node_modules/cli-truncate/node_modules/strip-ansi
desktop-promote	Generate the Hex and npm bills of materials from source	2026-09-13T19:40:39.7736950Z   npm error extraneous: wrap-ansi@7.0.0 /Users/runner/work/keepling/keepling/node_modules/cliui/node_modules/wrap-ansi
desktop-promote	Generate the Hex and npm bills of materials from source	2026-09-13T19:40:39.7737710Z   npm error extraneous: js-yaml@4.3.2 /Users/runner/work/keepling/keepling/node_modules/cosmiconfig/node_modules/js-yaml
desktop-promote	Generate the Hex and npm bills of materials from source	2026-09-13T19:40:39.7738480Z   npm error extraneous: parse-json@5.2.0 /Users/runner/work/keepling/keepling/node_modules/cosmiconfig/node_modules/parse-json
desktop-promote	Generate the Hex and npm bills of materials from source	2026-09-13T19:40:39.7739720Z   npm error extraneous: typescript@6.0.3 /Users/runner/work/keepling/keepling/node_modules/cosmiconfig/node_modules/typescript
desktop-promote	Generate the Hex and npm bills of materials from source	2026-09-13T19:40:39.7740500Z   npm error extraneous: whatwg-url@16.0.1 /Users/runner/work/keepling/keepling/node_modules/data-urls/node_modules/whatwg-url
desktop-promote	Generate the Hex and npm bills of materials from source	2026-09-13T19:40:39.7741400Z   npm error extraneous: mimic-fn@3.1.0 /Users/runner/work/keepling/keepling/node_modules/debounce-fn/node_modules/mimic-fn
desktop-promote	Generate the Hex and npm bills of materials from source	2026-09-13T19:40:39.7742250Z   npm error extraneous: mimic-response@3.1.0 /Users/runner/work/keepling/keepling/node_modules/decompress-response/node_modules/mimic-response
desktop-promote	Generate the Hex and npm bills of materials from source	2026-09-13T19:40:39.7743140Z   npm error extraneous: brace-expansion@1.1.18 /Users/runner/work/keepling/keepling/node_modules/dir-compare/node_modules/brace-expansion
desktop-promote	Generate the Hex and npm bills of materials from source	2026-09-13T19:40:39.7744000Z   npm error extraneous: minimatch@3.1.5 /Users/runner/work/keepling/keepling/node_modules/dir-compare/node_modules/minimatch
desktop-promote	Generate the Hex and npm bills of materials from source	2026-09-13T19:40:39.7746600Z   npm error extraneous: @electron/get@5.1.0 /Users/runner/work/keepling/keepling/node_modules/electron/node_modules/@electron/get
desktop-promote	Generate the Hex and npm bills of materials from source	2026-09-13T19:40:39.7748720Z   npm error extraneous: env-paths@3.0.0 /Users/runner/work/keepling/keepling/node_modules/electron/node_modules/env-paths
desktop-promote	Generate the Hex and npm bills of materials from source	2026-09-13T19:40:39.7750780Z   npm error extraneous: iconv-lite@0.6.3 /Users/runner/work/keepling/keepling/node_modules/encoding/node_modules/iconv-lite
desktop-promote	Generate the Hex and npm bills of materials from source	2026-09-13T19:40:39.7752660Z   npm error extraneous: ajv@6.15.0 /Users/runner/work/keepling/keepling/node_modules/eslint/node_modules/ajv
desktop-promote	Generate the Hex and npm bills of materials from source	2026-09-13T19:40:39.7754610Z   npm error extraneous: glob-parent@6.0.2 /Users/runner/work/keepling/keepling/node_modules/eslint/node_modules/glob-parent
desktop-promote	Generate the Hex and npm bills of materials from source	2026-09-13T19:40:39.7756840Z   npm error extraneous: json-schema-traverse@0.4.1 /Users/runner/work/keepling/keepling/node_modules/eslint/node_modules/json-schema-traverse
desktop-promote	Generate the Hex and npm bills of materials from source	2026-09-13T19:40:39.7759020Z   npm error extraneous: cross-spawn@6.0.6 /Users/runner/work/keepling/keepling/node_modules/execa/node_modules/cross-spawn
desktop-promote	Generate the Hex and npm bills of materials from source	2026-09-13T19:40:39.7761060Z   npm error extraneous: get-stream@4.1.0 /Users/runner/work/keepling/keepling/node_modules/execa/node_modules/get-stream
desktop-promote	Generate the Hex and npm bills of materials from source	2026-09-13T19:40:39.7762990Z   npm error extraneous: is-stream@1.1.0 /Users/runner/work/keepling/keepling/node_modules/execa/node_modules/is-stream
desktop-promote	Generate the Hex and npm bills of materials from source	2026-09-13T19:40:39.7764900Z   npm error extraneous: path-key@2.0.1 /Users/runner/work/keepling/keepling/node_modules/execa/node_modules/path-key
desktop-promote	Generate the Hex and npm bills of materials from source	2026-09-13T19:40:39.7766830Z   npm error extraneous: semver@5.7.2 /Users/runner/work/keepling/keepling/node_modules/execa/node_modules/semver
desktop-promote	Generate the Hex and npm bills of materials from source	2026-09-13T19:40:39.7768870Z   npm error extraneous: shebang-command@1.2.0 /Users/runner/work/keepling/keepling/node_modules/execa/node_modules/shebang-command
desktop-promote	Generate the Hex and npm bills of materials from source	2026-09-13T19:40:39.7770990Z   npm error extraneous: shebang-regex@1.0.0 /Users/runner/work/keepling/keepling/node_modules/execa/node_modules/shebang-regex
desktop-promote	Generate the Hex and npm bills of materials from source	2026-09-13T19:40:39.7772940Z   npm error extraneous: which@1.3.1 /Users/runner/work/keepling/keepling/node_modules/execa/node_modules/which
desktop-promote	Generate the Hex and npm bills of materials from source	2026-09-13T19:40:39.7774900Z   npm error extraneous: content-type@1.0.5 /Users/runner/work/keepling/keepling/node_modules/express/node_modules/content-type
desktop-promote	Generate the Hex and npm bills of materials from source	2026-09-13T19:40:39.7777320Z   npm error extraneous: iconv-lite@0.4.24 /Users/runner/work/keepling/keepling/node_modules/external-editor/node_modules/iconv-lite
desktop-promote	Generate the Hex and npm bills of materials from source	2026-09-13T19:40:39.7779670Z   npm error extraneous: is-unicode-supported@2.1.0 /Users/runner/work/keepling/keepling/node_modules/figures/node_modules/is-unicode-supported
desktop-promote	Generate the Hex and npm bills of materials from source	2026-09-13T19:40:39.7781900Z   npm error extraneous: locate-path@6.0.0 /Users/runner/work/keepling/keepling/node_modules/find-up/node_modules/locate-path
desktop-promote	Generate the Hex and npm bills of materials from source	2026-09-13T19:40:39.7784030Z   npm error extraneous: p-locate@5.0.0 /Users/runner/work/keepling/keepling/node_modules/find-up/node_modules/p-locate
desktop-promote	Generate the Hex and npm bills of materials from source	2026-09-13T19:40:39.7786030Z   npm error extraneous: path-exists@4.0.0 /Users/runner/work/keepling/keepling/node_modules/find-up/node_modules/path-exists
desktop-promote	Generate the Hex and npm bills of materials from source	2026-09-13T19:40:39.7789060Z   npm error extraneous: debug@2.6.9 /Users/runner/work/keepling/keepling/node_modules/get-package-info/node_modules/debug
desktop-promote	Generate the Hex and npm bills of materials from source	2026-09-13T19:40:39.7791050Z   npm error extraneous: ms@2.0.0 /Users/runner/work/keepling/keepling/node_modules/get-package-info/node_modules/ms
desktop-promote	Generate the Hex and npm bills of materials from source	2026-09-13T19:40:39.7794230Z   npm error extraneous: brace-expansion@1.1.18 /Users/runner/work/keepling/keepling/node_modules/glob/node_modules/brace-expansion
desktop-promote	Generate the Hex and npm bills of materials from source	2026-09-13T19:40:39.7796930Z   npm error extraneous: minimatch@3.1.5 /Users/runner/work/keepling/keepling/node_modules/glob/node_modules/minimatch
desktop-promote	Generate the Hex and npm bills of materials from source	2026-09-13T19:40:39.7799220Z   npm error extraneous: is-docker@3.0.0 /Users/runner/work/keepling/keepling/node_modules/is-inside-container/node_modules/is-docker
desktop-promote	Generate the Hex and npm bills of materials from source	2026-09-13T19:40:39.7801480Z   npm error extraneous: supports-color@8.1.1 /Users/runner/work/keepling/keepling/node_modules/jest-worker/node_modules/supports-color
desktop-promote	Generate the Hex and npm bills of materials from source	2026-09-13T19:40:39.7803520Z   npm error extraneous: undici@8.10.1 /Users/runner/work/keepling/keepling/node_modules/jsdom/node_modules/undici
desktop-promote	Generate the Hex and npm bills of materials from source	2026-09-13T19:40:39.7805600Z   npm error extraneous: whatwg-url@17.1.0 /Users/runner/work/keepling/keepling/node_modules/jsdom/node_modules/whatwg-url
desktop-promote	Generate the Hex and npm bills of materials from source	2026-09-13T19:40:39.7807570Z   npm error extraneous: colorette@2.0.20 /Users/runner/work/keepling/keepling/node_modules/listr2/node_modules/colorette
desktop-promote	Generate the Hex and npm bills of materials from source	2026-09-13T19:40:39.7809620Z   npm error extraneous: parse-json@2.2.0 /Users/runner/work/keepling/keepling/node_modules/load-json-file/node_modules/parse-json
desktop-promote	Generate the Hex and npm bills of materials from source	2026-09-13T19:40:39.7811740Z   npm error extraneous: ansi-escapes@5.0.0 /Users/runner/work/keepling/keepling/node_modules/log-update/node_modules/ansi-escapes
desktop-promote	Generate the Hex and npm bills of materials from source	2026-09-13T19:40:39.7813810Z   npm error extraneous: ansi-regex@6.3.0 /Users/runner/work/keepling/keepling/node_modules/log-update/node_modules/ansi-regex
desktop-promote	Generate the Hex and npm bills of materials from source	2026-09-13T19:40:39.7815860Z   npm error extraneous: cli-cursor@4.0.0 /Users/runner/work/keepling/keepling/node_modules/log-update/node_modules/cli-cursor
desktop-promote	Generate the Hex and npm bills of materials from source	2026-09-13T19:40:39.7818270Z   npm error extraneous: restore-cursor@4.0.0 /Users/runner/work/keepling/keepling/node_modules/log-update/node_modules/restore-cursor
desktop-promote	Generate the Hex and npm bills of materials from source	2026-09-13T19:40:39.7820450Z   npm error extraneous: strip-ansi@7.2.0 /Users/runner/work/keepling/keepling/node_modules/log-update/node_modules/strip-ansi
desktop-promote	Generate the Hex and npm bills of materials from source	2026-09-13T19:40:39.7822490Z   npm error extraneous: type-fest@1.4.0 /Users/runner/work/keepling/keepling/node_modules/log-update/node_modules/type-fest
desktop-promote	Generate the Hex and npm bills of materials from source	2026-09-13T19:40:39.7824790Z   npm error extraneous: https-proxy-agent@5.0.1 /Users/runner/work/keepling/keepling/node_modules/make-fetch-happen/node_modules/https-proxy-agent
desktop-promote	Generate the Hex and npm bills of materials from source	2026-09-13T19:40:39.7827140Z   npm error extraneous: lru-cache@7.18.3 /Users/runner/work/keepling/keepling/node_modules/make-fetch-happen/node_modules/lru-cache
desktop-promote	Generate the Hex and npm bills of materials from source	2026-09-13T19:40:39.7829220Z   npm error extraneous: picomatch@2.3.2 /Users/runner/work/keepling/keepling/node_modules/micromatch/node_modules/picomatch
desktop-promote	Generate the Hex and npm bills of materials from source	2026-09-13T19:40:39.7831310Z   npm error extraneous: balanced-match@4.0.4 /Users/runner/work/keepling/keepling/node_modules/minimatch/node_modules/balanced-match
desktop-promote	Generate the Hex and npm bills of materials from source	2026-09-13T19:40:39.7833590Z   npm error extraneous: brace-expansion@5.0.9 /Users/runner/work/keepling/keepling/node_modules/minimatch/node_modules/brace-expansion
desktop-promote	Generate the Hex and npm bills of materials from source	2026-09-13T19:40:39.7835780Z   npm error extraneous: semver@5.7.2 /Users/runner/work/keepling/keepling/node_modules/normalize-package-data/node_modules/semver
desktop-promote	Generate the Hex and npm bills of materials from source	2026-09-13T19:40:39.7837860Z   npm error extraneous: path-key@2.0.1 /Users/runner/work/keepling/keepling/node_modules/npm-run-path/node_modules/path-key
desktop-promote	Generate the Hex and npm bills of materials from source	2026-09-13T19:40:39.7839820Z   npm error extraneous: p-limit@1.3.0 /Users/runner/work/keepling/keepling/node_modules/p-locate/node_modules/p-limit
desktop-promote	Generate the Hex and npm bills of materials from source	2026-09-13T19:40:39.7841690Z   npm error extraneous: find-up@3.0.0 /Users/runner/work/keepling/keepling/node_modules/pkg-up/node_modules/find-up
desktop-promote	Generate the Hex and npm bills of materials from source	2026-09-13T19:40:39.7843640Z   npm error extraneous: locate-path@3.0.0 /Users/runner/work/keepling/keepling/node_modules/pkg-up/node_modules/locate-path
desktop-promote	Generate the Hex and npm bills of materials from source	2026-09-13T19:40:39.7851950Z   npm error extraneous: p-limit@2.3.0 /Users/runner/work/keepling/keepling/node_modules/pkg-up/node_modules/p-limit
desktop-promote	Generate the Hex and npm bills of materials from source	2026-09-13T19:40:39.7854660Z   npm error extraneous: p-locate@3.0.0 /Users/runner/work/keepling/keepling/node_modules/pkg-up/node_modules/p-locate
desktop-promote	Generate the Hex and npm bills of materials from source	2026-09-13T19:40:39.7855420Z   npm error extraneous: p-try@2.2.0 /Users/runner/work/keepling/keepling/node_modules/pkg-up/node_modules/p-try
desktop-promote	Generate the Hex and npm bills of materials from source	2026-09-13T19:40:39.7856670Z   npm error extraneous: commander@9.5.0 /Users/runner/work/keepling/keepling/node_modules/postject/node_modules/commander
desktop-promote	Generate the Hex and npm bills of materials from source	2026-09-13T19:40:39.7857450Z   npm error extraneous: ansi-styles@5.2.0 /Users/runner/work/keepling/keepling/node_modules/pretty-format/node_modules/ansi-styles
desktop-promote	Generate the Hex and npm bills of materials from source	2026-09-13T19:40:39.7858200Z   npm error extraneous: kleur@3.0.3 /Users/runner/work/keepling/keepling/node_modules/prompts/node_modules/kleur
desktop-promote	Generate the Hex and npm bills of materials from source	2026-09-13T19:40:39.7858910Z   npm error extraneous: find-up@2.1.0 /Users/runner/work/keepling/keepling/node_modules/read-pkg-up/node_modules/find-up
desktop-promote	Generate the Hex and npm bills of materials from source	2026-09-13T19:40:39.7859700Z   npm error extraneous: type-fest@0.13.1 /Users/runner/work/keepling/keepling/node_modules/serialize-error/node_modules/type-fest
desktop-promote	Generate the Hex and npm bills of materials from source	2026-09-13T19:40:39.7860510Z   npm error extraneous: ansi-regex@6.3.0 /Users/runner/work/keepling/keepling/node_modules/shadcn/node_modules/ansi-regex
desktop-promote	Generate the Hex and npm bills of materials from source	2026-09-13T19:40:39.7861240Z   npm error extraneous: chalk@5.6.2 /Users/runner/work/keepling/keepling/node_modules/shadcn/node_modules/chalk
desktop-promote	Generate the Hex and npm bills of materials from source	2026-09-13T19:40:39.7861970Z   npm error extraneous: cli-cursor@5.0.0 /Users/runner/work/keepling/keepling/node_modules/shadcn/node_modules/cli-cursor
desktop-promote	Generate the Hex and npm bills of materials from source	2026-09-13T19:40:39.7862720Z   npm error extraneous: commander@14.0.3 /Users/runner/work/keepling/keepling/node_modules/shadcn/node_modules/commander
desktop-promote	Generate the Hex and npm bills of materials from source	2026-09-13T19:40:39.7863530Z   npm error extraneous: define-lazy-prop@3.0.0 /Users/runner/work/keepling/keepling/node_modules/shadcn/node_modules/define-lazy-prop
desktop-promote	Generate the Hex and npm bills of materials from source	2026-09-13T19:40:39.7864340Z   npm error extraneous: emoji-regex@10.6.0 /Users/runner/work/keepling/keepling/node_modules/shadcn/node_modules/emoji-regex
desktop-promote	Generate the Hex and npm bills of materials from source	2026-09-13T19:40:39.7865070Z   npm error extraneous: execa@9.6.1 /Users/runner/work/keepling/keepling/node_modules/shadcn/node_modules/execa
desktop-promote	Generate the Hex and npm bills of materials from source	2026-09-13T19:40:39.7865770Z   npm error extraneous: fs-extra@11.4.0 /Users/runner/work/keepling/keepling/node_modules/shadcn/node_modules/fs-extra
desktop-promote	Generate the Hex and npm bills of materials from source	2026-09-13T19:40:39.7866490Z   npm error extraneous: get-stream@9.0.1 /Users/runner/work/keepling/keepling/node_modules/shadcn/node_modules/get-stream
desktop-promote	Generate the Hex and npm bills of materials from source	2026-09-13T19:40:39.7867260Z   npm error extraneous: human-signals@8.0.1 /Users/runner/work/keepling/keepling/node_modules/shadcn/node_modules/human-signals
desktop-promote	Generate the Hex and npm bills of materials from source	2026-09-13T19:40:39.7868050Z   npm error extraneous: is-interactive@2.0.0 /Users/runner/work/keepling/keepling/node_modules/shadcn/node_modules/is-interactive
desktop-promote	Generate the Hex and npm bills of materials from source	2026-09-13T19:40:39.7868910Z   npm error extraneous: is-unicode-supported@2.1.0 /Users/runner/work/keepling/keepling/node_modules/shadcn/node_modules/is-unicode-supported
desktop-promote	Generate the Hex and npm bills of materials from source	2026-09-13T19:40:39.7869740Z   npm error extraneous: log-symbols@6.0.0 /Users/runner/work/keepling/keepling/node_modules/shadcn/node_modules/log-symbols
desktop-promote	Generate the Hex and npm bills of materials from source	2026-09-13T19:40:39.7870520Z   npm error extraneous: npm-run-path@6.0.0 /Users/runner/work/keepling/keepling/node_modules/shadcn/node_modules/npm-run-path
desktop-promote	Generate the Hex and npm bills of materials from source	2026-09-13T19:40:39.7871280Z   npm error extraneous: onetime@7.0.0 /Users/runner/work/keepling/keepling/node_modules/shadcn/node_modules/onetime
desktop-promote	Generate the Hex and npm bills of materials from source	2026-09-13T19:40:39.7871980Z   npm error extraneous: open@11.0.2 /Users/runner/work/keepling/keepling/node_modules/shadcn/node_modules/open
desktop-promote	Generate the Hex and npm bills of materials from source	2026-09-13T19:40:39.7872650Z   npm error extraneous: ora@8.2.0 /Users/runner/work/keepling/keepling/node_modules/shadcn/node_modules/ora
desktop-promote	Generate the Hex and npm bills of materials from source	2026-09-13T19:40:39.7873340Z   npm error extraneous: path-key@4.0.0 /Users/runner/work/keepling/keepling/node_modules/shadcn/node_modules/path-key
desktop-promote	Generate the Hex and npm bills of materials from source	2026-09-13T19:40:39.7874100Z   npm error extraneous: restore-cursor@5.1.0 /Users/runner/work/keepling/keepling/node_modules/shadcn/node_modules/restore-cursor
desktop-promote	Generate the Hex and npm bills of materials from source	2026-09-13T19:40:39.7874880Z   npm error extraneous: signal-exit@4.1.0 /Users/runner/work/keepling/keepling/node_modules/shadcn/node_modules/signal-exit
desktop-promote	Generate the Hex and npm bills of materials from source	2026-09-13T19:40:39.7875880Z   npm error extraneous: string-width@7.2.0 /Users/runner/work/keepling/keepling/node_modules/shadcn/node_modules/string-width
desktop-promote	Generate the Hex and npm bills of materials from source	2026-09-13T19:40:39.7876930Z   npm error extraneous: strip-ansi@7.2.0 /Users/runner/work/keepling/keepling/node_modules/shadcn/node_modules/strip-ansi
desktop-promote	Generate the Hex and npm bills of materials from source	2026-09-13T19:40:39.7877920Z   npm error extraneous: strip-final-newline@4.0.0 /Users/runner/work/keepling/keepling/node_modules/shadcn/node_modules/strip-final-newline
desktop-promote	Generate the Hex and npm bills of materials from source	2026-09-13T19:40:39.7878810Z   npm error extraneous: zod@3.25.76 /Users/runner/work/keepling/keepling/node_modules/shadcn/node_modules/zod
desktop-promote	Generate the Hex and npm bills of materials from source	2026-09-13T19:40:39.7879550Z   npm error extraneous: ansi-styles@6.2.3 /Users/runner/work/keepling/keepling/node_modules/slice-ansi/node_modules/ansi-styles
desktop-promote	Generate the Hex and npm bills of materials from source	2026-09-13T19:40:39.7880460Z   npm error extraneous: is-fullwidth-code-point@4.0.0 /Users/runner/work/keepling/keepling/node_modules/slice-ansi/node_modules/is-fullwidth-code-point
desktop-promote	Generate the Hex and npm bills of materials from source	2026-09-13T19:40:39.7881330Z   npm error extraneous: is-obj@3.0.0 /Users/runner/work/keepling/keepling/node_modules/stringify-object/node_modules/is-obj
desktop-promote	Generate the Hex and npm bills of materials from source	2026-09-13T19:40:39.7882210Z   npm error extraneous: escape-string-regexp@1.0.5 /Users/runner/work/keepling/keepling/node_modules/strip-outer/node_modules/escape-string-regexp
desktop-promote	Generate the Hex and npm bills of materials from source	2026-09-13T19:40:39.7883050Z   npm error extraneous: minipass@5.0.0 /Users/runner/work/keepling/keepling/node_modules/tar/node_modules/minipass
desktop-promote	Generate the Hex and npm bills of materials from source	2026-09-13T19:40:39.7883870Z   npm error extraneous: commander@2.20.3 /Users/runner/work/keepling/keepling/node_modules/terser/node_modules/commander
desktop-promote	Generate the Hex and npm bills of materials from source	2026-09-13T19:40:39.7884750Z   npm error extraneous: escape-string-regexp@1.0.5 /Users/runner/work/keepling/keepling/node_modules/trim-repeated/node_modules/escape-string-regexp
desktop-promote	Generate the Hex and npm bills of materials from source	2026-09-13T19:40:39.7885660Z   npm error extraneous: typescript@6.0.3 /Users/runner/work/keepling/keepling/node_modules/ts-api-utils/node_modules/typescript
desktop-promote	Generate the Hex and npm bills of materials from source	2026-09-13T19:40:39.7886670Z   npm error extraneous: typescript@6.0.3 /Users/runner/work/keepling/keepling/node_modules/typescript-eslint/node_modules/typescript
desktop-promote	Generate the Hex and npm bills of materials from source	2026-09-13T19:40:39.7887580Z   npm error extraneous: fsevents@2.3.3 /Users/runner/work/keepling/keepling/node_modules/vite/node_modules/fsevents
desktop-promote	Generate the Hex and npm bills of materials from source	2026-09-13T19:40:39.7888400Z   npm error extraneous: tr46@0.0.3 /Users/runner/work/keepling/keepling/node_modules/whatwg-url/node_modules/tr46
desktop-promote	Generate the Hex and npm bills of materials from source	2026-09-13T19:40:39.7889260Z   npm error extraneous: webidl-conversions@3.0.1 /Users/runner/work/keepling/keepling/node_modules/whatwg-url/node_modules/webidl-conversions
desktop-promote	Generate the Hex and npm bills of materials from source	2026-09-13T19:40:39.7890130Z   npm error extraneous: ansi-regex@6.3.0 /Users/runner/work/keepling/keepling/node_modules/wrap-ansi/node_modules/ansi-regex
desktop-promote	Generate the Hex and npm bills of materials from source	2026-09-13T19:40:39.7890950Z   npm error extraneous: ansi-styles@6.2.3 /Users/runner/work/keepling/keepling/node_modules/wrap-ansi/node_modules/ansi-styles
desktop-promote	Generate the Hex and npm bills of materials from source	2026-09-13T19:40:39.7891730Z   npm error extraneous: emoji-regex@9.2.2 /Users/runner/work/keepling/keepling/node_modules/wrap-ansi/node_modules/emoji-regex
desktop-promote	Generate the Hex and npm bills of materials from source	2026-09-13T19:40:39.7892520Z   npm error extraneous: string-width@5.1.2 /Users/runner/work/keepling/keepling/node_modules/wrap-ansi/node_modules/string-width
desktop-promote	Generate the Hex and npm bills of materials from source	2026-09-13T19:40:39.7893340Z   npm error extraneous: strip-ansi@7.2.0 /Users/runner/work/keepling/keepling/node_modules/wrap-ansi/node_modules/strip-ansi
desktop-promote	Generate the Hex and npm bills of materials from source	2026-09-13T19:40:39.7894070Z   npm error extraneous: is-wsl@3.1.1 /Users/runner/work/keepling/keepling/node_modules/wsl-utils/node_modules/is-wsl
desktop-promote	Generate the Hex and npm bills of materials from source	2026-09-13T19:40:39.7894860Z   npm error extraneous: powershell-utils@0.1.0 /Users/runner/work/keepling/keepling/node_modules/wsl-utils/node_modules/powershell-utils
desktop-promote	Generate the Hex and npm bills of materials from source	2026-09-13T19:40:39.7895640Z   npm error extraneous: zod@3.25.76 /Users/runner/work/keepling/keepling/node_modules/zod-to-json-schema/node_modules/zod
desktop-promote	Generate the Hex and npm bills of materials from source	2026-09-13T19:40:39.7896560Z   npm error extraneous: is-unicode-supported@1.3.0 /Users/runner/work/keepling/keepling/node_modules/shadcn/node_modules/log-symbols/node_modules/is-unicode-supported
desktop-promote	Generate the Hex and npm bills of materials from source	2026-09-13T19:40:39.7897470Z   npm error A complete log of this run can be found in: /Users/runner/.npm/_logs/2026-09-13T19_40_37_800Z-debug-0.log
desktop-promote	Generate the Hex and npm bills of materials from source	2026-09-13T19:40:39.7898390Z   
desktop-promote	Generate the Hex and npm bills of materials from source	2026-09-13T19:40:39.7898790Z   npm warn Unknown env config "node-linker". This will stop working in the next major version of npm.
desktop-promote	Generate the Hex and npm bills of materials from source	2026-09-13T19:40:39.7899410Z   npm warn Unknown project config "node-linker". This will stop working in the next major version of npm.
desktop-promote	Generate the Hex and npm bills of materials from source	2026-09-13T19:40:39.7899970Z   npm error code ELSPROBLEMS
desktop-promote	Generate the Hex and npm bills of materials from source	2026-09-13T19:40:39.7900430Z   npm error extraneous: @adobe/css-tools@4.5.0 /Users/runner/work/keepling/keepling/node_modules/@adobe/css-tools
desktop-promote	Generate the Hex and npm bills of materials from source	2026-09-13T19:40:39.7901160Z   npm error extraneous: @asamuzakjp/css-color@6.0.7 /Users/runner/work/keepling/keepling/node_modules/@asamuzakjp/css-color
desktop-promote	Generate the Hex and npm bills of materials from source	2026-09-13T19:40:39.7901970Z   npm error extraneous: @asamuzakjp/dom-selector@8.3.2 /Users/runner/work/keepling/keepling/node_modules/@asamuzakjp/dom-selector
desktop-promote	Generate the Hex and npm bills of materials from source	2026-09-13T19:40:39.7902890Z   npm error extraneous: @axe-core/playwright@4.13.0 /Users/runner/work/keepling/keepling/node_modules/@axe-core/playwright
desktop-promote	Generate the Hex and npm bills of materials from source	2026-09-13T19:40:39.7903660Z   npm error extraneous: @babel/compat-data@7.29.7 /Users/runner/work/keepling/keepling/node_modules/@babel/compat-data
desktop-promote	Generate the Hex and npm bills of materials from source	2026-09-13T19:40:39.7904330Z   npm error extraneous: @babel/core@7.29.7 /Users/runner/work/keepling/keepling/node_modules/@babel/core
desktop-promote	Generate the Hex and npm bills of materials from source	2026-09-13T19:40:39.7904990Z   npm error extraneous: @babel/generator@7.29.8 /Users/runner/work/keepling/keepling/node_modules/@babel/generator
desktop-promote	Generate the Hex and npm bills of materials from source	2026-09-13T19:40:39.7905780Z   npm error extraneous: @babel/helper-annotate-as-pure@7.29.7 /Users/runner/work/keepling/keepling/node_modules/@babel/helper-annotate-as-pure
desktop-promote	Generate the Hex and npm bills of materials from source	2026-09-13T19:40:39.7906810Z   npm error extraneous: @babel/helper-compilation-targets@7.29.7 /Users/runner/work/keepling/keepling/node_modules/@babel/helper-compilation-targets
desktop-promote	Generate the Hex and npm bills of materials from source	2026-09-13T19:40:39.7907810Z   npm error extraneous: @babel/helper-create-class-features-plugin@7.29.7 /Users/runner/work/keepling/keepling/node_modules/@babel/helper-create-class-features-plugin
desktop-promote	Generate the Hex and npm bills of materials from source	2026-09-13T19:40:39.7908700Z   npm error extraneous: @babel/helper-globals@7.29.7 /Users/runner/work/keepling/keepling/node_modules/@babel/helper-globals
desktop-promote	Generate the Hex and npm bills of materials from source	2026-09-13T19:40:39.7909640Z   npm error extraneous: @babel/helper-member-expression-to-functions@7.29.7 /Users/runner/work/keepling/keepling/node_modules/@babel/helper-member-expression-to-functions
desktop-promote	Generate the Hex and npm bills of materials from source	2026-09-13T19:40:39.7910610Z   npm error extraneous: @babel/helper-module-imports@7.29.7 /Users/runner/work/keepling/keepling/node_modules/@babel/helper-module-imports
desktop-promote	Generate the Hex and npm bills of materials from source	2026-09-13T19:40:39.7911530Z   npm error extraneous: @babel/helper-module-transforms@7.29.7 /Users/runner/work/keepling/keepling/node_modules/@babel/helper-module-transforms
desktop-promote	Generate the Hex and npm bills of materials from source	2026-09-13T19:40:39.7912510Z   npm error extraneous: @babel/helper-optimise-call-expression@7.29.7 /Users/runner/work/keepling/keepling/node_modules/@babel/helper-optimise-call-expression
desktop-promote	Generate the Hex and npm bills of materials from source	2026-09-13T19:40:39.7913450Z   npm error extraneous: @babel/helper-plugin-utils@7.29.7 /Users/runner/work/keepling/keepling/node_modules/@babel/helper-plugin-utils
desktop-promote	Generate the Hex and npm bills of materials from source	2026-09-13T19:40:39.7914350Z   npm error extraneous: @babel/helper-replace-supers@7.29.7 /Users/runner/work/keepling/keepling/node_modules/@babel/helper-replace-supers
desktop-promote	Generate the Hex and npm bills of materials from source	2026-09-13T19:40:39.7915490Z   npm error extraneous: @babel/helper-skip-transparent-expression-wrappers@7.29.7 /Users/runner/work/keepling/keepling/node_modules/@babel/helper-skip-transparent-expression-wrappers
desktop-promote	Generate the Hex and npm bills of materials from source	2026-09-13T19:40:39.7916530Z   npm error extraneous: @babel/helper-string-parser@7.29.7 /Users/runner/work/keepling/keepling/node_modules/@babel/helper-string-parser
desktop-promote	Generate the Hex and npm bills of materials from source	2026-09-13T19:40:39.7917560Z   npm error extraneous: @babel/helper-validator-option@7.29.7 /Users/runner/work/keepling/keepling/node_modules/@babel/helper-validator-option
desktop-promote	Generate the Hex and npm bills of materials from source	2026-09-13T19:40:39.7918410Z   npm error extraneous: @babel/helpers@7.29.7 /Users/runner/work/keepling/keepling/node_modules/@babel/helpers
desktop-promote	Generate the Hex and npm bills of materials from source	2026-09-13T19:40:39.7919110Z   npm error extraneous: @babel/parser@7.29.8 /Users/runner/work/keepling/keepling/node_modules/@babel/parser
desktop-promote	Generate the Hex and npm bills of materials from source	2026-09-13T19:40:39.7920110Z   npm error extraneous: @babel/plugin-syntax-jsx@7.29.7 /Users/runner/work/keepling/keepling/node_modules/@babel/plugin-syntax-jsx
desktop-promote	Generate the Hex and npm bills of materials from source	2026-09-13T19:40:39.7920990Z   npm error extraneous: @babel/plugin-syntax-typescript@7.29.7 /Users/runner/work/keepling/keepling/node_modules/@babel/plugin-syntax-typescript
desktop-promote	Generate the Hex and npm bills of materials from source	2026-09-13T19:40:39.7922120Z   npm error extraneous: @babel/plugin-transform-modules-commonjs@7.29.7 /Users/runner/work/keepling/keepling/node_modules/@babel/plugin-transform-modules-commonjs
desktop-promote	Generate the Hex and npm bills of materials from source	2026-09-13T19:40:39.7923220Z   npm error extraneous: @babel/plugin-transform-typescript@7.29.7 /Users/runner/work/keepling/keepling/node_modules/@babel/plugin-transform-typescript
desktop-promote	Generate the Hex and npm bills of materials from source	2026-09-13T19:40:39.7924080Z   npm error extraneous: @babel/preset-typescript@7.29.7 /Users/runner/work/keepling/keepling/node_modules/@babel/preset-typescript
desktop-promote	Generate the Hex and npm bills of materials from source	2026-09-13T19:40:39.7925200Z   npm error extraneous: @babel/runtime@7.29.7 /Users/runner/work/keepling/keepling/node_modules/@babel/runtime
desktop-promote	Generate the Hex and npm bills of materials from source	2026-09-13T19:40:39.7925920Z   npm error extraneous: @babel/template@7.29.7 /Users/runner/work/keepling/keepling/node_modules/@babel/template
desktop-promote	Generate the Hex and npm bills of materials from source	2026-09-13T19:40:39.7926610Z   npm error extraneous: @babel/traverse@7.29.8 /Users/runner/work/keepling/keepling/node_modules/@babel/traverse
desktop-promote	Generate the Hex and npm bills of materials from source	2026-09-13T19:40:39.7927270Z   npm error extraneous: @babel/types@7.29.8 /Users/runner/work/keepling/keepling/node_modules/@babel/types
desktop-promote	Generate the Hex and npm bills of materials from source	2026-09-13T19:40:39.7927990Z   npm error extraneous: @base-ui/react@1.7.0 /Users/runner/work/keepling/keepling/node_modules/@base-ui/react
desktop-promote	Generate the Hex and npm bills of materials from source	2026-09-13T19:40:39.7928670Z   npm error extraneous: @base-ui/utils@0.3.2 /Users/runner/work/keepling/keepling/node_modules/@base-ui/utils
desktop-promote	Generate the Hex and npm bills of materials from source	2026-09-13T19:40:39.7929360Z   npm error extraneous: @bramus/specificity@2.4.2 /Users/runner/work/keepling/keepling/node_modules/@bramus/specificity
desktop-promote	Generate the Hex and npm bills of materials from source	2026-09-13T19:40:39.7930120Z   npm error extraneous: @csstools/color-helpers@6.1.1 /Users/runner/work/keepling/keepling/node_modules/@csstools/color-helpers
desktop-promote	Generate the Hex and npm bills of materials from source	2026-09-13T19:40:39.7930870Z   npm error extraneous: @csstools/css-calc@3.3.0 /Users/runner/work/keepling/keepling/node_modules/@csstools/css-calc
desktop-promote	Generate the Hex and npm bills of materials from source	2026-09-13T19:40:39.7931650Z   npm error extraneous: @csstools/css-color-parser@4.2.2 /Users/runner/work/keepling/keepling/node_modules/@csstools/css-color-parser
desktop-promote	Generate the Hex and npm bills of materials from source	2026-09-13T19:40:39.7933100Z   npm error extraneous: @csstools/css-parser-algorithms@4.0.0 /Users/runner/work/keepling/keepling/node_modules/@csstools/css-parser-algorithms
desktop-promote	Generate the Hex and npm bills of materials from source	2026-09-13T19:40:39.7934210Z   npm error extraneous: @csstools/css-syntax-patches-for-csstree@1.1.12 /Users/runner/work/keepling/keepling/node_modules/@csstools/css-syntax-patches-for-csstree
desktop-promote	Generate the Hex and npm bills of materials from source	2026-09-13T19:40:39.7935280Z   npm error extraneous: @csstools/css-tokenizer@4.0.0 /Users/runner/work/keepling/keepling/node_modules/@csstools/css-tokenizer
desktop-promote	Generate the Hex and npm bills of materials from source	2026-09-13T19:40:39.7936120Z   npm error extraneous: @dotenvx/dotenvx@1.75.1 /Users/runner/work/keepling/keepling/node_modules/@dotenvx/dotenvx
desktop-promote	Generate the Hex and npm bills of materials from source	2026-09-13T19:40:39.7936850Z   npm error extraneous: @dotenvx/primitives@0.8.0 /Users/runner/work/keepling/keepling/node_modules/@dotenvx/primitives
desktop-promote	Generate the Hex and npm bills of materials from source	2026-09-13T19:40:39.7937610Z   npm error extraneous: @electron-forge/cli@7.11.2 /Users/runner/work/keepling/keepling/node_modules/@electron-forge/cli
desktop-promote	Generate the Hex and npm bills of materials from source	2026-09-13T19:40:39.7938420Z   npm error extraneous: @electron-forge/core-utils@7.11.2 /Users/runner/work/keepling/keepling/node_modules/@electron-forge/core-utils
desktop-promote	Generate the Hex and npm bills of materials from source	2026-09-13T19:40:39.7939330Z   npm error extraneous: @electron-forge/core@7.11.2 /Users/runner/work/keepling/keepling/node_modules/@electron-forge/core
desktop-promote	Generate the Hex and npm bills of materials from source	2026-09-13T19:40:39.7940150Z   npm error extraneous: @electron-forge/maker-base@7.11.2 /Users/runner/work/keepling/keepling/node_modules/@electron-forge/maker-base
desktop-promote	Generate the Hex and npm bills of materials from source	2026-09-13T19:40:39.7941100Z   npm error extraneous: @electron-forge/maker-zip@7.11.2 /Users/runner/work/keepling/keepling/node_modules/@electron-forge/maker-zip
desktop-promote	Generate the Hex and npm bills of materials from source	2026-09-13T19:40:39.7941980Z   npm error extraneous: @electron-forge/plugin-base@7.11.2 /Users/runner/work/keepling/keepling/node_modules/@electron-forge/plugin-base
desktop-promote	Generate the Hex and npm bills of materials from source	2026-09-13T19:40:39.7943140Z   npm error extraneous: @electron-forge/publisher-base@7.11.2 /Users/runner/work/keepling/keepling/node_modules/@electron-forge/publisher-base
desktop-promote	Generate the Hex and npm bills of materials from source	2026-09-13T19:40:39.7950830Z   npm error extraneous: @electron-forge/shared-types@7.11.2 /Users/runner/work/keepling/keepling/node_modules/@electron-forge/shared-types
desktop-promote	Generate the Hex and npm bills of materials from source	2026-09-13T19:40:39.7952280Z   npm error extraneous: @electron-forge/template-base@7.11.2 /Users/runner/work/keepling/keepling/node_modules/@electron-forge/template-base
desktop-promote	Generate the Hex and npm bills of materials from source	2026-09-13T19:40:39.7953240Z   npm error extraneous: @electron-forge/template-vite-typescript@7.11.2 /Users/runner/work/keepling/keepling/node_modules/@electron-forge/template-vite-typescript
desktop-promote	Generate the Hex and npm bills of materials from source	2026-09-13T19:40:39.7954800Z   npm error extraneous: @electron-forge/template-vite@7.11.2 /Users/runner/work/keepling/keepling/node_modules/@electron-forge/template-vite
desktop-promote	Generate the Hex and npm bills of materials from source	2026-09-13T19:40:39.7957960Z   npm error extraneous: @electron-forge/template-webpack-typescript@7.11.2 /Users/runner/work/keepling/keepling/node_modules/@electron-forge/template-webpack-typescript
desktop-promote	Generate the Hex and npm bills of materials from source	2026-09-13T19:40:39.7960640Z   npm error extraneous: @electron-forge/template-webpack@7.11.2 /Users/runner/work/keepling/keepling/node_modules/@electron-forge/template-webpack
desktop-promote	Generate the Hex and npm bills of materials from source	2026-09-13T19:40:39.7963170Z   npm error extraneous: @electron-forge/tracer@7.11.2 /Users/runner/work/keepling/keepling/node_modules/@electron-forge/tracer
desktop-promote	Generate the Hex and npm bills of materials from source	2026-09-13T19:40:39.7965420Z   npm error extraneous: @electron-internal/extract-zip@1.0.5 /Users/runner/work/keepling/keepling/node_modules/@electron-internal/extract-zip
desktop-promote	Generate the Hex and npm bills of materials from source	2026-09-13T19:40:39.7967470Z   npm error extraneous: @electron/asar@3.4.1 /Users/runner/work/keepling/keepling/node_modules/@electron/asar
desktop-promote	Generate the Hex and npm bills of materials from source	2026-09-13T19:40:39.7969240Z   npm error extraneous: @electron/get@3.1.0 /Users/runner/work/keepling/keepling/node_modules/@electron/get
desktop-promote	Generate the Hex and npm bills of materials from source	2026-09-13T19:40:39.7971200Z   npm error extraneous: @electron/node-gyp@10.2.0-electron.1 /Users/runner/work/keepling/keepling/node_modules/@electron/node-gyp
desktop-promote	Generate the Hex and npm bills of materials from source	2026-09-13T19:40:39.7973220Z   npm error extraneous: @electron/notarize@2.5.0 /Users/runner/work/keepling/keepling/node_modules/@electron/notarize
desktop-promote	Generate the Hex and npm bills of materials from source	2026-09-13T19:40:39.7975150Z   npm error extraneous: @electron/osx-sign@1.3.3 /Users/runner/work/keepling/keepling/node_modules/@electron/osx-sign
desktop-promote	Generate the Hex and npm bills of materials from source	2026-09-13T19:40:39.7977060Z   npm error extraneous: @electron/packager@18.4.4 /Users/runner/work/keepling/keepling/node_modules/@electron/packager
desktop-promote	Generate the Hex and npm bills of materials from source	2026-09-13T19:40:39.7979110Z   npm error extraneous: @electron/rebuild@3.7.2 /Users/runner/work/keepling/keepling/node_modules/@electron/rebuild
desktop-promote	Generate the Hex and npm bills of materials from source	2026-09-13T19:40:39.7980510Z   npm error extraneous: @electron/universal@2.0.3 /Users/runner/work/keepling/keepling/node_modules/@electron/universal
desktop-promote	Generate the Hex and npm bills of materials from source	2026-09-13T19:40:39.7981340Z   npm error extraneous: @electron/windows-sign@1.2.2 /Users/runner/work/keepling/keepling/node_modules/@electron/windows-sign
desktop-promote	Generate the Hex and npm bills of materials from source	2026-09-13T19:40:39.7982220Z   npm error extraneous: @eslint-community/eslint-utils@4.10.1 /Users/runner/work/keepling/keepling/node_modules/@eslint-community/eslint-utils
desktop-promote	Generate the Hex and npm bills of materials from source	2026-09-13T19:40:39.7983110Z   npm error extraneous: @eslint-community/regexpp@4.12.2 /Users/runner/work/keepling/keepling/node_modules/@eslint-community/regexpp
desktop-promote	Generate the Hex and npm bills of materials from source	2026-09-13T19:40:39.7983900Z   npm error extraneous: @eslint/config-array@0.23.5 /Users/runner/work/keepling/keepling/node_modules/@eslint/config-array
desktop-promote	Generate the Hex and npm bills of materials from source	2026-09-13T19:40:39.7984760Z   npm error extraneous: @eslint/config-helpers@0.7.0 /Users/runner/work/keepling/keepling/node_modules/@eslint/config-helpers
desktop-promote	Generate the Hex and npm bills of materials from source	2026-09-13T19:40:39.7985480Z   npm error extraneous: @eslint/core@1.2.1 /Users/runner/work/keepling/keepling/node_modules/@eslint/core
desktop-promote	Generate the Hex and npm bills of materials from source	2026-09-13T19:40:39.7986200Z   npm error extraneous: @eslint/js@10.0.1 /Users/runner/work/keepling/keepling/node_modules/@eslint/js
desktop-promote	Generate the Hex and npm bills of materials from source	2026-09-13T19:40:39.7986890Z   npm error extraneous: @eslint/object-schema@3.0.5 /Users/runner/work/keepling/keepling/node_modules/@eslint/object-schema
desktop-promote	Generate the Hex and npm bills of materials from source	2026-09-13T19:40:39.7987630Z   npm error extraneous: @eslint/plugin-kit@0.7.2 /Users/runner/work/keepling/keepling/node_modules/@eslint/plugin-kit
desktop-promote	Generate the Hex and npm bills of materials from source	2026-09-13T19:40:39.7988700Z   npm error extraneous: @exodus/bytes@1.15.1 /Users/runner/work/keepling/keepling/node_modules/@exodus/bytes
desktop-promote	Generate the Hex and npm bills of materials from source	2026-09-13T19:40:39.7989380Z   npm error extraneous: @floating-ui/core@1.8.0 /Users/runner/work/keepling/keepling/node_modules/@floating-ui/core
desktop-promote	Generate the Hex and npm bills of materials from source	2026-09-13T19:40:39.7990070Z   npm error extraneous: @floating-ui/dom@1.8.0 /Users/runner/work/keepling/keepling/node_modules/@floating-ui/dom
desktop-promote	Generate the Hex and npm bills of materials from source	2026-09-13T19:40:39.7991020Z   npm error extraneous: @floating-ui/react-dom@2.1.9 /Users/runner/work/keepling/keepling/node_modules/@floating-ui/react-dom
desktop-promote	Generate the Hex and npm bills of materials from source	2026-09-13T19:40:39.7991790Z   npm error extraneous: @floating-ui/utils@0.2.12 /Users/runner/work/keepling/keepling/node_modules/@floating-ui/utils
desktop-promote	Generate the Hex and npm bills of materials from source	2026-09-13T19:40:39.7992480Z   npm error extraneous: @gar/promisify@1.1.3 /Users/runner/work/keepling/keepling/node_modules/@gar/promisify
desktop-promote	Generate the Hex and npm bills of materials from source	2026-09-13T19:40:39.7993200Z   npm error extraneous: @hono/node-server@2.1.1 /Users/runner/work/keepling/keepling/node_modules/@hono/node-server
desktop-promote	Generate the Hex and npm bills of materials from source	2026-09-13T19:40:39.7993870Z   npm error extraneous: @humanfs/core@0.19.2 /Users/runner/work/keepling/keepling/node_modules/@humanfs/core
desktop-promote	Generate the Hex and npm bills of materials from source	2026-09-13T19:40:39.7994520Z   npm error extraneous: @humanfs/node@0.16.8 /Users/runner/work/keepling/keepling/node_modules/@humanfs/node
desktop-promote	Generate the Hex and npm bills of materials from source	2026-09-13T19:40:39.7995170Z   npm error extraneous: @humanfs/types@0.15.0 /Users/runner/work/keepling/keepling/node_modules/@humanfs/types
desktop-promote	Generate the Hex and npm bills of materials from source	2026-09-13T19:40:39.7995970Z   npm error extraneous: @humanwhocodes/module-importer@1.0.1 /Users/runner/work/keepling/keepling/node_modules/@humanwhocodes/module-importer
desktop-promote	Generate the Hex and npm bills of materials from source	2026-09-13T19:40:39.7996800Z   npm error extraneous: @humanwhocodes/retry@0.4.3 /Users/runner/work/keepling/keepling/node_modules/@humanwhocodes/retry
desktop-promote	Generate the Hex and npm bills of materials from source	2026-09-13T19:40:39.7997550Z   npm error extraneous: @inquirer/checkbox@3.0.1 /Users/runner/work/keepling/keepling/node_modules/@inquirer/checkbox
desktop-promote	Generate the Hex and npm bills of materials from source	2026-09-13T19:40:39.7998260Z   npm error extraneous: @inquirer/confirm@4.0.1 /Users/runner/work/keepling/keepling/node_modules/@inquirer/confirm
desktop-promote	Generate the Hex and npm bills of materials from source	2026-09-13T19:40:39.7998940Z   npm error extraneous: @inquirer/core@9.2.1 /Users/runner/work/keepling/keepling/node_modules/@inquirer/core
desktop-promote	Generate the Hex and npm bills of materials from source	2026-09-13T19:40:39.7999610Z   npm error extraneous: @inquirer/editor@3.0.1 /Users/runner/work/keepling/keepling/node_modules/@inquirer/editor
desktop-promote	Generate the Hex and npm bills of materials from source	2026-09-13T19:40:39.8000290Z   npm error extraneous: @inquirer/expand@3.0.1 /Users/runner/work/keepling/keepling/node_modules/@inquirer/expand
desktop-promote	Generate the Hex and npm bills of materials from source	2026-09-13T19:40:39.8001000Z   npm error extraneous: @inquirer/figures@1.0.15 /Users/runner/work/keepling/keepling/node_modules/@inquirer/figures
desktop-promote	Generate the Hex and npm bills of materials from source	2026-09-13T19:40:39.8001680Z   npm error extraneous: @inquirer/input@3.0.1 /Users/runner/work/keepling/keepling/node_modules/@inquirer/input
desktop-promote	Generate the Hex and npm bills of materials from source	2026-09-13T19:40:39.8002350Z   npm error extraneous: @inquirer/number@2.0.1 /Users/runner/work/keepling/keepling/node_modules/@inquirer/number
desktop-promote	Generate the Hex and npm bills of materials from source	2026-09-13T19:40:39.8003050Z   npm error extraneous: @inquirer/password@3.0.1 /Users/runner/work/keepling/keepling/node_modules/@inquirer/password
desktop-promote	Generate the Hex and npm bills of materials from source	2026-09-13T19:40:39.8003760Z   npm error extraneous: @inquirer/prompts@6.0.1 /Users/runner/work/keepling/keepling/node_modules/@inquirer/prompts
desktop-promote	Generate the Hex and npm bills of materials from source	2026-09-13T19:40:39.8004450Z   npm error extraneous: @inquirer/rawlist@3.0.1 /Users/runner/work/keepling/keepling/node_modules/@inquirer/rawlist
desktop-promote	Generate the Hex and npm bills of materials from source	2026-09-13T19:40:39.8005130Z   npm error extraneous: @inquirer/search@2.0.1 /Users/runner/work/keepling/keepling/node_modules/@inquirer/search
desktop-promote	Generate the Hex and npm bills of materials from source	2026-09-13T19:40:39.8005820Z   npm error extraneous: @inquirer/select@3.0.1 /Users/runner/work/keepling/keepling/node_modules/@inquirer/select
desktop-promote	Generate the Hex and npm bills of materials from source	2026-09-13T19:40:39.8006480Z   npm error extraneous: @inquirer/type@2.0.0 /Users/runner/work/keepling/keepling/node_modules/@inquirer/type
desktop-promote	Generate the Hex and npm bills of materials from source	2026-09-13T19:40:39.8007250Z   npm error extraneous: @jridgewell/gen-mapping@0.3.13 /Users/runner/work/keepling/keepling/node_modules/@jridgewell/gen-mapping
desktop-promote	Generate the Hex and npm bills of materials from source	2026-09-13T19:40:39.8008030Z   npm error extraneous: @jridgewell/remapping@2.3.5 /Users/runner/work/keepling/keepling/node_modules/@jridgewell/remapping
desktop-promote	Generate the Hex and npm bills of materials from source	2026-09-13T19:40:39.8008800Z   npm error extraneous: @jridgewell/resolve-uri@3.1.2 /Users/runner/work/keepling/keepling/node_modules/@jridgewell/resolve-uri
desktop-promote	Generate the Hex and npm bills of materials from source	2026-09-13T19:40:39.8009880Z   npm error extraneous: @jridgewell/source-map@0.3.11 /Users/runner/work/keepling/keepling/node_modules/@jridgewell/source-map
desktop-promote	Generate the Hex and npm bills of materials from source	2026-09-13T19:40:39.8010710Z   npm error extraneous: @jridgewell/sourcemap-codec@1.6.0 /Users/runner/work/keepling/keepling/node_modules/@jridgewell/sourcemap-codec
desktop-promote	Generate the Hex and npm bills of materials from source	2026-09-13T19:40:39.8011690Z   npm error extraneous: @jridgewell/trace-mapping@0.3.31 /Users/runner/work/keepling/keepling/node_modules/@jridgewell/trace-mapping
desktop-promote	Generate the Hex and npm bills of materials from source	2026-09-13T19:40:39.8012550Z   npm error extraneous: @listr2/prompt-adapter-inquirer@2.0.22 /Users/runner/work/keepling/keepling/node_modules/@listr2/prompt-adapter-inquirer
desktop-promote	Generate the Hex and npm bills of materials from source	2026-09-13T19:40:39.8013430Z   npm error extraneous: @malept/cross-spawn-promise@2.0.0 /Users/runner/work/keepling/keepling/node_modules/@malept/cross-spawn-promise
desktop-promote	Generate the Hex and npm bills of materials from source	2026-09-13T19:40:39.8014280Z   npm error extraneous: @modelcontextprotocol/sdk@1.30.0 /Users/runner/work/keepling/keepling/node_modules/@modelcontextprotocol/sdk
desktop-promote	Generate the Hex and npm bills of materials from source	2026-09-13T19:40:39.8015050Z   npm error extraneous: @nodelib/fs.scandir@2.1.5 /Users/runner/work/keepling/keepling/node_modules/@nodelib/fs.scandir
desktop-promote	Generate the Hex and npm bills of materials from source	2026-09-13T19:40:39.8015740Z   npm error extraneous: @nodelib/fs.stat@2.0.5 /Users/runner/work/keepling/keepling/node_modules/@nodelib/fs.stat
desktop-promote	Generate the Hex and npm bills of materials from source	2026-09-13T19:40:39.8016430Z   npm error extraneous: @nodelib/fs.walk@1.2.8 /Users/runner/work/keepling/keepling/node_modules/@nodelib/fs.walk
desktop-promote	Generate the Hex and npm bills of materials from source	2026-09-13T19:40:39.8017050Z   npm error extraneous: @npmcli/fs@2.1.2 /Users/runner/work/keepling/keepling/node_modules/@npmcli/fs
desktop-promote	Generate the Hex and npm bills of materials from source	2026-09-13T19:40:39.8017750Z   npm error extraneous: @npmcli/move-file@2.0.1 /Users/runner/work/keepling/keepling/node_modules/@npmcli/move-file
desktop-promote	Generate the Hex and npm bills of materials from source	2026-09-13T19:40:39.8018480Z   npm error extraneous: @oxc-project/types@0.147.0 /Users/runner/work/keepling/keepling/node_modules/@oxc-project/types
desktop-promote	Generate the Hex and npm bills of materials from source	2026-09-13T19:40:39.8019190Z   npm error extraneous: @playwright/test@1.62.1 /Users/runner/work/keepling/keepling/node_modules/@playwright/test
desktop-promote	Generate the Hex and npm bills of materials from source	2026-09-13T19:40:39.8019990Z   npm error extraneous: @rolldown/binding-darwin-arm64@1.2.6 /Users/runner/work/keepling/keepling/node_modules/@rolldown/binding-darwin-arm64
desktop-promote	Generate the Hex and npm bills of materials from source	2026-09-13T19:40:39.8020800Z   npm error extraneous: @rolldown/pluginutils@1.0.1 /Users/runner/work/keepling/keepling/node_modules/@rolldown/pluginutils
desktop-promote	Generate the Hex and npm bills of materials from source	2026-09-13T19:40:39.8021580Z   npm error extraneous: @sec-ant/readable-stream@0.4.1 /Users/runner/work/keepling/keepling/node_modules/@sec-ant/readable-stream
desktop-promote	Generate the Hex and npm bills of materials from source	2026-09-13T19:40:39.8022320Z   npm error extraneous: @sindresorhus/is@4.6.0 /Users/runner/work/keepling/keepling/node_modules/@sindresorhus/is
desktop-promote	Generate the Hex and npm bills of materials from source	2026-09-13T19:40:39.8023090Z   npm error extraneous: @sindresorhus/merge-streams@4.0.0 /Users/runner/work/keepling/keepling/node_modules/@sindresorhus/merge-streams
desktop-promote	Generate the Hex and npm bills of materials from source	2026-09-13T19:40:39.8023880Z   npm error extraneous: @standard-schema/spec@1.1.0 /Users/runner/work/keepling/keepling/node_modules/@standard-schema/spec
desktop-promote	Generate the Hex and npm bills of materials from source	2026-09-13T19:40:39.8036180Z   npm error extraneous: @szmarczak/http-timer@4.0.6 /Users/runner/work/keepling/keepling/node_modules/@szmarczak/http-timer
desktop-promote	Generate the Hex and npm bills of materials from source	2026-09-13T19:40:39.8036970Z   npm error extraneous: @tailwindcss/node@4.3.3 /Users/runner/work/keepling/keepling/node_modules/@tailwindcss/node
desktop-promote	Generate the Hex and npm bills of materials from source	2026-09-13T19:40:39.8037830Z   npm error extraneous: @tailwindcss/oxide-darwin-arm64@4.3.3 /Users/runner/work/keepling/keepling/node_modules/@tailwindcss/oxide-darwin-arm64
desktop-promote	Generate the Hex and npm bills of materials from source	2026-09-13T19:40:39.8038680Z   npm error extraneous: @tailwindcss/oxide@4.3.3 /Users/runner/work/keepling/keepling/node_modules/@tailwindcss/oxide
desktop-promote	Generate the Hex and npm bills of materials from source	2026-09-13T19:40:39.8039410Z   npm error extraneous: @tailwindcss/vite@4.3.3 /Users/runner/work/keepling/keepling/node_modules/@tailwindcss/vite
desktop-promote	Generate the Hex and npm bills of materials from source	2026-09-13T19:40:39.8040150Z   npm error extraneous: @testing-library/dom@10.4.1 /Users/runner/work/keepling/keepling/node_modules/@testing-library/dom
desktop-promote	Generate the Hex and npm bills of materials from source	2026-09-13T19:40:39.8040970Z   npm error extraneous: @testing-library/jest-dom@7.0.1 /Users/runner/work/keepling/keepling/node_modules/@testing-library/jest-dom
desktop-promote	Generate the Hex and npm bills of materials from source	2026-09-13T19:40:39.8042130Z   npm error extraneous: @testing-library/react@16.3.3 /Users/runner/work/keepling/keepling/node_modules/@testing-library/react
desktop-promote	Generate the Hex and npm bills of materials from source	2026-09-13T19:40:39.8042960Z   npm error extraneous: @testing-library/user-event@14.6.6 /Users/runner/work/keepling/keepling/node_modules/@testing-library/user-event
desktop-promote	Generate the Hex and npm bills of materials from source	2026-09-13T19:40:39.8043860Z   npm error extraneous: @tootallnate/once@2.0.1 /Users/runner/work/keepling/keepling/node_modules/@tootallnate/once
desktop-promote	Generate the Hex and npm bills of materials from source	2026-09-13T19:40:39.8044560Z   npm error extraneous: @ts-morph/common@0.27.0 /Users/runner/work/keepling/keepling/node_modules/@ts-morph/common
desktop-promote	Generate the Hex and npm bills of materials from source	2026-09-13T19:40:39.8045260Z   npm error extraneous: @types/aria-query@5.0.4 /Users/runner/work/keepling/keepling/node_modules/@types/aria-query
desktop-promote	Generate the Hex and npm bills of materials from source	2026-09-13T19:40:39.8046020Z   npm error extraneous: @types/cacheable-request@6.0.3 /Users/runner/work/keepling/keepling/node_modules/@types/cacheable-request
desktop-promote	Generate the Hex and npm bills of materials from source	2026-09-13T19:40:39.8046750Z   npm error extraneous: @types/chai@5.2.3 /Users/runner/work/keepling/keepling/node_modules/@types/chai
desktop-promote	Generate the Hex and npm bills of materials from source	2026-09-13T19:40:39.8047430Z   npm error extraneous: @types/deep-eql@4.0.2 /Users/runner/work/keepling/keepling/node_modules/@types/deep-eql
desktop-promote	Generate the Hex and npm bills of materials from source	2026-09-13T19:40:39.8048200Z   npm error extraneous: @types/esrecurse@4.3.1 /Users/runner/work/keepling/keepling/node_modules/@types/esrecurse
desktop-promote	Generate the Hex and npm bills of materials from source	2026-09-13T19:40:39.8048870Z   npm error extraneous: @types/estree@1.0.9 /Users/runner/work/keepling/keepling/node_modules/@types/estree
desktop-promote	Generate the Hex and npm bills of materials from source	2026-09-13T19:40:39.8049620Z   npm error extraneous: @types/http-cache-semantics@4.2.0 /Users/runner/work/keepling/keepling/node_modules/@types/http-cache-semantics
desktop-promote	Generate the Hex and npm bills of materials from source	2026-09-13T19:40:39.8051380Z   npm error extraneous: @types/json-schema@7.0.15 /Users/runner/work/keepling/keepling/node_modules/@types/json-schema
desktop-promote	Generate the Hex and npm bills of materials from source	2026-09-13T19:40:39.8052230Z   npm error extraneous: @types/keyv@3.1.4 /Users/runner/work/keepling/keepling/node_modules/@types/keyv
desktop-promote	Generate the Hex and npm bills of materials from source	2026-09-13T19:40:39.8052920Z   npm error extraneous: @types/mute-stream@0.0.4 /Users/runner/work/keepling/keepling/node_modules/@types/mute-stream
desktop-promote	Generate the Hex and npm bills of materials from source	2026-09-13T19:40:39.8053620Z   npm error extraneous: @types/node@24.13.3 /Users/runner/work/keepling/keepling/node_modules/@types/node
desktop-promote	Generate the Hex and npm bills of materials from source	2026-09-13T19:40:39.8054280Z   npm error extraneous: @types/react-dom@19.2.5 /Users/runner/work/keepling/keepling/node_modules/@types/react-dom
desktop-promote	Generate the Hex and npm bills of materials from source	2026-09-13T19:40:39.8055020Z   npm error extraneous: @types/react@19.2.18 /Users/runner/work/keepling/keepling/node_modules/@types/react
desktop-promote	Generate the Hex and npm bills of materials from source	2026-09-13T19:40:39.8055710Z   npm error extraneous: @types/responselike@1.0.3 /Users/runner/work/keepling/keepling/node_modules/@types/responselike
desktop-promote	Generate the Hex and npm bills of materials from source	2026-09-13T19:40:39.8056650Z   npm error extraneous: @types/validate-npm-package-name@4.0.2 /Users/runner/work/keepling/keepling/node_modules/@types/validate-npm-package-name
desktop-promote	Generate the Hex and npm bills of materials from source	2026-09-13T19:40:39.8057440Z   npm error extraneous: @types/wrap-ansi@3.0.0 /Users/runner/work/keepling/keepling/node_modules/@types/wrap-ansi
desktop-promote	Generate the Hex and npm bills of materials from source	2026-09-13T19:40:39.8058120Z   npm error extraneous: @types/yauzl@2.10.3 /Users/runner/work/keepling/keepling/node_modules/@types/yauzl
desktop-promote	Generate the Hex and npm bills of materials from source	2026-09-13T19:40:39.8058910Z   npm error extraneous: @typescript-eslint/eslint-plugin@8.69.0 /Users/runner/work/keepling/keepling/node_modules/@typescript-eslint/eslint-plugin
desktop-promote	Generate the Hex and npm bills of materials from source	2026-09-13T19:40:39.8059770Z   npm error extraneous: @typescript-eslint/parser@8.69.0 /Users/runner/work/keepling/keepling/node_modules/@typescript-eslint/parser
desktop-promote	Generate the Hex and npm bills of materials from source	2026-09-13T19:40:39.8060660Z   npm error extraneous: @typescript-eslint/project-service@8.69.0 /Users/runner/work/keepling/keepling/node_modules/@typescript-eslint/project-service
desktop-promote	Generate the Hex and npm bills of materials from source	2026-09-13T19:40:39.8061590Z   npm error extraneous: @typescript-eslint/scope-manager@8.69.0 /Users/runner/work/keepling/keepling/node_modules/@typescript-eslint/scope-manager
desktop-promote	Generate the Hex and npm bills of materials from source	2026-09-13T19:40:39.8062510Z   npm error extraneous: @typescript-eslint/tsconfig-utils@8.69.0 /Users/runner/work/keepling/keepling/node_modules/@typescript-eslint/tsconfig-utils
desktop-promote	Generate the Hex and npm bills of materials from source	2026-09-13T19:40:39.8063410Z   npm error extraneous: @typescript-eslint/type-utils@8.69.0 /Users/runner/work/keepling/keepling/node_modules/@typescript-eslint/type-utils
desktop-promote	Generate the Hex and npm bills of materials from source	2026-09-13T19:40:39.8064670Z   npm error extraneous: @typescript-eslint/types@8.69.0 /Users/runner/work/keepling/keepling/node_modules/@typescript-eslint/types
desktop-promote	Generate the Hex and npm bills of materials from source	2026-09-13T19:40:39.8065560Z   npm error extraneous: @typescript-eslint/typescript-estree@8.69.0 /Users/runner/work/keepling/keepling/node_modules/@typescript-eslint/typescript-estree
desktop-promote	Generate the Hex and npm bills of materials from source	2026-09-13T19:40:39.8067410Z   npm error extraneous: @typescript-eslint/utils@8.69.0 /Users/runner/work/keepling/keepling/node_modules/@typescript-eslint/utils
desktop-promote	Generate the Hex and npm bills of materials from source	2026-09-13T19:40:39.8068340Z   npm error extraneous: @typescript-eslint/visitor-keys@8.69.0 /Users/runner/work/keepling/keepling/node_modules/@typescript-eslint/visitor-keys
desktop-promote	Generate the Hex and npm bills of materials from source	2026-09-13T19:40:39.8069190Z   npm error extraneous: @vitejs/plugin-react@6.1.1 /Users/runner/work/keepling/keepling/node_modules/@vitejs/plugin-react
desktop-promote	Generate the Hex and npm bills of materials from source	2026-09-13T19:40:39.8069900Z   npm error extraneous: @vitest/expect@4.1.11 /Users/runner/work/keepling/keepling/node_modules/@vitest/expect
desktop-promote	Generate the Hex and npm bills of materials from source	2026-09-13T19:40:39.8070580Z   npm error extraneous: @vitest/mocker@4.1.11 /Users/runner/work/keepling/keepling/node_modules/@vitest/mocker
desktop-promote	Generate the Hex and npm bills of materials from source	2026-09-13T19:40:39.8071360Z   npm error extraneous: @vitest/pretty-format@4.1.11 /Users/runner/work/keepling/keepling/node_modules/@vitest/pretty-format
desktop-promote	Generate the Hex and npm bills of materials from source	2026-09-13T19:40:39.8072110Z   npm error extraneous: @vitest/runner@4.1.11 /Users/runner/work/keepling/keepling/node_modules/@vitest/runner
desktop-promote	Generate the Hex and npm bills of materials from source	2026-09-13T19:40:39.8072800Z   npm error extraneous: @vitest/snapshot@4.1.11 /Users/runner/work/keepling/keepling/node_modules/@vitest/snapshot
desktop-promote	Generate the Hex and npm bills of materials from source	2026-09-13T19:40:39.8073470Z   npm error extraneous: @vitest/spy@4.1.11 /Users/runner/work/keepling/keepling/node_modules/@vitest/spy
desktop-promote	Generate the Hex and npm bills of materials from source	2026-09-13T19:40:39.8074100Z   npm error extraneous: @vitest/utils@4.1.11 /Users/runner/work/keepling/keepling/node_modules/@vitest/utils
desktop-promote	Generate the Hex and npm bills of materials from source	2026-09-13T19:40:39.8074790Z   npm error extraneous: @vscode/sudo-prompt@9.3.2 /Users/runner/work/keepling/keepling/node_modules/@vscode/sudo-prompt
desktop-promote	Generate the Hex and npm bills of materials from source	2026-09-13T19:40:39.8075610Z   npm error extraneous: @webassemblyjs/ast@1.14.1 /Users/runner/work/keepling/keepling/node_modules/@webassemblyjs/ast
desktop-promote	Generate the Hex and npm bills of materials from source	2026-09-13T19:40:39.8076510Z   npm error extraneous: @webassemblyjs/floating-point-hex-parser@1.13.2 /Users/runner/work/keepling/keepling/node_modules/@webassemblyjs/floating-point-hex-parser
desktop-promote	Generate the Hex and npm bills of materials from source	2026-09-13T19:40:39.8077490Z   npm error extraneous: @webassemblyjs/helper-api-error@1.13.2 /Users/runner/work/keepling/keepling/node_modules/@webassemblyjs/helper-api-error
desktop-promote	Generate the Hex and npm bills of materials from source	2026-09-13T19:40:39.8078370Z   npm error extraneous: @webassemblyjs/helper-buffer@1.14.1 /Users/runner/work/keepling/keepling/node_modules/@webassemblyjs/helper-buffer
desktop-promote	Generate the Hex and npm bills of materials from source	2026-09-13T19:40:39.8079240Z   npm error extraneous: @webassemblyjs/helper-numbers@1.13.2 /Users/runner/work/keepling/keepling/node_modules/@webassemblyjs/helper-numbers
desktop-promote	Generate the Hex and npm bills of materials from source	2026-09-13T19:40:39.8080320Z   npm error extraneous: @webassemblyjs/helper-wasm-bytecode@1.13.2 /Users/runner/work/keepling/keepling/node_modules/@webassemblyjs/helper-wasm-bytecode
desktop-promote	Generate the Hex and npm bills of materials from source	2026-09-13T19:40:39.8081300Z   npm error extraneous: @webassemblyjs/helper-wasm-section@1.14.1 /Users/runner/work/keepling/keepling/node_modules/@webassemblyjs/helper-wasm-section
desktop-promote	Generate the Hex and npm bills of materials from source	2026-09-13T19:40:39.8082150Z   npm error extraneous: @webassemblyjs/ieee754@1.13.2 /Users/runner/work/keepling/keepling/node_modules/@webassemblyjs/ieee754
desktop-promote	Generate the Hex and npm bills of materials from source	2026-09-13T19:40:39.8082940Z   npm error extraneous: @webassemblyjs/leb128@1.13.2 /Users/runner/work/keepling/keepling/node_modules/@webassemblyjs/leb128
desktop-promote	Generate the Hex and npm bills of materials from source	2026-09-13T19:40:39.8083670Z   npm error extraneous: @webassemblyjs/utf8@1.13.2 /Users/runner/work/keepling/keepling/node_modules/@webassemblyjs/utf8
desktop-promote	Generate the Hex and npm bills of materials from source	2026-09-13T19:40:39.8084450Z   npm error extraneous: @webassemblyjs/wasm-edit@1.14.1 /Users/runner/work/keepling/keepling/node_modules/@webassemblyjs/wasm-edit
desktop-promote	Generate the Hex and npm bills of materials from source	2026-09-13T19:40:39.8085250Z   npm error extraneous: @webassemblyjs/wasm-gen@1.14.1 /Users/runner/work/keepling/keepling/node_modules/@webassemblyjs/wasm-gen
desktop-promote	Generate the Hex and npm bills of materials from source	2026-09-13T19:40:39.8086050Z   npm error extraneous: @webassemblyjs/wasm-opt@1.14.1 /Users/runner/work/keepling/keepling/node_modules/@webassemblyjs/wasm-opt
desktop-promote	Generate the Hex and npm bills of materials from source	2026-09-13T19:40:39.8087080Z   npm error extraneous: @webassemblyjs/wasm-parser@1.14.1 /Users/runner/work/keepling/keepling/node_modules/@webassemblyjs/wasm-parser
desktop-promote	Generate the Hex and npm bills of materials from source	2026-09-13T19:40:39.8087910Z   npm error extraneous: @webassemblyjs/wast-printer@1.14.1 /Users/runner/work/keepling/keepling/node_modules/@webassemblyjs/wast-printer
desktop-promote	Generate the Hex and npm bills of materials from source	2026-09-13T19:40:39.8088820Z   npm error extraneous: @xmldom/xmldom@0.9.12 /Users/runner/work/keepling/keepling/node_modules/@xmldom/xmldom
desktop-promote	Generate the Hex and npm bills of materials from source	2026-09-13T19:40:39.8089530Z   npm error extraneous: @xtuc/ieee754@1.2.0 /Users/runner/work/keepling/keepling/node_modules/@xtuc/ieee754
desktop-promote	Generate the Hex and npm bills of materials from source	2026-09-13T19:40:39.8090190Z   npm error extraneous: @xtuc/long@4.2.2 /Users/runner/work/keepling/keepling/node_modules/@xtuc/long
desktop-promote	Generate the Hex and npm bills of materials from source	2026-09-13T19:40:39.8090770Z   npm error extraneous: abbrev@1.1.1 /Users/runner/work/keepling/keepling/node_modules/abbrev
desktop-promote	Generate the Hex and npm bills of materials from source	2026-09-13T19:40:39.8091340Z   npm error extraneous: accepts@2.0.0 /Users/runner/work/keepling/keepling/node_modules/accepts
desktop-promote	Generate the Hex and npm bills of materials from source	2026-09-13T19:40:39.8091960Z   npm error extraneous: acorn-jsx@5.3.2 /Users/runner/work/keepling/keepling/node_modules/acorn-jsx
desktop-promote	Generate the Hex and npm bills of materials from source	2026-09-13T19:40:39.8092560Z   npm error extraneous: acorn@8.18.0 /Users/runner/work/keepling/keepling/node_modules/acorn
desktop-promote	Generate the Hex and npm bills of materials from source	2026-09-13T19:40:39.8093160Z   npm error extraneous: agent-base@6.0.2 /Users/runner/work/keepling/keepling/node_modules/agent-base
desktop-promote	Generate the Hex and npm bills of materials from source	2026-09-13T19:40:39.8093820Z   npm error extraneous: agentkeepalive@4.6.0 /Users/runner/work/keepling/keepling/node_modules/agentkeepalive
desktop-promote	Generate the Hex and npm bills of materials from source	2026-09-13T19:40:39.8094500Z   npm error extraneous: aggregate-error@3.1.0 /Users/runner/work/keepling/keepling/node_modules/aggregate-error
desktop-promote	Generate the Hex and npm bills of materials from source	2026-09-13T19:40:39.8095170Z   npm error extraneous: ajv-formats@2.1.1 /Users/runner/work/keepling/keepling/node_modules/ajv-formats
desktop-promote	Generate the Hex and npm bills of materials from source	2026-09-13T19:40:39.8095810Z   npm error extraneous: ajv-keywords@5.1.0 /Users/runner/work/keepling/keepling/node_modules/ajv-keywords
desktop-promote	Generate the Hex and npm bills of materials from source	2026-09-13T19:40:39.8096370Z   npm error extraneous: ajv@8.20.0 /Users/runner/work/keepling/keepling/node_modules/ajv
desktop-promote	Generate the Hex and npm bills of materials from source	2026-09-13T19:40:39.8096970Z   npm error extraneous: ansi-escapes@4.3.2 /Users/runner/work/keepling/keepling/node_modules/ansi-escapes
desktop-promote	Generate the Hex and npm bills of materials from source	2026-09-13T19:40:39.8097600Z   npm error extraneous: ansi-regex@5.0.1 /Users/runner/work/keepling/keepling/node_modules/ansi-regex
desktop-promote	Generate the Hex and npm bills of materials from source	2026-09-13T19:40:39.8098240Z   npm error extraneous: ansi-styles@4.3.0 /Users/runner/work/keepling/keepling/node_modules/ansi-styles
desktop-promote	Generate the Hex and npm bills of materials from source	2026-09-13T19:40:39.8098860Z   npm error extraneous: aria-query@5.3.0 /Users/runner/work/keepling/keepling/node_modules/aria-query
desktop-promote	Generate the Hex and npm bills of materials from source	2026-09-13T19:40:39.8099520Z   npm error extraneous: assertion-error@2.0.1 /Users/runner/work/keepling/keepling/node_modules/assertion-error
desktop-promote	Generate the Hex and npm bills of materials from source	2026-09-13T19:40:39.8100170Z   npm error extraneous: ast-types@0.16.3 /Users/runner/work/keepling/keepling/node_modules/ast-types
desktop-promote	Generate the Hex and npm bills of materials from source	2026-09-13T19:40:39.8100810Z   npm error extraneous: at-least-node@1.0.0 /Users/runner/work/keepling/keepling/node_modules/at-least-node
desktop-promote	Generate the Hex and npm bills of materials from source	2026-09-13T19:40:39.8101460Z   npm error extraneous: atomically@1.7.0 /Users/runner/work/keepling/keepling/node_modules/atomically
desktop-promote	Generate the Hex and npm bills of materials from source	2026-09-13T19:40:39.8102090Z   npm error extraneous: author-regex@1.0.0 /Users/runner/work/keepling/keepling/node_modules/author-regex
desktop-promote	Generate the Hex and npm bills of materials from source	2026-09-13T19:40:39.8102710Z   npm error extraneous: axe-core@4.13.0 /Users/runner/work/keepling/keepling/node_modules/axe-core
desktop-promote	Generate the Hex and npm bills of materials from source	2026-09-13T19:40:39.8103320Z   npm error extraneous: base64-js@1.5.1 /Users/runner/work/keepling/keepling/node_modules/base64-js
desktop-promote	Generate the Hex and npm bills of materials from source	2026-09-13T19:40:39.8104080Z   npm error extraneous: baseline-browser-mapping@2.11.20 /Users/runner/work/keepling/keepling/node_modules/baseline-browser-mapping
desktop-promote	Generate the Hex and npm bills of materials from source	2026-09-13T19:40:39.8104770Z   npm error extraneous: bidi-js@1.0.3 /Users/runner/work/keepling/keepling/node_modules/bidi-js
desktop-promote	Generate the Hex and npm bills of materials from source	2026-09-13T19:40:39.8105310Z   npm error extraneous: bl@4.1.0 /Users/runner/work/keepling/keepling/node_modules/bl
desktop-promote	Generate the Hex and npm bills of materials from source	2026-09-13T19:40:39.8105880Z   npm error extraneous: bluebird@3.7.2 /Users/runner/work/keepling/keepling/node_modules/bluebird
desktop-promote	Generate the Hex and npm bills of materials from source	2026-09-13T19:40:39.8107480Z   npm error extraneous: body-parser@2.3.0 /Users/runner/work/keepling/keepling/node_modules/body-parser
desktop-promote	Generate the Hex and npm bills of materials from source	2026-09-13T19:40:39.8108100Z   npm error extraneous: boolean@3.2.0 /Users/runner/work/keepling/keepling/node_modules/boolean
desktop-promote	Generate the Hex and npm bills of materials from source	2026-09-13T19:40:39.8108690Z   npm error extraneous: braces@3.0.3 /Users/runner/work/keepling/keepling/node_modules/braces
desktop-promote	Generate the Hex and npm bills of materials from source	2026-09-13T19:40:39.8109430Z   npm error extraneous: browserslist@4.28.8 /Users/runner/work/keepling/keepling/node_modules/browserslist
desktop-promote	Generate the Hex and npm bills of materials from source	2026-09-13T19:40:39.8110090Z   npm error extraneous: buffer-crc32@0.2.13 /Users/runner/work/keepling/keepling/node_modules/buffer-crc32
desktop-promote	Generate the Hex and npm bills of materials from source	2026-09-13T19:40:39.8110730Z   npm error extraneous: buffer-from@1.1.2 /Users/runner/work/keepling/keepling/node_modules/buffer-from
desktop-promote	Generate the Hex and npm bills of materials from source	2026-09-13T19:40:39.8111320Z   npm error extraneous: buffer@5.7.1 /Users/runner/work/keepling/keepling/node_modules/buffer
desktop-promote	Generate the Hex and npm bills of materials from source	2026-09-13T19:40:39.8111910Z   npm error extraneous: bundle-name@4.1.0 /Users/runner/work/keepling/keepling/node_modules/bundle-name
desktop-promote	Generate the Hex and npm bills of materials from source	2026-09-13T19:40:39.8112510Z   npm error extraneous: bytes@3.1.2 /Users/runner/work/keepling/keepling/node_modules/bytes
desktop-promote	Generate the Hex and npm bills of materials from source	2026-09-13T19:40:39.8114160Z   npm error extraneous: cacache@16.1.3 /Users/runner/work/keepling/keepling/node_modules/cacache
desktop-promote	Generate the Hex and npm bills of materials from source	2026-09-13T19:40:39.8116600Z   npm error extraneous: cacheable-lookup@5.0.4 /Users/runner/work/keepling/keepling/node_modules/cacheable-lookup
desktop-promote	Generate the Hex and npm bills of materials from source	2026-09-13T19:40:39.8118550Z   npm error extraneous: cacheable-request@7.0.4 /Users/runner/work/keepling/keepling/node_modules/cacheable-request
desktop-promote	Generate the Hex and npm bills of materials from source	2026-09-13T19:40:39.8120590Z   npm error extraneous: call-bind-apply-helpers@1.0.2 /Users/runner/work/keepling/keepling/node_modules/call-bind-apply-helpers
desktop-promote	Generate the Hex and npm bills of materials from source	2026-09-13T19:40:39.8122450Z   npm error extraneous: call-bound@1.0.4 /Users/runner/work/keepling/keepling/node_modules/call-bound
desktop-promote	Generate the Hex and npm bills of materials from source	2026-09-13T19:40:39.8124070Z   npm error extraneous: callsites@3.1.0 /Users/runner/work/keepling/keepling/node_modules/callsites
desktop-promote	Generate the Hex and npm bills of materials from source	2026-09-13T19:40:39.8125790Z   npm error extraneous: caniuse-lite@1.0.30001810 /Users/runner/work/keepling/keepling/node_modules/caniuse-lite
desktop-promote	Generate the Hex and npm bills of materials from source	2026-09-13T19:40:39.8127400Z   npm error extraneous: chai@6.2.2 /Users/runner/work/keepling/keepling/node_modules/chai
desktop-promote	Generate the Hex and npm bills of materials from source	2026-09-13T19:40:39.8128840Z   npm error extraneous: chalk@4.1.2 /Users/runner/work/keepling/keepling/node_modules/chalk
desktop-promote	Generate the Hex and npm bills of materials from source	2026-09-13T19:40:39.8130330Z   npm error extraneous: chardet@0.7.0 /Users/runner/work/keepling/keepling/node_modules/chardet
desktop-promote	Generate the Hex and npm bills of materials from source	2026-09-13T19:40:39.8131830Z   npm error extraneous: chownr@2.0.0 /Users/runner/work/keepling/keepling/node_modules/chownr
desktop-promote	Generate the Hex and npm bills of materials from source	2026-09-13T19:40:39.8133540Z   npm error extraneous: chrome-trace-event@1.0.4 /Users/runner/work/keepling/keepling/node_modules/chrome-trace-event
desktop-promote	Generate the Hex and npm bills of materials from source	2026-09-13T19:40:39.8135610Z   npm error extraneous: class-variance-authority@0.7.1 /Users/runner/work/keepling/keepling/node_modules/class-variance-authority
desktop-promote	Generate the Hex and npm bills of materials from source	2026-09-13T19:40:39.8137500Z   npm error extraneous: clean-stack@2.2.0 /Users/runner/work/keepling/keepling/node_modules/clean-stack
desktop-promote	Generate the Hex and npm bills of materials from source	2026-09-13T19:40:39.8139150Z   npm error extraneous: cli-cursor@3.1.0 /Users/runner/work/keepling/keepling/node_modules/cli-cursor
desktop-promote	Generate the Hex and npm bills of materials from source	2026-09-13T19:40:39.8140860Z   npm error extraneous: cli-spinners@2.9.2 /Users/runner/work/keepling/keepling/node_modules/cli-spinners
desktop-promote	Generate the Hex and npm bills of materials from source	2026-09-13T19:40:39.8142600Z   npm error extraneous: cli-truncate@3.1.0 /Users/runner/work/keepling/keepling/node_modules/cli-truncate
desktop-promote	Generate the Hex and npm bills of materials from source	2026-09-13T19:40:39.8144240Z   npm error extraneous: cli-width@4.1.0 /Users/runner/work/keepling/keepling/node_modules/cli-width
desktop-promote	Generate the Hex and npm bills of materials from source	2026-09-13T19:40:39.8145750Z   npm error extraneous: cliui@8.0.1 /Users/runner/work/keepling/keepling/node_modules/cliui
desktop-promote	Generate the Hex and npm bills of materials from source	2026-09-13T19:40:39.8147370Z   npm error extraneous: clone-response@1.0.3 /Users/runner/work/keepling/keepling/node_modules/clone-response
desktop-promote	Generate the Hex and npm bills of materials from source	2026-09-13T19:40:39.8148960Z   npm error extraneous: clone@1.0.4 /Users/runner/work/keepling/keepling/node_modules/clone
desktop-promote	Generate the Hex and npm bills of materials from source	2026-09-13T19:40:39.8150370Z   npm error extraneous: clsx@2.1.1 /Users/runner/work/keepling/keepling/node_modules/clsx
desktop-promote	Generate the Hex and npm bills of materials from source	2026-09-13T19:40:39.8152810Z   npm error extraneous: code-block-writer@13.0.3 /Users/runner/work/keepling/keepling/node_modules/code-block-writer
desktop-promote	Generate the Hex and npm bills of materials from source	2026-09-13T19:40:39.8154610Z   npm error extraneous: color-convert@2.0.1 /Users/runner/work/keepling/keepling/node_modules/color-convert
desktop-promote	Generate the Hex and npm bills of materials from source	2026-09-13T19:40:39.8157440Z   npm error extraneous: color-name@1.1.4 /Users/runner/work/keepling/keepling/node_modules/color-name
desktop-promote	Generate the Hex and npm bills of materials from source	2026-09-13T19:40:39.8159540Z   npm error extraneous: commander@11.1.0 /Users/runner/work/keepling/keepling/node_modules/commander
desktop-promote	Generate the Hex and npm bills of materials from source	2026-09-13T19:40:39.8161280Z   npm error extraneous: compare-version@0.1.2 /Users/runner/work/keepling/keepling/node_modules/compare-version
desktop-promote	Generate the Hex and npm bills of materials from source	2026-09-13T19:40:39.8163020Z   npm error extraneous: concat-map@0.0.1 /Users/runner/work/keepling/keepling/node_modules/concat-map
desktop-promote	Generate the Hex and npm bills of materials from source	2026-09-13T19:40:39.8164580Z   npm error extraneous: conf@10.2.0 /Users/runner/work/keepling/keepling/node_modules/conf
desktop-promote	Generate the Hex and npm bills of materials from source	2026-09-13T19:40:39.8166380Z   npm error extraneous: content-disposition@1.1.0 /Users/runner/work/keepling/keepling/node_modules/content-disposition
desktop-promote	Generate the Hex and npm bills of materials from source	2026-09-13T19:40:39.8168270Z   npm error extraneous: content-type@2.1.0 /Users/runner/work/keepling/keepling/node_modules/content-type
desktop-promote	Generate the Hex and npm bills of materials from source	2026-09-13T19:40:39.8170130Z   npm error extraneous: convert-source-map@2.0.0 /Users/runner/work/keepling/keepling/node_modules/convert-source-map
desktop-promote	Generate the Hex and npm bills of materials from source	2026-09-13T19:40:39.8172060Z   npm error extraneous: cookie-signature@1.2.2 /Users/runner/work/keepling/keepling/node_modules/cookie-signature
desktop-promote	Generate the Hex and npm bills of materials from source	2026-09-13T19:40:39.8173700Z   npm error extraneous: cookie@0.7.2 /Users/runner/work/keepling/keepling/node_modules/cookie
desktop-promote	Generate the Hex and npm bills of materials from source	2026-09-13T19:40:39.8175130Z   npm error extraneous: cors@2.8.6 /Users/runner/work/keepling/keepling/node_modules/cors
desktop-promote	Generate the Hex and npm bills of materials from source	2026-09-13T19:40:39.8176720Z   npm error extraneous: cosmiconfig@9.0.2 /Users/runner/work/keepling/keepling/node_modules/cosmiconfig
desktop-promote	Generate the Hex and npm bills of materials from source	2026-09-13T19:40:39.8178430Z   npm error extraneous: cross-dirname@0.1.0 /Users/runner/work/keepling/keepling/node_modules/cross-dirname
desktop-promote	Generate the Hex and npm bills of materials from source	2026-09-13T19:40:39.8180140Z   npm error extraneous: cross-spawn@7.0.6 /Users/runner/work/keepling/keepling/node_modules/cross-spawn
desktop-promote	Generate the Hex and npm bills of materials from source	2026-09-13T19:40:39.8181750Z   npm error extraneous: cross-zip@4.0.1 /Users/runner/work/keepling/keepling/node_modules/cross-zip
desktop-promote	Generate the Hex and npm bills of materials from source	2026-09-13T19:40:39.8183300Z   npm error extraneous: css-tree@3.2.1 /Users/runner/work/keepling/keepling/node_modules/css-tree
desktop-promote	Generate the Hex and npm bills of materials from source	2026-09-13T19:40:39.8184920Z   npm error extraneous: css.escape@1.5.1 /Users/runner/work/keepling/keepling/node_modules/css.escape
desktop-promote	Generate the Hex and npm bills of materials from source	2026-09-13T19:40:39.8186480Z   npm error extraneous: cssesc@3.0.0 /Users/runner/work/keepling/keepling/node_modules/cssesc
desktop-promote	Generate the Hex and npm bills of materials from source	2026-09-13T19:40:39.8187960Z   npm error extraneous: csstype@3.2.3 /Users/runner/work/keepling/keepling/node_modules/csstype
desktop-promote	Generate the Hex and npm bills of materials from source	2026-09-13T19:40:39.8189510Z   npm error extraneous: data-urls@7.0.0 /Users/runner/work/keepling/keepling/node_modules/data-urls
desktop-promote	Generate the Hex and npm bills of materials from source	2026-09-13T19:40:39.8191190Z   npm error extraneous: debounce-fn@4.0.0 /Users/runner/work/keepling/keepling/node_modules/debounce-fn
desktop-promote	Generate the Hex and npm bills of materials from source	2026-09-13T19:40:39.8192830Z   npm error extraneous: decimal.js@10.6.0 /Users/runner/work/keepling/keepling/node_modules/decimal.js
desktop-promote	Generate the Hex and npm bills of materials from source	2026-09-13T19:40:39.8194860Z   npm error extraneous: decompress-response@6.0.0 /Users/runner/work/keepling/keepling/node_modules/decompress-response
desktop-promote	Generate the Hex and npm bills of materials from source	2026-09-13T19:40:39.8196870Z   npm error extraneous: dedent@1.7.2 /Users/runner/work/keepling/keepling/node_modules/dedent
desktop-promote	Generate the Hex and npm bills of materials from source	2026-09-13T19:40:39.8198430Z   npm error extraneous: deep-is@0.1.4 /Users/runner/work/keepling/keepling/node_modules/deep-is
desktop-promote	Generate the Hex and npm bills of materials from source	2026-09-13T19:40:39.8290090Z   npm error extraneous: deepmerge@4.3.1 /Users/runner/work/keepling/keepling/node_modules/deepmerge
desktop-promote	Generate the Hex and npm bills of materials from source	2026-09-13T19:40:39.8291190Z   npm error extraneous: default-browser-id@5.0.1 /Users/runner/work/keepling/keepling/node_modules/default-browser-id
desktop-promote	Generate the Hex and npm bills of materials from source	2026-09-13T19:40:39.8292000Z   npm error extraneous: default-browser@5.5.1 /Users/runner/work/keepling/keepling/node_modules/default-browser
desktop-promote	Generate the Hex and npm bills of materials from source	2026-09-13T19:40:39.8292730Z   npm error extraneous: defaults@1.0.4 /Users/runner/work/keepling/keepling/node_modules/defaults
desktop-promote	Generate the Hex and npm bills of materials from source	2026-09-13T19:40:39.8293890Z   npm error extraneous: defer-to-connect@2.0.1 /Users/runner/work/keepling/keepling/node_modules/defer-to-connect
desktop-promote	Generate the Hex and npm bills of materials from source	2026-09-13T19:40:39.8294790Z   npm error extraneous: define-data-property@1.1.4 /Users/runner/work/keepling/keepling/node_modules/define-data-property
desktop-promote	Generate the Hex and npm bills of materials from source	2026-09-13T19:40:39.8295940Z   npm error extraneous: define-lazy-prop@2.0.0 /Users/runner/work/keepling/keepling/node_modules/define-lazy-prop
desktop-promote	Generate the Hex and npm bills of materials from source	2026-09-13T19:40:39.8296830Z   npm error extraneous: define-properties@1.2.1 /Users/runner/work/keepling/keepling/node_modules/define-properties
desktop-promote	Generate the Hex and npm bills of materials from source	2026-09-13T19:40:39.8299460Z   npm error extraneous: depd@2.0.0 /Users/runner/work/keepling/keepling/node_modules/depd
desktop-promote	Generate the Hex and npm bills of materials from source	2026-09-13T19:40:39.8300060Z   npm error extraneous: dequal@2.0.3 /Users/runner/work/keepling/keepling/node_modules/dequal
desktop-promote	Generate the Hex and npm bills of materials from source	2026-09-13T19:40:39.8300760Z   npm error extraneous: detect-libc@2.1.2 /Users/runner/work/keepling/keepling/node_modules/detect-libc
desktop-promote	Generate the Hex and npm bills of materials from source	2026-09-13T19:40:39.8301520Z   npm error extraneous: detect-node@2.1.0 /Users/runner/work/keepling/keepling/node_modules/detect-node
desktop-promote	Generate the Hex and npm bills of materials from source	2026-09-13T19:40:39.8302110Z   npm error extraneous: diff@8.0.4 /Users/runner/work/keepling/keepling/node_modules/diff
desktop-promote	Generate the Hex and npm bills of materials from source	2026-09-13T19:40:39.8302760Z   npm error extraneous: dir-compare@4.2.0 /Users/runner/work/keepling/keepling/node_modules/dir-compare
desktop-promote	Generate the Hex and npm bills of materials from source	2026-09-13T19:40:39.8303520Z   npm error extraneous: dom-accessibility-api@0.5.16 /Users/runner/work/keepling/keepling/node_modules/dom-accessibility-api
desktop-promote	Generate the Hex and npm bills of materials from source	2026-09-13T19:40:39.8304180Z   npm error extraneous: dot-prop@6.0.1 /Users/runner/work/keepling/keepling/node_modules/dot-prop
desktop-promote	Generate the Hex and npm bills of materials from source	2026-09-13T19:40:39.8304780Z   npm error extraneous: dotenv@17.4.2 /Users/runner/work/keepling/keepling/node_modules/dotenv
desktop-promote	Generate the Hex and npm bills of materials from source	2026-09-13T19:40:39.8305460Z   npm error extraneous: dunder-proto@1.0.1 /Users/runner/work/keepling/keepling/node_modules/dunder-proto
desktop-promote	Generate the Hex and npm bills of materials from source	2026-09-13T19:40:39.8306220Z   npm error extraneous: eastasianwidth@0.2.0 /Users/runner/work/keepling/keepling/node_modules/eastasianwidth
desktop-promote	Generate the Hex and npm bills of materials from source	2026-09-13T19:40:39.8306980Z   npm error extraneous: ee-first@1.1.1 /Users/runner/work/keepling/keepling/node_modules/ee-first
desktop-promote	Generate the Hex and npm bills of materials from source	2026-09-13T19:40:39.8307720Z   npm error extraneous: electron-to-chromium@1.5.420 /Users/runner/work/keepling/keepling/node_modules/electron-to-chromium
desktop-promote	Generate the Hex and npm bills of materials from source	2026-09-13T19:40:39.8308390Z   npm error extraneous: electron@44.1.1 /Users/runner/work/keepling/keepling/node_modules/electron
desktop-promote	Generate the Hex and npm bills of materials from source	2026-09-13T19:40:39.8309020Z   npm error extraneous: emoji-regex@8.0.0 /Users/runner/work/keepling/keepling/node_modules/emoji-regex
desktop-promote	Generate the Hex and npm bills of materials from source	2026-09-13T19:40:39.8309770Z   npm error extraneous: encodeurl@2.0.0 /Users/runner/work/keepling/keepling/node_modules/encodeurl
desktop-promote	Generate the Hex and npm bills of materials from source	2026-09-13T19:40:39.8310360Z   npm error extraneous: encoding@0.1.13 /Users/runner/work/keepling/keepling/node_modules/encoding
desktop-promote	Generate the Hex and npm bills of materials from source	2026-09-13T19:40:39.8310990Z   npm error extraneous: end-of-stream@1.4.5 /Users/runner/work/keepling/keepling/node_modules/end-of-stream
desktop-promote	Generate the Hex and npm bills of materials from source	2026-09-13T19:40:39.8311670Z   npm error extraneous: enhanced-resolve@5.24.5 /Users/runner/work/keepling/keepling/node_modules/enhanced-resolve
desktop-promote	Generate the Hex and npm bills of materials from source	2026-09-13T19:40:39.8312310Z   npm error extraneous: enquirer@2.4.1 /Users/runner/work/keepling/keepling/node_modules/enquirer
desktop-promote	Generate the Hex and npm bills of materials from source	2026-09-13T19:40:39.8312880Z   npm error extraneous: entities@8.0.0 /Users/runner/work/keepling/keepling/node_modules/entities
desktop-promote	Generate the Hex and npm bills of materials from source	2026-09-13T19:40:39.8313490Z   npm error extraneous: env-paths@2.2.1 /Users/runner/work/keepling/keepling/node_modules/env-paths
desktop-promote	Generate the Hex and npm bills of materials from source	2026-09-13T19:40:39.8314080Z   npm error extraneous: err-code@2.0.3 /Users/runner/work/keepling/keepling/node_modules/err-code
desktop-promote	Generate the Hex and npm bills of materials from source	2026-09-13T19:40:39.8314650Z   npm error extraneous: error-ex@1.3.4 /Users/runner/work/keepling/keepling/node_modules/error-ex
desktop-promote	Generate the Hex and npm bills of materials from source	2026-09-13T19:40:39.8315310Z   npm error extraneous: es-define-property@1.0.1 /Users/runner/work/keepling/keepling/node_modules/es-define-property
desktop-promote	Generate the Hex and npm bills of materials from source	2026-09-13T19:40:39.8316150Z   npm error extraneous: es-errors@1.3.0 /Users/runner/work/keepling/keepling/node_modules/es-errors
desktop-promote	Generate the Hex and npm bills of materials from source	2026-09-13T19:40:39.8316810Z   npm error extraneous: es-module-lexer@2.3.2 /Users/runner/work/keepling/keepling/node_modules/es-module-lexer
desktop-promote	Generate the Hex and npm bills of materials from source	2026-09-13T19:40:39.8317780Z   npm error extraneous: es-object-atoms@1.1.2 /Users/runner/work/keepling/keepling/node_modules/es-object-atoms
desktop-promote	Generate the Hex and npm bills of materials from source	2026-09-13T19:40:39.8318440Z   npm error extraneous: es6-error@4.1.1 /Users/runner/work/keepling/keepling/node_modules/es6-error
desktop-promote	Generate the Hex and npm bills of materials from source	2026-09-13T19:40:39.8319180Z   npm error extraneous: escalade@3.2.0 /Users/runner/work/keepling/keepling/node_modules/escalade
desktop-promote	Generate the Hex and npm bills of materials from source	2026-09-13T19:40:39.8319800Z   npm error extraneous: escape-html@1.0.3 /Users/runner/work/keepling/keepling/node_modules/escape-html
desktop-promote	Generate the Hex and npm bills of materials from source	2026-09-13T19:40:39.8320520Z   npm error extraneous: escape-string-regexp@4.0.0 /Users/runner/work/keepling/keepling/node_modules/escape-string-regexp
desktop-promote	Generate the Hex and npm bills of materials from source	2026-09-13T19:40:39.8321330Z   npm error extraneous: eslint-plugin-react-hooks@7.1.1 /Users/runner/work/keepling/keepling/node_modules/eslint-plugin-react-hooks
desktop-promote	Generate the Hex and npm bills of materials from source	2026-09-13T19:40:39.8322190Z   npm error extraneous: eslint-plugin-react-refresh@0.5.5 /Users/runner/work/keepling/keepling/node_modules/eslint-plugin-react-refresh
desktop-promote	Generate the Hex and npm bills of materials from source	2026-09-13T19:40:39.8322930Z   npm error extraneous: eslint-scope@9.1.2 /Users/runner/work/keepling/keepling/node_modules/eslint-scope
desktop-promote	Generate the Hex and npm bills of materials from source	2026-09-13T19:40:39.8323640Z   npm error extraneous: eslint-visitor-keys@5.0.1 /Users/runner/work/keepling/keepling/node_modules/eslint-visitor-keys
desktop-promote	Generate the Hex and npm bills of materials from source	2026-09-13T19:40:39.8324300Z   npm error extraneous: eslint@10.9.1 /Users/runner/work/keepling/keepling/node_modules/eslint
desktop-promote	Generate the Hex and npm bills of materials from source	2026-09-13T19:40:39.8324870Z   npm error extraneous: espree@11.2.0 /Users/runner/work/keepling/keepling/node_modules/espree
desktop-promote	Generate the Hex and npm bills of materials from source	2026-09-13T19:40:39.8325460Z   npm error extraneous: esprima@4.0.1 /Users/runner/work/keepling/keepling/node_modules/esprima
desktop-promote	Generate the Hex and npm bills of materials from source	2026-09-13T19:40:39.8326080Z   npm error extraneous: esquery@1.7.0 /Users/runner/work/keepling/keepling/node_modules/esquery
desktop-promote	Generate the Hex and npm bills of materials from source	2026-09-13T19:40:39.8326700Z   npm error extraneous: esrecurse@4.3.0 /Users/runner/work/keepling/keepling/node_modules/esrecurse
desktop-promote	Generate the Hex and npm bills of materials from source	2026-09-13T19:40:39.8327340Z   npm error extraneous: estraverse@5.3.0 /Users/runner/work/keepling/keepling/node_modules/estraverse
desktop-promote	Generate the Hex and npm bills of materials from source	2026-09-13T19:40:39.8327980Z   npm error extraneous: estree-walker@3.0.3 /Users/runner/work/keepling/keepling/node_modules/estree-walker
desktop-promote	Generate the Hex and npm bills of materials from source	2026-09-13T19:40:39.8328600Z   npm error extraneous: esutils@2.0.3 /Users/runner/work/keepling/keepling/node_modules/esutils
desktop-promote	Generate the Hex and npm bills of materials from source	2026-09-13T19:40:39.8329150Z   npm error extraneous: eta@3.5.0 /Users/runner/work/keepling/keepling/node_modules/eta
desktop-promote	Generate the Hex and npm bills of materials from source	2026-09-13T19:40:39.8329690Z   npm error extraneous: etag@1.8.1 /Users/runner/work/keepling/keepling/node_modules/etag
desktop-promote	Generate the Hex and npm bills of materials from source	2026-09-13T19:40:39.8330380Z   npm error extraneous: eventemitter3@5.0.4 /Users/runner/work/keepling/keepling/node_modules/eventemitter3
desktop-promote	Generate the Hex and npm bills of materials from source	2026-09-13T19:40:39.8331010Z   npm error extraneous: events@3.3.0 /Users/runner/work/keepling/keepling/node_modules/events
desktop-promote	Generate the Hex and npm bills of materials from source	2026-09-13T19:40:39.8331670Z   npm error extraneous: eventsource-parser@3.1.1 /Users/runner/work/keepling/keepling/node_modules/eventsource-parser
desktop-promote	Generate the Hex and npm bills of materials from source	2026-09-13T19:40:39.8332360Z   npm error extraneous: eventsource@3.0.7 /Users/runner/work/keepling/keepling/node_modules/eventsource
desktop-promote	Generate the Hex and npm bills of materials from source	2026-09-13T19:40:39.8332950Z   npm error extraneous: execa@1.0.0 /Users/runner/work/keepling/keepling/node_modules/execa
desktop-promote	Generate the Hex and npm bills of materials from source	2026-09-13T19:40:39.8333550Z   npm error extraneous: expect-type@1.4.0 /Users/runner/work/keepling/keepling/node_modules/expect-type
desktop-promote	Generate the Hex and npm bills of materials from source	2026-09-13T19:40:39.8334250Z   npm error extraneous: exponential-backoff@3.1.3 /Users/runner/work/keepling/keepling/node_modules/exponential-backoff
desktop-promote	Generate the Hex and npm bills of materials from source	2026-09-13T19:40:39.8334990Z   npm error extraneous: express-rate-limit@8.7.0 /Users/runner/work/keepling/keepling/node_modules/express-rate-limit
desktop-promote	Generate the Hex and npm bills of materials from source	2026-09-13T19:40:39.8335640Z   npm error extraneous: express@5.2.1 /Users/runner/work/keepling/keepling/node_modules/express
desktop-promote	Generate the Hex and npm bills of materials from source	2026-09-13T19:40:39.8336270Z   npm error extraneous: external-editor@3.1.0 /Users/runner/work/keepling/keepling/node_modules/external-editor
desktop-promote	Generate the Hex and npm bills of materials from source	2026-09-13T19:40:39.8336920Z   npm error extraneous: extract-zip@2.0.1 /Users/runner/work/keepling/keepling/node_modules/extract-zip
desktop-promote	Generate the Hex and npm bills of materials from source	2026-09-13T19:40:39.8337750Z   npm error extraneous: fast-glob@3.3.3 /Users/runner/work/keepling/keepling/node_modules/fast-glob
desktop-promote	Generate the Hex and npm bills of materials from source	2026-09-13T19:40:39.8338500Z   npm error extraneous: fast-json-stable-stringify@2.1.0 /Users/runner/work/keepling/keepling/node_modules/fast-json-stable-stringify
desktop-promote	Generate the Hex and npm bills of materials from source	2026-09-13T19:40:39.8339470Z   npm error extraneous: fast-levenshtein@2.0.6 /Users/runner/work/keepling/keepling/node_modules/fast-levenshtein
desktop-promote	Generate the Hex and npm bills of materials from source	2026-09-13T19:40:39.8340110Z   npm error extraneous: fast-uri@3.1.6 /Users/runner/work/keepling/keepling/node_modules/fast-uri
desktop-promote	Generate the Hex and npm bills of materials from source	2026-09-13T19:40:39.8340700Z   npm error extraneous: fastq@1.20.3 /Users/runner/work/keepling/keepling/node_modules/fastq
desktop-promote	Generate the Hex and npm bills of materials from source	2026-09-13T19:40:39.8341280Z   npm error extraneous: fd-slicer@1.1.0 /Users/runner/work/keepling/keepling/node_modules/fd-slicer
desktop-promote	Generate the Hex and npm bills of materials from source	2026-09-13T19:40:39.8341850Z   npm error extraneous: fdir@6.5.0 /Users/runner/work/keepling/keepling/node_modules/fdir
desktop-promote	Generate the Hex and npm bills of materials from source	2026-09-13T19:40:39.8342420Z   npm error extraneous: figures@6.1.0 /Users/runner/work/keepling/keepling/node_modules/figures
desktop-promote	Generate the Hex and npm bills of materials from source	2026-09-13T19:40:39.8343080Z   npm error extraneous: file-entry-cache@8.0.0 /Users/runner/work/keepling/keepling/node_modules/file-entry-cache
desktop-promote	Generate the Hex and npm bills of materials from source	2026-09-13T19:40:39.8343890Z   npm error extraneous: filename-reserved-regex@2.0.0 /Users/runner/work/keepling/keepling/node_modules/filename-reserved-regex
desktop-promote	Generate the Hex and npm bills of materials from source	2026-09-13T19:40:39.8344610Z   npm error extraneous: filenamify@4.3.0 /Users/runner/work/keepling/keepling/node_modules/filenamify
desktop-promote	Generate the Hex and npm bills of materials from source	2026-09-13T19:40:39.8345240Z   npm error extraneous: fill-range@7.1.1 /Users/runner/work/keepling/keepling/node_modules/fill-range
desktop-promote	Generate the Hex and npm bills of materials from source	2026-09-13T19:40:39.8345880Z   npm error extraneous: finalhandler@2.1.1 /Users/runner/work/keepling/keepling/node_modules/finalhandler
desktop-promote	Generate the Hex and npm bills of materials from source	2026-09-13T19:40:39.8346650Z   npm error extraneous: find-up@5.0.0 /Users/runner/work/keepling/keepling/node_modules/find-up
desktop-promote	Generate the Hex and npm bills of materials from source	2026-09-13T19:40:39.8347270Z   npm error extraneous: flat-cache@4.0.1 /Users/runner/work/keepling/keepling/node_modules/flat-cache
desktop-promote	Generate the Hex and npm bills of materials from source	2026-09-13T19:40:39.8347890Z   npm error extraneous: flatted@3.4.4 /Users/runner/work/keepling/keepling/node_modules/flatted
desktop-promote	Generate the Hex and npm bills of materials from source	2026-09-13T19:40:39.8348550Z   npm error extraneous: flora-colossus@2.0.0 /Users/runner/work/keepling/keepling/node_modules/flora-colossus
desktop-promote	Generate the Hex and npm bills of materials from source	2026-09-13T19:40:39.8349210Z   npm error extraneous: forwarded@0.2.0 /Users/runner/work/keepling/keepling/node_modules/forwarded
desktop-promote	Generate the Hex and npm bills of materials from source	2026-09-13T19:40:39.8349770Z   npm error extraneous: fresh@2.0.0 /Users/runner/work/keepling/keepling/node_modules/fresh
desktop-promote	Generate the Hex and npm bills of materials from source	2026-09-13T19:40:39.8350330Z   npm error extraneous: fs-extra@10.1.0 /Users/runner/work/keepling/keepling/node_modules/fs-extra
desktop-promote	Generate the Hex and npm bills of materials from source	2026-09-13T19:40:39.8350930Z   npm error extraneous: fs-minipass@2.1.0 /Users/runner/work/keepling/keepling/node_modules/fs-minipass
desktop-promote	Generate the Hex and npm bills of materials from source	2026-09-13T19:40:39.8351550Z   npm error extraneous: fs.realpath@1.0.0 /Users/runner/work/keepling/keepling/node_modules/fs.realpath
desktop-promote	Generate the Hex and npm bills of materials from source	2026-09-13T19:40:39.8352160Z   npm error extraneous: fsevents@2.3.2 /Users/runner/work/keepling/keepling/node_modules/fsevents
desktop-promote	Generate the Hex and npm bills of materials from source	2026-09-13T19:40:39.8352800Z   npm error extraneous: function-bind@1.1.2 /Users/runner/work/keepling/keepling/node_modules/function-bind
desktop-promote	Generate the Hex and npm bills of materials from source	2026-09-13T19:40:39.8353430Z   npm error extraneous: fuzzysort@3.1.0 /Users/runner/work/keepling/keepling/node_modules/fuzzysort
desktop-promote	Generate the Hex and npm bills of materials from source	2026-09-13T19:40:39.8354040Z   npm error extraneous: galactus@1.0.0 /Users/runner/work/keepling/keepling/node_modules/galactus
desktop-promote	Generate the Hex and npm bills of materials from source	2026-09-13T19:40:39.8354660Z   npm error extraneous: gensync@1.0.0-beta.2 /Users/runner/work/keepling/keepling/node_modules/gensync
desktop-promote	Generate the Hex and npm bills of materials from source	2026-09-13T19:40:39.8355310Z   npm error extraneous: get-caller-file@2.0.5 /Users/runner/work/keepling/keepling/node_modules/get-caller-file
desktop-promote	Generate the Hex and npm bills of materials from source	2026-09-13T19:40:39.8356040Z   npm error extraneous: get-east-asian-width@1.6.0 /Users/runner/work/keepling/keepling/node_modules/get-east-asian-width
desktop-promote	Generate the Hex and npm bills of materials from source	2026-09-13T19:40:39.8356730Z   npm error extraneous: get-intrinsic@1.3.0 /Users/runner/work/keepling/keepling/node_modules/get-intrinsic
desktop-promote	Generate the Hex and npm bills of materials from source	2026-09-13T19:40:39.8357460Z   npm error extraneous: get-own-enumerable-keys@1.0.0 /Users/runner/work/keepling/keepling/node_modules/get-own-enumerable-keys
desktop-promote	Generate the Hex and npm bills of materials from source	2026-09-13T19:40:39.8358350Z   npm error extraneous: get-package-info@1.0.0 /Users/runner/work/keepling/keepling/node_modules/get-package-info
desktop-promote	Generate the Hex and npm bills of materials from source	2026-09-13T19:40:39.8358990Z   npm error extraneous: get-proto@1.0.1 /Users/runner/work/keepling/keepling/node_modules/get-proto
desktop-promote	Generate the Hex and npm bills of materials from source	2026-09-13T19:40:39.8359670Z   npm error extraneous: get-stream@5.2.0 /Users/runner/work/keepling/keepling/node_modules/get-stream
desktop-promote	Generate the Hex and npm bills of materials from source	2026-09-13T19:40:39.8360290Z   npm error extraneous: glob-parent@5.1.2 /Users/runner/work/keepling/keepling/node_modules/glob-parent
desktop-promote	Generate the Hex and npm bills of materials from source	2026-09-13T19:40:39.8360980Z   npm error extraneous: glob@7.2.3 /Users/runner/work/keepling/keepling/node_modules/glob
desktop-promote	Generate the Hex and npm bills of materials from source	2026-09-13T19:40:39.8361590Z   npm error extraneous: global-agent@3.0.0 /Users/runner/work/keepling/keepling/node_modules/global-agent
desktop-promote	Generate the Hex and npm bills of materials from source	2026-09-13T19:40:39.8362220Z   npm error extraneous: global-dirs@3.0.1 /Users/runner/work/keepling/keepling/node_modules/global-dirs
desktop-promote	Generate the Hex and npm bills of materials from source	2026-09-13T19:40:39.8362840Z   npm error extraneous: globals@17.12.0 /Users/runner/work/keepling/keepling/node_modules/globals
desktop-promote	Generate the Hex and npm bills of materials from source	2026-09-13T19:40:39.8363430Z   npm error extraneous: globalthis@1.0.4 /Users/runner/work/keepling/keepling/node_modules/globalthis
desktop-promote	Generate the Hex and npm bills of materials from source	2026-09-13T19:40:39.8364000Z   npm error extraneous: gopd@1.2.0 /Users/runner/work/keepling/keepling/node_modules/gopd
desktop-promote	Generate the Hex and npm bills of materials from source	2026-09-13T19:40:39.8364520Z   npm error extraneous: got@11.8.6 /Users/runner/work/keepling/keepling/node_modules/got
desktop-promote	Generate the Hex and npm bills of materials from source	2026-09-13T19:40:39.8365160Z   npm error extraneous: graceful-fs@4.2.11 /Users/runner/work/keepling/keepling/node_modules/graceful-fs
desktop-promote	Generate the Hex and npm bills of materials from source	2026-09-13T19:40:39.8365770Z   npm error extraneous: has-flag@4.0.0 /Users/runner/work/keepling/keepling/node_modules/has-flag
desktop-promote	Generate the Hex and npm bills of materials from source	2026-09-13T19:40:39.8366470Z   npm error extraneous: has-property-descriptors@1.0.2 /Users/runner/work/keepling/keepling/node_modules/has-property-descriptors
desktop-promote	Generate the Hex and npm bills of materials from source	2026-09-13T19:40:39.8367430Z   npm error extraneous: has-symbols@1.1.0 /Users/runner/work/keepling/keepling/node_modules/has-symbols
desktop-promote	Generate the Hex and npm bills of materials from source	2026-09-13T19:40:39.8368070Z   npm error extraneous: hasown@2.0.4 /Users/runner/work/keepling/keepling/node_modules/hasown
desktop-promote	Generate the Hex and npm bills of materials from source	2026-09-13T19:40:39.8368680Z   npm error extraneous: hermes-estree@0.25.1 /Users/runner/work/keepling/keepling/node_modules/hermes-estree
desktop-promote	Generate the Hex and npm bills of materials from source	2026-09-13T19:40:39.8369350Z   npm error extraneous: hermes-parser@0.25.1 /Users/runner/work/keepling/keepling/node_modules/hermes-parser
desktop-promote	Generate the Hex and npm bills of materials from source	2026-09-13T19:40:39.8369930Z   npm error extraneous: hono@4.13.5 /Users/runner/work/keepling/keepling/node_modules/hono
desktop-promote	Generate the Hex and npm bills of materials from source	2026-09-13T19:40:39.8370560Z   npm error extraneous: hosted-git-info@2.8.9 /Users/runner/work/keepling/keepling/node_modules/hosted-git-info
desktop-promote	Generate the Hex and npm bills of materials from source	2026-09-13T19:40:39.8372440Z   npm error extraneous: html-encoding-sniffer@6.0.0 /Users/runner/work/keepling/keepling/node_modules/html-encoding-sniffer
desktop-promote	Generate the Hex and npm bills of materials from source	2026-09-13T19:40:39.8373350Z   npm error extraneous: http-cache-semantics@4.2.0 /Users/runner/work/keepling/keepling/node_modules/http-cache-semantics
desktop-promote	Generate the Hex and npm bills of materials from source	2026-09-13T19:40:39.8374070Z   npm error extraneous: http-errors@2.0.1 /Users/runner/work/keepling/keepling/node_modules/http-errors
desktop-promote	Generate the Hex and npm bills of materials from source	2026-09-13T19:40:39.8374780Z   npm error extraneous: http-proxy-agent@5.0.0 /Users/runner/work/keepling/keepling/node_modules/http-proxy-agent
desktop-promote	Generate the Hex and npm bills of materials from source	2026-09-13T19:40:39.8375460Z   npm error extraneous: http2-wrapper@1.0.3 /Users/runner/work/keepling/keepling/node_modules/http2-wrapper
desktop-promote	Generate the Hex and npm bills of materials from source	2026-09-13T19:40:39.8376120Z   npm error extraneous: human-signals@2.1.0 /Users/runner/work/keepling/keepling/node_modules/human-signals
desktop-promote	Generate the Hex and npm bills of materials from source	2026-09-13T19:40:39.8376840Z   npm error extraneous: humanize-ms@1.2.1 /Users/runner/work/keepling/keepling/node_modules/humanize-ms
desktop-promote	Generate the Hex and npm bills of materials from source	2026-09-13T19:40:39.8377490Z   npm error extraneous: iconv-lite@0.7.3 /Users/runner/work/keepling/keepling/node_modules/iconv-lite
desktop-promote	Generate the Hex and npm bills of materials from source	2026-09-13T19:40:39.8378090Z   npm error extraneous: ieee754@1.2.1 /Users/runner/work/keepling/keepling/node_modules/ieee754
desktop-promote	Generate the Hex and npm bills of materials from source	2026-09-13T19:40:39.8378660Z   npm error extraneous: ignore@5.3.2 /Users/runner/work/keepling/keepling/node_modules/ignore
desktop-promote	Generate the Hex and npm bills of materials from source	2026-09-13T19:40:39.8379590Z   npm error extraneous: import-fresh@3.3.1 /Users/runner/work/keepling/keepling/node_modules/import-fresh
desktop-promote	Generate the Hex and npm bills of materials from source	2026-09-13T19:40:39.8380230Z   npm error extraneous: imurmurhash@0.1.4 /Users/runner/work/keepling/keepling/node_modules/imurmurhash
desktop-promote	Generate the Hex and npm bills of materials from source	2026-09-13T19:40:39.8380880Z   npm error extraneous: indent-string@4.0.0 /Users/runner/work/keepling/keepling/node_modules/indent-string
desktop-promote	Generate the Hex and npm bills of materials from source	2026-09-13T19:40:39.8381780Z   npm error extraneous: infer-owner@1.0.4 /Users/runner/work/keepling/keepling/node_modules/infer-owner
desktop-promote	Generate the Hex and npm bills of materials from source	2026-09-13T19:40:39.8382390Z   npm error extraneous: inflight@1.0.6 /Users/runner/work/keepling/keepling/node_modules/inflight
desktop-promote	Generate the Hex and npm bills of materials from source	2026-09-13T19:40:39.8382990Z   npm error extraneous: inherits@2.0.4 /Users/runner/work/keepling/keepling/node_modules/inherits
desktop-promote	Generate the Hex and npm bills of materials from source	2026-09-13T19:40:39.8384150Z   npm error extraneous: ini@2.0.0 /Users/runner/work/keepling/keepling/node_modules/ini
desktop-promote	Generate the Hex and npm bills of materials from source	2026-09-13T19:40:39.8384730Z   npm error extraneous: interpret@3.1.1 /Users/runner/work/keepling/keepling/node_modules/interpret
desktop-promote	Generate the Hex and npm bills of materials from source	2026-09-13T19:40:39.8385370Z   npm error extraneous: ip-address@10.7.0 /Users/runner/work/keepling/keepling/node_modules/ip-address
desktop-promote	Generate the Hex and npm bills of materials from source	2026-09-13T19:40:39.8385990Z   npm error extraneous: ipaddr.js@1.9.1 /Users/runner/work/keepling/keepling/node_modules/ipaddr.js
desktop-promote	Generate the Hex and npm bills of materials from source	2026-09-13T19:40:39.8386610Z   npm error extraneous: is-arrayish@0.2.1 /Users/runner/work/keepling/keepling/node_modules/is-arrayish
desktop-promote	Generate the Hex and npm bills of materials from source	2026-09-13T19:40:39.8387290Z   npm error extraneous: is-core-module@2.16.2 /Users/runner/work/keepling/keepling/node_modules/is-core-module
desktop-promote	Generate the Hex and npm bills of materials from source	2026-09-13T19:40:39.8387930Z   npm error extraneous: is-docker@2.2.1 /Users/runner/work/keepling/keepling/node_modules/is-docker
desktop-promote	Generate the Hex and npm bills of materials from source	2026-09-13T19:40:39.8388550Z   npm error extraneous: is-extglob@2.1.1 /Users/runner/work/keepling/keepling/node_modules/is-extglob
desktop-promote	Generate the Hex and npm bills of materials from source	2026-09-13T19:40:39.8389280Z   npm error extraneous: is-fullwidth-code-point@3.0.0 /Users/runner/work/keepling/keepling/node_modules/is-fullwidth-code-point
desktop-promote	Generate the Hex and npm bills of materials from source	2026-09-13T19:40:39.8389980Z   npm error extraneous: is-glob@4.0.3 /Users/runner/work/keepling/keepling/node_modules/is-glob
desktop-promote	Generate the Hex and npm bills of materials from source	2026-09-13T19:40:39.8390580Z   npm error extraneous: is-in-ssh@1.0.0 /Users/runner/work/keepling/keepling/node_modules/is-in-ssh
desktop-promote	Generate the Hex and npm bills of materials from source	2026-09-13T19:40:39.8391280Z   npm error extraneous: is-inside-container@1.0.0 /Users/runner/work/keepling/keepling/node_modules/is-inside-container
desktop-promote	Generate the Hex and npm bills of materials from source	2026-09-13T19:40:39.8392000Z   npm error extraneous: is-interactive@1.0.0 /Users/runner/work/keepling/keepling/node_modules/is-interactive
desktop-promote	Generate the Hex and npm bills of materials from source	2026-09-13T19:40:39.8392630Z   npm error extraneous: is-lambda@1.0.1 /Users/runner/work/keepling/keepling/node_modules/is-lambda
desktop-promote	Generate the Hex and npm bills of materials from source	2026-09-13T19:40:39.8393230Z   npm error extraneous: is-number@7.0.0 /Users/runner/work/keepling/keepling/node_modules/is-number
desktop-promote	Generate the Hex and npm bills of materials from source	2026-09-13T19:40:39.8393810Z   npm error extraneous: is-obj@2.0.0 /Users/runner/work/keepling/keepling/node_modules/is-obj
desktop-promote	Generate the Hex and npm bills of materials from source	2026-09-13T19:40:39.8394430Z   npm error extraneous: is-plain-obj@4.1.0 /Users/runner/work/keepling/keepling/node_modules/is-plain-obj
desktop-promote	Generate the Hex and npm bills of materials from source	2026-09-13T19:40:39.8395260Z   npm error extraneous: is-potential-custom-element-name@1.0.1 /Users/runner/work/keepling/keepling/node_modules/is-potential-custom-element-name
desktop-promote	Generate the Hex and npm bills of materials from source	2026-09-13T19:40:39.8396060Z   npm error extraneous: is-promise@4.0.0 /Users/runner/work/keepling/keepling/node_modules/is-promise
desktop-promote	Generate the Hex and npm bills of materials from source	2026-09-13T19:40:39.8396710Z   npm error extraneous: is-regexp@3.1.0 /Users/runner/work/keepling/keepling/node_modules/is-regexp
desktop-promote	Generate the Hex and npm bills of materials from source	2026-09-13T19:40:39.8397340Z   npm error extraneous: is-stream@4.0.1 /Users/runner/work/keepling/keepling/node_modules/is-stream
desktop-promote	Generate the Hex and npm bills of materials from source	2026-09-13T19:40:39.8398040Z   npm error extraneous: is-unicode-supported@0.1.0 /Users/runner/work/keepling/keepling/node_modules/is-unicode-supported
desktop-promote	Generate the Hex and npm bills of materials from source	2026-09-13T19:40:39.8398690Z   npm error extraneous: is-wsl@2.2.0 /Users/runner/work/keepling/keepling/node_modules/is-wsl
desktop-promote	Generate the Hex and npm bills of materials from source	2026-09-13T19:40:39.8399300Z   npm error extraneous: isbinaryfile@4.0.10 /Users/runner/work/keepling/keepling/node_modules/isbinaryfile
desktop-promote	Generate the Hex and npm bills of materials from source	2026-09-13T19:40:39.8399890Z   npm error extraneous: isexe@2.0.0 /Users/runner/work/keepling/keepling/node_modules/isexe
desktop-promote	Generate the Hex and npm bills of materials from source	2026-09-13T19:40:39.8400850Z   npm error extraneous: jest-worker@27.5.1 /Users/runner/work/keepling/keepling/node_modules/jest-worker
desktop-promote	Generate the Hex and npm bills of materials from source	2026-09-13T19:40:39.8401450Z   npm error extraneous: jiti@2.7.0 /Users/runner/work/keepling/keepling/node_modules/jiti
desktop-promote	Generate the Hex and npm bills of materials from source	2026-09-13T19:40:39.8401990Z   npm error extraneous: jose@6.2.10 /Users/runner/work/keepling/keepling/node_modules/jose
desktop-promote	Generate the Hex and npm bills of materials from source	2026-09-13T19:40:39.8402690Z   npm error extraneous: jsdom@30.0.1 /Users/runner/work/keepling/keepling/node_modules/jsdom
desktop-promote	Generate the Hex and npm bills of materials from source	2026-09-13T19:40:39.8403240Z   npm error extraneous: jsesc@3.1.0 /Users/runner/work/keepling/keepling/node_modules/jsesc
desktop-promote	Generate the Hex and npm bills of materials from source	2026-09-13T19:40:39.8403830Z   npm error extraneous: json-buffer@3.0.1 /Users/runner/work/keepling/keepling/node_modules/json-buffer
desktop-promote	Generate the Hex and npm bills of materials from source	2026-09-13T19:40:39.8404610Z   npm error extraneous: json-parse-even-better-errors@2.3.1 /Users/runner/work/keepling/keepling/node_modules/json-parse-even-better-errors
desktop-promote	Generate the Hex and npm bills of materials from source	2026-09-13T19:40:39.8405420Z   npm error extraneous: json-schema-typed@7.0.3 /Users/runner/work/keepling/keepling/node_modules/json-schema-typed
desktop-promote	Generate the Hex and npm bills of materials from source	2026-09-13T19:40:39.8406310Z   npm error extraneous: json-stable-stringify-without-jsonify@1.0.1 /Users/runner/work/keepling/keepling/node_modules/json-stable-stringify-without-jsonify
desktop-promote	Generate the Hex and npm bills of materials from source	2026-09-13T19:40:39.8407280Z   npm error extraneous: json-stringify-safe@5.0.1 /Users/runner/work/keepling/keepling/node_modules/json-stringify-safe
desktop-promote	Generate the Hex and npm bills of materials from source	2026-09-13T19:40:39.8407930Z   npm error extraneous: json5@2.2.3 /Users/runner/work/keepling/keepling/node_modules/json5
desktop-promote	Generate the Hex and npm bills of materials from source	2026-09-13T19:40:39.8408580Z   npm error extraneous: jsonfile@6.2.1 /Users/runner/work/keepling/keepling/node_modules/jsonfile
desktop-promote	Generate the Hex and npm bills of materials from source	2026-09-13T19:40:39.8409150Z   npm error extraneous: junk@3.1.0 /Users/runner/work/keepling/keepling/node_modules/junk
desktop-promote	Generate the Hex and npm bills of materials from source	2026-09-13T19:40:39.8409690Z   npm error extraneous: keyv@4.5.4 /Users/runner/work/keepling/keepling/node_modules/keyv
desktop-promote	Generate the Hex and npm bills of materials from source	2026-09-13T19:40:39.8410220Z   npm error extraneous: kleur@4.1.5 /Users/runner/work/keepling/keepling/node_modules/kleur
desktop-promote	Generate the Hex and npm bills of materials from source	2026-09-13T19:40:39.8410760Z   npm error extraneous: levn@0.4.1 /Users/runner/work/keepling/keepling/node_modules/levn
desktop-promote	Generate the Hex and npm bills of materials from source	2026-09-13T19:40:39.8412350Z   npm error extraneous: lightningcss-darwin-arm64@1.33.0 /Users/runner/work/keepling/keepling/node_modules/lightningcss-darwin-arm64
desktop-promote	Generate the Hex and npm bills of materials from source	2026-09-13T19:40:39.8413170Z   npm error extraneous: lightningcss@1.33.0 /Users/runner/work/keepling/keepling/node_modules/lightningcss
desktop-promote	Generate the Hex and npm bills of materials from source	2026-09-13T19:40:39.8413930Z   npm error extraneous: lines-and-columns@1.2.4 /Users/runner/work/keepling/keepling/node_modules/lines-and-columns
desktop-promote	Generate the Hex and npm bills of materials from source	2026-09-13T19:40:39.8414570Z   npm error extraneous: listr2@7.0.2 /Users/runner/work/keepling/keepling/node_modules/listr2
desktop-promote	Generate the Hex and npm bills of materials from source	2026-09-13T19:40:39.8415310Z   npm error extraneous: load-json-file@2.0.0 /Users/runner/work/keepling/keepling/node_modules/load-json-file
desktop-promote	Generate the Hex and npm bills of materials from source	2026-09-13T19:40:39.8416120Z   npm error extraneous: locate-path@2.0.0 /Users/runner/work/keepling/keepling/node_modules/locate-path
desktop-promote	Generate the Hex and npm bills of materials from source	2026-09-13T19:40:39.8416860Z   npm error extraneous: lodash.get@4.4.2 /Users/runner/work/keepling/keepling/node_modules/lodash.get
desktop-promote	Generate the Hex and npm bills of materials from source	2026-09-13T19:40:39.8417490Z   npm error extraneous: log-symbols@4.1.0 /Users/runner/work/keepling/keepling/node_modules/log-symbols
desktop-promote	Generate the Hex and npm bills of materials from source	2026-09-13T19:40:39.8418130Z   npm error extraneous: log-update@5.0.1 /Users/runner/work/keepling/keepling/node_modules/log-update
desktop-promote	Generate the Hex and npm bills of materials from source	2026-09-13T19:40:39.8418770Z   npm error extraneous: lowercase-keys@2.0.0 /Users/runner/work/keepling/keepling/node_modules/lowercase-keys
desktop-promote	Generate the Hex and npm bills of materials from source	2026-09-13T19:40:39.8419410Z   npm error extraneous: lru-cache@11.5.2 /Users/runner/work/keepling/keepling/node_modules/lru-cache
desktop-promote	Generate the Hex and npm bills of materials from source	2026-09-13T19:40:39.8420040Z   npm error extraneous: lucide-react@1.39.0 /Users/runner/work/keepling/keepling/node_modules/lucide-react
desktop-promote	Generate the Hex and npm bills of materials from source	2026-09-13T19:40:39.8420750Z   npm error extraneous: lz-string@1.5.0 /Users/runner/work/keepling/keepling/node_modules/lz-string
desktop-promote	Generate the Hex and npm bills of materials from source	2026-09-13T19:40:39.8421920Z   npm error extraneous: magic-string@0.30.21 /Users/runner/work/keepling/keepling/node_modules/magic-string
desktop-promote	Generate the Hex and npm bills of materials from source	2026-09-13T19:40:39.8422630Z   npm error extraneous: make-fetch-happen@10.2.1 /Users/runner/work/keepling/keepling/node_modules/make-fetch-happen
desktop-promote	Generate the Hex and npm bills of materials from source	2026-09-13T19:40:39.8424970Z   npm error extraneous: map-age-cleaner@0.1.3 /Users/runner/work/keepling/keepling/node_modules/map-age-cleaner
desktop-promote	Generate the Hex and npm bills of materials from source	2026-09-13T19:40:39.8426880Z   npm error extraneous: matcher@3.0.0 /Users/runner/work/keepling/keepling/node_modules/matcher
desktop-promote	Generate the Hex and npm bills of materials from source	2026-09-13T19:40:39.8437080Z   npm error extraneous: math-intrinsics@1.1.0 /Users/runner/work/keepling/keepling/node_modules/math-intrinsics
desktop-promote	Generate the Hex and npm bills of materials from source	2026-09-13T19:40:39.8439960Z   npm error extraneous: mdn-data@2.27.1 /Users/runner/work/keepling/keepling/node_modules/mdn-data
desktop-promote	Generate the Hex and npm bills of materials from source	2026-09-13T19:40:39.8441620Z   npm error extraneous: media-typer@1.1.1 /Users/runner/work/keepling/keepling/node_modules/media-typer
desktop-promote	Generate the Hex and npm bills of materials from source	2026-09-13T19:40:39.8443180Z   npm error extraneous: mem@4.3.0 /Users/runner/work/keepling/keepling/node_modules/mem
desktop-promote	Generate the Hex and npm bills of materials from source	2026-09-13T19:40:39.8443930Z   npm error extraneous: merge-descriptors@2.0.0 /Users/runner/work/keepling/keepling/node_modules/merge-descriptors
desktop-promote	Generate the Hex and npm bills of materials from source	2026-09-13T19:40:39.8444660Z   npm error extraneous: merge-stream@2.0.0 /Users/runner/work/keepling/keepling/node_modules/merge-stream
desktop-promote	Generate the Hex and npm bills of materials from source	2026-09-13T19:40:39.8445270Z   npm error extraneous: merge2@1.4.1 /Users/runner/work/keepling/keepling/node_modules/merge2
desktop-promote	Generate the Hex and npm bills of materials from source	2026-09-13T19:40:39.8445860Z   npm error extraneous: micromatch@4.0.8 /Users/runner/work/keepling/keepling/node_modules/micromatch
desktop-promote	Generate the Hex and npm bills of materials from source	2026-09-13T19:40:39.8446470Z   npm error extraneous: mime-db@1.54.0 /Users/runner/work/keepling/keepling/node_modules/mime-db
desktop-promote	Generate the Hex and npm bills of materials from source	2026-09-13T19:40:39.8447310Z   npm error extraneous: mime-types@3.0.2 /Users/runner/work/keepling/keepling/node_modules/mime-types
desktop-promote	Generate the Hex and npm bills of materials from source	2026-09-13T19:40:39.8447910Z   npm error extraneous: mimic-fn@2.1.0 /Users/runner/work/keepling/keepling/node_modules/mimic-fn
desktop-promote	Generate the Hex and npm bills of materials from source	2026-09-13T19:40:39.8448620Z   npm error extraneous: mimic-function@5.0.1 /Users/runner/work/keepling/keepling/node_modules/mimic-function
desktop-promote	Generate the Hex and npm bills of materials from source	2026-09-13T19:40:39.8449310Z   npm error extraneous: mimic-response@1.0.1 /Users/runner/work/keepling/keepling/node_modules/mimic-response
desktop-promote	Generate the Hex and npm bills of materials from source	2026-09-13T19:40:39.8450060Z   npm error extraneous: min-indent@1.0.1 /Users/runner/work/keepling/keepling/node_modules/min-indent
desktop-promote	Generate the Hex and npm bills of materials from source	2026-09-13T19:40:39.8450680Z   npm error extraneous: minimatch@10.2.6 /Users/runner/work/keepling/keepling/node_modules/minimatch
desktop-promote	Generate the Hex and npm bills of materials from source	2026-09-13T19:40:39.8451310Z   npm error extraneous: minimist@1.2.8 /Users/runner/work/keepling/keepling/node_modules/minimist
desktop-promote	Generate the Hex and npm bills of materials from source	2026-09-13T19:40:39.8452040Z   npm error extraneous: minimizer-webpack-plugin@5.8.0 /Users/runner/work/keepling/keepling/node_modules/minimizer-webpack-plugin
desktop-promote	Generate the Hex and npm bills of materials from source	2026-09-13T19:40:39.8452800Z   npm error extraneous: minipass-collect@1.0.2 /Users/runner/work/keepling/keepling/node_modules/minipass-collect
desktop-promote	Generate the Hex and npm bills of materials from source	2026-09-13T19:40:39.8453480Z   npm error extraneous: minipass-fetch@2.1.2 /Users/runner/work/keepling/keepling/node_modules/minipass-fetch
desktop-promote	Generate the Hex and npm bills of materials from source	2026-09-13T19:40:39.8454140Z   npm error extraneous: minipass-flush@1.0.7 /Users/runner/work/keepling/keepling/node_modules/minipass-flush
desktop-promote	Generate the Hex and npm bills of materials from source	2026-09-13T19:40:39.8455330Z   npm error extraneous: minipass-pipeline@1.2.4 /Users/runner/work/keepling/keepling/node_modules/minipass-pipeline
desktop-promote	Generate the Hex and npm bills of materials from source	2026-09-13T19:40:39.8456050Z   npm error extraneous: minipass-sized@1.0.3 /Users/runner/work/keepling/keepling/node_modules/minipass-sized
desktop-promote	Generate the Hex and npm bills of materials from source	2026-09-13T19:40:39.8456670Z   npm error extraneous: minipass@3.3.6 /Users/runner/work/keepling/keepling/node_modules/minipass
desktop-promote	Generate the Hex and npm bills of materials from source	2026-09-13T19:40:39.8457270Z   npm error extraneous: minizlib@2.1.2 /Users/runner/work/keepling/keepling/node_modules/minizlib
desktop-promote	Generate the Hex and npm bills of materials from source	2026-09-13T19:40:39.8457840Z   npm error extraneous: mkdirp@1.0.4 /Users/runner/work/keepling/keepling/node_modules/mkdirp
desktop-promote	Generate the Hex and npm bills of materials from source	2026-09-13T19:40:39.8458440Z   npm error extraneous: mute-stream@1.0.0 /Users/runner/work/keepling/keepling/node_modules/mute-stream
desktop-promote	Generate the Hex and npm bills of materials from source	2026-09-13T19:40:39.8459030Z   npm error extraneous: nanoid@3.3.18 /Users/runner/work/keepling/keepling/node_modules/nanoid
desktop-promote	Generate the Hex and npm bills of materials from source	2026-09-13T19:40:39.8459660Z   npm error extraneous: natural-compare@1.4.0 /Users/runner/work/keepling/keepling/node_modules/natural-compare
desktop-promote	Generate the Hex and npm bills of materials from source	2026-09-13T19:40:39.8460720Z   npm error extraneous: negotiator@0.6.4 /Users/runner/work/keepling/keepling/node_modules/negotiator
desktop-promote	Generate the Hex and npm bills of materials from source	2026-09-13T19:40:39.8461320Z   npm error extraneous: neo-async@2.6.2 /Users/runner/work/keepling/keepling/node_modules/neo-async
desktop-promote	Generate the Hex and npm bills of materials from source	2026-09-13T19:40:39.8461910Z   npm error extraneous: nice-try@1.0.5 /Users/runner/work/keepling/keepling/node_modules/nice-try
desktop-promote	Generate the Hex and npm bills of materials from source	2026-09-13T19:40:39.8462630Z   npm error extraneous: node-abi@3.96.0 /Users/runner/work/keepling/keepling/node_modules/node-abi
desktop-promote	Generate the Hex and npm bills of materials from source	2026-09-13T19:40:39.8471590Z   npm error extraneous: node-api-version@0.2.1 /Users/runner/work/keepling/keepling/node_modules/node-api-version
desktop-promote	Generate the Hex and npm bills of materials from source	2026-09-13T19:40:39.8472310Z   npm error extraneous: node-fetch@2.7.0 /Users/runner/work/keepling/keepling/node_modules/node-fetch
desktop-promote	Generate the Hex and npm bills of materials from source	2026-09-13T19:40:39.8473030Z   npm error extraneous: node-releases@2.0.54 /Users/runner/work/keepling/keepling/node_modules/node-releases
desktop-promote	Generate the Hex and npm bills of materials from source	2026-09-13T19:40:39.8473630Z   npm error extraneous: nopt@6.0.0 /Users/runner/work/keepling/keepling/node_modules/nopt
desktop-promote	Generate the Hex and npm bills of materials from source	2026-09-13T19:40:39.8474330Z   npm error extraneous: normalize-package-data@2.5.0 /Users/runner/work/keepling/keepling/node_modules/normalize-package-data
desktop-promote	Generate the Hex and npm bills of materials from source	2026-09-13T19:40:39.8475040Z   npm error extraneous: normalize-url@6.1.0 /Users/runner/work/keepling/keepling/node_modules/normalize-url
desktop-promote	Generate the Hex and npm bills of materials from source	2026-09-13T19:40:39.8475700Z   npm error extraneous: npm-run-path@2.0.2 /Users/runner/work/keepling/keepling/node_modules/npm-run-path
desktop-promote	Generate the Hex and npm bills of materials from source	2026-09-13T19:40:39.8476350Z   npm error extraneous: object-assign@4.1.1 /Users/runner/work/keepling/keepling/node_modules/object-assign
desktop-promote	Generate the Hex and npm bills of materials from source	2026-09-13T19:40:39.8478050Z   npm error extraneous: object-inspect@1.13.4 /Users/runner/work/keepling/keepling/node_modules/object-inspect
desktop-promote	Generate the Hex and npm bills of materials from source	2026-09-13T19:40:39.8479310Z   npm error extraneous: object-keys@1.1.1 /Users/runner/work/keepling/keepling/node_modules/object-keys
desktop-promote	Generate the Hex and npm bills of materials from source	2026-09-13T19:40:39.8479960Z   npm error extraneous: object-treeify@1.1.33 /Users/runner/work/keepling/keepling/node_modules/object-treeify
desktop-promote	Generate the Hex and npm bills of materials from source	2026-09-13T19:40:39.8480570Z   npm error extraneous: obug@2.1.4 /Users/runner/work/keepling/keepling/node_modules/obug
desktop-promote	Generate the Hex and npm bills of materials from source	2026-09-13T19:40:39.8481160Z   npm error extraneous: on-finished@2.4.1 /Users/runner/work/keepling/keepling/node_modules/on-finished
desktop-promote	Generate the Hex and npm bills of materials from source	2026-09-13T19:40:39.8481730Z   npm error extraneous: once@1.4.0 /Users/runner/work/keepling/keepling/node_modules/once
desktop-promote	Generate the Hex and npm bills of materials from source	2026-09-13T19:40:39.8482410Z   npm error extraneous: onetime@5.1.2 /Users/runner/work/keepling/keepling/node_modules/onetime
desktop-promote	Generate the Hex and npm bills of materials from source	2026-09-13T19:40:39.8482950Z   npm error extraneous: open@8.4.2 /Users/runner/work/keepling/keepling/node_modules/open
desktop-promote	Generate the Hex and npm bills of materials from source	2026-09-13T19:40:39.8483560Z   npm error extraneous: optionator@0.9.4 /Users/runner/work/keepling/keepling/node_modules/optionator
desktop-promote	Generate the Hex and npm bills of materials from source	2026-09-13T19:40:39.8484180Z   npm error extraneous: ora@5.4.1 /Users/runner/work/keepling/keepling/node_modules/ora
desktop-promote	Generate the Hex and npm bills of materials from source	2026-09-13T19:40:39.8484780Z   npm error extraneous: os-tmpdir@1.0.2 /Users/runner/work/keepling/keepling/node_modules/os-tmpdir
desktop-promote	Generate the Hex and npm bills of materials from source	2026-09-13T19:40:39.8485560Z   npm error extraneous: p-cancelable@2.1.1 /Users/runner/work/keepling/keepling/node_modules/p-cancelable
desktop-promote	Generate the Hex and npm bills of materials from source	2026-09-13T19:40:39.8486260Z   npm error extraneous: p-defer@1.0.0 /Users/runner/work/keepling/keepling/node_modules/p-defer
desktop-promote	Generate the Hex and npm bills of materials from source	2026-09-13T19:40:39.8486920Z   npm error extraneous: p-finally@1.0.0 /Users/runner/work/keepling/keepling/node_modules/p-finally
desktop-promote	Generate the Hex and npm bills of materials from source	2026-09-13T19:40:39.8487580Z   npm error extraneous: p-is-promise@2.1.0 /Users/runner/work/keepling/keepling/node_modules/p-is-promise
desktop-promote	Generate the Hex and npm bills of materials from source	2026-09-13T19:40:39.8488260Z   npm error extraneous: p-limit@3.1.0 /Users/runner/work/keepling/keepling/node_modules/p-limit
desktop-promote	Generate the Hex and npm bills of materials from source	2026-09-13T19:40:39.8488930Z   npm error extraneous: p-locate@2.0.0 /Users/runner/work/keepling/keepling/node_modules/p-locate
desktop-promote	Generate the Hex and npm bills of materials from source	2026-09-13T19:40:39.8489550Z   npm error extraneous: p-map@4.0.0 /Users/runner/work/keepling/keepling/node_modules/p-map
desktop-promote	Generate the Hex and npm bills of materials from source	2026-09-13T19:40:39.8490210Z   npm error extraneous: p-try@1.0.0 /Users/runner/work/keepling/keepling/node_modules/p-try
desktop-promote	Generate the Hex and npm bills of materials from source	2026-09-13T19:40:39.8490970Z   npm error extraneous: parent-module@1.0.1 /Users/runner/work/keepling/keepling/node_modules/parent-module
desktop-promote	Generate the Hex and npm bills of materials from source	2026-09-13T19:40:39.8491980Z   npm error extraneous: parse-author@2.0.0 /Users/runner/work/keepling/keepling/node_modules/parse-author
desktop-promote	Generate the Hex and npm bills of materials from source	2026-09-13T19:40:39.8492600Z   npm error extraneous: parse-ms@4.0.0 /Users/runner/work/keepling/keepling/node_modules/parse-ms
desktop-promote	Generate the Hex and npm bills of materials from source	2026-09-13T19:40:39.8494180Z   npm error extraneous: parse5@8.0.1 /Users/runner/work/keepling/keepling/node_modules/parse5
desktop-promote	Generate the Hex and npm bills of materials from source	2026-09-13T19:40:39.8494870Z   npm error extraneous: parseurl@1.3.3 /Users/runner/work/keepling/keepling/node_modules/parseurl
desktop-promote	Generate the Hex and npm bills of materials from source	2026-09-13T19:40:39.8495670Z   npm error extraneous: path-browserify@1.0.1 /Users/runner/work/keepling/keepling/node_modules/path-browserify
desktop-promote	Generate the Hex and npm bills of materials from source	2026-09-13T19:40:39.8496390Z   npm error extraneous: path-exists@3.0.0 /Users/runner/work/keepling/keepling/node_modules/path-exists
desktop-promote	Generate the Hex and npm bills of materials from source	2026-09-13T19:40:39.8497100Z   npm error extraneous: path-is-absolute@1.0.1 /Users/runner/work/keepling/keepling/node_modules/path-is-absolute
desktop-promote	Generate the Hex and npm bills of materials from source	2026-09-13T19:40:39.8497940Z   npm error extraneous: path-key@3.1.1 /Users/runner/work/keepling/keepling/node_modules/path-key
desktop-promote	Generate the Hex and npm bills of materials from source	2026-09-13T19:40:39.8499530Z   npm error extraneous: path-parse@1.0.7 /Users/runner/work/keepling/keepling/node_modules/path-parse
desktop-promote	Generate the Hex and npm bills of materials from source	2026-09-13T19:40:39.8502250Z   npm error extraneous: path-to-regexp@8.4.2 /Users/runner/work/keepling/keepling/node_modules/path-to-regexp
desktop-promote	Generate the Hex and npm bills of materials from source	2026-09-13T19:40:39.8505090Z   npm error extraneous: path-type@2.0.0 /Users/runner/work/keepling/keepling/node_modules/path-type
desktop-promote	Generate the Hex and npm bills of materials from source	2026-09-13T19:40:39.8506950Z   npm error extraneous: pathe@2.0.3 /Users/runner/work/keepling/keepling/node_modules/pathe
desktop-promote	Generate the Hex and npm bills of materials from source	2026-09-13T19:40:39.8508700Z   npm error extraneous: pe-library@1.0.1 /Users/runner/work/keepling/keepling/node_modules/pe-library
desktop-promote	Generate the Hex and npm bills of materials from source	2026-09-13T19:40:39.8510250Z   npm error extraneous: pend@1.2.0 /Users/runner/work/keepling/keepling/node_modules/pend
desktop-promote	Generate the Hex and npm bills of materials from source	2026-09-13T19:40:39.8511780Z   npm error extraneous: picomatch@4.0.7 /Users/runner/work/keepling/keepling/node_modules/picomatch
desktop-promote	Generate the Hex and npm bills of materials from source	2026-09-13T19:40:39.8513380Z   npm error extraneous: pify@2.3.0 /Users/runner/work/keepling/keepling/node_modules/pify
desktop-promote	Generate the Hex and npm bills of materials from source	2026-09-13T19:40:39.8515140Z   npm error extraneous: pkce-challenge@5.0.1 /Users/runner/work/keepling/keepling/node_modules/pkce-challenge
desktop-promote	Generate the Hex and npm bills of materials from source	2026-09-13T19:40:39.8517870Z   npm error extraneous: pkg-up@3.1.0 /Users/runner/work/keepling/keepling/node_modules/pkg-up
desktop-promote	Generate the Hex and npm bills of materials from source	2026-09-13T19:40:39.8518610Z   npm error extraneous: playwright-core@1.62.1 /Users/runner/work/keepling/keepling/node_modules/playwright-core
desktop-promote	Generate the Hex and npm bills of materials from source	2026-09-13T19:40:39.8519270Z   npm error extraneous: playwright@1.62.1 /Users/runner/work/keepling/keepling/node_modules/playwright
desktop-promote	Generate the Hex and npm bills of materials from source	2026-09-13T19:40:39.8519950Z   npm error extraneous: plist@3.1.1 /Users/runner/work/keepling/keepling/node_modules/plist
desktop-promote	Generate the Hex and npm bills of materials from source	2026-09-13T19:40:39.8520680Z   npm error extraneous: postcss-selector-parser@7.1.5 /Users/runner/work/keepling/keepling/node_modules/postcss-selector-parser
desktop-promote	Generate the Hex and npm bills of materials from source	2026-09-13T19:40:39.8521390Z   npm error extraneous: postcss@8.5.26 /Users/runner/work/keepling/keepling/node_modules/postcss
desktop-promote	Generate the Hex and npm bills of materials from source	2026-09-13T19:40:39.8522030Z   npm error extraneous: postject@1.0.0-alpha.6 /Users/runner/work/keepling/keepling/node_modules/postject
desktop-promote	Generate the Hex and npm bills of materials from source	2026-09-13T19:40:39.8522750Z   npm error extraneous: powershell-utils@0.2.1 /Users/runner/work/keepling/keepling/node_modules/powershell-utils
desktop-promote	Generate the Hex and npm bills of materials from source	2026-09-13T19:40:39.8523470Z   npm error extraneous: prelude-ls@1.2.1 /Users/runner/work/keepling/keepling/node_modules/prelude-ls
desktop-promote	Generate the Hex and npm bills of materials from source	2026-09-13T19:40:39.8524160Z   npm error extraneous: prettier@3.9.6 /Users/runner/work/keepling/keepling/node_modules/prettier
desktop-promote	Generate the Hex and npm bills of materials from source	2026-09-13T19:40:39.8525000Z   npm error extraneous: pretty-format@27.5.1 /Users/runner/work/keepling/keepling/node_modules/pretty-format
desktop-promote	Generate the Hex and npm bills of materials from source	2026-09-13T19:40:39.8525680Z   npm error extraneous: pretty-ms@9.3.1 /Users/runner/work/keepling/keepling/node_modules/pretty-ms
desktop-promote	Generate the Hex and npm bills of materials from source	2026-09-13T19:40:39.8526300Z   npm error extraneous: proc-log@2.0.1 /Users/runner/work/keepling/keepling/node_modules/proc-log
desktop-promote	Generate the Hex and npm bills of materials from source	2026-09-13T19:40:39.8526920Z   npm error extraneous: progress@2.0.3 /Users/runner/work/keepling/keepling/node_modules/progress
desktop-promote	Generate the Hex and npm bills of materials from source	2026-09-13T19:40:39.8527780Z   npm error extraneous: promise-inflight@1.0.1 /Users/runner/work/keepling/keepling/node_modules/promise-inflight
desktop-promote	Generate the Hex and npm bills of materials from source	2026-09-13T19:40:39.8528460Z   npm error extraneous: promise-retry@2.0.1 /Users/runner/work/keepling/keepling/node_modules/promise-retry
desktop-promote	Generate the Hex and npm bills of materials from source	2026-09-13T19:40:39.8529310Z   npm error extraneous: prompts@2.4.2 /Users/runner/work/keepling/keepling/node_modules/prompts
desktop-promote	Generate the Hex and npm bills of materials from source	2026-09-13T19:40:39.8529920Z   npm error extraneous: proxy-addr@2.0.7 /Users/runner/work/keepling/keepling/node_modules/proxy-addr
desktop-promote	Generate the Hex and npm bills of materials from source	2026-09-13T19:40:39.8530590Z   npm error extraneous: pump@3.0.4 /Users/runner/work/keepling/keepling/node_modules/pump
desktop-promote	Generate the Hex and npm bills of materials from source	2026-09-13T19:40:39.8531160Z   npm error extraneous: punycode@2.3.1 /Users/runner/work/keepling/keepling/node_modules/punycode
desktop-promote	Generate the Hex and npm bills of materials from source	2026-09-13T19:40:39.8531700Z   npm error extraneous: qs@6.16.0 /Users/runner/work/keepling/keepling/node_modules/qs
desktop-promote	Generate the Hex and npm bills of materials from source	2026-09-13T19:40:39.8532320Z   npm error extraneous: queue-microtask@1.2.3 /Users/runner/work/keepling/keepling/node_modules/queue-microtask
desktop-promote	Generate the Hex and npm bills of materials from source	2026-09-13T19:40:39.8532970Z   npm error extraneous: quick-lru@5.1.1 /Users/runner/work/keepling/keepling/node_modules/quick-lru
desktop-promote	Generate the Hex and npm bills of materials from source	2026-09-13T19:40:39.8533600Z   npm error extraneous: range-parser@1.3.0 /Users/runner/work/keepling/keepling/node_modules/range-parser
desktop-promote	Generate the Hex and npm bills of materials from source	2026-09-13T19:40:39.8534220Z   npm error extraneous: raw-body@3.0.2 /Users/runner/work/keepling/keepling/node_modules/raw-body
desktop-promote	Generate the Hex and npm bills of materials from source	2026-09-13T19:40:39.8534820Z   npm error extraneous: react-dom@19.2.8 /Users/runner/work/keepling/keepling/node_modules/react-dom
desktop-promote	Generate the Hex and npm bills of materials from source	2026-09-13T19:40:39.8535410Z   npm error extraneous: react-is@17.0.2 /Users/runner/work/keepling/keepling/node_modules/react-is
desktop-promote	Generate the Hex and npm bills of materials from source	2026-09-13T19:40:39.8535980Z   npm error extraneous: react@19.2.8 /Users/runner/work/keepling/keepling/node_modules/react
desktop-promote	Generate the Hex and npm bills of materials from source	2026-09-13T19:40:39.8536660Z   npm error extraneous: read-binary-file-arch@1.0.6 /Users/runner/work/keepling/keepling/node_modules/read-binary-file-arch
desktop-promote	Generate the Hex and npm bills of materials from source	2026-09-13T19:40:39.8537360Z   npm error extraneous: read-pkg-up@2.0.0 /Users/runner/work/keepling/keepling/node_modules/read-pkg-up
desktop-promote	Generate the Hex and npm bills of materials from source	2026-09-13T19:40:39.8537980Z   npm error extraneous: read-pkg@2.0.0 /Users/runner/work/keepling/keepling/node_modules/read-pkg
desktop-promote	Generate the Hex and npm bills of materials from source	2026-09-13T19:40:39.8538620Z   npm error extraneous: readable-stream@3.6.2 /Users/runner/work/keepling/keepling/node_modules/readable-stream
desktop-promote	Generate the Hex and npm bills of materials from source	2026-09-13T19:40:39.8539250Z   npm error extraneous: recast@0.23.21 /Users/runner/work/keepling/keepling/node_modules/recast
desktop-promote	Generate the Hex and npm bills of materials from source	2026-09-13T19:40:39.8539830Z   npm error extraneous: rechoir@0.8.0 /Users/runner/work/keepling/keepling/node_modules/rechoir
desktop-promote	Generate the Hex and npm bills of materials from source	2026-09-13T19:40:39.8540390Z   npm error extraneous: redent@3.0.0 /Users/runner/work/keepling/keepling/node_modules/redent
desktop-promote	Generate the Hex and npm bills of materials from source	2026-09-13T19:40:39.8541040Z   npm error extraneous: require-directory@2.1.1 /Users/runner/work/keepling/keepling/node_modules/require-directory
desktop-promote	Generate the Hex and npm bills of materials from source	2026-09-13T19:40:39.8541680Z   npm error extraneous: resedit@2.0.3 /Users/runner/work/keepling/keepling/node_modules/resedit
desktop-promote	Generate the Hex and npm bills of materials from source	2026-09-13T19:40:39.8542260Z   npm error extraneous: reselect@5.3.0 /Users/runner/work/keepling/keepling/node_modules/reselect
desktop-promote	Generate the Hex and npm bills of materials from source	2026-09-13T19:40:39.8542890Z   npm error extraneous: resolve-alpn@1.2.1 /Users/runner/work/keepling/keepling/node_modules/resolve-alpn
desktop-promote	Generate the Hex and npm bills of materials from source	2026-09-13T19:40:39.8543550Z   npm error extraneous: resolve-from@4.0.0 /Users/runner/work/keepling/keepling/node_modules/resolve-from
desktop-promote	Generate the Hex and npm bills of materials from source	2026-09-13T19:40:39.8544150Z   npm error extraneous: resolve@1.22.12 /Users/runner/work/keepling/keepling/node_modules/resolve
desktop-promote	Generate the Hex and npm bills of materials from source	2026-09-13T19:40:39.8544780Z   npm error extraneous: responselike@2.0.1 /Users/runner/work/keepling/keepling/node_modules/responselike
desktop-promote	Generate the Hex and npm bills of materials from source	2026-09-13T19:40:39.8545450Z   npm error extraneous: restore-cursor@3.1.0 /Users/runner/work/keepling/keepling/node_modules/restore-cursor
desktop-promote	Generate the Hex and npm bills of materials from source	2026-09-13T19:40:39.8546070Z   npm error extraneous: retry@0.12.0 /Users/runner/work/keepling/keepling/node_modules/retry
desktop-promote	Generate the Hex and npm bills of materials from source	2026-09-13T19:40:39.8546640Z   npm error extraneous: reusify@1.1.0 /Users/runner/work/keepling/keepling/node_modules/reusify
desktop-promote	Generate the Hex and npm bills of materials from source	2026-09-13T19:40:39.8547320Z   npm error extraneous: rfdc@1.4.1 /Users/runner/work/keepling/keepling/node_modules/rfdc
desktop-promote	Generate the Hex and npm bills of materials from source	2026-09-13T19:40:39.8547890Z   npm error extraneous: rimraf@3.0.2 /Users/runner/work/keepling/keepling/node_modules/rimraf
desktop-promote	Generate the Hex and npm bills of materials from source	2026-09-13T19:40:39.8548460Z   npm error extraneous: roarr@2.15.4 /Users/runner/work/keepling/keepling/node_modules/roarr
desktop-promote	Generate the Hex and npm bills of materials from source	2026-09-13T19:40:39.8550010Z   npm error extraneous: rolldown@1.2.6 /Users/runner/work/keepling/keepling/node_modules/rolldown
desktop-promote	Generate the Hex and npm bills of materials from source	2026-09-13T19:40:39.8550590Z   npm error extraneous: router@2.2.0 /Users/runner/work/keepling/keepling/node_modules/router
desktop-promote	Generate the Hex and npm bills of materials from source	2026-09-13T19:40:39.8551230Z   npm error extraneous: run-applescript@7.1.0 /Users/runner/work/keepling/keepling/node_modules/run-applescript
desktop-promote	Generate the Hex and npm bills of materials from source	2026-09-13T19:40:39.8551890Z   npm error extraneous: run-parallel@1.2.0 /Users/runner/work/keepling/keepling/node_modules/run-parallel
desktop-promote	Generate the Hex and npm bills of materials from source	2026-09-13T19:40:39.8552530Z   npm error extraneous: safe-buffer@5.2.1 /Users/runner/work/keepling/keepling/node_modules/safe-buffer
desktop-promote	Generate the Hex and npm bills of materials from source	2026-09-13T19:40:39.8553160Z   npm error extraneous: safer-buffer@2.1.2 /Users/runner/work/keepling/keepling/node_modules/safer-buffer
desktop-promote	Generate the Hex and npm bills of materials from source	2026-09-13T19:40:39.8553750Z   npm error extraneous: saxes@6.0.0 /Users/runner/work/keepling/keepling/node_modules/saxes
desktop-promote	Generate the Hex and npm bills of materials from source	2026-09-13T19:40:39.8554340Z   npm error extraneous: scheduler@0.27.0 /Users/runner/work/keepling/keepling/node_modules/scheduler
desktop-promote	Generate the Hex and npm bills of materials from source	2026-09-13T19:40:39.8554960Z   npm error extraneous: schema-utils@4.3.3 /Users/runner/work/keepling/keepling/node_modules/schema-utils
desktop-promote	Generate the Hex and npm bills of materials from source	2026-09-13T19:40:39.8555620Z   npm error extraneous: semver-compare@1.0.0 /Users/runner/work/keepling/keepling/node_modules/semver-compare
desktop-promote	Generate the Hex and npm bills of materials from source	2026-09-13T19:40:39.8556460Z   npm error extraneous: semver@7.8.5 /Users/runner/work/keepling/keepling/node_modules/semver
desktop-promote	Generate the Hex and npm bills of materials from source	2026-09-13T19:40:39.8557070Z   npm error extraneous: send@1.2.1 /Users/runner/work/keepling/keepling/node_modules/send
desktop-promote	Generate the Hex and npm bills of materials from source	2026-09-13T19:40:39.8557710Z   npm error extraneous: serialize-error@7.0.1 /Users/runner/work/keepling/keepling/node_modules/serialize-error
desktop-promote	Generate the Hex and npm bills of materials from source	2026-09-13T19:40:39.8558380Z   npm error extraneous: serve-static@2.2.1 /Users/runner/work/keepling/keepling/node_modules/serve-static
desktop-promote	Generate the Hex and npm bills of materials from source	2026-09-13T19:40:39.8559050Z   npm error extraneous: setprototypeof@1.2.0 /Users/runner/work/keepling/keepling/node_modules/setprototypeof
desktop-promote	Generate the Hex and npm bills of materials from source	2026-09-13T19:40:39.8559680Z   npm error extraneous: shadcn@4.19.1 /Users/runner/work/keepling/keepling/node_modules/shadcn
desktop-promote	Generate the Hex and npm bills of materials from source	2026-09-13T19:40:39.8560390Z   npm error extraneous: shebang-command@2.0.0 /Users/runner/work/keepling/keepling/node_modules/shebang-command
desktop-promote	Generate the Hex and npm bills of materials from source	2026-09-13T19:40:39.8561080Z   npm error extraneous: shebang-regex@3.0.0 /Users/runner/work/keepling/keepling/node_modules/shebang-regex
desktop-promote	Generate the Hex and npm bills of materials from source	2026-09-13T19:40:39.8561880Z   npm error extraneous: side-channel-list@1.0.1 /Users/runner/work/keepling/keepling/node_modules/side-channel-list
desktop-promote	Generate the Hex and npm bills of materials from source	2026-09-13T19:40:39.8562900Z   npm error extraneous: side-channel-map@1.0.1 /Users/runner/work/keepling/keepling/node_modules/side-channel-map
desktop-promote	Generate the Hex and npm bills of materials from source	2026-09-13T19:40:39.8563650Z   npm error extraneous: side-channel-weakmap@1.0.2 /Users/runner/work/keepling/keepling/node_modules/side-channel-weakmap
desktop-promote	Generate the Hex and npm bills of materials from source	2026-09-13T19:40:39.8564340Z   npm error extraneous: side-channel@1.1.1 /Users/runner/work/keepling/keepling/node_modules/side-channel
desktop-promote	Generate the Hex and npm bills of materials from source	2026-09-13T19:40:39.8564940Z   npm error extraneous: siginfo@2.0.0 /Users/runner/work/keepling/keepling/node_modules/siginfo
desktop-promote	Generate the Hex and npm bills of materials from source	2026-09-13T19:40:39.8565550Z   npm error extraneous: signal-exit@3.0.7 /Users/runner/work/keepling/keepling/node_modules/signal-exit
desktop-promote	Generate the Hex and npm bills of materials from source	2026-09-13T19:40:39.8566170Z   npm error extraneous: sisteransi@1.0.5 /Users/runner/work/keepling/keepling/node_modules/sisteransi
desktop-promote	Generate the Hex and npm bills of materials from source	2026-09-13T19:40:39.8566780Z   npm error extraneous: slice-ansi@5.0.0 /Users/runner/work/keepling/keepling/node_modules/slice-ansi
desktop-promote	Generate the Hex and npm bills of materials from source	2026-09-13T19:40:39.8567410Z   npm error extraneous: smart-buffer@4.2.0 /Users/runner/work/keepling/keepling/node_modules/smart-buffer
desktop-promote	Generate the Hex and npm bills of materials from source	2026-09-13T19:40:39.8568200Z   npm error extraneous: socks-proxy-agent@7.0.0 /Users/runner/work/keepling/keepling/node_modules/socks-proxy-agent
desktop-promote	Generate the Hex and npm bills of materials from source	2026-09-13T19:40:39.8569030Z   npm error extraneous: socks@2.8.9 /Users/runner/work/keepling/keepling/node_modules/socks
desktop-promote	Generate the Hex and npm bills of materials from source	2026-09-13T19:40:39.8569650Z   npm error extraneous: source-map-js@1.2.1 /Users/runner/work/keepling/keepling/node_modules/source-map-js
desktop-promote	Generate the Hex and npm bills of materials from source	2026-09-13T19:40:39.8570520Z   npm error extraneous: source-map-support@0.5.21 /Users/runner/work/keepling/keepling/node_modules/source-map-support
desktop-promote	Generate the Hex and npm bills of materials from source	2026-09-13T19:40:39.8571200Z   npm error extraneous: source-map@0.6.1 /Users/runner/work/keepling/keepling/node_modules/source-map
desktop-promote	Generate the Hex and npm bills of materials from source	2026-09-13T19:40:39.8571820Z   npm error extraneous: spdx-correct@3.2.0 /Users/runner/work/keepling/keepling/node_modules/spdx-correct
desktop-promote	Generate the Hex and npm bills of materials from source	2026-09-13T19:40:39.8572500Z   npm error extraneous: spdx-exceptions@2.5.0 /Users/runner/work/keepling/keepling/node_modules/spdx-exceptions
desktop-promote	Generate the Hex and npm bills of materials from source	2026-09-13T19:40:39.8573240Z   npm error extraneous: spdx-expression-parse@3.0.1 /Users/runner/work/keepling/keepling/node_modules/spdx-expression-parse
desktop-promote	Generate the Hex and npm bills of materials from source	2026-09-13T19:40:39.8573990Z   npm error extraneous: spdx-license-ids@3.0.23 /Users/runner/work/keepling/keepling/node_modules/spdx-license-ids
desktop-promote	Generate the Hex and npm bills of materials from source	2026-09-13T19:40:39.8574650Z   npm error extraneous: sprintf-js@1.1.3 /Users/runner/work/keepling/keepling/node_modules/sprintf-js
desktop-promote	Generate the Hex and npm bills of materials from source	2026-09-13T19:40:39.8575230Z   npm error extraneous: ssri@9.0.1 /Users/runner/work/keepling/keepling/node_modules/ssri
desktop-promote	Generate the Hex and npm bills of materials from source	2026-09-13T19:40:39.8576340Z   npm error extraneous: stackback@0.0.2 /Users/runner/work/keepling/keepling/node_modules/stackback
desktop-promote	Generate the Hex and npm bills of materials from source	2026-09-13T19:40:39.8576960Z   npm error extraneous: statuses@2.0.2 /Users/runner/work/keepling/keepling/node_modules/statuses
desktop-promote	Generate the Hex and npm bills of materials from source	2026-09-13T19:40:39.8577540Z   npm error extraneous: std-env@4.2.0 /Users/runner/work/keepling/keepling/node_modules/std-env
desktop-promote	Generate the Hex and npm bills of materials from source	2026-09-13T19:40:39.8578190Z   npm error extraneous: stdin-discarder@0.2.2 /Users/runner/work/keepling/keepling/node_modules/stdin-discarder
desktop-promote	Generate the Hex and npm bills of materials from source	2026-09-13T19:40:39.8578980Z   npm error extraneous: string_decoder@1.3.0 /Users/runner/work/keepling/keepling/node_modules/string_decoder
desktop-promote	Generate the Hex and npm bills of materials from source	2026-09-13T19:40:39.8579630Z   npm error extraneous: string-width@4.2.3 /Users/runner/work/keepling/keepling/node_modules/string-width
desktop-promote	Generate the Hex and npm bills of materials from source	2026-09-13T19:40:39.8580310Z   npm error extraneous: stringify-object@5.0.0 /Users/runner/work/keepling/keepling/node_modules/stringify-object
desktop-promote	Generate the Hex and npm bills of materials from source	2026-09-13T19:40:39.8580960Z   npm error extraneous: strip-ansi@6.0.1 /Users/runner/work/keepling/keepling/node_modules/strip-ansi
desktop-promote	Generate the Hex and npm bills of materials from source	2026-09-13T19:40:39.8581570Z   npm error extraneous: strip-bom@3.0.0 /Users/runner/work/keepling/keepling/node_modules/strip-bom
desktop-promote	Generate the Hex and npm bills of materials from source	2026-09-13T19:40:39.8582190Z   npm error extraneous: strip-eof@1.0.0 /Users/runner/work/keepling/keepling/node_modules/strip-eof
desktop-promote	Generate the Hex and npm bills of materials from source	2026-09-13T19:40:39.8582900Z   npm error extraneous: strip-final-newline@2.0.0 /Users/runner/work/keepling/keepling/node_modules/strip-final-newline
desktop-promote	Generate the Hex and npm bills of materials from source	2026-09-13T19:40:39.8583610Z   npm error extraneous: strip-indent@3.0.0 /Users/runner/work/keepling/keepling/node_modules/strip-indent
desktop-promote	Generate the Hex and npm bills of materials from source	2026-09-13T19:40:39.8584270Z   npm error extraneous: strip-outer@1.0.1 /Users/runner/work/keepling/keepling/node_modules/strip-outer
desktop-promote	Generate the Hex and npm bills of materials from source	2026-09-13T19:40:39.8584920Z   npm error extraneous: sumchecker@3.0.1 /Users/runner/work/keepling/keepling/node_modules/sumchecker
desktop-promote	Generate the Hex and npm bills of materials from source	2026-09-13T19:40:39.8585710Z   npm error extraneous: supports-preserve-symlinks-flag@1.0.0 /Users/runner/work/keepling/keepling/node_modules/supports-preserve-symlinks-flag
desktop-promote	Generate the Hex and npm bills of materials from source	2026-09-13T19:40:39.8586480Z   npm error extraneous: symbol-tree@3.2.4 /Users/runner/work/keepling/keepling/node_modules/symbol-tree
desktop-promote	Generate the Hex and npm bills of materials from source	2026-09-13T19:40:39.8586840Z   npm error extraneous: systeminformation@5.33.7 /Users/runner/work/keepling/keepling/node_modules/systeminformation
desktop-promote	Generate the Hex and npm bills of materials from source	2026-09-13T19:40:39.8587180Z   npm error extraneous: tailwind-merge@3.6.0 /Users/runner/work/keepling/keepling/node_modules/tailwind-merge
desktop-promote	Generate the Hex and npm bills of materials from source	2026-09-13T19:40:39.8587480Z   npm error extraneous: tailwindcss@4.3.3 /Users/runner/work/keepling/keepling/node_modules/tailwindcss
desktop-promote	Generate the Hex and npm bills of materials from source	2026-09-13T19:40:39.8587770Z   npm error extraneous: tapable@2.3.3 /Users/runner/work/keepling/keepling/node_modules/tapable
desktop-promote	Generate the Hex and npm bills of materials from source	2026-09-13T19:40:39.8588470Z   npm error extraneous: tar@6.2.1 /Users/runner/work/keepling/keepling/node_modules/tar
desktop-promote	Generate the Hex and npm bills of materials from source	2026-09-13T19:40:39.8588750Z   npm error extraneous: terser@5.51.2 /Users/runner/work/keepling/keepling/node_modules/terser
desktop-promote	Generate the Hex and npm bills of materials from source	2026-09-13T19:40:39.8589080Z   npm error extraneous: tiny-invariant@1.3.3 /Users/runner/work/keepling/keepling/node_modules/tiny-invariant
desktop-promote	Generate the Hex and npm bills of materials from source	2026-09-13T19:40:39.8589560Z   npm error extraneous: tinybench@2.9.0 /Users/runner/work/keepling/keepling/node_modules/tinybench
desktop-promote	Generate the Hex and npm bills of materials from source	2026-09-13T19:40:39.8589850Z   npm error extraneous: tinyexec@1.3.0 /Users/runner/work/keepling/keepling/node_modules/tinyexec
desktop-promote	Generate the Hex and npm bills of materials from source	2026-09-13T19:40:39.8590160Z   npm error extraneous: tinyglobby@0.2.17 /Users/runner/work/keepling/keepling/node_modules/tinyglobby
desktop-promote	Generate the Hex and npm bills of materials from source	2026-09-13T19:40:39.8590460Z   npm error extraneous: tinyrainbow@3.1.1 /Users/runner/work/keepling/keepling/node_modules/tinyrainbow
desktop-promote	Generate the Hex and npm bills of materials from source	2026-09-13T19:40:39.8590780Z   npm error extraneous: tldts-core@7.4.11 /Users/runner/work/keepling/keepling/node_modules/tldts-core
desktop-promote	Generate the Hex and npm bills of materials from source	2026-09-13T19:40:39.8591070Z   npm error extraneous: tldts@7.4.11 /Users/runner/work/keepling/keepling/node_modules/tldts
desktop-promote	Generate the Hex and npm bills of materials from source	2026-09-13T19:40:39.8591330Z   npm error extraneous: tmp@0.0.33 /Users/runner/work/keepling/keepling/node_modules/tmp
desktop-promote	Generate the Hex and npm bills of materials from source	2026-09-13T19:40:39.8591660Z   npm error extraneous: to-regex-range@5.0.1 /Users/runner/work/keepling/keepling/node_modules/to-regex-range
desktop-promote	Generate the Hex and npm bills of materials from source	2026-09-13T19:40:39.8591980Z   npm error extraneous: toidentifier@1.0.1 /Users/runner/work/keepling/keepling/node_modules/toidentifier
desktop-promote	Generate the Hex and npm bills of materials from source	2026-09-13T19:40:39.8592300Z   npm error extraneous: tough-cookie@6.0.2 /Users/runner/work/keepling/keepling/node_modules/tough-cookie
desktop-promote	Generate the Hex and npm bills of materials from source	2026-09-13T19:40:39.8592550Z   npm error extraneous: tr46@6.0.0 /Users/runner/work/keepling/keepling/node_modules/tr46
desktop-promote	Generate the Hex and npm bills of materials from source	2026-09-13T19:40:39.8592880Z   npm error extraneous: trim-repeated@1.0.0 /Users/runner/work/keepling/keepling/node_modules/trim-repeated
desktop-promote	Generate the Hex and npm bills of materials from source	2026-09-13T19:40:39.8593370Z   npm error extraneous: ts-api-utils@2.5.0 /Users/runner/work/keepling/keepling/node_modules/ts-api-utils
desktop-promote	Generate the Hex and npm bills of materials from source	2026-09-13T19:40:39.8593660Z   npm error extraneous: ts-morph@26.0.0 /Users/runner/work/keepling/keepling/node_modules/ts-morph
desktop-promote	Generate the Hex and npm bills of materials from source	2026-09-13T19:40:39.8593990Z   npm error extraneous: tsconfig-paths@4.2.0 /Users/runner/work/keepling/keepling/node_modules/tsconfig-paths
desktop-promote	Generate the Hex and npm bills of materials from source	2026-09-13T19:40:39.8594260Z   npm error extraneous: tslib@2.8.1 /Users/runner/work/keepling/keepling/node_modules/tslib
desktop-promote	Generate the Hex and npm bills of materials from source	2026-09-13T19:40:39.8594580Z   npm error extraneous: tw-animate-css@1.4.0 /Users/runner/work/keepling/keepling/node_modules/tw-animate-css
desktop-promote	Generate the Hex and npm bills of materials from source	2026-09-13T19:40:39.8594890Z   npm error extraneous: type-check@0.4.0 /Users/runner/work/keepling/keepling/node_modules/type-check
desktop-promote	Generate the Hex and npm bills of materials from source	2026-09-13T19:40:39.8595160Z   npm error extraneous: type-is@2.1.0 /Users/runner/work/keepling/keepling/node_modules/type-is
desktop-promote	Generate the Hex and npm bills of materials from source	2026-09-13T19:40:39.8595530Z   npm error extraneous: typescript-eslint@8.69.0 /Users/runner/work/keepling/keepling/node_modules/typescript-eslint
desktop-promote	Generate the Hex and npm bills of materials from source	2026-09-13T19:40:39.8595850Z   npm error extraneous: undici-types@7.18.2 /Users/runner/work/keepling/keepling/node_modules/undici-types
desktop-promote	Generate the Hex and npm bills of materials from source	2026-09-13T19:40:39.8596130Z   npm error extraneous: undici@7.29.0 /Users/runner/work/keepling/keepling/node_modules/undici
desktop-promote	Generate the Hex and npm bills of materials from source	2026-09-13T19:40:39.8596480Z   npm error extraneous: unicorn-magic@0.3.0 /Users/runner/work/keepling/keepling/node_modules/unicorn-magic
desktop-promote	Generate the Hex and npm bills of materials from source	2026-09-13T19:40:39.8596820Z   npm error extraneous: unique-filename@2.0.1 /Users/runner/work/keepling/keepling/node_modules/unique-filename
desktop-promote	Generate the Hex and npm bills of materials from source	2026-09-13T19:40:39.8597160Z   npm error extraneous: unique-slug@3.0.0 /Users/runner/work/keepling/keepling/node_modules/unique-slug
desktop-promote	Generate the Hex and npm bills of materials from source	2026-09-13T19:40:39.8597490Z   npm error extraneous: universalify@2.0.1 /Users/runner/work/keepling/keepling/node_modules/universalify
desktop-promote	Generate the Hex and npm bills of materials from source	2026-09-13T19:40:39.8597760Z   npm error extraneous: unpipe@1.0.0 /Users/runner/work/keepling/keepling/node_modules/unpipe
desktop-promote	Generate the Hex and npm bills of materials from source	2026-09-13T19:40:39.8599010Z   npm error extraneous: update-browserslist-db@1.3.2 /Users/runner/work/keepling/keepling/node_modules/update-browserslist-db
desktop-promote	Generate the Hex and npm bills of materials from source	2026-09-13T19:40:39.8599440Z   npm error extraneous: uri-js@4.4.1 /Users/runner/work/keepling/keepling/node_modules/uri-js
desktop-promote	Generate the Hex and npm bills of materials from source	2026-09-13T19:40:39.8599840Z   npm error extraneous: use-sync-external-store@1.6.0 /Users/runner/work/keepling/keepling/node_modules/use-sync-external-store
desktop-promote	Generate the Hex and npm bills of materials from source	2026-09-13T19:40:39.8600210Z   npm error extraneous: username@5.1.0 /Users/runner/work/keepling/keepling/node_modules/username
desktop-promote	Generate the Hex and npm bills of materials from source	2026-09-13T19:40:39.8600540Z   npm error extraneous: util-deprecate@1.0.2 /Users/runner/work/keepling/keepling/node_modules/util-deprecate
desktop-promote	Generate the Hex and npm bills of materials from source	2026-09-13T19:40:39.8600980Z   npm error extraneous: validate-npm-package-license@3.0.4 /Users/runner/work/keepling/keepling/node_modules/validate-npm-package-license
desktop-promote	Generate the Hex and npm bills of materials from source	2026-09-13T19:40:39.8601410Z   npm error extraneous: validate-npm-package-name@7.0.2 /Users/runner/work/keepling/keepling/node_modules/validate-npm-package-name
desktop-promote	Generate the Hex and npm bills of materials from source	2026-09-13T19:40:39.8601670Z   npm error extraneous: vary@1.1.2 /Users/runner/work/keepling/keepling/node_modules/vary
desktop-promote	Generate the Hex and npm bills of materials from source	2026-09-13T19:40:39.8601920Z   npm error extraneous: vite@8.2.2 /Users/runner/work/keepling/keepling/node_modules/vite
desktop-promote	Generate the Hex and npm bills of materials from source	2026-09-13T19:40:39.8602200Z   npm error extraneous: vitest@4.1.11 /Users/runner/work/keepling/keepling/node_modules/vitest
desktop-promote	Generate the Hex and npm bills of materials from source	2026-09-13T19:40:39.8602570Z   npm error extraneous: w3c-xmlserializer@5.0.0 /Users/runner/work/keepling/keepling/node_modules/w3c-xmlserializer
desktop-promote	Generate the Hex and npm bills of materials from source	2026-09-13T19:40:39.8602890Z   npm error extraneous: watchpack@2.5.2 /Users/runner/work/keepling/keepling/node_modules/watchpack
desktop-promote	Generate the Hex and npm bills of materials from source	2026-09-13T19:40:39.8603160Z   npm error extraneous: wcwidth@1.0.1 /Users/runner/work/keepling/keepling/node_modules/wcwidth
desktop-promote	Generate the Hex and npm bills of materials from source	2026-09-13T19:40:39.8603520Z   npm error extraneous: webidl-conversions@8.0.1 /Users/runner/work/keepling/keepling/node_modules/webidl-conversions
desktop-promote	Generate the Hex and npm bills of materials from source	2026-09-13T19:40:39.8603860Z   npm error extraneous: webpack-sources@3.5.1 /Users/runner/work/keepling/keepling/node_modules/webpack-sources
desktop-promote	Generate the Hex and npm bills of materials from source	2026-09-13T19:40:39.8604140Z   npm error extraneous: webpack@5.110.3 /Users/runner/work/keepling/keepling/node_modules/webpack
desktop-promote	Generate the Hex and npm bills of materials from source	2026-09-13T19:40:39.8604480Z   npm error extraneous: whatwg-mimetype@5.0.0 /Users/runner/work/keepling/keepling/node_modules/whatwg-mimetype
desktop-promote	Generate the Hex and npm bills of materials from source	2026-09-13T19:40:39.8604990Z   npm error extraneous: whatwg-url@5.0.0 /Users/runner/work/keepling/keepling/node_modules/whatwg-url
desktop-promote	Generate the Hex and npm bills of materials from source	2026-09-13T19:40:39.8605270Z   npm error extraneous: which@2.0.2 /Users/runner/work/keepling/keepling/node_modules/which
desktop-promote	Generate the Hex and npm bills of materials from source	2026-09-13T19:40:39.8605640Z   npm error extraneous: why-is-node-running@2.3.0 /Users/runner/work/keepling/keepling/node_modules/why-is-node-running
desktop-promote	Generate the Hex and npm bills of materials from source	2026-09-13T19:40:39.8605930Z   npm error extraneous: word-wrap@1.2.5 /Users/runner/work/keepling/keepling/node_modules/word-wrap
desktop-promote	Generate the Hex and npm bills of materials from source	2026-09-13T19:40:39.8606220Z   npm error extraneous: wrap-ansi@8.1.0 /Users/runner/work/keepling/keepling/node_modules/wrap-ansi
desktop-promote	Generate the Hex and npm bills of materials from source	2026-09-13T19:40:39.8606490Z   npm error extraneous: wrappy@1.0.2 /Users/runner/work/keepling/keepling/node_modules/wrappy
desktop-promote	Generate the Hex and npm bills of materials from source	2026-09-13T19:40:39.8606770Z   npm error extraneous: wsl-utils@1.0.0 /Users/runner/work/keepling/keepling/node_modules/wsl-utils
desktop-promote	Generate the Hex and npm bills of materials from source	2026-09-13T19:40:39.8607140Z   npm error extraneous: xml-name-validator@5.0.0 /Users/runner/work/keepling/keepling/node_modules/xml-name-validator
desktop-promote	Generate the Hex and npm bills of materials from source	2026-09-13T19:40:39.8607450Z   npm error extraneous: xmlbuilder@15.1.1 /Users/runner/work/keepling/keepling/node_modules/xmlbuilder
desktop-promote	Generate the Hex and npm bills of materials from source	2026-09-13T19:40:39.8607730Z   npm error extraneous: xmlchars@2.2.0 /Users/runner/work/keepling/keepling/node_modules/xmlchars
desktop-promote	Generate the Hex and npm bills of materials from source	2026-09-13T19:40:39.8607980Z   npm error extraneous: y18n@5.0.8 /Users/runner/work/keepling/keepling/node_modules/y18n
desktop-promote	Generate the Hex and npm bills of materials from source	2026-09-13T19:40:39.8608260Z   npm error extraneous: yallist@4.0.0 /Users/runner/work/keepling/keepling/node_modules/yallist
desktop-promote	Generate the Hex and npm bills of materials from source	2026-09-13T19:40:39.8608520Z   npm error extraneous: yargs@17.7.3 /Users/runner/work/keepling/keepling/node_modules/yargs
desktop-promote	Generate the Hex and npm bills of materials from source	2026-09-13T19:40:39.8608780Z   npm error extraneous: yauzl@2.10.0 /Users/runner/work/keepling/keepling/node_modules/yauzl
desktop-promote	Generate the Hex and npm bills of materials from source	2026-09-13T19:40:39.8609090Z   npm error extraneous: yocto-queue@0.1.0 /Users/runner/work/keepling/keepling/node_modules/yocto-queue
desktop-promote	Generate the Hex and npm bills of materials from source	2026-09-13T19:40:39.8609750Z   npm error extraneous: yocto-spinner@1.2.2 /Users/runner/work/keepling/keepling/node_modules/yocto-spinner
desktop-promote	Generate the Hex and npm bills of materials from source	2026-09-13T19:40:39.8610090Z   npm error extraneous: yoctocolors-cjs@2.1.3 /Users/runner/work/keepling/keepling/node_modules/yoctocolors-cjs
desktop-promote	Generate the Hex and npm bills of materials from source	2026-09-13T19:40:39.8610470Z   npm error extraneous: yoctocolors@2.2.0 /Users/runner/work/keepling/keepling/node_modules/yoctocolors
desktop-promote	Generate the Hex and npm bills of materials from source	2026-09-13T19:40:39.8610830Z   npm error extraneous: zod-to-json-schema@3.25.2 /Users/runner/work/keepling/keepling/node_modules/zod-to-json-schema
desktop-promote	Generate the Hex and npm bills of materials from source	2026-09-13T19:40:39.8611200Z   npm error extraneous: zod-validation-error@4.0.2 /Users/runner/work/keepling/keepling/node_modules/zod-validation-error
desktop-promote	Generate the Hex and npm bills of materials from source	2026-09-13T19:40:39.8611440Z   npm error extraneous: zod@4.5.4 /Users/runner/work/keepling/keepling/node_modules/zod
desktop-promote	Generate the Hex and npm bills of materials from source	2026-09-13T19:40:39.8611810Z   npm error extraneous: semver@6.3.1 /Users/runner/work/keepling/keepling/node_modules/@babel/core/node_modules/semver
desktop-promote	Generate the Hex and npm bills of materials from source	2026-09-13T19:40:39.8612290Z   npm error extraneous: lru-cache@5.1.1 /Users/runner/work/keepling/keepling/node_modules/@babel/helper-compilation-targets/node_modules/lru-cache
desktop-promote	Generate the Hex and npm bills of materials from source	2026-09-13T19:40:39.8612740Z   npm error extraneous: semver@6.3.1 /Users/runner/work/keepling/keepling/node_modules/@babel/helper-compilation-targets/node_modules/semver
desktop-promote	Generate the Hex and npm bills of materials from source	2026-09-13T19:40:39.8613200Z   npm error extraneous: yallist@3.1.1 /Users/runner/work/keepling/keepling/node_modules/@babel/helper-compilation-targets/node_modules/yallist
desktop-promote	Generate the Hex and npm bills of materials from source	2026-09-13T19:40:39.8613710Z   npm error extraneous: semver@6.3.1 /Users/runner/work/keepling/keepling/node_modules/@babel/helper-create-class-features-plugin/node_modules/semver
desktop-promote	Generate the Hex and npm bills of materials from source	2026-09-13T19:40:39.8614100Z   npm error extraneous: execa@5.1.1 /Users/runner/work/keepling/keepling/node_modules/@dotenvx/dotenvx/node_modules/execa
desktop-promote	Generate the Hex and npm bills of materials from source	2026-09-13T19:40:39.8614510Z   npm error extraneous: get-stream@6.0.1 /Users/runner/work/keepling/keepling/node_modules/@dotenvx/dotenvx/node_modules/get-stream
desktop-promote	Generate the Hex and npm bills of materials from source	2026-09-13T19:40:39.8614910Z   npm error extraneous: is-stream@2.0.1 /Users/runner/work/keepling/keepling/node_modules/@dotenvx/dotenvx/node_modules/is-stream
desktop-promote	Generate the Hex and npm bills of materials from source	2026-09-13T19:40:39.8615280Z   npm error extraneous: isexe@3.1.5 /Users/runner/work/keepling/keepling/node_modules/@dotenvx/dotenvx/node_modules/isexe
desktop-promote	Generate the Hex and npm bills of materials from source	2026-09-13T19:40:39.8615710Z   npm error extraneous: npm-run-path@4.0.1 /Users/runner/work/keepling/keepling/node_modules/@dotenvx/dotenvx/node_modules/npm-run-path
desktop-promote	Generate the Hex and npm bills of materials from source	2026-09-13T19:40:39.8616070Z   npm error extraneous: which@4.0.0 /Users/runner/work/keepling/keepling/node_modules/@dotenvx/dotenvx/node_modules/which
desktop-promote	Generate the Hex and npm bills of materials from source	2026-09-13T19:40:39.8616590Z   npm error extraneous: typescript@5.4.5 /Users/runner/work/keepling/keepling/node_modules/@electron-forge/template-webpack-typescript/node_modules/typescript
desktop-promote	Generate the Hex and npm bills of materials from source	2026-09-13T19:40:39.8617020Z   npm error extraneous: brace-expansion@1.1.18 /Users/runner/work/keepling/keepling/node_modules/@electron/asar/node_modules/brace-expansion
desktop-promote	Generate the Hex and npm bills of materials from source	2026-09-13T19:40:39.8617670Z   npm error extraneous: commander@5.1.0 /Users/runner/work/keepling/keepling/node_modules/@electron/asar/node_modules/commander
desktop-promote	Generate the Hex and npm bills of materials from source	2026-09-13T19:40:39.8618280Z   npm error extraneous: minimatch@3.1.5 /Users/runner/work/keepling/keepling/node_modules/@electron/asar/node_modules/minimatch
desktop-promote	Generate the Hex and npm bills of materials from source	2026-09-13T19:40:39.8618690Z   npm error extraneous: fs-extra@8.1.0 /Users/runner/work/keepling/keepling/node_modules/@electron/get/node_modules/fs-extra
desktop-promote	Generate the Hex and npm bills of materials from source	2026-09-13T19:40:39.8619080Z   npm error extraneous: jsonfile@4.0.0 /Users/runner/work/keepling/keepling/node_modules/@electron/get/node_modules/jsonfile
desktop-promote	Generate the Hex and npm bills of materials from source	2026-09-13T19:40:39.8619450Z   npm error extraneous: semver@6.3.1 /Users/runner/work/keepling/keepling/node_modules/@electron/get/node_modules/semver
desktop-promote	Generate the Hex and npm bills of materials from source	2026-09-13T19:40:39.8619870Z   npm error extraneous: universalify@0.1.2 /Users/runner/work/keepling/keepling/node_modules/@electron/get/node_modules/universalify
desktop-promote	Generate the Hex and npm bills of materials from source	2026-09-13T19:40:39.8620240Z   npm error extraneous: glob@8.1.0 /Users/runner/work/keepling/keepling/node_modules/@electron/node-gyp/node_modules/glob
desktop-promote	Generate the Hex and npm bills of materials from source	2026-09-13T19:40:39.8620830Z   npm error extraneous: minimatch@5.1.9 /Users/runner/work/keepling/keepling/node_modules/@electron/node-gyp/node_modules/minimatch
desktop-promote	Generate the Hex and npm bills of materials from source	2026-09-13T19:40:39.8621230Z   npm error extraneous: fs-extra@9.1.0 /Users/runner/work/keepling/keepling/node_modules/@electron/notarize/node_modules/fs-extra
desktop-promote	Generate the Hex and npm bills of materials from source	2026-09-13T19:40:39.8621780Z   npm error extraneous: fs-extra@11.4.0 /Users/runner/work/keepling/keepling/node_modules/@electron/packager/node_modules/fs-extra
desktop-promote	Generate the Hex and npm bills of materials from source	2026-09-13T19:40:39.8622200Z   npm error invalid: @electron/node-gyp@10.2.0-electron.1 /Users/runner/work/keepling/keepling/node_modules/@electron/node-gyp
desktop-promote	Generate the Hex and npm bills of materials from source	2026-09-13T19:40:39.8622600Z   npm error extraneous: fs-extra@11.4.0 /Users/runner/work/keepling/keepling/node_modules/@electron/universal/node_modules/fs-extra
desktop-promote	Generate the Hex and npm bills of materials from source	2026-09-13T19:40:39.8623010Z   npm error extraneous: minimatch@9.0.9 /Users/runner/work/keepling/keepling/node_modules/@electron/universal/node_modules/minimatch
desktop-promote	Generate the Hex and npm bills of materials from source	2026-09-13T19:40:39.8623420Z   npm error extraneous: fs-extra@11.4.0 /Users/runner/work/keepling/keepling/node_modules/@electron/windows-sign/node_modules/fs-extra
desktop-promote	Generate the Hex and npm bills of materials from source	2026-09-13T19:40:39.8624010Z   npm error extraneous: eslint-visitor-keys@3.4.3 /Users/runner/work/keepling/keepling/node_modules/@eslint-community/eslint-utils/node_modules/eslint-visitor-keys
desktop-promote	Generate the Hex and npm bills of materials from source	2026-09-13T19:40:39.8624430Z   npm error extraneous: @types/node@22.20.1 /Users/runner/work/keepling/keepling/node_modules/@inquirer/core/node_modules/@types/node
desktop-promote	Generate the Hex and npm bills of materials from source	2026-09-13T19:40:39.8624870Z   npm error extraneous: signal-exit@4.1.0 /Users/runner/work/keepling/keepling/node_modules/@inquirer/core/node_modules/signal-exit
desktop-promote	Generate the Hex and npm bills of materials from source	2026-09-13T19:40:39.8625310Z   npm error extraneous: undici-types@6.21.0 /Users/runner/work/keepling/keepling/node_modules/@inquirer/core/node_modules/undici-types
desktop-promote	Generate the Hex and npm bills of materials from source	2026-09-13T19:40:39.8625710Z   npm error extraneous: wrap-ansi@6.2.0 /Users/runner/work/keepling/keepling/node_modules/@inquirer/core/node_modules/wrap-ansi
desktop-promote	Generate the Hex and npm bills of materials from source	2026-09-13T19:40:39.8626200Z   npm error extraneous: @inquirer/type@1.5.5 /Users/runner/work/keepling/keepling/node_modules/@listr2/prompt-adapter-inquirer/node_modules/@inquirer/type
desktop-promote	Generate the Hex and npm bills of materials from source	2026-09-13T19:40:39.8626650Z   npm error extraneous: ajv-formats@3.0.1 /Users/runner/work/keepling/keepling/node_modules/@modelcontextprotocol/sdk/node_modules/ajv-formats
desktop-promote	Generate the Hex and npm bills of materials from source	2026-09-13T19:40:39.8627120Z   npm error extraneous: content-type@1.0.5 /Users/runner/work/keepling/keepling/node_modules/@modelcontextprotocol/sdk/node_modules/content-type
desktop-promote	Generate the Hex and npm bills of materials from source	2026-09-13T19:40:39.8627630Z   npm error extraneous: json-schema-typed@8.0.2 /Users/runner/work/keepling/keepling/node_modules/@modelcontextprotocol/sdk/node_modules/json-schema-typed
desktop-promote	Generate the Hex and npm bills of materials from source	2026-09-13T19:40:39.8628030Z   npm error extraneous: zod@3.25.76 /Users/runner/work/keepling/keepling/node_modules/@modelcontextprotocol/sdk/node_modules/zod
desktop-promote	Generate the Hex and npm bills of materials from source	2026-09-13T19:40:39.8628560Z   npm error extraneous: lightningcss-darwin-arm64@1.32.0 /Users/runner/work/keepling/keepling/node_modules/@tailwindcss/node/node_modules/lightningcss-darwin-arm64
desktop-promote	Generate the Hex and npm bills of materials from source	2026-09-13T19:40:39.8629020Z   npm error extraneous: lightningcss@1.32.0 /Users/runner/work/keepling/keepling/node_modules/@tailwindcss/node/node_modules/lightningcss
desktop-promote	Generate the Hex and npm bills of materials from source	2026-09-13T19:40:39.8629550Z   npm error extraneous: aria-query@5.3.2 /Users/runner/work/keepling/keepling/node_modules/@testing-library/jest-dom/node_modules/aria-query
desktop-promote	Generate the Hex and npm bills of materials from source	2026-09-13T19:40:39.8630110Z   npm error extraneous: dom-accessibility-api@0.6.3 /Users/runner/work/keepling/keepling/node_modules/@testing-library/jest-dom/node_modules/dom-accessibility-api
desktop-promote	Generate the Hex and npm bills of materials from source	2026-09-13T19:40:39.8630540Z   npm error extraneous: ignore@7.0.8 /Users/runner/work/keepling/keepling/node_modules/@typescript-eslint/eslint-plugin/node_modules/ignore
desktop-promote	Generate the Hex and npm bills of materials from source	2026-09-13T19:40:39.8631680Z   npm error extraneous: typescript@6.0.3 /Users/runner/work/keepling/keepling/node_modules/@typescript-eslint/eslint-plugin/node_modules/typescript
desktop-promote	Generate the Hex and npm bills of materials from source	2026-09-13T19:40:39.8632230Z   npm error extraneous: typescript@6.0.3 /Users/runner/work/keepling/keepling/node_modules/@typescript-eslint/parser/node_modules/typescript
desktop-promote	Generate the Hex and npm bills of materials from source	2026-09-13T19:40:39.8633020Z   npm error extraneous: typescript@6.0.3 /Users/runner/work/keepling/keepling/node_modules/@typescript-eslint/project-service/node_modules/typescript
desktop-promote	Generate the Hex and npm bills of materials from source	2026-09-13T19:40:39.8633520Z   npm error extraneous: typescript@6.0.3 /Users/runner/work/keepling/keepling/node_modules/@typescript-eslint/tsconfig-utils/node_modules/typescript
desktop-promote	Generate the Hex and npm bills of materials from source	2026-09-13T19:40:39.8634130Z   npm error extraneous: typescript@6.0.3 /Users/runner/work/keepling/keepling/node_modules/@typescript-eslint/type-utils/node_modules/typescript
desktop-promote	Generate the Hex and npm bills of materials from source	2026-09-13T19:40:39.8634610Z   npm error extraneous: typescript@6.0.3 /Users/runner/work/keepling/keepling/node_modules/@typescript-eslint/typescript-estree/node_modules/typescript
desktop-promote	Generate the Hex and npm bills of materials from source	2026-09-13T19:40:39.8635050Z   npm error extraneous: typescript@6.0.3 /Users/runner/work/keepling/keepling/node_modules/@typescript-eslint/utils/node_modules/typescript
desktop-promote	Generate the Hex and npm bills of materials from source	2026-09-13T19:40:39.8635430Z   npm error extraneous: negotiator@1.1.0 /Users/runner/work/keepling/keepling/node_modules/accepts/node_modules/negotiator
desktop-promote	Generate the Hex and npm bills of materials from source	2026-09-13T19:40:39.8635820Z   npm error extraneous: type-fest@0.21.3 /Users/runner/work/keepling/keepling/node_modules/ansi-escapes/node_modules/type-fest
desktop-promote	Generate the Hex and npm bills of materials from source	2026-09-13T19:40:39.8636150Z   npm error extraneous: glob@8.1.0 /Users/runner/work/keepling/keepling/node_modules/cacache/node_modules/glob
desktop-promote	Generate the Hex and npm bills of materials from source	2026-09-13T19:40:39.8636520Z   npm error extraneous: lru-cache@7.18.3 /Users/runner/work/keepling/keepling/node_modules/cacache/node_modules/lru-cache
desktop-promote	Generate the Hex and npm bills of materials from source	2026-09-13T19:40:39.8636890Z   npm error extraneous: minimatch@5.1.9 /Users/runner/work/keepling/keepling/node_modules/cacache/node_modules/minimatch
desktop-promote	Generate the Hex and npm bills of materials from source	2026-09-13T19:40:39.8637290Z   npm error extraneous: supports-color@7.2.0 /Users/runner/work/keepling/keepling/node_modules/chalk/node_modules/supports-color
desktop-promote	Generate the Hex and npm bills of materials from source	2026-09-13T19:40:39.8637670Z   npm error extraneous: ansi-regex@6.3.0 /Users/runner/work/keepling/keepling/node_modules/cli-truncate/node_modules/ansi-regex
desktop-promote	Generate the Hex and npm bills of materials from source	2026-09-13T19:40:39.8638070Z   npm error extraneous: emoji-regex@9.2.2 /Users/runner/work/keepling/keepling/node_modules/cli-truncate/node_modules/emoji-regex
desktop-promote	Generate the Hex and npm bills of materials from source	2026-09-13T19:40:39.8638490Z   npm error extraneous: string-width@5.1.2 /Users/runner/work/keepling/keepling/node_modules/cli-truncate/node_modules/string-width
desktop-promote	Generate the Hex and npm bills of materials from source	2026-09-13T19:40:39.8638870Z   npm error extraneous: strip-ansi@7.2.0 /Users/runner/work/keepling/keepling/node_modules/cli-truncate/node_modules/strip-ansi
desktop-promote	Generate the Hex and npm bills of materials from source	2026-09-13T19:40:39.8639300Z   npm error extraneous: wrap-ansi@7.0.0 /Users/runner/work/keepling/keepling/node_modules/cliui/node_modules/wrap-ansi
desktop-promote	Generate the Hex and npm bills of materials from source	2026-09-13T19:40:39.8639660Z   npm error extraneous: js-yaml@4.3.2 /Users/runner/work/keepling/keepling/node_modules/cosmiconfig/node_modules/js-yaml
desktop-promote	Generate the Hex and npm bills of materials from source	2026-09-13T19:40:39.8640050Z   npm error extraneous: parse-json@5.2.0 /Users/runner/work/keepling/keepling/node_modules/cosmiconfig/node_modules/parse-json
desktop-promote	Generate the Hex and npm bills of materials from source	2026-09-13T19:40:39.8640450Z   npm error extraneous: typescript@6.0.3 /Users/runner/work/keepling/keepling/node_modules/cosmiconfig/node_modules/typescript
desktop-promote	Generate the Hex and npm bills of materials from source	2026-09-13T19:40:39.8640850Z   npm error extraneous: whatwg-url@16.0.1 /Users/runner/work/keepling/keepling/node_modules/data-urls/node_modules/whatwg-url
desktop-promote	Generate the Hex and npm bills of materials from source	2026-09-13T19:40:39.8641220Z   npm error extraneous: mimic-fn@3.1.0 /Users/runner/work/keepling/keepling/node_modules/debounce-fn/node_modules/mimic-fn
desktop-promote	Generate the Hex and npm bills of materials from source	2026-09-13T19:40:39.8641690Z   npm error extraneous: mimic-response@3.1.0 /Users/runner/work/keepling/keepling/node_modules/decompress-response/node_modules/mimic-response
desktop-promote	Generate the Hex and npm bills of materials from source	2026-09-13T19:40:39.8642280Z   npm error extraneous: brace-expansion@1.1.18 /Users/runner/work/keepling/keepling/node_modules/dir-compare/node_modules/brace-expansion
desktop-promote	Generate the Hex and npm bills of materials from source	2026-09-13T19:40:39.8642720Z   npm error extraneous: minimatch@3.1.5 /Users/runner/work/keepling/keepling/node_modules/dir-compare/node_modules/minimatch
desktop-promote	Generate the Hex and npm bills of materials from source	2026-09-13T19:40:39.8643120Z   npm error extraneous: @electron/get@5.1.0 /Users/runner/work/keepling/keepling/node_modules/electron/node_modules/@electron/get
desktop-promote	Generate the Hex and npm bills of materials from source	2026-09-13T19:40:39.8643500Z   npm error extraneous: env-paths@3.0.0 /Users/runner/work/keepling/keepling/node_modules/electron/node_modules/env-paths
desktop-promote	Generate the Hex and npm bills of materials from source	2026-09-13T19:40:39.8644020Z   npm error extraneous: iconv-lite@0.6.3 /Users/runner/work/keepling/keepling/node_modules/encoding/node_modules/iconv-lite
desktop-promote	Generate the Hex and npm bills of materials from source	2026-09-13T19:40:39.8649600Z   npm error extraneous: ajv@6.15.0 /Users/runner/work/keepling/keepling/node_modules/eslint/node_modules/ajv
desktop-promote	Generate the Hex and npm bills of materials from source	2026-09-13T19:40:39.8650220Z   npm error extraneous: glob-parent@6.0.2 /Users/runner/work/keepling/keepling/node_modules/eslint/node_modules/glob-parent
desktop-promote	Generate the Hex and npm bills of materials from source	2026-09-13T19:40:39.8650710Z   npm error extraneous: json-schema-traverse@0.4.1 /Users/runner/work/keepling/keepling/node_modules/eslint/node_modules/json-schema-traverse
desktop-promote	Generate the Hex and npm bills of materials from source	2026-09-13T19:40:39.8651120Z   npm error extraneous: cross-spawn@6.0.6 /Users/runner/work/keepling/keepling/node_modules/execa/node_modules/cross-spawn
desktop-promote	Generate the Hex and npm bills of materials from source	2026-09-13T19:40:39.8651510Z   npm error extraneous: get-stream@4.1.0 /Users/runner/work/keepling/keepling/node_modules/execa/node_modules/get-stream
desktop-promote	Generate the Hex and npm bills of materials from source	2026-09-13T19:40:39.8651870Z   npm error extraneous: is-stream@1.1.0 /Users/runner/work/keepling/keepling/node_modules/execa/node_modules/is-stream
desktop-promote	Generate the Hex and npm bills of materials from source	2026-09-13T19:40:39.8652240Z   npm error extraneous: path-key@2.0.1 /Users/runner/work/keepling/keepling/node_modules/execa/node_modules/path-key
desktop-promote	Generate the Hex and npm bills of materials from source	2026-09-13T19:40:39.8652580Z   npm error extraneous: semver@5.7.2 /Users/runner/work/keepling/keepling/node_modules/execa/node_modules/semver
desktop-promote	Generate the Hex and npm bills of materials from source	2026-09-13T19:40:39.8653000Z   npm error extraneous: shebang-command@1.2.0 /Users/runner/work/keepling/keepling/node_modules/execa/node_modules/shebang-command
desktop-promote	Generate the Hex and npm bills of materials from source	2026-09-13T19:40:39.8653420Z   npm error extraneous: shebang-regex@1.0.0 /Users/runner/work/keepling/keepling/node_modules/execa/node_modules/shebang-regex
desktop-promote	Generate the Hex and npm bills of materials from source	2026-09-13T19:40:39.8653770Z   npm error extraneous: which@1.3.1 /Users/runner/work/keepling/keepling/node_modules/execa/node_modules/which
desktop-promote	Generate the Hex and npm bills of materials from source	2026-09-13T19:40:39.8654190Z   npm error extraneous: content-type@1.0.5 /Users/runner/work/keepling/keepling/node_modules/express/node_modules/content-type
desktop-promote	Generate the Hex and npm bills of materials from source	2026-09-13T19:40:39.8654620Z   npm error extraneous: iconv-lite@0.4.24 /Users/runner/work/keepling/keepling/node_modules/external-editor/node_modules/iconv-lite
desktop-promote	Generate the Hex and npm bills of materials from source	2026-09-13T19:40:39.8655080Z   npm error extraneous: is-unicode-supported@2.1.0 /Users/runner/work/keepling/keepling/node_modules/figures/node_modules/is-unicode-supported
desktop-promote	Generate the Hex and npm bills of materials from source	2026-09-13T19:40:39.8655470Z   npm error extraneous: locate-path@6.0.0 /Users/runner/work/keepling/keepling/node_modules/find-up/node_modules/locate-path
desktop-promote	Generate the Hex and npm bills of materials from source	2026-09-13T19:40:39.8655850Z   npm error extraneous: p-locate@5.0.0 /Users/runner/work/keepling/keepling/node_modules/find-up/node_modules/p-locate
desktop-promote	Generate the Hex and npm bills of materials from source	2026-09-13T19:40:39.8656260Z   npm error extraneous: path-exists@4.0.0 /Users/runner/work/keepling/keepling/node_modules/find-up/node_modules/path-exists
desktop-promote	Generate the Hex and npm bills of materials from source	2026-09-13T19:40:39.8656660Z   npm error extraneous: debug@2.6.9 /Users/runner/work/keepling/keepling/node_modules/get-package-info/node_modules/debug
desktop-promote	Generate the Hex and npm bills of materials from source	2026-09-13T19:40:39.8657020Z   npm error extraneous: ms@2.0.0 /Users/runner/work/keepling/keepling/node_modules/get-package-info/node_modules/ms
desktop-promote	Generate the Hex and npm bills of materials from source	2026-09-13T19:40:39.8657440Z   npm error extraneous: brace-expansion@1.1.18 /Users/runner/work/keepling/keepling/node_modules/glob/node_modules/brace-expansion
desktop-promote	Generate the Hex and npm bills of materials from source	2026-09-13T19:40:39.8657800Z   npm error extraneous: minimatch@3.1.5 /Users/runner/work/keepling/keepling/node_modules/glob/node_modules/minimatch
desktop-promote	Generate the Hex and npm bills of materials from source	2026-09-13T19:40:39.8658210Z   npm error extraneous: is-docker@3.0.0 /Users/runner/work/keepling/keepling/node_modules/is-inside-container/node_modules/is-docker
desktop-promote	Generate the Hex and npm bills of materials from source	2026-09-13T19:40:39.8658640Z   npm error extraneous: supports-color@8.1.1 /Users/runner/work/keepling/keepling/node_modules/jest-worker/node_modules/supports-color
desktop-promote	Generate the Hex and npm bills of materials from source	2026-09-13T19:40:39.8658980Z   npm error extraneous: undici@8.10.1 /Users/runner/work/keepling/keepling/node_modules/jsdom/node_modules/undici
desktop-promote	Generate the Hex and npm bills of materials from source	2026-09-13T19:40:39.8659350Z   npm error extraneous: whatwg-url@17.1.0 /Users/runner/work/keepling/keepling/node_modules/jsdom/node_modules/whatwg-url
desktop-promote	Generate the Hex and npm bills of materials from source	2026-09-13T19:40:39.8659720Z   npm error extraneous: colorette@2.0.20 /Users/runner/work/keepling/keepling/node_modules/listr2/node_modules/colorette
desktop-promote	Generate the Hex and npm bills of materials from source	2026-09-13T19:40:39.8660300Z   npm error extraneous: parse-json@2.2.0 /Users/runner/work/keepling/keepling/node_modules/load-json-file/node_modules/parse-json
desktop-promote	Generate the Hex and npm bills of materials from source	2026-09-13T19:40:39.8660700Z   npm error extraneous: ansi-escapes@5.0.0 /Users/runner/work/keepling/keepling/node_modules/log-update/node_modules/ansi-escapes
desktop-promote	Generate the Hex and npm bills of materials from source	2026-09-13T19:40:39.8661170Z   npm error extraneous: ansi-regex@6.3.0 /Users/runner/work/keepling/keepling/node_modules/log-update/node_modules/ansi-regex
desktop-promote	Generate the Hex and npm bills of materials from source	2026-09-13T19:40:39.8661550Z   npm error extraneous: cli-cursor@4.0.0 /Users/runner/work/keepling/keepling/node_modules/log-update/node_modules/cli-cursor
desktop-promote	Generate the Hex and npm bills of materials from source	2026-09-13T19:40:39.8661970Z   npm error extraneous: restore-cursor@4.0.0 /Users/runner/work/keepling/keepling/node_modules/log-update/node_modules/restore-cursor
desktop-promote	Generate the Hex and npm bills of materials from source	2026-09-13T19:40:39.8662350Z   npm error extraneous: strip-ansi@7.2.0 /Users/runner/work/keepling/keepling/node_modules/log-update/node_modules/strip-ansi
desktop-promote	Generate the Hex and npm bills of materials from source	2026-09-13T19:40:39.8662740Z   npm error extraneous: type-fest@1.4.0 /Users/runner/work/keepling/keepling/node_modules/log-update/node_modules/type-fest
desktop-promote	Generate the Hex and npm bills of materials from source	2026-09-13T19:40:39.8663230Z   npm error extraneous: https-proxy-agent@5.0.1 /Users/runner/work/keepling/keepling/node_modules/make-fetch-happen/node_modules/https-proxy-agent
desktop-promote	Generate the Hex and npm bills of materials from source	2026-09-13T19:40:39.8663660Z   npm error extraneous: lru-cache@7.18.3 /Users/runner/work/keepling/keepling/node_modules/make-fetch-happen/node_modules/lru-cache
desktop-promote	Generate the Hex and npm bills of materials from source	2026-09-13T19:40:39.8664040Z   npm error extraneous: picomatch@2.3.2 /Users/runner/work/keepling/keepling/node_modules/micromatch/node_modules/picomatch
desktop-promote	Generate the Hex and npm bills of materials from source	2026-09-13T19:40:39.8664460Z   npm error extraneous: balanced-match@4.0.4 /Users/runner/work/keepling/keepling/node_modules/minimatch/node_modules/balanced-match
desktop-promote	Generate the Hex and npm bills of materials from source	2026-09-13T19:40:39.8664880Z   npm error extraneous: brace-expansion@5.0.9 /Users/runner/work/keepling/keepling/node_modules/minimatch/node_modules/brace-expansion
desktop-promote	Generate the Hex and npm bills of materials from source	2026-09-13T19:40:39.8665290Z   npm error extraneous: semver@5.7.2 /Users/runner/work/keepling/keepling/node_modules/normalize-package-data/node_modules/semver
desktop-promote	Generate the Hex and npm bills of materials from source	2026-09-13T19:40:39.8665680Z   npm error extraneous: path-key@2.0.1 /Users/runner/work/keepling/keepling/node_modules/npm-run-path/node_modules/path-key
desktop-promote	Generate the Hex and npm bills of materials from source	2026-09-13T19:40:39.8666040Z   npm error extraneous: p-limit@1.3.0 /Users/runner/work/keepling/keepling/node_modules/p-locate/node_modules/p-limit
desktop-promote	Generate the Hex and npm bills of materials from source	2026-09-13T19:40:39.8666410Z   npm error extraneous: find-up@3.0.0 /Users/runner/work/keepling/keepling/node_modules/pkg-up/node_modules/find-up
desktop-promote	Generate the Hex and npm bills of materials from source	2026-09-13T19:40:39.8666810Z   npm error extraneous: locate-path@3.0.0 /Users/runner/work/keepling/keepling/node_modules/pkg-up/node_modules/locate-path
desktop-promote	Generate the Hex and npm bills of materials from source	2026-09-13T19:40:39.8667160Z   npm error extraneous: p-limit@2.3.0 /Users/runner/work/keepling/keepling/node_modules/pkg-up/node_modules/p-limit
desktop-promote	Generate the Hex and npm bills of materials from source	2026-09-13T19:40:39.8667530Z   npm error extraneous: p-locate@3.0.0 /Users/runner/work/keepling/keepling/node_modules/pkg-up/node_modules/p-locate
desktop-promote	Generate the Hex and npm bills of materials from source	2026-09-13T19:40:39.8667860Z   npm error extraneous: p-try@2.2.0 /Users/runner/work/keepling/keepling/node_modules/pkg-up/node_modules/p-try
desktop-promote	Generate the Hex and npm bills of materials from source	2026-09-13T19:40:39.8668240Z   npm error extraneous: commander@9.5.0 /Users/runner/work/keepling/keepling/node_modules/postject/node_modules/commander
desktop-promote	Generate the Hex and npm bills of materials from source	2026-09-13T19:40:39.8668670Z   npm error extraneous: ansi-styles@5.2.0 /Users/runner/work/keepling/keepling/node_modules/pretty-format/node_modules/ansi-styles
desktop-promote	Generate the Hex and npm bills of materials from source	2026-09-13T19:40:39.8669040Z   npm error extraneous: kleur@3.0.3 /Users/runner/work/keepling/keepling/node_modules/prompts/node_modules/kleur
desktop-promote	Generate the Hex and npm bills of materials from source	2026-09-13T19:40:39.8669410Z   npm error extraneous: find-up@2.1.0 /Users/runner/work/keepling/keepling/node_modules/read-pkg-up/node_modules/find-up
desktop-promote	Generate the Hex and npm bills of materials from source	2026-09-13T19:40:39.8669800Z   npm error extraneous: type-fest@0.13.1 /Users/runner/work/keepling/keepling/node_modules/serialize-error/node_modules/type-fest
desktop-promote	Generate the Hex and npm bills of materials from source	2026-09-13T19:40:39.8670170Z   npm error extraneous: ansi-regex@6.3.0 /Users/runner/work/keepling/keepling/node_modules/shadcn/node_modules/ansi-regex
desktop-promote	Generate the Hex and npm bills of materials from source	2026-09-13T19:40:39.8670650Z   npm error extraneous: chalk@5.6.2 /Users/runner/work/keepling/keepling/node_modules/shadcn/node_modules/chalk
desktop-promote	Generate the Hex and npm bills of materials from source	2026-09-13T19:40:39.8671020Z   npm error extraneous: cli-cursor@5.0.0 /Users/runner/work/keepling/keepling/node_modules/shadcn/node_modules/cli-cursor
desktop-promote	Generate the Hex and npm bills of materials from source	2026-09-13T19:40:39.8671470Z   npm error extraneous: commander@14.0.3 /Users/runner/work/keepling/keepling/node_modules/shadcn/node_modules/commander
desktop-promote	Generate the Hex and npm bills of materials from source	2026-09-13T19:40:39.8672030Z   npm error extraneous: define-lazy-prop@3.0.0 /Users/runner/work/keepling/keepling/node_modules/shadcn/node_modules/define-lazy-prop
desktop-promote	Generate the Hex and npm bills of materials from source	2026-09-13T19:40:39.8672430Z   npm error extraneous: emoji-regex@10.6.0 /Users/runner/work/keepling/keepling/node_modules/shadcn/node_modules/emoji-regex
desktop-promote	Generate the Hex and npm bills of materials from source	2026-09-13T19:40:39.8672760Z   npm error extraneous: execa@9.6.1 /Users/runner/work/keepling/keepling/node_modules/shadcn/node_modules/execa
desktop-promote	Generate the Hex and npm bills of materials from source	2026-09-13T19:40:39.8673120Z   npm error extraneous: fs-extra@11.4.0 /Users/runner/work/keepling/keepling/node_modules/shadcn/node_modules/fs-extra
desktop-promote	Generate the Hex and npm bills of materials from source	2026-09-13T19:40:39.8673490Z   npm error extraneous: get-stream@9.0.1 /Users/runner/work/keepling/keepling/node_modules/shadcn/node_modules/get-stream
desktop-promote	Generate the Hex and npm bills of materials from source	2026-09-13T19:40:39.8673880Z   npm error extraneous: human-signals@8.0.1 /Users/runner/work/keepling/keepling/node_modules/shadcn/node_modules/human-signals
desktop-promote	Generate the Hex and npm bills of materials from source	2026-09-13T19:40:39.8674280Z   npm error extraneous: is-interactive@2.0.0 /Users/runner/work/keepling/keepling/node_modules/shadcn/node_modules/is-interactive
desktop-promote	Generate the Hex and npm bills of materials from source	2026-09-13T19:40:39.8674740Z   npm error extraneous: is-unicode-supported@2.1.0 /Users/runner/work/keepling/keepling/node_modules/shadcn/node_modules/is-unicode-supported
desktop-promote	Generate the Hex and npm bills of materials from source	2026-09-13T19:40:39.8675120Z   npm error extraneous: log-symbols@6.0.0 /Users/runner/work/keepling/keepling/node_modules/shadcn/node_modules/log-symbols
desktop-promote	Generate the Hex and npm bills of materials from source	2026-09-13T19:40:39.8675510Z   npm error extraneous: npm-run-path@6.0.0 /Users/runner/work/keepling/keepling/node_modules/shadcn/node_modules/npm-run-path
desktop-promote	Generate the Hex and npm bills of materials from source	2026-09-13T19:40:39.8676040Z   npm error extraneous: onetime@7.0.0 /Users/runner/work/keepling/keepling/node_modules/shadcn/node_modules/onetime
desktop-promote	Generate the Hex and npm bills of materials from source	2026-09-13T19:40:39.8676610Z   npm error extraneous: open@11.0.2 /Users/runner/work/keepling/keepling/node_modules/shadcn/node_modules/open
desktop-promote	Generate the Hex and npm bills of materials from source	2026-09-13T19:40:39.8676950Z   npm error extraneous: ora@8.2.0 /Users/runner/work/keepling/keepling/node_modules/shadcn/node_modules/ora
desktop-promote	Generate the Hex and npm bills of materials from source	2026-09-13T19:40:39.8677340Z   npm error extraneous: path-key@4.0.0 /Users/runner/work/keepling/keepling/node_modules/shadcn/node_modules/path-key
desktop-promote	Generate the Hex and npm bills of materials from source	2026-09-13T19:40:39.8677770Z   npm error extraneous: restore-cursor@5.1.0 /Users/runner/work/keepling/keepling/node_modules/shadcn/node_modules/restore-cursor
desktop-promote	Generate the Hex and npm bills of materials from source	2026-09-13T19:40:39.8678160Z   npm error extraneous: signal-exit@4.1.0 /Users/runner/work/keepling/keepling/node_modules/shadcn/node_modules/signal-exit
desktop-promote	Generate the Hex and npm bills of materials from source	2026-09-13T19:40:39.8678560Z   npm error extraneous: string-width@7.2.0 /Users/runner/work/keepling/keepling/node_modules/shadcn/node_modules/string-width
desktop-promote	Generate the Hex and npm bills of materials from source	2026-09-13T19:40:39.8678980Z   npm error extraneous: strip-ansi@7.2.0 /Users/runner/work/keepling/keepling/node_modules/shadcn/node_modules/strip-ansi
desktop-promote	Generate the Hex and npm bills of materials from source	2026-09-13T19:40:39.8679510Z   npm error extraneous: strip-final-newline@4.0.0 /Users/runner/work/keepling/keepling/node_modules/shadcn/node_modules/strip-final-newline
desktop-promote	Generate the Hex and npm bills of materials from source	2026-09-13T19:40:39.8679840Z   npm error extraneous: zod@3.25.76 /Users/runner/work/keepling/keepling/node_modules/shadcn/node_modules/zod
desktop-promote	Generate the Hex and npm bills of materials from source	2026-09-13T19:40:39.8680270Z   npm error extraneous: ansi-styles@6.2.3 /Users/runner/work/keepling/keepling/node_modules/slice-ansi/node_modules/ansi-styles
desktop-promote	Generate the Hex and npm bills of materials from source	2026-09-13T19:40:39.8683670Z   npm error extraneous: is-fullwidth-code-point@4.0.0 /Users/runner/work/keepling/keepling/node_modules/slice-ansi/node_modules/is-fullwidth-code-point
desktop-promote	Generate the Hex and npm bills of materials from source	2026-09-13T19:40:39.8685600Z   npm error extraneous: is-obj@3.0.0 /Users/runner/work/keepling/keepling/node_modules/stringify-object/node_modules/is-obj
desktop-promote	Generate the Hex and npm bills of materials from source	2026-09-13T19:40:39.8686140Z   npm error extraneous: escape-string-regexp@1.0.5 /Users/runner/work/keepling/keepling/node_modules/strip-outer/node_modules/escape-string-regexp
desktop-promote	Generate the Hex and npm bills of materials from source	2026-09-13T19:40:39.8686810Z   npm error extraneous: minipass@5.0.0 /Users/runner/work/keepling/keepling/node_modules/tar/node_modules/minipass
desktop-promote	Generate the Hex and npm bills of materials from source	2026-09-13T19:40:39.8687180Z   npm error extraneous: commander@2.20.3 /Users/runner/work/keepling/keepling/node_modules/terser/node_modules/commander
desktop-promote	Generate the Hex and npm bills of materials from source	2026-09-13T19:40:39.8688290Z   npm error extraneous: escape-string-regexp@1.0.5 /Users/runner/work/keepling/keepling/node_modules/trim-repeated/node_modules/escape-string-regexp
desktop-promote	Generate the Hex and npm bills of materials from source	2026-09-13T19:40:39.8688700Z   npm error extraneous: typescript@6.0.3 /Users/runner/work/keepling/keepling/node_modules/ts-api-utils/node_modules/typescript
desktop-promote	Generate the Hex and npm bills of materials from source	2026-09-13T19:40:39.8689120Z   npm error extraneous: typescript@6.0.3 /Users/runner/work/keepling/keepling/node_modules/typescript-eslint/node_modules/typescript
desktop-promote	Generate the Hex and npm bills of materials from source	2026-09-13T19:40:39.8689480Z   npm error extraneous: fsevents@2.3.3 /Users/runner/work/keepling/keepling/node_modules/vite/node_modules/fsevents
desktop-promote	Generate the Hex and npm bills of materials from source	2026-09-13T19:40:39.8689820Z   npm error extraneous: tr46@0.0.3 /Users/runner/work/keepling/keepling/node_modules/whatwg-url/node_modules/tr46
desktop-promote	Generate the Hex and npm bills of materials from source	2026-09-13T19:40:39.8690280Z   npm error extraneous: webidl-conversions@3.0.1 /Users/runner/work/keepling/keepling/node_modules/whatwg-url/node_modules/webidl-conversions
desktop-promote	Generate the Hex and npm bills of materials from source	2026-09-13T19:40:39.8690670Z   npm error extraneous: ansi-regex@6.3.0 /Users/runner/work/keepling/keepling/node_modules/wrap-ansi/node_modules/ansi-regex
desktop-promote	Generate the Hex and npm bills of materials from source	2026-09-13T19:40:39.8691060Z   npm error extraneous: ansi-styles@6.2.3 /Users/runner/work/keepling/keepling/node_modules/wrap-ansi/node_modules/ansi-styles
desktop-promote	Generate the Hex and npm bills of materials from source	2026-09-13T19:40:39.8691440Z   npm error extraneous: emoji-regex@9.2.2 /Users/runner/work/keepling/keepling/node_modules/wrap-ansi/node_modules/emoji-regex
desktop-promote	Generate the Hex and npm bills of materials from source	2026-09-13T19:40:39.8691850Z   npm error extraneous: string-width@5.1.2 /Users/runner/work/keepling/keepling/node_modules/wrap-ansi/node_modules/string-width
desktop-promote	Generate the Hex and npm bills of materials from source	2026-09-13T19:40:39.8695990Z   npm error extraneous: strip-ansi@7.2.0 /Users/runner/work/keepling/keepling/node_modules/wrap-ansi/node_modules/strip-ansi
desktop-promote	Generate the Hex and npm bills of materials from source	2026-09-13T19:40:39.8696390Z   npm error extraneous: is-wsl@3.1.1 /Users/runner/work/keepling/keepling/node_modules/wsl-utils/node_modules/is-wsl
desktop-promote	Generate the Hex and npm bills of materials from source	2026-09-13T19:40:39.8696820Z   npm error extraneous: powershell-utils@0.1.0 /Users/runner/work/keepling/keepling/node_modules/wsl-utils/node_modules/powershell-utils
desktop-promote	Generate the Hex and npm bills of materials from source	2026-09-13T19:40:39.8697190Z   npm error extraneous: zod@3.25.76 /Users/runner/work/keepling/keepling/node_modules/zod-to-json-schema/node_modules/zod
desktop-promote	Generate the Hex and npm bills of materials from source	2026-09-13T19:40:39.8697740Z   npm error extraneous: is-unicode-supported@1.3.0 /Users/runner/work/keepling/keepling/node_modules/shadcn/node_modules/log-symbols/node_modules/is-unicode-supported
desktop-promote	Generate the Hex and npm bills of materials from source	2026-09-13T19:40:39.8698080Z   npm error A complete log of this run can be found in: /Users/runner/.npm/_logs/2026-09-13T19_40_37_800Z-debug-0.log
desktop-promote	Generate the Hex and npm bills of materials from source	2026-09-13T19:40:39.8698140Z   
desktop-promote	Generate the Hex and npm bills of materials from source	2026-09-13T19:40:40.2938360Z SBOM generation complete: /Users/runner/work/_temp/keepling-desktop-package/sbom/sbom-hex.cdx.json, /Users/runner/work/_temp/keepling-desktop-package/sbom/sbom-npm.cdx.json. The Swift ecosystem (apps/ios/Package.resolved) is published as-is, gap declared in docs/security/SUPPLY-CHAIN.md -- not scanned here.
desktop-promote	Generate the release body checksum template	﻿2026-09-13T19:40:40.3457470Z ##[group]Run manifest="$RUNNER_TEMP/${KEEPLING_DESKTOP_ARTIFACT_ROOT}/package-manifest.json"
desktop-promote	Generate the release body checksum template	2026-09-13T19:40:40.3458290Z ^[[36;1mmanifest="$RUNNER_TEMP/${KEEPLING_DESKTOP_ARTIFACT_ROOT}/package-manifest.json"^[[0m
desktop-promote	Generate the release body checksum template	2026-09-13T19:40:40.3458770Z ^[[36;1mout="$RUNNER_TEMP/${KEEPLING_DESKTOP_ARTIFACT_ROOT}/RELEASE-BODY.md"^[[0m
desktop-promote	Generate the release body checksum template	2026-09-13T19:40:40.3459090Z ^[[36;1mnode -e "^[[0m
desktop-promote	Generate the release body checksum template	2026-09-13T19:40:40.3459290Z ^[[36;1m  const fs = require('node:fs');^[[0m
desktop-promote	Generate the release body checksum template	2026-09-13T19:40:40.3459610Z ^[[36;1m  const m = JSON.parse(fs.readFileSync(process.argv[1], 'utf8'));^[[0m
desktop-promote	Generate the release body checksum template	2026-09-13T19:40:40.3459920Z ^[[36;1m  const lines = [^[[0m
desktop-promote	Generate the release body checksum template	2026-09-13T19:40:40.3460130Z ^[[36;1m    '## Checksums',^[[0m
desktop-promote	Generate the release body checksum template	2026-09-13T19:40:40.3460330Z ^[[36;1m    '',^[[0m
desktop-promote	Generate the release body checksum template	2026-09-13T19:40:40.3460500Z ^[[36;1m    '| Artifact | SHA-256 |',^[[0m
desktop-promote	Generate the release body checksum template	2026-09-13T19:40:40.3460870Z ^[[36;1m    '|---|---|',^[[0m
desktop-promote	Generate the release body checksum template	2026-09-13T19:40:40.3461270Z ^[[36;1m    \`| Archive (\${require('node:path').basename(m.archivePath)}) | \\\`\${m.archiveDigestSha256}\\\` |\`,^[[0m
desktop-promote	Generate the release body checksum template	2026-09-13T19:40:40.3461720Z ^[[36;1m    m.codeDirectoryHash^[[0m
desktop-promote	Generate the release body checksum template	2026-09-13T19:40:40.3462150Z ^[[36;1m      ? \`| Stapled application (code directory hash) | \\\`\${m.codeDirectoryHash}\\\` |\`^[[0m
desktop-promote	Generate the release body checksum template	2026-09-13T19:40:40.3462740Z ^[[36;1m      : \`| Application digest (pre-signing; signing not yet wired) | \\\`\${m.applicationDigestSha256}\\\` |\`,^[[0m
desktop-promote	Generate the release body checksum template	2026-09-13T19:40:40.3463150Z ^[[36;1m    '',^[[0m
desktop-promote	Generate the release body checksum template	2026-09-13T19:40:40.3463410Z ^[[36;1m    'The load-bearing controls for this release are the packaging',^[[0m
desktop-promote	Generate the release body checksum template	2026-09-13T19:40:40.3463830Z ^[[36;1m    'reproducibility lane and the SLSA Build Level 2 provenance',^[[0m
desktop-promote	Generate the release body checksum template	2026-09-13T19:40:40.3464260Z ^[[36;1m    'attestation above, not these checksums -- almost nobody will',^[[0m
desktop-promote	Generate the release body checksum template	2026-09-13T19:40:40.3464660Z ^[[36;1m    'manually verify a hash. See docs/security/SUPPLY-CHAIN.md for',^[[0m
desktop-promote	Generate the release body checksum template	2026-09-13T19:40:40.3465030Z ^[[36;1m    'the full, separated signing/provenance/SBOM posture.',^[[0m
desktop-promote	Generate the release body checksum template	2026-09-13T19:40:40.3465300Z ^[[36;1m  ];^[[0m
desktop-promote	Generate the release body checksum template	2026-09-13T19:40:40.3465550Z ^[[36;1m  fs.writeFileSync(process.argv[2], lines.join('\n') + '\n');^[[0m
desktop-promote	Generate the release body checksum template	2026-09-13T19:40:40.3465840Z ^[[36;1m" "$manifest" "$out"^[[0m
desktop-promote	Generate the release body checksum template	2026-09-13T19:40:40.3466030Z ^[[36;1mcat "$out"^[[0m
desktop-promote	Generate the release body checksum template	2026-09-13T19:40:40.3850840Z shell: /bin/bash -e {0}
desktop-promote	Generate the release body checksum template	2026-09-13T19:40:40.3851110Z env:
desktop-promote	Generate the release body checksum template	2026-09-13T19:40:40.3851340Z   KEEPLING_DESKTOP_ARTIFACT_ROOT: keepling-desktop-package
desktop-promote	Generate the release body checksum template	2026-09-13T19:40:40.3851610Z ##[endgroup]
desktop-promote	Generate the release body checksum template	2026-09-13T19:40:40.5372030Z ## Checksums
desktop-promote	Generate the release body checksum template	2026-09-13T19:40:40.5399860Z 
desktop-promote	Generate the release body checksum template	2026-09-13T19:40:40.5400440Z | Artifact | SHA-256 |
desktop-promote	Generate the release body checksum template	2026-09-13T19:40:40.5400790Z |---|---|
desktop-promote	Generate the release body checksum template	2026-09-13T19:40:40.5401450Z | Archive (Keepling.ditto.zip) | `ddce0c7dfb470a74dd2aa629b1c486a58fa5bd81f9b776b1c0980decb181fe1f` |
desktop-promote	Generate the release body checksum template	2026-09-13T19:40:40.5402350Z | Stapled application (code directory hash) | `7aac6074b7838a9727effe84053be208979e8c13` |
desktop-promote	Generate the release body checksum template	2026-09-13T19:40:40.5402760Z 
desktop-promote	Generate the release body checksum template	2026-09-13T19:40:40.5403140Z The load-bearing controls for this release are the packaging
desktop-promote	Generate the release body checksum template	2026-09-13T19:40:40.5403690Z reproducibility lane and the SLSA Build Level 2 provenance
desktop-promote	Generate the release body checksum template	2026-09-13T19:40:40.5404260Z attestation above, not these checksums -- almost nobody will
desktop-promote	Generate the release body checksum template	2026-09-13T19:40:40.5404930Z manually verify a hash. See docs/security/SUPPLY-CHAIN.md for
desktop-promote	Generate the release body checksum template	2026-09-13T19:40:40.5405920Z the full, separated signing/provenance/SBOM posture.
desktop-promote	Run actions/upload-artifact@ea165f8d65b6e75b540449e92b4886f43607fa02	﻿2026-09-13T19:40:40.5517150Z Node 20 is being deprecated. This workflow is running with Node 24 by default. If you need to temporarily use Node 20, you can set the ACTIONS_ALLOW_USE_UNSECURE_NODE_VERSION=true environment variable. For more information see: https://github.blog/changelog/2025-09-19-deprecation-of-node-20-on-github-actions-runners/
desktop-promote	Run actions/upload-artifact@ea165f8d65b6e75b540449e92b4886f43607fa02	2026-09-13T19:40:40.5518490Z ##[group]Run actions/upload-artifact@ea165f8d65b6e75b540449e92b4886f43607fa02
desktop-promote	Run actions/upload-artifact@ea165f8d65b6e75b540449e92b4886f43607fa02	2026-09-13T19:40:40.5518810Z with:
desktop-promote	Run actions/upload-artifact@ea165f8d65b6e75b540449e92b4886f43607fa02	2026-09-13T19:40:40.5519000Z   name: keepling-release-evidence
desktop-promote	Run actions/upload-artifact@ea165f8d65b6e75b540449e92b4886f43607fa02	2026-09-13T19:40:40.5519530Z   path: /Users/runner/work/_temp/keepling-desktop-package/sbom
desktop-promote	Run actions/upload-artifact@ea165f8d65b6e75b540449e92b4886f43607fa02	/Users/runner/work/_temp/keepling-desktop-package/RELEASE-BODY.md
desktop-promote	Run actions/upload-artifact@ea165f8d65b6e75b540449e92b4886f43607fa02	
desktop-promote	Run actions/upload-artifact@ea165f8d65b6e75b540449e92b4886f43607fa02	2026-09-13T19:40:40.5520070Z   if-no-files-found: error
desktop-promote	Run actions/upload-artifact@ea165f8d65b6e75b540449e92b4886f43607fa02	2026-09-13T19:40:40.5520270Z   retention-days: 14
desktop-promote	Run actions/upload-artifact@ea165f8d65b6e75b540449e92b4886f43607fa02	2026-09-13T19:40:40.5520460Z   compression-level: 6
desktop-promote	Run actions/upload-artifact@ea165f8d65b6e75b540449e92b4886f43607fa02	2026-09-13T19:40:40.5520630Z   overwrite: false
desktop-promote	Run actions/upload-artifact@ea165f8d65b6e75b540449e92b4886f43607fa02	2026-09-13T19:40:40.5520820Z   include-hidden-files: false
desktop-promote	Run actions/upload-artifact@ea165f8d65b6e75b540449e92b4886f43607fa02	2026-09-13T19:40:40.5521010Z env:
desktop-promote	Run actions/upload-artifact@ea165f8d65b6e75b540449e92b4886f43607fa02	2026-09-13T19:40:40.5521220Z   KEEPLING_DESKTOP_ARTIFACT_ROOT: keepling-desktop-package
desktop-promote	Run actions/upload-artifact@ea165f8d65b6e75b540449e92b4886f43607fa02	2026-09-13T19:40:40.5521550Z ##[endgroup]
desktop-promote	Run actions/upload-artifact@ea165f8d65b6e75b540449e92b4886f43607fa02	2026-09-13T19:40:41.1108940Z (node:36482) [DEP0040] DeprecationWarning: The `punycode` module is deprecated. Please use a userland alternative instead.
desktop-promote	Run actions/upload-artifact@ea165f8d65b6e75b540449e92b4886f43607fa02	2026-09-13T19:40:41.1110870Z (Use `node --trace-deprecation ...` to show where the warning was created)
desktop-promote	Run actions/upload-artifact@ea165f8d65b6e75b540449e92b4886f43607fa02	2026-09-13T19:40:41.1179270Z Multiple search paths detected. Calculating the least common ancestor of all paths
desktop-promote	Run actions/upload-artifact@ea165f8d65b6e75b540449e92b4886f43607fa02	2026-09-13T19:40:41.1180520Z The least common ancestor is /Users/runner/work/_temp/keepling-desktop-package. This will be the root directory of the artifact
desktop-promote	Run actions/upload-artifact@ea165f8d65b6e75b540449e92b4886f43607fa02	2026-09-13T19:40:41.1181910Z With the provided path, there will be 3 files uploaded
desktop-promote	Run actions/upload-artifact@ea165f8d65b6e75b540449e92b4886f43607fa02	2026-09-13T19:40:41.1182360Z Artifact name is valid!
desktop-promote	Run actions/upload-artifact@ea165f8d65b6e75b540449e92b4886f43607fa02	2026-09-13T19:40:41.1182810Z Root directory input is valid!
desktop-promote	Run actions/upload-artifact@ea165f8d65b6e75b540449e92b4886f43607fa02	2026-09-13T19:40:41.3550370Z Beginning upload of artifact content to blob storage
desktop-promote	Run actions/upload-artifact@ea165f8d65b6e75b540449e92b4886f43607fa02	2026-09-13T19:40:41.4071320Z (node:36482) [DEP0169] DeprecationWarning: `url.parse()` behavior is not standardized and prone to errors that have security implications. Use the WHATWG URL API instead. CVEs are not issued for `url.parse()` vulnerabilities.
desktop-promote	Run actions/upload-artifact@ea165f8d65b6e75b540449e92b4886f43607fa02	2026-09-13T19:40:41.4416620Z Uploaded bytes 117244
desktop-promote	Run actions/upload-artifact@ea165f8d65b6e75b540449e92b4886f43607fa02	2026-09-13T19:40:41.4541560Z Finished uploading artifact content to blob storage!
desktop-promote	Run actions/upload-artifact@ea165f8d65b6e75b540449e92b4886f43607fa02	2026-09-13T19:40:41.4560340Z SHA256 digest of uploaded artifact zip is 7bd3ff447e1bebba82f50cf1177e0d015a43206e9e7387d8db276289c0999857
desktop-promote	Run actions/upload-artifact@ea165f8d65b6e75b540449e92b4886f43607fa02	2026-09-13T19:40:41.4562560Z Finalizing artifact upload
desktop-promote	Run actions/upload-artifact@ea165f8d65b6e75b540449e92b4886f43607fa02	2026-09-13T19:40:41.6523760Z Artifact keepling-release-evidence.zip successfully finalized. Artifact ID 10324372646
desktop-promote	Run actions/upload-artifact@ea165f8d65b6e75b540449e92b4886f43607fa02	2026-09-13T19:40:41.6529520Z Artifact keepling-release-evidence has been successfully uploaded! Final size is 117244 bytes. Artifact ID is 10324372646
desktop-promote	Run actions/upload-artifact@ea165f8d65b6e75b540449e92b4886f43607fa02	2026-09-13T19:40:41.6538890Z Artifact download URL: https://github.com/szTheory/keepling/actions/runs/34777805267/artifacts/10324372646
desktop-promote	Post Run actions/setup-node@49933ea5288caeca8642d1e84afbd3f7d6820020	﻿2026-09-13T19:40:41.6644340Z Node 20 is being deprecated. This workflow is running with Node 24 by default. If you need to temporarily use Node 20, you can set the ACTIONS_ALLOW_USE_UNSECURE_NODE_VERSION=true environment variable. For more information see: https://github.blog/changelog/2025-09-19-deprecation-of-node-20-on-github-actions-runners/
desktop-promote	Post Run actions/setup-node@49933ea5288caeca8642d1e84afbd3f7d6820020	2026-09-13T19:40:41.6645480Z Post job cleanup.
desktop-promote	Post Run actions/setup-node@49933ea5288caeca8642d1e84afbd3f7d6820020	2026-09-13T19:40:41.8248240Z (node:36484) [DEP0040] DeprecationWarning: The `punycode` module is deprecated. Please use a userland alternative instead.
desktop-promote	Post Run actions/setup-node@49933ea5288caeca8642d1e84afbd3f7d6820020	2026-09-13T19:40:41.8249760Z (Use `node --trace-deprecation ...` to show where the warning was created)
desktop-promote	Post Run actions/checkout@34e114876b0b11c390a56381ad16ebd13914f8d5	﻿2026-09-13T19:40:41.8370430Z Node 20 is being deprecated. This workflow is running with Node 24 by default. If you need to temporarily use Node 20, you can set the ACTIONS_ALLOW_USE_UNSECURE_NODE_VERSION=true environment variable. For more information see: https://github.blog/changelog/2025-09-19-deprecation-of-node-20-on-github-actions-runners/
desktop-promote	Post Run actions/checkout@34e114876b0b11c390a56381ad16ebd13914f8d5	2026-09-13T19:40:41.8371550Z Post job cleanup.
desktop-promote	Post Run actions/checkout@34e114876b0b11c390a56381ad16ebd13914f8d5	2026-09-13T19:40:41.9729070Z [command]/opt/homebrew/bin/git version
desktop-promote	Post Run actions/checkout@34e114876b0b11c390a56381ad16ebd13914f8d5	2026-09-13T19:40:42.0039680Z git version 2.55.0
desktop-promote	Post Run actions/checkout@34e114876b0b11c390a56381ad16ebd13914f8d5	2026-09-13T19:40:42.0062550Z Copying '/Users/runner/.gitconfig' to '/Users/runner/work/_temp/02d2bb50-b931-4765-b06e-1afafc1fa0b9/.gitconfig'
desktop-promote	Post Run actions/checkout@34e114876b0b11c390a56381ad16ebd13914f8d5	2026-09-13T19:40:42.0065630Z Temporarily overriding HOME='/Users/runner/work/_temp/02d2bb50-b931-4765-b06e-1afafc1fa0b9' before making global git config changes
desktop-promote	Post Run actions/checkout@34e114876b0b11c390a56381ad16ebd13914f8d5	2026-09-13T19:40:42.0067910Z Adding repository directory to the temporary git global config as a safe directory
desktop-promote	Post Run actions/checkout@34e114876b0b11c390a56381ad16ebd13914f8d5	2026-09-13T19:40:42.0069700Z [command]/opt/homebrew/bin/git config --global --add safe.directory /Users/runner/work/keepling/keepling
desktop-promote	Post Run actions/checkout@34e114876b0b11c390a56381ad16ebd13914f8d5	2026-09-13T19:40:42.0206310Z [command]/opt/homebrew/bin/git config --local --name-only --get-regexp core\.sshCommand
desktop-promote	Post Run actions/checkout@34e114876b0b11c390a56381ad16ebd13914f8d5	2026-09-13T19:40:42.0280970Z [command]/opt/homebrew/bin/git submodule foreach --recursive sh -c "git config --local --name-only --get-regexp 'core\.sshCommand' && git config --local --unset-all 'core.sshCommand' || :"
desktop-promote	Post Run actions/checkout@34e114876b0b11c390a56381ad16ebd13914f8d5	2026-09-13T19:40:42.1594020Z [command]/opt/homebrew/bin/git config --local --name-only --get-regexp http\.https\:\/\/github\.com\/\.extraheader
desktop-promote	Post Run actions/checkout@34e114876b0b11c390a56381ad16ebd13914f8d5	2026-09-13T19:40:42.1666850Z http.https://github.com/.extraheader
desktop-promote	Post Run actions/checkout@34e114876b0b11c390a56381ad16ebd13914f8d5	2026-09-13T19:40:42.1675010Z [command]/opt/homebrew/bin/git config --local --unset-all http.https://github.com/.extraheader
desktop-promote	Post Run actions/checkout@34e114876b0b11c390a56381ad16ebd13914f8d5	2026-09-13T19:40:42.1750550Z [command]/opt/homebrew/bin/git submodule foreach --recursive sh -c "git config --local --name-only --get-regexp 'http\.https\:\/\/github\.com\/\.extraheader' && git config --local --unset-all 'http.https://github.com/.extraheader' || :"
desktop-promote	Post Run actions/checkout@34e114876b0b11c390a56381ad16ebd13914f8d5	2026-09-13T19:40:42.3179250Z [command]/opt/homebrew/bin/git config --local --name-only --get-regexp ^includeIf\.gitdir:
desktop-promote	Post Run actions/checkout@34e114876b0b11c390a56381ad16ebd13914f8d5	2026-09-13T19:40:42.3482310Z [command]/opt/homebrew/bin/git submodule foreach --recursive git config --local --show-origin --name-only --get-regexp remote.origin.url
desktop-promote	Complete job	﻿2026-09-13T19:40:42.5480320Z Cleaning up orphan processes
desktop-promote	Complete job	2026-09-13T19:40:45.3963870Z ##[warning]Node.js 20 is deprecated. The following actions target Node.js 20 but are being forced to run on Node.js 24: actions/checkout@34e114876b0b11c390a56381ad16ebd13914f8d5, actions/download-artifact@d3f86a106a0bac45b974a628896c90dbdf5c8093, actions/setup-node@49933ea5288caeca8642d1e84afbd3f7d6820020, actions/upload-artifact@ea165f8d65b6e75b540449e92b4886f43607fa02. For more information see: https://github.blog/changelog/2025-09-19-deprecation-of-node-20-on-github-actions-runners/
