desktop-promote	Set up job	﻿2026-09-13T03:24:08.5109810Z Current runner version: '2.337.0'
desktop-promote	Set up job	2026-09-13T03:24:08.5127460Z ##[group]Runner Image Provisioner
desktop-promote	Set up job	2026-09-13T03:24:08.5128050Z Hosted Compute Agent
desktop-promote	Set up job	2026-09-13T03:24:08.5128660Z Version: 20260828.587
desktop-promote	Set up job	2026-09-13T03:24:08.5129090Z Commit: abac92662cab4cc7352de4f9f9d2e2419aad9c29
desktop-promote	Set up job	2026-09-13T03:24:08.5129590Z Build Date: 2026-08-28T16:44:25Z
desktop-promote	Set up job	2026-09-13T03:24:08.5130070Z Worker ID: {bcac7c47-a91a-460f-ad4e-0b8e40108c97}
desktop-promote	Set up job	2026-09-13T03:24:08.5130550Z Azure Region: westus
desktop-promote	Set up job	2026-09-13T03:24:08.5130940Z ##[endgroup]
desktop-promote	Set up job	2026-09-13T03:24:08.5132990Z ##[group]Operating System
desktop-promote	Set up job	2026-09-13T03:24:08.5133440Z macOS
desktop-promote	Set up job	2026-09-13T03:24:08.5133850Z 15.7.9
desktop-promote	Set up job	2026-09-13T03:24:08.5134190Z 24G830
desktop-promote	Set up job	2026-09-13T03:24:08.5134580Z ##[endgroup]
desktop-promote	Set up job	2026-09-13T03:24:08.5135000Z ##[group]Runner Image
desktop-promote	Set up job	2026-09-13T03:24:08.5135390Z Image: macos-15-arm64
desktop-promote	Set up job	2026-09-13T03:24:08.5135780Z Version: 20260907.0337.1
desktop-promote	Set up job	2026-09-13T03:24:08.5136550Z Included Software: https://github.com/actions/runner-images/blob/macos-15-arm64/20260907.0337/images/macos/macos-15-arm64-Readme.md
desktop-promote	Set up job	2026-09-13T03:24:08.5137800Z Image Release: https://github.com/actions/runner-images/releases/tag/macos-15-arm64%2F20260907.0337
desktop-promote	Set up job	2026-09-13T03:24:08.5138490Z ##[endgroup]
desktop-promote	Set up job	2026-09-13T03:24:08.5139350Z ##[group]GITHUB_TOKEN Permissions
desktop-promote	Set up job	2026-09-13T03:24:08.5140750Z Attestations: write
desktop-promote	Set up job	2026-09-13T03:24:08.5141140Z Contents: read
desktop-promote	Set up job	2026-09-13T03:24:08.5141510Z Metadata: read
desktop-promote	Set up job	2026-09-13T03:24:08.5141860Z ##[endgroup]
desktop-promote	Set up job	2026-09-13T03:24:08.5143330Z Secret source: Actions
desktop-promote	Set up job	2026-09-13T03:24:08.5143920Z Cache mode: write
desktop-promote	Set up job	2026-09-13T03:24:08.5144420Z Prepare workflow directory
desktop-promote	Set up job	2026-09-13T03:24:08.5449890Z Prepare all required actions
desktop-promote	Set up job	2026-09-13T03:24:08.5562460Z Getting action download info
desktop-promote	Set up job	2026-09-13T03:24:09.0488810Z Download action repository 'actions/checkout@34e114876b0b11c390a56381ad16ebd13914f8d5' (SHA:34e114876b0b11c390a56381ad16ebd13914f8d5)
desktop-promote	Set up job	2026-09-13T03:24:09.3501460Z Download action repository 'actions/setup-node@49933ea5288caeca8642d1e84afbd3f7d6820020' (SHA:49933ea5288caeca8642d1e84afbd3f7d6820020)
desktop-promote	Set up job	2026-09-13T03:24:09.4955620Z Download action repository 'actions/download-artifact@d3f86a106a0bac45b974a628896c90dbdf5c8093' (SHA:d3f86a106a0bac45b974a628896c90dbdf5c8093)
desktop-promote	Set up job	2026-09-13T03:24:09.9800560Z Download action repository 'actions/attest-build-provenance@4d101475d8b20a2381f78447822ac1eab6504dd8' (SHA:4d101475d8b20a2381f78447822ac1eab6504dd8)
desktop-promote	Set up job	2026-09-13T03:24:10.2321810Z Download action repository 'actions/upload-artifact@ea165f8d65b6e75b540449e92b4886f43607fa02' (SHA:ea165f8d65b6e75b540449e92b4886f43607fa02)
desktop-promote	Set up job	2026-09-13T03:24:10.4790580Z Getting action download info
desktop-promote	Set up job	2026-09-13T03:24:10.6117470Z Download action repository 'actions/attest@508db95dd578ae2727ebd6217d5ba78e4fbda05d' (SHA:508db95dd578ae2727ebd6217d5ba78e4fbda05d)
desktop-promote	Set up job	2026-09-13T03:24:11.0355840Z Complete job name: desktop-promote
desktop-promote	Run actions/checkout@34e114876b0b11c390a56381ad16ebd13914f8d5	﻿2026-09-13T03:24:11.1427000Z Node 20 is being deprecated. This workflow is running with Node 24 by default. If you need to temporarily use Node 20, you can set the ACTIONS_ALLOW_USE_UNSECURE_NODE_VERSION=true environment variable. For more information see: https://github.blog/changelog/2025-09-19-deprecation-of-node-20-on-github-actions-runners/
desktop-promote	Run actions/checkout@34e114876b0b11c390a56381ad16ebd13914f8d5	2026-09-13T03:24:11.1455670Z ##[group]Run actions/checkout@34e114876b0b11c390a56381ad16ebd13914f8d5
desktop-promote	Run actions/checkout@34e114876b0b11c390a56381ad16ebd13914f8d5	2026-09-13T03:24:11.1459870Z with:
desktop-promote	Run actions/checkout@34e114876b0b11c390a56381ad16ebd13914f8d5	2026-09-13T03:24:11.1461410Z   repository: szTheory/keepling
desktop-promote	Run actions/checkout@34e114876b0b11c390a56381ad16ebd13914f8d5	2026-09-13T03:24:11.1475770Z   token: ***
desktop-promote	Run actions/checkout@34e114876b0b11c390a56381ad16ebd13914f8d5	2026-09-13T03:24:11.1477510Z   ssh-strict: true
desktop-promote	Run actions/checkout@34e114876b0b11c390a56381ad16ebd13914f8d5	2026-09-13T03:24:11.1479050Z   ssh-user: git
desktop-promote	Run actions/checkout@34e114876b0b11c390a56381ad16ebd13914f8d5	2026-09-13T03:24:11.1480600Z   persist-credentials: true
desktop-promote	Run actions/checkout@34e114876b0b11c390a56381ad16ebd13914f8d5	2026-09-13T03:24:11.1482330Z   clean: true
desktop-promote	Run actions/checkout@34e114876b0b11c390a56381ad16ebd13914f8d5	2026-09-13T03:24:11.1483860Z   sparse-checkout-cone-mode: true
desktop-promote	Run actions/checkout@34e114876b0b11c390a56381ad16ebd13914f8d5	2026-09-13T03:24:11.1485870Z   fetch-depth: 1
desktop-promote	Run actions/checkout@34e114876b0b11c390a56381ad16ebd13914f8d5	2026-09-13T03:24:11.1487350Z   fetch-tags: false
desktop-promote	Run actions/checkout@34e114876b0b11c390a56381ad16ebd13914f8d5	2026-09-13T03:24:11.1488880Z   show-progress: true
desktop-promote	Run actions/checkout@34e114876b0b11c390a56381ad16ebd13914f8d5	2026-09-13T03:24:11.1490350Z   lfs: false
desktop-promote	Run actions/checkout@34e114876b0b11c390a56381ad16ebd13914f8d5	2026-09-13T03:24:11.1491950Z   submodules: false
desktop-promote	Run actions/checkout@34e114876b0b11c390a56381ad16ebd13914f8d5	2026-09-13T03:24:11.1493490Z   set-safe-directory: true
desktop-promote	Run actions/checkout@34e114876b0b11c390a56381ad16ebd13914f8d5	2026-09-13T03:24:11.1497290Z env:
desktop-promote	Run actions/checkout@34e114876b0b11c390a56381ad16ebd13914f8d5	2026-09-13T03:24:11.1498220Z   KEEPLING_DESKTOP_ARTIFACT_ROOT: keepling-desktop-package
desktop-promote	Run actions/checkout@34e114876b0b11c390a56381ad16ebd13914f8d5	2026-09-13T03:24:11.1500010Z ##[endgroup]
desktop-promote	Run actions/checkout@34e114876b0b11c390a56381ad16ebd13914f8d5	2026-09-13T03:24:11.6455380Z Syncing repository: szTheory/keepling
desktop-promote	Run actions/checkout@34e114876b0b11c390a56381ad16ebd13914f8d5	2026-09-13T03:24:11.6461320Z ##[group]Getting Git version info
desktop-promote	Run actions/checkout@34e114876b0b11c390a56381ad16ebd13914f8d5	2026-09-13T03:24:11.6463750Z Working directory is '/Users/runner/work/keepling/keepling'
desktop-promote	Run actions/checkout@34e114876b0b11c390a56381ad16ebd13914f8d5	2026-09-13T03:24:11.6467590Z [command]/opt/homebrew/bin/git version
desktop-promote	Run actions/checkout@34e114876b0b11c390a56381ad16ebd13914f8d5	2026-09-13T03:24:11.7017220Z git version 2.55.0
desktop-promote	Run actions/checkout@34e114876b0b11c390a56381ad16ebd13914f8d5	2026-09-13T03:24:11.7072210Z ##[endgroup]
desktop-promote	Run actions/checkout@34e114876b0b11c390a56381ad16ebd13914f8d5	2026-09-13T03:24:11.7093980Z Copying '/Users/runner/.gitconfig' to '/Users/runner/work/_temp/aeb45456-5537-46d4-83c1-6b19895838fb/.gitconfig'
desktop-promote	Run actions/checkout@34e114876b0b11c390a56381ad16ebd13914f8d5	2026-09-13T03:24:11.7101010Z Temporarily overriding HOME='/Users/runner/work/_temp/aeb45456-5537-46d4-83c1-6b19895838fb' before making global git config changes
desktop-promote	Run actions/checkout@34e114876b0b11c390a56381ad16ebd13914f8d5	2026-09-13T03:24:11.7106890Z Adding repository directory to the temporary git global config as a safe directory
desktop-promote	Run actions/checkout@34e114876b0b11c390a56381ad16ebd13914f8d5	2026-09-13T03:24:11.7114150Z [command]/opt/homebrew/bin/git config --global --add safe.directory /Users/runner/work/keepling/keepling
desktop-promote	Run actions/checkout@34e114876b0b11c390a56381ad16ebd13914f8d5	2026-09-13T03:24:11.7280550Z Deleting the contents of '/Users/runner/work/keepling/keepling'
desktop-promote	Run actions/checkout@34e114876b0b11c390a56381ad16ebd13914f8d5	2026-09-13T03:24:11.7287170Z ##[group]Initializing the repository
desktop-promote	Run actions/checkout@34e114876b0b11c390a56381ad16ebd13914f8d5	2026-09-13T03:24:11.7295920Z [command]/opt/homebrew/bin/git init /Users/runner/work/keepling/keepling
desktop-promote	Run actions/checkout@34e114876b0b11c390a56381ad16ebd13914f8d5	2026-09-13T03:24:11.7673010Z hint: Using 'master' as the name for the initial branch. This default branch name
desktop-promote	Run actions/checkout@34e114876b0b11c390a56381ad16ebd13914f8d5	2026-09-13T03:24:11.7680290Z hint: will change to "main" in Git 3.0. To configure the initial branch name
desktop-promote	Run actions/checkout@34e114876b0b11c390a56381ad16ebd13914f8d5	2026-09-13T03:24:11.7684550Z hint: to use in all of your new repositories, which will suppress this warning,
desktop-promote	Run actions/checkout@34e114876b0b11c390a56381ad16ebd13914f8d5	2026-09-13T03:24:11.7691400Z hint: call:
desktop-promote	Run actions/checkout@34e114876b0b11c390a56381ad16ebd13914f8d5	2026-09-13T03:24:11.7696000Z hint:
desktop-promote	Run actions/checkout@34e114876b0b11c390a56381ad16ebd13914f8d5	2026-09-13T03:24:11.7704630Z hint: 	git config --global init.defaultBranch <name>
desktop-promote	Run actions/checkout@34e114876b0b11c390a56381ad16ebd13914f8d5	2026-09-13T03:24:11.7711950Z hint:
desktop-promote	Run actions/checkout@34e114876b0b11c390a56381ad16ebd13914f8d5	2026-09-13T03:24:11.7724540Z hint: Names commonly chosen instead of 'master' are 'main', 'trunk' and
desktop-promote	Run actions/checkout@34e114876b0b11c390a56381ad16ebd13914f8d5	2026-09-13T03:24:11.7743160Z hint: 'development'. The just-created branch can be renamed via this command:
desktop-promote	Run actions/checkout@34e114876b0b11c390a56381ad16ebd13914f8d5	2026-09-13T03:24:11.7747520Z hint:
desktop-promote	Run actions/checkout@34e114876b0b11c390a56381ad16ebd13914f8d5	2026-09-13T03:24:11.7757810Z hint: 	git branch -m <name>
desktop-promote	Run actions/checkout@34e114876b0b11c390a56381ad16ebd13914f8d5	2026-09-13T03:24:11.7764200Z hint:
desktop-promote	Run actions/checkout@34e114876b0b11c390a56381ad16ebd13914f8d5	2026-09-13T03:24:11.7835800Z hint: Disable this message with "git config set advice.defaultBranchName false"
desktop-promote	Run actions/checkout@34e114876b0b11c390a56381ad16ebd13914f8d5	2026-09-13T03:24:11.7838760Z Initialized empty Git repository in /Users/runner/work/keepling/keepling/.git/
desktop-promote	Run actions/checkout@34e114876b0b11c390a56381ad16ebd13914f8d5	2026-09-13T03:24:11.7877400Z [command]/opt/homebrew/bin/git remote add origin https://github.com/szTheory/keepling
desktop-promote	Run actions/checkout@34e114876b0b11c390a56381ad16ebd13914f8d5	2026-09-13T03:24:11.7945600Z ##[endgroup]
desktop-promote	Run actions/checkout@34e114876b0b11c390a56381ad16ebd13914f8d5	2026-09-13T03:24:11.7949620Z ##[group]Disabling automatic garbage collection
desktop-promote	Run actions/checkout@34e114876b0b11c390a56381ad16ebd13914f8d5	2026-09-13T03:24:11.7955970Z [command]/opt/homebrew/bin/git config --local gc.auto 0
desktop-promote	Run actions/checkout@34e114876b0b11c390a56381ad16ebd13914f8d5	2026-09-13T03:24:11.7979560Z ##[endgroup]
desktop-promote	Run actions/checkout@34e114876b0b11c390a56381ad16ebd13914f8d5	2026-09-13T03:24:11.7998330Z ##[group]Setting up auth
desktop-promote	Run actions/checkout@34e114876b0b11c390a56381ad16ebd13914f8d5	2026-09-13T03:24:11.8004790Z [command]/opt/homebrew/bin/git config --local --name-only --get-regexp core\.sshCommand
desktop-promote	Run actions/checkout@34e114876b0b11c390a56381ad16ebd13914f8d5	2026-09-13T03:24:11.8125380Z [command]/opt/homebrew/bin/git submodule foreach --recursive sh -c "git config --local --name-only --get-regexp 'core\.sshCommand' && git config --local --unset-all 'core.sshCommand' || :"
desktop-promote	Run actions/checkout@34e114876b0b11c390a56381ad16ebd13914f8d5	2026-09-13T03:24:11.9879160Z [command]/opt/homebrew/bin/git config --local --name-only --get-regexp http\.https\:\/\/github\.com\/\.extraheader
desktop-promote	Run actions/checkout@34e114876b0b11c390a56381ad16ebd13914f8d5	2026-09-13T03:24:12.0018940Z [command]/opt/homebrew/bin/git submodule foreach --recursive sh -c "git config --local --name-only --get-regexp 'http\.https\:\/\/github\.com\/\.extraheader' && git config --local --unset-all 'http.https://github.com/.extraheader' || :"
desktop-promote	Run actions/checkout@34e114876b0b11c390a56381ad16ebd13914f8d5	2026-09-13T03:24:12.1401560Z [command]/opt/homebrew/bin/git config --local --name-only --get-regexp ^includeIf\.gitdir:
desktop-promote	Run actions/checkout@34e114876b0b11c390a56381ad16ebd13914f8d5	2026-09-13T03:24:12.1419880Z [command]/opt/homebrew/bin/git submodule foreach --recursive git config --local --show-origin --name-only --get-regexp remote.origin.url
desktop-promote	Run actions/checkout@34e114876b0b11c390a56381ad16ebd13914f8d5	2026-09-13T03:24:12.2817050Z [command]/opt/homebrew/bin/git config --local http.https://github.com/.extraheader AUTHORIZATION: basic ***
desktop-promote	Run actions/checkout@34e114876b0b11c390a56381ad16ebd13914f8d5	2026-09-13T03:24:12.3160860Z ##[endgroup]
desktop-promote	Run actions/checkout@34e114876b0b11c390a56381ad16ebd13914f8d5	2026-09-13T03:24:12.3222200Z ##[group]Fetching the repository
desktop-promote	Run actions/checkout@34e114876b0b11c390a56381ad16ebd13914f8d5	2026-09-13T03:24:12.3232820Z [command]/opt/homebrew/bin/git -c protocol.version=2 fetch --no-tags --prune --no-recurse-submodules --depth=1 origin +23d79e5caa7383a7be9e38ee473b6bde12ce8298:refs/remotes/origin/main
desktop-promote	Run actions/checkout@34e114876b0b11c390a56381ad16ebd13914f8d5	2026-09-13T03:24:13.4120820Z From https://github.com/szTheory/keepling
desktop-promote	Run actions/checkout@34e114876b0b11c390a56381ad16ebd13914f8d5	2026-09-13T03:24:13.4130650Z  * [new ref]         23d79e5caa7383a7be9e38ee473b6bde12ce8298 -> origin/main
desktop-promote	Run actions/checkout@34e114876b0b11c390a56381ad16ebd13914f8d5	2026-09-13T03:24:13.4132610Z ##[endgroup]
desktop-promote	Run actions/checkout@34e114876b0b11c390a56381ad16ebd13914f8d5	2026-09-13T03:24:13.4133110Z ##[group]Determining the checkout info
desktop-promote	Run actions/checkout@34e114876b0b11c390a56381ad16ebd13914f8d5	2026-09-13T03:24:13.4133610Z ##[endgroup]
desktop-promote	Run actions/checkout@34e114876b0b11c390a56381ad16ebd13914f8d5	2026-09-13T03:24:13.4135670Z [command]/opt/homebrew/bin/git sparse-checkout disable
desktop-promote	Run actions/checkout@34e114876b0b11c390a56381ad16ebd13914f8d5	2026-09-13T03:24:13.4269260Z [command]/opt/homebrew/bin/git config --local --unset-all extensions.worktreeConfig
desktop-promote	Run actions/checkout@34e114876b0b11c390a56381ad16ebd13914f8d5	2026-09-13T03:24:13.4315890Z ##[group]Checking out the ref
desktop-promote	Run actions/checkout@34e114876b0b11c390a56381ad16ebd13914f8d5	2026-09-13T03:24:13.4320360Z [command]/opt/homebrew/bin/git checkout --progress --force -B main refs/remotes/origin/main
desktop-promote	Run actions/checkout@34e114876b0b11c390a56381ad16ebd13914f8d5	2026-09-13T03:24:13.6605770Z Switched to a new branch 'main'
desktop-promote	Run actions/checkout@34e114876b0b11c390a56381ad16ebd13914f8d5	2026-09-13T03:24:13.6647770Z branch 'main' set up to track 'origin/main'.
desktop-promote	Run actions/checkout@34e114876b0b11c390a56381ad16ebd13914f8d5	2026-09-13T03:24:13.6649310Z ##[endgroup]
desktop-promote	Run actions/checkout@34e114876b0b11c390a56381ad16ebd13914f8d5	2026-09-13T03:24:13.6896720Z [command]/opt/homebrew/bin/git log -1 --format=%H
desktop-promote	Run actions/checkout@34e114876b0b11c390a56381ad16ebd13914f8d5	2026-09-13T03:24:13.6939180Z 23d79e5caa7383a7be9e38ee473b6bde12ce8298
desktop-promote	Run actions/setup-node@49933ea5288caeca8642d1e84afbd3f7d6820020	﻿2026-09-13T03:24:13.7438280Z Node 20 is being deprecated. This workflow is running with Node 24 by default. If you need to temporarily use Node 20, you can set the ACTIONS_ALLOW_USE_UNSECURE_NODE_VERSION=true environment variable. For more information see: https://github.blog/changelog/2025-09-19-deprecation-of-node-20-on-github-actions-runners/
desktop-promote	Run actions/setup-node@49933ea5288caeca8642d1e84afbd3f7d6820020	2026-09-13T03:24:13.7439810Z ##[group]Run actions/setup-node@49933ea5288caeca8642d1e84afbd3f7d6820020
desktop-promote	Run actions/setup-node@49933ea5288caeca8642d1e84afbd3f7d6820020	2026-09-13T03:24:13.7440220Z with:
desktop-promote	Run actions/setup-node@49933ea5288caeca8642d1e84afbd3f7d6820020	2026-09-13T03:24:13.7440380Z   node-version: 24.7.0
desktop-promote	Run actions/setup-node@49933ea5288caeca8642d1e84afbd3f7d6820020	2026-09-13T03:24:13.7440540Z   always-auth: false
desktop-promote	Run actions/setup-node@49933ea5288caeca8642d1e84afbd3f7d6820020	2026-09-13T03:24:13.7440710Z   check-latest: false
desktop-promote	Run actions/setup-node@49933ea5288caeca8642d1e84afbd3f7d6820020	2026-09-13T03:24:13.7446740Z   token: ***
desktop-promote	Run actions/setup-node@49933ea5288caeca8642d1e84afbd3f7d6820020	2026-09-13T03:24:13.7447340Z env:
desktop-promote	Run actions/setup-node@49933ea5288caeca8642d1e84afbd3f7d6820020	2026-09-13T03:24:13.7447900Z   KEEPLING_DESKTOP_ARTIFACT_ROOT: keepling-desktop-package
desktop-promote	Run actions/setup-node@49933ea5288caeca8642d1e84afbd3f7d6820020	2026-09-13T03:24:13.7448610Z ##[endgroup]
desktop-promote	Run actions/setup-node@49933ea5288caeca8642d1e84afbd3f7d6820020	2026-09-13T03:24:13.9374010Z Attempting to download 24.7.0...
desktop-promote	Run actions/setup-node@49933ea5288caeca8642d1e84afbd3f7d6820020	2026-09-13T03:24:13.9667580Z (node:1149) [DEP0040] DeprecationWarning: The `punycode` module is deprecated. Please use a userland alternative instead.
desktop-promote	Run actions/setup-node@49933ea5288caeca8642d1e84afbd3f7d6820020	2026-09-13T03:24:13.9700960Z (Use `node --trace-deprecation ...` to show where the warning was created)
desktop-promote	Run actions/setup-node@49933ea5288caeca8642d1e84afbd3f7d6820020	2026-09-13T03:24:14.7180080Z Acquiring 24.7.0 - arm64 from https://github.com/actions/node-versions/releases/download/24.7.0-17283839804/node-24.7.0-darwin-arm64.tar.gz
desktop-promote	Run actions/setup-node@49933ea5288caeca8642d1e84afbd3f7d6820020	2026-09-13T03:24:15.3737280Z Extracting ...
desktop-promote	Run actions/setup-node@49933ea5288caeca8642d1e84afbd3f7d6820020	2026-09-13T03:24:15.4068630Z [command]/usr/bin/tar xz --strip 1 -C /Users/runner/work/_temp/b4e18588-6291-49de-843c-563d8f30e709 -f /Users/runner/work/_temp/fdc4ed30-fe9d-46b1-a943-c75cbaccee22
desktop-promote	Run actions/setup-node@49933ea5288caeca8642d1e84afbd3f7d6820020	2026-09-13T03:24:17.4511290Z Adding to the cache ...
desktop-promote	Run actions/setup-node@49933ea5288caeca8642d1e84afbd3f7d6820020	2026-09-13T03:24:21.2901370Z ##[group]Environment details
desktop-promote	Run actions/setup-node@49933ea5288caeca8642d1e84afbd3f7d6820020	2026-09-13T03:24:21.7308900Z node: v24.7.0
desktop-promote	Run actions/setup-node@49933ea5288caeca8642d1e84afbd3f7d6820020	2026-09-13T03:24:21.7310910Z npm: 11.5.1
desktop-promote	Run actions/setup-node@49933ea5288caeca8642d1e84afbd3f7d6820020	2026-09-13T03:24:21.7312570Z yarn: 1.22.22
desktop-promote	Run actions/setup-node@49933ea5288caeca8642d1e84afbd3f7d6820020	2026-09-13T03:24:21.7317110Z ##[endgroup]
desktop-promote	Run actions/download-artifact@d3f86a106a0bac45b974a628896c90dbdf5c8093	﻿2026-09-13T03:24:21.7589530Z Node 20 is being deprecated. This workflow is running with Node 24 by default. If you need to temporarily use Node 20, you can set the ACTIONS_ALLOW_USE_UNSECURE_NODE_VERSION=true environment variable. For more information see: https://github.blog/changelog/2025-09-19-deprecation-of-node-20-on-github-actions-runners/
desktop-promote	Run actions/download-artifact@d3f86a106a0bac45b974a628896c90dbdf5c8093	2026-09-13T03:24:21.7590950Z ##[group]Run actions/download-artifact@d3f86a106a0bac45b974a628896c90dbdf5c8093
desktop-promote	Run actions/download-artifact@d3f86a106a0bac45b974a628896c90dbdf5c8093	2026-09-13T03:24:21.7591330Z with:
desktop-promote	Run actions/download-artifact@d3f86a106a0bac45b974a628896c90dbdf5c8093	2026-09-13T03:24:21.7591520Z   name: keepling-desktop-package
desktop-promote	Run actions/download-artifact@d3f86a106a0bac45b974a628896c90dbdf5c8093	2026-09-13T03:24:21.7591890Z   path: /Users/runner/work/_temp/keepling-desktop-package
desktop-promote	Run actions/download-artifact@d3f86a106a0bac45b974a628896c90dbdf5c8093	2026-09-13T03:24:21.7592190Z   merge-multiple: false
desktop-promote	Run actions/download-artifact@d3f86a106a0bac45b974a628896c90dbdf5c8093	2026-09-13T03:24:21.7592470Z   repository: szTheory/keepling
desktop-promote	Run actions/download-artifact@d3f86a106a0bac45b974a628896c90dbdf5c8093	2026-09-13T03:24:21.7592740Z   run-id: 34735177060
desktop-promote	Run actions/download-artifact@d3f86a106a0bac45b974a628896c90dbdf5c8093	2026-09-13T03:24:21.7592990Z env:
desktop-promote	Run actions/download-artifact@d3f86a106a0bac45b974a628896c90dbdf5c8093	2026-09-13T03:24:21.7593270Z   KEEPLING_DESKTOP_ARTIFACT_ROOT: keepling-desktop-package
desktop-promote	Run actions/download-artifact@d3f86a106a0bac45b974a628896c90dbdf5c8093	2026-09-13T03:24:21.7593600Z ##[endgroup]
desktop-promote	Run actions/download-artifact@d3f86a106a0bac45b974a628896c90dbdf5c8093	2026-09-13T03:24:21.9967230Z Downloading single artifact
desktop-promote	Run actions/download-artifact@d3f86a106a0bac45b974a628896c90dbdf5c8093	2026-09-13T03:24:22.0146910Z (node:1228) [DEP0040] DeprecationWarning: The `punycode` module is deprecated. Please use a userland alternative instead.
desktop-promote	Run actions/download-artifact@d3f86a106a0bac45b974a628896c90dbdf5c8093	2026-09-13T03:24:22.0204120Z (Use `node --trace-deprecation ...` to show where the warning was created)
desktop-promote	Run actions/download-artifact@d3f86a106a0bac45b974a628896c90dbdf5c8093	2026-09-13T03:24:22.2698870Z Preparing to download the following artifacts:
desktop-promote	Run actions/download-artifact@d3f86a106a0bac45b974a628896c90dbdf5c8093	2026-09-13T03:24:22.2699860Z - keepling-desktop-package (ID: 10310443663, Size: 260101555, Expected Digest: sha256:61610b15c864cd36395dea6d029c190edcfad8754e5705300a9d5fb4e267b8f9)
desktop-promote	Run actions/download-artifact@d3f86a106a0bac45b974a628896c90dbdf5c8093	2026-09-13T03:24:22.5079060Z Redirecting to blob download url: https://productionresultssa4.blob.core.windows.net/actions-results/8335ec11-c06b-4d0f-81ec-51748b9faa84/workflow-job-run-6d27f203-5bba-5872-a3e3-2d9796980b21/artifacts/d673bfa41ddf059217fd82e3d6ea2d41bfb7cc9b5796cb68d3af55bc077e78ee.zip
desktop-promote	Run actions/download-artifact@d3f86a106a0bac45b974a628896c90dbdf5c8093	2026-09-13T03:24:22.5086710Z Starting download of artifact to: /Users/runner/work/_temp/keepling-desktop-package
desktop-promote	Run actions/download-artifact@d3f86a106a0bac45b974a628896c90dbdf5c8093	2026-09-13T03:24:22.8403800Z (node:1228) [DEP0005] DeprecationWarning: Buffer() is deprecated due to security and usability issues. Please use the Buffer.alloc(), Buffer.allocUnsafe(), or Buffer.from() methods instead.
desktop-promote	Run actions/download-artifact@d3f86a106a0bac45b974a628896c90dbdf5c8093	2026-09-13T03:24:41.1432930Z SHA256 digest of downloaded artifact is 61610b15c864cd36395dea6d029c190edcfad8754e5705300a9d5fb4e267b8f9
desktop-promote	Run actions/download-artifact@d3f86a106a0bac45b974a628896c90dbdf5c8093	2026-09-13T03:24:41.1434180Z Artifact download completed successfully.
desktop-promote	Run actions/download-artifact@d3f86a106a0bac45b974a628896c90dbdf5c8093	2026-09-13T03:24:41.1437940Z Total of 1 artifact(s) downloaded
desktop-promote	Run actions/download-artifact@d3f86a106a0bac45b974a628896c90dbdf5c8093	2026-09-13T03:24:41.1492100Z Download artifact has finished successfully
desktop-promote	Rebase the stapled artifact path onto this job's download	﻿2026-09-13T03:24:41.1664740Z ##[group]Run set -o pipefail
desktop-promote	Rebase the stapled artifact path onto this job's download	2026-09-13T03:24:41.1665360Z ^[[36;1mset -o pipefail^[[0m
desktop-promote	Rebase the stapled artifact path onto this job's download	2026-09-13T03:24:41.1665750Z ^[[36;1martifact_root="$RUNNER_TEMP/${KEEPLING_DESKTOP_ARTIFACT_ROOT}"^[[0m
desktop-promote	Rebase the stapled artifact path onto this job's download	2026-09-13T03:24:41.1666220Z ^[[36;1mchmod -R u+x "$artifact_root"^[[0m
desktop-promote	Rebase the stapled artifact path onto this job's download	2026-09-13T03:24:41.1666560Z ^[[36;1mnode -e "^[[0m
desktop-promote	Rebase the stapled artifact path onto this job's download	2026-09-13T03:24:41.1666830Z ^[[36;1m  const fs = require('node:fs');^[[0m
desktop-promote	Rebase the stapled artifact path onto this job's download	2026-09-13T03:24:41.1667270Z ^[[36;1m  const path = require('node:path');^[[0m
desktop-promote	Rebase the stapled artifact path onto this job's download	2026-09-13T03:24:41.1667580Z ^[[36;1m  const root = process.argv[1];^[[0m
desktop-promote	Rebase the stapled artifact path onto this job's download	2026-09-13T03:24:41.1668010Z ^[[36;1m  const manifestPath = path.join(root, 'package-manifest.json');^[[0m
desktop-promote	Rebase the stapled artifact path onto this job's download	2026-09-13T03:24:41.1668590Z ^[[36;1m  const manifest = JSON.parse(fs.readFileSync(manifestPath, 'utf8'));^[[0m
desktop-promote	Rebase the stapled artifact path onto this job's download	2026-09-13T03:24:41.1669200Z ^[[36;1m  manifest.archivePath = path.join(root, path.basename(manifest.archivePath));^[[0m
desktop-promote	Rebase the stapled artifact path onto this job's download	2026-09-13T03:24:41.1669670Z ^[[36;1m  if (manifest.stapledArchivePath) {^[[0m
desktop-promote	Rebase the stapled artifact path onto this job's download	2026-09-13T03:24:41.1670220Z ^[[36;1m    manifest.stapledArchivePath = path.join(root, path.basename(manifest.stapledArchivePath));^[[0m
desktop-promote	Rebase the stapled artifact path onto this job's download	2026-09-13T03:24:41.1670790Z ^[[36;1m  }^[[0m
desktop-promote	Rebase the stapled artifact path onto this job's download	2026-09-13T03:24:41.1671250Z ^[[36;1m  // The .app tree itself never travels -- say so, rather than^[[0m
desktop-promote	Rebase the stapled artifact path onto this job's download	2026-09-13T03:24:41.1671680Z ^[[36;1m  // leaving a path that resolves to nothing on this runner.^[[0m
desktop-promote	Rebase the stapled artifact path onto this job's download	2026-09-13T03:24:41.1672060Z ^[[36;1m  manifest.stapledApplicationPath = null;^[[0m
desktop-promote	Rebase the stapled artifact path onto this job's download	2026-09-13T03:24:41.1672530Z ^[[36;1m  fs.writeFileSync(manifestPath, JSON.stringify(manifest, null, 2) + '\n');^[[0m
desktop-promote	Rebase the stapled artifact path onto this job's download	2026-09-13T03:24:41.1672880Z ^[[36;1m" "$artifact_root"^[[0m
desktop-promote	Rebase the stapled artifact path onto this job's download	2026-09-13T03:24:41.2156640Z shell: /bin/bash -e {0}
desktop-promote	Rebase the stapled artifact path onto this job's download	2026-09-13T03:24:41.2156970Z env:
desktop-promote	Rebase the stapled artifact path onto this job's download	2026-09-13T03:24:41.2157240Z   KEEPLING_DESKTOP_ARTIFACT_ROOT: keepling-desktop-package
desktop-promote	Rebase the stapled artifact path onto this job's download	2026-09-13T03:24:41.2157520Z ##[endgroup]
desktop-promote	Promote only the recorded digest, exclusively, after every required lane passed	﻿2026-09-13T03:24:41.3485100Z ##[group]Run node tooling/package-desktop.mjs --promote "$RUNNER_TEMP/${KEEPLING_DESKTOP_ARTIFACT_ROOT}/package-manifest.json"
desktop-promote	Promote only the recorded digest, exclusively, after every required lane passed	2026-09-13T03:24:41.3485970Z ^[[36;1mnode tooling/package-desktop.mjs --promote "$RUNNER_TEMP/${KEEPLING_DESKTOP_ARTIFACT_ROOT}/package-manifest.json"^[[0m
desktop-promote	Promote only the recorded digest, exclusively, after every required lane passed	2026-09-13T03:24:41.3486600Z ^[[36;1mecho "Promoted digest 6f3bac582f54d85323d4633c4229baaeafd828b017f0b51ef2aa81df3e6ee38c"^[[0m
desktop-promote	Promote only the recorded digest, exclusively, after every required lane passed	2026-09-13T03:24:41.3520180Z shell: /bin/bash -e {0}
desktop-promote	Promote only the recorded digest, exclusively, after every required lane passed	2026-09-13T03:24:41.3521380Z env:
desktop-promote	Promote only the recorded digest, exclusively, after every required lane passed	2026-09-13T03:24:41.3522180Z   KEEPLING_DESKTOP_ARTIFACT_ROOT: keepling-desktop-package
desktop-promote	Promote only the recorded digest, exclusively, after every required lane passed	2026-09-13T03:24:41.3522980Z ##[endgroup]
desktop-promote	Promote only the recorded digest, exclusively, after every required lane passed	2026-09-13T03:24:42.7599820Z Shipped stapled artifact gated: codeDirectoryHash=7f4cf573116e0950a40388118ec9c7f64236f93f
desktop-promote	Promote only the recorded digest, exclusively, after every required lane passed	2026-09-13T03:24:42.7627600Z Desktop package promoted: digest=6f3bac582f54d85323d4633c4229baaeafd828b017f0b51ef2aa81df3e6ee38c record=/var/folders/nj/vtw8zd2j31d1gdrtntc5y4600000gn/T/keepling-desktop-promotions/6f3bac582f54d85323d4633c4229baaeafd828b017f0b51ef2aa81df3e6ee38c.json
desktop-promote	Promote only the recorded digest, exclusively, after every required lane passed	2026-09-13T03:24:42.7641990Z Promoted digest 6f3bac582f54d85323d4633c4229baaeafd828b017f0b51ef2aa81df3e6ee38c
desktop-promote	Attest build provenance for the packaged archive (SLSA Build Level 2)	﻿2026-09-13T03:24:42.7781750Z ##[group]Run actions/attest-build-provenance@4d101475d8b20a2381f78447822ac1eab6504dd8
desktop-promote	Attest build provenance for the packaged archive (SLSA Build Level 2)	2026-09-13T03:24:42.7782150Z with:
desktop-promote	Attest build provenance for the packaged archive (SLSA Build Level 2)	2026-09-13T03:24:42.7782440Z   subject-path: /Users/runner/work/_temp/keepling-desktop-package/*.ditto.zip
desktop-promote	Attest build provenance for the packaged archive (SLSA Build Level 2)	2026-09-13T03:24:42.7782800Z   push-to-registry: false
desktop-promote	Attest build provenance for the packaged archive (SLSA Build Level 2)	2026-09-13T03:24:42.7783030Z   create-storage-record: true
desktop-promote	Attest build provenance for the packaged archive (SLSA Build Level 2)	2026-09-13T03:24:42.7783230Z   show-summary: true
desktop-promote	Attest build provenance for the packaged archive (SLSA Build Level 2)	2026-09-13T03:24:42.7785090Z   github-token: ***
desktop-promote	Attest build provenance for the packaged archive (SLSA Build Level 2)	2026-09-13T03:24:42.7785280Z env:
desktop-promote	Attest build provenance for the packaged archive (SLSA Build Level 2)	2026-09-13T03:24:42.7785490Z   KEEPLING_DESKTOP_ARTIFACT_ROOT: keepling-desktop-package
desktop-promote	Attest build provenance for the packaged archive (SLSA Build Level 2)	2026-09-13T03:24:42.7785780Z ##[endgroup]
desktop-promote	Attest build provenance for the packaged archive (SLSA Build Level 2)	2026-09-13T03:24:42.7860100Z ##[start-action display=Attest;id=__actions_attest-build-provenance.attest]
desktop-promote	Attest build provenance for the packaged archive (SLSA Build Level 2)	2026-09-13T03:24:42.7973550Z ##[group]Run actions/attest@508db95dd578ae2727ebd6217d5ba78e4fbda05d
desktop-promote	Attest build provenance for the packaged archive (SLSA Build Level 2)	2026-09-13T03:24:42.7974550Z with:
desktop-promote	Attest build provenance for the packaged archive (SLSA Build Level 2)	2026-09-13T03:24:42.7975370Z   subject-path: /Users/runner/work/_temp/keepling-desktop-package/*.ditto.zip
desktop-promote	Attest build provenance for the packaged archive (SLSA Build Level 2)	2026-09-13T03:24:42.7976280Z   push-to-registry: false
desktop-promote	Attest build provenance for the packaged archive (SLSA Build Level 2)	2026-09-13T03:24:42.7977290Z   create-storage-record: true
desktop-promote	Attest build provenance for the packaged archive (SLSA Build Level 2)	2026-09-13T03:24:42.7977880Z   show-summary: true
desktop-promote	Attest build provenance for the packaged archive (SLSA Build Level 2)	2026-09-13T03:24:42.7983470Z   github-token: ***
desktop-promote	Attest build provenance for the packaged archive (SLSA Build Level 2)	2026-09-13T03:24:42.7984020Z env:
desktop-promote	Attest build provenance for the packaged archive (SLSA Build Level 2)	2026-09-13T03:24:42.7985080Z   KEEPLING_DESKTOP_ARTIFACT_ROOT: keepling-desktop-package
desktop-promote	Attest build provenance for the packaged archive (SLSA Build Level 2)	2026-09-13T03:24:42.7985980Z   NODE_OPTIONS: --max-http-header-size=32768
desktop-promote	Attest build provenance for the packaged archive (SLSA Build Level 2)	2026-09-13T03:24:42.7986670Z ##[endgroup]
desktop-promote	Attest build provenance for the packaged archive (SLSA Build Level 2)	2026-09-13T03:24:43.0666090Z Attestation type: Build Provenance
desktop-promote	Attest build provenance for the packaged archive (SLSA Build Level 2)	2026-09-13T03:24:45.5214220Z Attestation created for 2 subjects
desktop-promote	Attest build provenance for the packaged archive (SLSA Build Level 2)	2026-09-13T03:24:45.5217670Z ##[group]^[[36mAttestation signed using certificate from Public Good Sigstore instance^[[39m
desktop-promote	Attest build provenance for the packaged archive (SLSA Build Level 2)	2026-09-13T03:24:45.5234460Z -----BEGIN CERTIFICATE-----
desktop-promote	Attest build provenance for the packaged archive (SLSA Build Level 2)	2026-09-13T03:24:45.5235320Z MIIG/zCCBoagAwIBAgIUHTXEO/jnkHEDa1Z5mW/BOLm7+lIwCgYIKoZIzj0EAwMw
desktop-promote	Attest build provenance for the packaged archive (SLSA Build Level 2)	2026-09-13T03:24:45.5236050Z NzEVMBMGA1UEChMMc2lnc3RvcmUuZGV2MR4wHAYDVQQDExVzaWdzdG9yZS1pbnRl
desktop-promote	Attest build provenance for the packaged archive (SLSA Build Level 2)	2026-09-13T03:24:45.5236710Z cm1lZGlhdGUwHhcNMjYwOTEzMDMyNDQ0WhcNMjYwOTEzMDMzNDQ0WjAAMFkwEwYH
desktop-promote	Attest build provenance for the packaged archive (SLSA Build Level 2)	2026-09-13T03:24:45.5237460Z KoZIzj0CAQYIKoZIzj0DAQcDQgAEJ615SrQ1Sel2lG4LuhY86MQSlMB3l/bFjIhC
desktop-promote	Attest build provenance for the packaged archive (SLSA Build Level 2)	2026-09-13T03:24:45.5238260Z +h7WipkNsoFK4ZGnnG72Z0rk6tlRqRo/oAGHdHKIA9e9Z3FnX6OCBaUwggWhMA4G
desktop-promote	Attest build provenance for the packaged archive (SLSA Build Level 2)	2026-09-13T03:24:45.5238920Z A1UdDwEB/wQEAwIHgDATBgNVHSUEDDAKBggrBgEFBQcDAzAdBgNVHQ4EFgQU3mv9
desktop-promote	Attest build provenance for the packaged archive (SLSA Build Level 2)	2026-09-13T03:24:45.5239590Z FGGOGz0O64DYMYsRuSY1RKowHwYDVR0jBBgwFoAU39Ppz1YkEZb5qNjpKFWixi4Y
desktop-promote	Attest build provenance for the packaged archive (SLSA Build Level 2)	2026-09-13T03:24:45.5241950Z ZD8wYAYDVR0RAQH/BFYwVIZSaHR0cHM6Ly9naXRodWIuY29tL3N6VGhlb3J5L2tl
desktop-promote	Attest build provenance for the packaged archive (SLSA Build Level 2)	2026-09-13T03:24:45.5243630Z ZXBsaW5nLy5naXRodWIvd29ya2Zsb3dzL2Rlc2t0b3AueW1sQHJlZnMvaGVhZHMv
desktop-promote	Attest build provenance for the packaged archive (SLSA Build Level 2)	2026-09-13T03:24:45.5245040Z bWFpbjA5BgorBgEEAYO/MAEBBCtodHRwczovL3Rva2VuLmFjdGlvbnMuZ2l0aHVi
desktop-promote	Attest build provenance for the packaged archive (SLSA Build Level 2)	2026-09-13T03:24:45.5246690Z dXNlcmNvbnRlbnQuY29tMBIGCisGAQQBg78wAQIEBHB1c2gwNgYKKwYBBAGDvzAB
desktop-promote	Attest build provenance for the packaged archive (SLSA Build Level 2)	2026-09-13T03:24:45.5248140Z AwQoMjNkNzllNWNhYTczODNhN2JlOWUzOGVlNDczYjZiZGUxMmNlODI5ODAnBgor
desktop-promote	Attest build provenance for the packaged archive (SLSA Build Level 2)	2026-09-13T03:24:45.5249340Z BgEEAYO/MAEEBBlEZXNrdG9wIHBhY2thZ2VkIGV2aWRlbmNlMB8GCisGAQQBg78w
desktop-promote	Attest build provenance for the packaged archive (SLSA Build Level 2)	2026-09-13T03:24:45.5249930Z AQUEEXN6VGhlb3J5L2tlZXBsaW5nMB0GCisGAQQBg78wAQYED3JlZnMvaGVhZHMv
desktop-promote	Attest build provenance for the packaged archive (SLSA Build Level 2)	2026-09-13T03:24:45.5250580Z bWFpbjA7BgorBgEEAYO/MAEIBC0MK2h0dHBzOi8vdG9rZW4uYWN0aW9ucy5naXRo
desktop-promote	Attest build provenance for the packaged archive (SLSA Build Level 2)	2026-09-13T03:24:45.5251130Z dWJ1c2VyY29udGVudC5jb20wYgYKKwYBBAGDvzABCQRUDFJodHRwczovL2dpdGh1
desktop-promote	Attest build provenance for the packaged archive (SLSA Build Level 2)	2026-09-13T03:24:45.5251760Z Yi5jb20vc3pUaGVvcnkva2VlcGxpbmcvLmdpdGh1Yi93b3JrZmxvd3MvZGVza3Rv
desktop-promote	Attest build provenance for the packaged archive (SLSA Build Level 2)	2026-09-13T03:24:45.5252280Z cC55bWxAcmVmcy9oZWFkcy9tYWluMDgGCisGAQQBg78wAQoEKgwoMjNkNzllNWNh
desktop-promote	Attest build provenance for the packaged archive (SLSA Build Level 2)	2026-09-13T03:24:45.5252820Z YTczODNhN2JlOWUzOGVlNDczYjZiZGUxMmNlODI5ODAdBgorBgEEAYO/MAELBA8M
desktop-promote	Attest build provenance for the packaged archive (SLSA Build Level 2)	2026-09-13T03:24:45.5253400Z DWdpdGh1Yi1ob3N0ZWQwNAYKKwYBBAGDvzABDAQmDCRodHRwczovL2dpdGh1Yi5j
desktop-promote	Attest build provenance for the packaged archive (SLSA Build Level 2)	2026-09-13T03:24:45.5253930Z b20vc3pUaGVvcnkva2VlcGxpbmcwOAYKKwYBBAGDvzABDQQqDCgyM2Q3OWU1Y2Fh
desktop-promote	Attest build provenance for the packaged archive (SLSA Build Level 2)	2026-09-13T03:24:45.5254480Z NzM4M2E3YmU5ZTM4ZWU0NzNiNmJkZTEyY2U4Mjk4MB8GCisGAQQBg78wAQ4EEQwP
desktop-promote	Attest build provenance for the packaged archive (SLSA Build Level 2)	2026-09-13T03:24:45.5255870Z cmVmcy9oZWFkcy9tYWluMBoGCisGAQQBg78wAQ8EDAwKMTM2NDkzMDI5MjArBgor
desktop-promote	Attest build provenance for the packaged archive (SLSA Build Level 2)	2026-09-13T03:24:45.5256390Z BgEEAYO/MAEQBB0MG2h0dHBzOi8vZ2l0aHViLmNvbS9zelRoZW9yeTAVBgorBgEE
desktop-promote	Attest build provenance for the packaged archive (SLSA Build Level 2)	2026-09-13T03:24:45.5256920Z AYO/MAERBAcMBTI4NjUyMGIGCisGAQQBg78wARIEVAxSaHR0cHM6Ly9naXRodWIu
desktop-promote	Attest build provenance for the packaged archive (SLSA Build Level 2)	2026-09-13T03:24:45.5257450Z Y29tL3N6VGhlb3J5L2tlZXBsaW5nLy5naXRodWIvd29ya2Zsb3dzL2Rlc2t0b3Au
desktop-promote	Attest build provenance for the packaged archive (SLSA Build Level 2)	2026-09-13T03:24:45.5258640Z eW1sQHJlZnMvaGVhZHMvbWFpbjA4BgorBgEEAYO/MAETBCoMKDIzZDc5ZTVjYWE3
desktop-promote	Attest build provenance for the packaged archive (SLSA Build Level 2)	2026-09-13T03:24:45.5259150Z MzgzYTdiZTllMzhlZTQ3M2I2YmRlMTJjZTgyOTgwFAYKKwYBBAGDvzABFAQGDARw
desktop-promote	Attest build provenance for the packaged archive (SLSA Build Level 2)	2026-09-13T03:24:45.5259680Z dXNoMFgGCisGAQQBg78wARUESgxIaHR0cHM6Ly9naXRodWIuY29tL3N6VGhlb3J5
desktop-promote	Attest build provenance for the packaged archive (SLSA Build Level 2)	2026-09-13T03:24:45.5260400Z L2tlZXBsaW5nL2FjdGlvbnMvcnVucy8zNDczNTE3NzA2MC9hdHRlbXB0cy8xMBYG
desktop-promote	Attest build provenance for the packaged archive (SLSA Build Level 2)	2026-09-13T03:24:45.5261130Z CisGAQQBg78wARYECAwGcHVibGljMEsGCisGAQQBg78wARgEPQw7cmVwbzpzelRo
desktop-promote	Attest build provenance for the packaged archive (SLSA Build Level 2)	2026-09-13T03:24:45.5261820Z ZW9yeUAyODY1Mi9rZWVwbGluZ0AxMzY0OTMwMjkyOnJlZjpyZWZzL2hlYWRzL21h
desktop-promote	Attest build provenance for the packaged archive (SLSA Build Level 2)	2026-09-13T03:24:45.5262370Z aW4wgYkGCisGAQQB1nkCBAIEewR5AHcAdQDdPTBqxscRMmMZHhyZZzcCokpeuN48
desktop-promote	Attest build provenance for the packaged archive (SLSA Build Level 2)	2026-09-13T03:24:45.5262940Z rf+HinKALynujgAAAaCYy79YAAAEAwBGMEQCIEualhncYIzbQehXsbe5AVP7Duwo
desktop-promote	Attest build provenance for the packaged archive (SLSA Build Level 2)	2026-09-13T03:24:45.5263460Z 5Cq6UTfX2KIPDoHpAiBnBQNoYlVe8pJvaeTFxKn4zYHB4VvbU7NN22HHLd6LTjAK
desktop-promote	Attest build provenance for the packaged archive (SLSA Build Level 2)	2026-09-13T03:24:45.5263990Z BggqhkjOPQQDAwNnADBkAjAEwxlNEfi8NS1w2nn6n2bF9wmH6kzcm1UOh6eSNDs8
desktop-promote	Attest build provenance for the packaged archive (SLSA Build Level 2)	2026-09-13T03:24:45.5265720Z BCiz/gNprwtZ4bf6IBfDGvMCMBLZs87d+r5mhXNlMRxyjm1CdVLJpjHlVTgOxavc
desktop-promote	Attest build provenance for the packaged archive (SLSA Build Level 2)	2026-09-13T03:24:45.5266180Z SyMLwjWe5OpJzQOwUsZ0ZR+fPA==
desktop-promote	Attest build provenance for the packaged archive (SLSA Build Level 2)	2026-09-13T03:24:45.5266480Z -----END CERTIFICATE-----
desktop-promote	Attest build provenance for the packaged archive (SLSA Build Level 2)	2026-09-13T03:24:45.5266760Z 
desktop-promote	Attest build provenance for the packaged archive (SLSA Build Level 2)	2026-09-13T03:24:45.5267140Z ##[endgroup]
desktop-promote	Attest build provenance for the packaged archive (SLSA Build Level 2)	2026-09-13T03:24:45.5267730Z ^[[36mAttestation signature uploaded to Rekor transparency log^[[39m
desktop-promote	Attest build provenance for the packaged archive (SLSA Build Level 2)	2026-09-13T03:24:45.5268290Z https://search.sigstore.dev?logIndex=2813684018
desktop-promote	Attest build provenance for the packaged archive (SLSA Build Level 2)	2026-09-13T03:24:45.5268720Z ^[[36mAttestation uploaded to repository^[[39m
desktop-promote	Attest build provenance for the packaged archive (SLSA Build Level 2)	2026-09-13T03:24:45.5269110Z https://github.com/szTheory/keepling/attestations/47125915
desktop-promote	Attest build provenance for the packaged archive (SLSA Build Level 2)	2026-09-13T03:24:45.6130240Z ##[end-action id=__actions_attest-build-provenance.attest;outcome=success;conclusion=success;duration_ms=2826]
desktop-promote	Provision the Elixir/OTP toolchain for source-based SBOM generation	﻿2026-09-13T03:24:45.6218880Z ##[group]Run brew list asdf >/dev/null 2>&1 || brew install asdf
desktop-promote	Provision the Elixir/OTP toolchain for source-based SBOM generation	2026-09-13T03:24:45.6219330Z ^[[36;1mbrew list asdf >/dev/null 2>&1 || brew install asdf^[[0m
desktop-promote	Provision the Elixir/OTP toolchain for source-based SBOM generation	2026-09-13T03:24:45.6219650Z ^[[36;1m./tooling/runtime-preflight.sh --provision^[[0m
desktop-promote	Provision the Elixir/OTP toolchain for source-based SBOM generation	2026-09-13T03:24:45.6219930Z ^[[36;1mcorepack enable^[[0m
desktop-promote	Provision the Elixir/OTP toolchain for source-based SBOM generation	2026-09-13T03:24:45.6220140Z ^[[36;1mpnpm install --frozen-lockfile^[[0m
desktop-promote	Provision the Elixir/OTP toolchain for source-based SBOM generation	2026-09-13T03:24:45.6220470Z ^[[36;1m# Installing Elixir is not enough. A fresh OTP install has no Hex,^[[0m
desktop-promote	Provision the Elixir/OTP toolchain for source-based SBOM generation	2026-09-13T03:24:45.6220870Z ^[[36;1m# and `mix sbom.cyclonedx` needs it twice over: to resolve the^[[0m
desktop-promote	Provision the Elixir/OTP toolchain for source-based SBOM generation	2026-09-13T03:24:45.6221300Z ^[[36;1m# project's own dependencies, and because the `:sbom` task is itself^[[0m
desktop-promote	Provision the Elixir/OTP toolchain for source-based SBOM generation	2026-09-13T03:24:45.6221710Z ^[[36;1m# a Hex package. Without this the task dies on an interactive prompt^[[0m
desktop-promote	Provision the Elixir/OTP toolchain for source-based SBOM generation	2026-09-13T03:24:45.6222040Z ^[[36;1m# no CI run can answer:^[[0m
desktop-promote	Provision the Elixir/OTP toolchain for source-based SBOM generation	2026-09-13T03:24:45.6222340Z ^[[36;1m#   Mix requires the Hex package manager to fetch dependencies^[[0m
desktop-promote	Provision the Elixir/OTP toolchain for source-based SBOM generation	2026-09-13T03:24:45.6222720Z ^[[36;1m#   ** (Mix) Could not find an SCM for dependency :phoenix^[[0m
desktop-promote	Provision the Elixir/OTP toolchain for source-based SBOM generation	2026-09-13T03:24:45.6223160Z ^[[36;1m#   Shall I install Hex? (if running non-interactively, use ...)^[[0m
desktop-promote	Provision the Elixir/OTP toolchain for source-based SBOM generation	2026-09-13T03:24:45.6223450Z ^[[36;1m#^[[0m
desktop-promote	Provision the Elixir/OTP toolchain for source-based SBOM generation	2026-09-13T03:24:45.6223710Z ^[[36;1m# These go through `--exec`, like every other mix invocation in this^[[0m
desktop-promote	Provision the Elixir/OTP toolchain for source-based SBOM generation	2026-09-13T03:24:45.6224130Z ^[[36;1m# repository's workflows. `--provision` exports the asdf toolchain^[[0m
desktop-promote	Provision the Elixir/OTP toolchain for source-based SBOM generation	2026-09-13T03:24:45.6224540Z ^[[36;1m# PATH inside its OWN process and writes nothing to $GITHUB_PATH, so^[[0m
desktop-promote	Provision the Elixir/OTP toolchain for source-based SBOM generation	2026-09-13T03:24:45.6224950Z ^[[36;1m# a bare `mix` in this step resolves against the runner's PATH and^[[0m
desktop-promote	Provision the Elixir/OTP toolchain for source-based SBOM generation	2026-09-13T03:24:45.6225350Z ^[[36;1m# fails with `mix: command not found` (exit 127) even though the^[[0m
desktop-promote	Provision the Elixir/OTP toolchain for source-based SBOM generation	2026-09-13T03:24:45.6225740Z ^[[36;1m# preflight just reported Elixir 1.20.2. `--exec` re-runs the same^[[0m
desktop-promote	Provision the Elixir/OTP toolchain for source-based SBOM generation	2026-09-13T03:24:45.6226110Z ^[[36;1m# resolution and then execs the command inside it.^[[0m
desktop-promote	Provision the Elixir/OTP toolchain for source-based SBOM generation	2026-09-13T03:24:45.6226380Z ^[[36;1m#^[[0m
desktop-promote	Provision the Elixir/OTP toolchain for source-based SBOM generation	2026-09-13T03:24:45.6226890Z ^[[36;1m# `deps.get` matters because "from source" still means from a^[[0m
desktop-promote	Provision the Elixir/OTP toolchain for source-based SBOM generation	2026-09-13T03:24:45.6227300Z ^[[36;1m# RESOLVED tree: mix.lock names the versions, deps.get is what makes^[[0m
desktop-promote	Provision the Elixir/OTP toolchain for source-based SBOM generation	2026-09-13T03:24:45.6227620Z ^[[36;1m# them inspectable.^[[0m
desktop-promote	Provision the Elixir/OTP toolchain for source-based SBOM generation	2026-09-13T03:24:45.6228100Z ^[[36;1m./tooling/runtime-preflight.sh --exec -- sh -c 'mix local.hex --force && mix local.rebar --force && cd apps/server && mix deps.get'^[[0m
desktop-promote	Provision the Elixir/OTP toolchain for source-based SBOM generation	2026-09-13T03:24:45.6314140Z shell: /bin/bash -e {0}
desktop-promote	Provision the Elixir/OTP toolchain for source-based SBOM generation	2026-09-13T03:24:45.6314390Z env:
desktop-promote	Provision the Elixir/OTP toolchain for source-based SBOM generation	2026-09-13T03:24:45.6314660Z   KEEPLING_DESKTOP_ARTIFACT_ROOT: keepling-desktop-package
desktop-promote	Provision the Elixir/OTP toolchain for source-based SBOM generation	2026-09-13T03:24:45.6314940Z ##[endgroup]
desktop-promote	Provision the Elixir/OTP toolchain for source-based SBOM generation	2026-09-13T03:24:50.2181190Z ^[[32m==>^[[0m ^[[1mDownloading bottle manifests^[[0m
desktop-promote	Provision the Elixir/OTP toolchain for source-based SBOM generation	2026-09-13T03:24:50.2329770Z ✔︎ Bottle Manifest asdf (0.20.0)
desktop-promote	Provision the Elixir/OTP toolchain for source-based SBOM generation	2026-09-13T03:24:50.2350620Z ^[[34m==>^[[0m ^[[1mWould install 1 formula:^[[0m
desktop-promote	Provision the Elixir/OTP toolchain for source-based SBOM generation	2026-09-13T03:24:50.2367040Z asdf
desktop-promote	Provision the Elixir/OTP toolchain for source-based SBOM generation	2026-09-13T03:24:50.3214280Z ^[[32m==>^[[0m ^[[1mFetching downloads for: ^[[32masdf^[[39m^[[0m
desktop-promote	Provision the Elixir/OTP toolchain for source-based SBOM generation	2026-09-13T03:24:50.6923700Z ✔︎ Bottle asdf (0.20.0)
desktop-promote	Provision the Elixir/OTP toolchain for source-based SBOM generation	2026-09-13T03:24:50.6968800Z ^[[34m==>^[[0m ^[[1mPouring asdf--0.20.0.arm64_sequoia.bottle.tar.gz^[[0m
desktop-promote	Provision the Elixir/OTP toolchain for source-based SBOM generation	2026-09-13T03:24:50.8924370Z 🍺  /opt/homebrew/Cellar/asdf/0.20.0: 10 files, 4.4MB
desktop-promote	Provision the Elixir/OTP toolchain for source-based SBOM generation	2026-09-13T03:24:50.8925100Z ^[[32m==>^[[0m ^[[1mCaveats^[[0m
desktop-promote	Provision the Elixir/OTP toolchain for source-based SBOM generation	2026-09-13T03:24:50.8928040Z Bash completion has been installed to:
desktop-promote	Provision the Elixir/OTP toolchain for source-based SBOM generation	2026-09-13T03:24:50.8928420Z   /opt/homebrew/etc/bash_completion.d
desktop-promote	Provision the Elixir/OTP toolchain for source-based SBOM generation	2026-09-13T03:24:53.6892580Z Downloading kerl...
desktop-promote	Provision the Elixir/OTP toolchain for source-based SBOM generation	2026-09-13T03:24:53.7064690Z   % Total    % Received % Xferd  Average Speed   Time    Time     Time  Current
desktop-promote	Provision the Elixir/OTP toolchain for source-based SBOM generation	2026-09-13T03:24:53.7065960Z                                  Dload  Upload   Total   Spent    Left  Speed
desktop-promote	Provision the Elixir/OTP toolchain for source-based SBOM generation	2026-09-13T03:24:53.7066500Z 
desktop-promote	Provision the Elixir/OTP toolchain for source-based SBOM generation	2026-09-13T03:24:53.9403140Z   0     0    0     0    0     0      0      0 --:--:-- --:--:-- --:--:--     0
desktop-promote	Provision the Elixir/OTP toolchain for source-based SBOM generation	2026-09-13T03:24:53.9405240Z 100 84548  100 84548    0     0   353k      0 --:--:-- --:--:-- --:--:--  354k
desktop-promote	Provision the Elixir/OTP toolchain for source-based SBOM generation	2026-09-13T03:24:55.0599120Z [asdf-erlang] ⚠️ Warning: fop is optional and not installed. Please install it using 'brew install fop'.
desktop-promote	Provision the Elixir/OTP toolchain for source-based SBOM generation	2026-09-13T03:24:56.0269500Z [asdf-erlang] ⚠️ Warning: unixodbc is optional and not installed. Please install it using 'brew install unixodbc'.
desktop-promote	Provision the Elixir/OTP toolchain for source-based SBOM generation	2026-09-13T03:24:56.9130810Z [asdf-erlang] ⚠️ Warning: wxmac is optional and not installed. You can install it using 'brew install --build-from-source wxmac'.
desktop-promote	Provision the Elixir/OTP toolchain for source-based SBOM generation	2026-09-13T03:24:56.9137070Z [asdf-erlang] ⚠️ Note: wxmac is required for building Erlang/OTP with a working :observer
desktop-promote	Provision the Elixir/OTP toolchain for source-based SBOM generation	2026-09-13T03:24:57.0240470Z [asdf-erlang] 🛟 Added unixodbc to KERL_CONFIGURE_OPTIONS:  --with-odbc=/opt/homebrew/opt/unixodbc
desktop-promote	Provision the Elixir/OTP toolchain for source-based SBOM generation	2026-09-13T03:24:57.0413070Z [asdf-erlang] 🛟 No CC found. Setting CC to: /usr/bin/clang -I/opt/homebrew/opt/unixodbc/include
desktop-promote	Provision the Elixir/OTP toolchain for source-based SBOM generation	2026-09-13T03:24:57.0605550Z [asdf-erlang] 🛟 No LDFLAGS found. Setting LDFLAGS to: -L/opt/homebrew/opt/unixodbc/lib
desktop-promote	Provision the Elixir/OTP toolchain for source-based SBOM generation	2026-09-13T03:24:57.1136930Z [asdf-erlang] 🛟 Added openssl to KERL_CONFIGURE_OPTIONS:  --with-ssl=/opt/homebrew/opt/openssl@3
desktop-promote	Provision the Elixir/OTP toolchain for source-based SBOM generation	2026-09-13T03:24:57.1568620Z [asdf-erlang] 🛟 OpenJDK has been added to PATH for this terminal session: /opt/homebrew/opt/openjdk/bin
desktop-promote	Provision the Elixir/OTP toolchain for source-based SBOM generation	2026-09-13T03:24:57.1571450Z [asdf-erlang] Please ensure this is included in your shell's dot files (.zshrc, .bashrc, etc.)
desktop-promote	Provision the Elixir/OTP toolchain for source-based SBOM generation	2026-09-13T03:24:57.1654550Z [asdf-erlang] 📦 Building with KERL_CONFIGURE_OPTIONS=  --with-odbc=/opt/homebrew/opt/unixodbc  --with-ssl=/opt/homebrew/opt/openssl@3
desktop-promote	Provision the Elixir/OTP toolchain for source-based SBOM generation	2026-09-13T03:24:57.3158090Z [asdf-erlang] ❄️ No kerl installation to cleanup for asdf_29.0.5
desktop-promote	Provision the Elixir/OTP toolchain for source-based SBOM generation	2026-09-13T03:24:57.4962980Z [asdf-erlang] ❄️ No kerl build to cleanup for asdf_29.0.5
desktop-promote	Provision the Elixir/OTP toolchain for source-based SBOM generation	2026-09-13T03:26:16.0570450Z APPLICATIONS INFORMATION (See: /Users/runner/.asdf/plugins/erlang/kerl-home/builds/asdf_29.0.5/otp_build_29.0.5.log)
desktop-promote	Provision the Elixir/OTP toolchain for source-based SBOM generation	2026-09-13T03:26:16.0572910Z  * odbc           : ODBC library - header check failed
desktop-promote	Provision the Elixir/OTP toolchain for source-based SBOM generation	2026-09-13T03:26:16.0574910Z  * wx             : wxWidgets was not compiled with --enable-webview or wxWebView developer package is not installed, wxWebView will NOT be available
desktop-promote	Provision the Elixir/OTP toolchain for source-based SBOM generation	2026-09-13T03:26:16.0576730Z  *         wxWidgets must be installed on your system.
desktop-promote	Provision the Elixir/OTP toolchain for source-based SBOM generation	2026-09-13T03:26:16.0593550Z  *         Please check that wx-config is in path, the directory
desktop-promote	Provision the Elixir/OTP toolchain for source-based SBOM generation	2026-09-13T03:26:16.0594360Z  *         where wxWidgets libraries are installed (returned by
desktop-promote	Provision the Elixir/OTP toolchain for source-based SBOM generation	2026-09-13T03:26:16.0594930Z  *         'wx-config --libs' or 'wx-config --static --libs' command)
desktop-promote	Provision the Elixir/OTP toolchain for source-based SBOM generation	2026-09-13T03:26:16.0595390Z  *         is in LD_LIBRARY_PATH or equivalent variable and
desktop-promote	Provision the Elixir/OTP toolchain for source-based SBOM generation	2026-09-13T03:26:16.0595870Z  *         wxWidgets version is 3.0.2 or above.
desktop-promote	Provision the Elixir/OTP toolchain for source-based SBOM generation	2026-09-13T03:26:16.0596140Z 
desktop-promote	Provision the Elixir/OTP toolchain for source-based SBOM generation	2026-09-13T03:28:16.0035400Z 👷🏼 kerl install asdf_29.0.5 /Users/runner/.asdf/installs/erlang/29.0.5
desktop-promote	Provision the Elixir/OTP toolchain for source-based SBOM generation	2026-09-13T03:28:48.6405450Z 🧹 Cleanup kerl build asdf_29.0.5
desktop-promote	Provision the Elixir/OTP toolchain for source-based SBOM generation	2026-09-13T03:28:50.2888190Z 🔗 Linking app executables /Users/runner/.asdf/installs/erlang/29.0.5
desktop-promote	Provision the Elixir/OTP toolchain for source-based SBOM generation	2026-09-13T03:28:50.3606060Z 👍 Installed erlang 29.0.5
desktop-promote	Provision the Elixir/OTP toolchain for source-based SBOM generation	2026-09-13T03:28:50.3956770Z ==> Checking whether specified Elixir release exists...
desktop-promote	Provision the Elixir/OTP toolchain for source-based SBOM generation	2026-09-13T03:28:50.4982030Z ==> Downloading 1.20.2-otp-29 to /Users/runner/.asdf/downloads/elixir/1.20.2-otp-29/elixir-precompiled-1.20.2-otp-29.zip
desktop-promote	Provision the Elixir/OTP toolchain for source-based SBOM generation	2026-09-13T03:28:50.5101670Z   % Total    % Received % Xferd  Average Speed   Time    Time     Time  Current
desktop-promote	Provision the Elixir/OTP toolchain for source-based SBOM generation	2026-09-13T03:28:50.5104740Z                                  Dload  Upload   Total   Spent    Left  Speed
desktop-promote	Provision the Elixir/OTP toolchain for source-based SBOM generation	2026-09-13T03:28:50.5105380Z 
desktop-promote	Provision the Elixir/OTP toolchain for source-based SBOM generation	2026-09-13T03:28:50.7287280Z   0     0    0     0    0     0      0      0 --:--:-- --:--:-- --:--:--     0
desktop-promote	Provision the Elixir/OTP toolchain for source-based SBOM generation	2026-09-13T03:28:50.7288250Z 100 8423k  100 8423k    0     0  37.6M      0 --:--:-- --:--:-- --:--:-- 37.7M
desktop-promote	Provision the Elixir/OTP toolchain for source-based SBOM generation	2026-09-13T03:28:50.7305900Z ==> Copying release into place
desktop-promote	Provision the Elixir/OTP toolchain for source-based SBOM generation	2026-09-13T03:28:52.0665690Z ^[[32m==>^[[0m ^[[1mDownloading bottle manifests^[[0m
desktop-promote	Provision the Elixir/OTP toolchain for source-based SBOM generation	2026-09-13T03:28:52.3248450Z ✔︎ Bottle Manifest postgresql@18 (18.6)
desktop-promote	Provision the Elixir/OTP toolchain for source-based SBOM generation	2026-09-13T03:28:52.3249580Z ^[[34m==>^[[0m ^[[1mWould install 1 formula:^[[0m
desktop-promote	Provision the Elixir/OTP toolchain for source-based SBOM generation	2026-09-13T03:28:52.3250270Z postgresql@18
desktop-promote	Provision the Elixir/OTP toolchain for source-based SBOM generation	2026-09-13T03:28:52.4984990Z ^[[32m==>^[[0m ^[[1mFetching downloads for: ^[[32mpostgresql@18^[[39m^[[0m
desktop-promote	Provision the Elixir/OTP toolchain for source-based SBOM generation	2026-09-13T03:28:54.3041620Z ✔︎ Bottle postgresql@18 (18.6)
desktop-promote	Provision the Elixir/OTP toolchain for source-based SBOM generation	2026-09-13T03:28:54.3435250Z ^[[34m==>^[[0m ^[[1mPouring postgresql@18--18.6.arm64_sequoia.bottle.tar.gz^[[0m
desktop-promote	Provision the Elixir/OTP toolchain for source-based SBOM generation	2026-09-13T03:28:58.9541840Z The files belonging to this database system will be owned by user "runner".
desktop-promote	Provision the Elixir/OTP toolchain for source-based SBOM generation	2026-09-13T03:28:58.9586990Z This user must also own the server process.
desktop-promote	Provision the Elixir/OTP toolchain for source-based SBOM generation	2026-09-13T03:28:58.9593910Z 
desktop-promote	Provision the Elixir/OTP toolchain for source-based SBOM generation	2026-09-13T03:28:58.9597930Z The database cluster will be initialized with locale "en_US.UTF-8".
desktop-promote	Provision the Elixir/OTP toolchain for source-based SBOM generation	2026-09-13T03:28:58.9613890Z The default text search configuration will be set to "english".
desktop-promote	Provision the Elixir/OTP toolchain for source-based SBOM generation	2026-09-13T03:28:58.9647910Z 
desktop-promote	Provision the Elixir/OTP toolchain for source-based SBOM generation	2026-09-13T03:28:58.9648460Z Data page checksums are enabled.
desktop-promote	Provision the Elixir/OTP toolchain for source-based SBOM generation	2026-09-13T03:28:58.9648810Z 
desktop-promote	Provision the Elixir/OTP toolchain for source-based SBOM generation	2026-09-13T03:28:58.9649280Z fixing permissions on existing directory /opt/homebrew/var/postgresql@18 ... ok
desktop-promote	Provision the Elixir/OTP toolchain for source-based SBOM generation	2026-09-13T03:28:58.9649930Z creating subdirectories ... ok
desktop-promote	Provision the Elixir/OTP toolchain for source-based SBOM generation	2026-09-13T03:28:58.9650440Z selecting dynamic shared memory implementation ... posix
desktop-promote	Provision the Elixir/OTP toolchain for source-based SBOM generation	2026-09-13T03:28:59.0353070Z selecting default "max_connections" ... 100
desktop-promote	Provision the Elixir/OTP toolchain for source-based SBOM generation	2026-09-13T03:28:59.0686440Z selecting default "shared_buffers" ... 128MB
desktop-promote	Provision the Elixir/OTP toolchain for source-based SBOM generation	2026-09-13T03:28:59.0731020Z selecting default time zone ... UTC
desktop-promote	Provision the Elixir/OTP toolchain for source-based SBOM generation	2026-09-13T03:28:59.0749850Z creating configuration files ... ok
desktop-promote	Provision the Elixir/OTP toolchain for source-based SBOM generation	2026-09-13T03:28:59.2784770Z running bootstrap script ... ok
desktop-promote	Provision the Elixir/OTP toolchain for source-based SBOM generation	2026-09-13T03:28:59.9328790Z performing post-bootstrap initialization ... ok
desktop-promote	Provision the Elixir/OTP toolchain for source-based SBOM generation	2026-09-13T03:28:59.9534190Z syncing data to disk ... ok
desktop-promote	Provision the Elixir/OTP toolchain for source-based SBOM generation	2026-09-13T03:28:59.9535620Z 
desktop-promote	Provision the Elixir/OTP toolchain for source-based SBOM generation	2026-09-13T03:28:59.9536210Z 
desktop-promote	Provision the Elixir/OTP toolchain for source-based SBOM generation	2026-09-13T03:28:59.9537810Z Success. You can now start the database server using:
desktop-promote	Provision the Elixir/OTP toolchain for source-based SBOM generation	2026-09-13T03:28:59.9538270Z 
desktop-promote	Provision the Elixir/OTP toolchain for source-based SBOM generation	2026-09-13T03:28:59.9540100Z     '/opt/homebrew/Cellar/postgresql@18/18.6/bin/pg_ctl' -D '/opt/homebrew/var/postgresql@18' -l logfile start
desktop-promote	Provision the Elixir/OTP toolchain for source-based SBOM generation	2026-09-13T03:28:59.9544080Z 
desktop-promote	Provision the Elixir/OTP toolchain for source-based SBOM generation	2026-09-13T03:28:59.9545010Z initdb: warning: enabling "trust" authentication for local connections
desktop-promote	Provision the Elixir/OTP toolchain for source-based SBOM generation	2026-09-13T03:28:59.9552250Z initdb: hint: You can change this by editing pg_hba.conf or using the option -A, or --auth-local and --auth-host, the next time you run initdb.
desktop-promote	Provision the Elixir/OTP toolchain for source-based SBOM generation	2026-09-13T03:29:00.8087290Z 🍺  /opt/homebrew/Cellar/postgresql@18/18.6: 3,873 files, 77.7MB
desktop-promote	Provision the Elixir/OTP toolchain for source-based SBOM generation	2026-09-13T03:29:00.8091790Z ^[[32m==>^[[0m ^[[1mCaveats^[[0m
desktop-promote	Provision the Elixir/OTP toolchain for source-based SBOM generation	2026-09-13T03:29:00.8111370Z ^[[34m==>^[[0m ^[[1mpostgresql@18^[[0m
desktop-promote	Provision the Elixir/OTP toolchain for source-based SBOM generation	2026-09-13T03:29:00.8112880Z This formula has created a default database cluster with:
desktop-promote	Provision the Elixir/OTP toolchain for source-based SBOM generation	2026-09-13T03:29:00.8114790Z   initdb --locale=en_US.UTF-8 -E UTF-8 /opt/homebrew/var/postgresql@18
desktop-promote	Provision the Elixir/OTP toolchain for source-based SBOM generation	2026-09-13T03:29:00.8115590Z 
desktop-promote	Provision the Elixir/OTP toolchain for source-based SBOM generation	2026-09-13T03:29:00.8116330Z When uninstalling, some dead symlinks are left behind so you may want to run:
desktop-promote	Provision the Elixir/OTP toolchain for source-based SBOM generation	2026-09-13T03:29:00.8117490Z   brew cleanup --prune-prefix
desktop-promote	Provision the Elixir/OTP toolchain for source-based SBOM generation	2026-09-13T03:29:00.8118010Z 
desktop-promote	Provision the Elixir/OTP toolchain for source-based SBOM generation	2026-09-13T03:29:00.8118550Z To start postgresql@18 now and restart at login:
desktop-promote	Provision the Elixir/OTP toolchain for source-based SBOM generation	2026-09-13T03:29:00.8119520Z   brew services start postgresql@18
desktop-promote	Provision the Elixir/OTP toolchain for source-based SBOM generation	2026-09-13T03:29:00.8120620Z Or, if you don't want/need a background service you can just run:
desktop-promote	Provision the Elixir/OTP toolchain for source-based SBOM generation	2026-09-13T03:29:00.8122450Z   LC_ALL="en_US.UTF-8" /opt/homebrew/opt/postgresql@18/bin/postgres -D /opt/homebrew/var/postgresql@18
desktop-promote	Provision the Elixir/OTP toolchain for source-based SBOM generation	2026-09-13T03:29:01.5144100Z Runtime preflight passed: Elixir 1.20.2, OTP 29.0.5, PostgreSQL 18.6
desktop-promote	Provision the Elixir/OTP toolchain for source-based SBOM generation	2026-09-13T03:29:02.0582070Z ! Corepack is about to download https://registry.npmjs.org/pnpm/-/pnpm-10.33.0.tgz
desktop-promote	Provision the Elixir/OTP toolchain for source-based SBOM generation	2026-09-13T03:29:03.2188980Z Scope: all 4 workspace projects
desktop-promote	Provision the Elixir/OTP toolchain for source-based SBOM generation	2026-09-13T03:29:03.2857710Z Lockfile is up to date, resolution step is skipped
desktop-promote	Provision the Elixir/OTP toolchain for source-based SBOM generation	2026-09-13T03:29:03.4101990Z Packages: +912
desktop-promote	Provision the Elixir/OTP toolchain for source-based SBOM generation	2026-09-13T03:29:03.4104600Z ++++++++++++++++++++++++++++++++++++++++++++++++++++++++++++++++++++++++++++++++
desktop-promote	Provision the Elixir/OTP toolchain for source-based SBOM generation	2026-09-13T03:29:03.6529880Z Progress: resolved 0, reused 0, downloaded 1, added 0
desktop-promote	Provision the Elixir/OTP toolchain for source-based SBOM generation	2026-09-13T03:29:04.6567750Z Progress: resolved 0, reused 0, downloaded 8, added 0
desktop-promote	Provision the Elixir/OTP toolchain for source-based SBOM generation	2026-09-13T03:29:05.6543330Z Progress: resolved 0, reused 0, downloaded 32, added 8
desktop-promote	Provision the Elixir/OTP toolchain for source-based SBOM generation	2026-09-13T03:29:06.6573820Z Progress: resolved 0, reused 0, downloaded 42, added 9
desktop-promote	Provision the Elixir/OTP toolchain for source-based SBOM generation	2026-09-13T03:29:07.6598210Z Progress: resolved 0, reused 0, downloaded 61, added 16
desktop-promote	Provision the Elixir/OTP toolchain for source-based SBOM generation	2026-09-13T03:29:08.6690990Z Progress: resolved 0, reused 0, downloaded 104, added 25
desktop-promote	Provision the Elixir/OTP toolchain for source-based SBOM generation	2026-09-13T03:29:09.6632280Z Progress: resolved 0, reused 0, downloaded 113, added 29
desktop-promote	Provision the Elixir/OTP toolchain for source-based SBOM generation	2026-09-13T03:29:10.6665250Z Progress: resolved 0, reused 0, downloaded 131, added 34
desktop-promote	Provision the Elixir/OTP toolchain for source-based SBOM generation	2026-09-13T03:29:11.6739910Z Progress: resolved 0, reused 0, downloaded 203, added 54
desktop-promote	Provision the Elixir/OTP toolchain for source-based SBOM generation	2026-09-13T03:29:12.6788970Z Progress: resolved 0, reused 0, downloaded 304, added 86
desktop-promote	Provision the Elixir/OTP toolchain for source-based SBOM generation	2026-09-13T03:29:13.6682370Z Progress: resolved 0, reused 0, downloaded 400, added 120
desktop-promote	Provision the Elixir/OTP toolchain for source-based SBOM generation	2026-09-13T03:29:14.6721600Z Progress: resolved 0, reused 0, downloaded 476, added 147
desktop-promote	Provision the Elixir/OTP toolchain for source-based SBOM generation	2026-09-13T03:29:15.6737740Z Progress: resolved 0, reused 0, downloaded 510, added 156
desktop-promote	Provision the Elixir/OTP toolchain for source-based SBOM generation	2026-09-13T03:29:16.0120600Z Packages are cloned from the content-addressable store to the virtual store.
desktop-promote	Provision the Elixir/OTP toolchain for source-based SBOM generation	2026-09-13T03:29:16.0121460Z   Content-addressable store is at: /Users/runner/Library/pnpm/store/v10
desktop-promote	Provision the Elixir/OTP toolchain for source-based SBOM generation	2026-09-13T03:29:16.0122050Z   Virtual store is at:             node_modules/.pnpm
desktop-promote	Provision the Elixir/OTP toolchain for source-based SBOM generation	2026-09-13T03:29:16.6778310Z Progress: resolved 0, reused 0, downloaded 628, added 202
desktop-promote	Provision the Elixir/OTP toolchain for source-based SBOM generation	2026-09-13T03:29:17.6775090Z Progress: resolved 0, reused 0, downloaded 772, added 253
desktop-promote	Provision the Elixir/OTP toolchain for source-based SBOM generation	2026-09-13T03:29:18.6798800Z Progress: resolved 0, reused 0, downloaded 864, added 285
desktop-promote	Provision the Elixir/OTP toolchain for source-based SBOM generation	2026-09-13T03:29:19.6886130Z Progress: resolved 0, reused 0, downloaded 870, added 449
desktop-promote	Provision the Elixir/OTP toolchain for source-based SBOM generation	2026-09-13T03:29:20.6819860Z Progress: resolved 0, reused 0, downloaded 870, added 757
desktop-promote	Provision the Elixir/OTP toolchain for source-based SBOM generation	2026-09-13T03:29:21.4747070Z Progress: resolved 0, reused 0, downloaded 870, added 912, done
desktop-promote	Provision the Elixir/OTP toolchain for source-based SBOM generation	2026-09-13T03:29:21.6488790Z 
desktop-promote	Provision the Elixir/OTP toolchain for source-based SBOM generation	2026-09-13T03:29:21.7505140Z Done in 18.9s using pnpm v10.33.0
desktop-promote	Provision the Elixir/OTP toolchain for source-based SBOM generation	2026-09-13T03:29:22.6113030Z Runtime preflight passed: Elixir 1.20.2, OTP 29.0.5, PostgreSQL 18.6
desktop-promote	Provision the Elixir/OTP toolchain for source-based SBOM generation	2026-09-13T03:29:23.9237360Z * creating /Users/runner/.mix/archives/hex-2.5.1
desktop-promote	Provision the Elixir/OTP toolchain for source-based SBOM generation	2026-09-13T03:29:24.9541710Z * creating /Users/runner/.mix/elixir/1-20-otp-29/rebar3
desktop-promote	Provision the Elixir/OTP toolchain for source-based SBOM generation	2026-09-13T03:29:26.3584290Z Resolving Hex dependencies...
desktop-promote	Provision the Elixir/OTP toolchain for source-based SBOM generation	2026-09-13T03:29:26.4831850Z Resolution completed in 0.121s
desktop-promote	Provision the Elixir/OTP toolchain for source-based SBOM generation	2026-09-13T03:29:26.5111770Z Unchanged:
desktop-promote	Provision the Elixir/OTP toolchain for source-based SBOM generation	2026-09-13T03:29:26.5113250Z   argon2_elixir 4.1.3
desktop-promote	Provision the Elixir/OTP toolchain for source-based SBOM generation	2026-09-13T03:29:26.5128860Z   bandit 1.12.5
desktop-promote	Provision the Elixir/OTP toolchain for source-based SBOM generation	2026-09-13T03:29:26.5129630Z   certifi 2.15.0
desktop-promote	Provision the Elixir/OTP toolchain for source-based SBOM generation	2026-09-13T03:29:26.5129940Z   comeonin 5.5.1
desktop-promote	Provision the Elixir/OTP toolchain for source-based SBOM generation	2026-09-13T03:29:26.5130150Z   db_connection 2.10.2
desktop-promote	Provision the Elixir/OTP toolchain for source-based SBOM generation	2026-09-13T03:29:26.5130700Z   decimal 3.1.1
desktop-promote	Provision the Elixir/OTP toolchain for source-based SBOM generation	2026-09-13T03:29:26.5134970Z   dns_cluster 0.2.0
desktop-promote	Provision the Elixir/OTP toolchain for source-based SBOM generation	2026-09-13T03:29:26.5158250Z   ecto 3.14.2
desktop-promote	Provision the Elixir/OTP toolchain for source-based SBOM generation	2026-09-13T03:29:26.5158570Z   ecto_sql 3.14.0
desktop-promote	Provision the Elixir/OTP toolchain for source-based SBOM generation	2026-09-13T03:29:26.5158800Z   elixir_make 0.10.0
desktop-promote	Provision the Elixir/OTP toolchain for source-based SBOM generation	2026-09-13T03:29:26.5159020Z   expo 1.1.1
desktop-promote	Provision the Elixir/OTP toolchain for source-based SBOM generation	2026-09-13T03:29:26.5159280Z   gettext 1.0.2
desktop-promote	Provision the Elixir/OTP toolchain for source-based SBOM generation	2026-09-13T03:29:26.5159760Z   hackney 1.25.0 VULNERABLE!
desktop-promote	Provision the Elixir/OTP toolchain for source-based SBOM generation	2026-09-13T03:29:26.5160000Z     EEF-CVE-2026-47075 (MEDIUM)
desktop-promote	Provision the Elixir/OTP toolchain for source-based SBOM generation	2026-09-13T03:29:26.5160320Z     aka: CVE-2026-47075, GHSA-j9wq-vxxc-94wf
desktop-promote	Provision the Elixir/OTP toolchain for source-based SBOM generation	2026-09-13T03:29:26.5160670Z     CR/LF injection in query parameter in hackney
desktop-promote	Provision the Elixir/OTP toolchain for source-based SBOM generation	2026-09-13T03:29:26.5161120Z     https://osv.dev/vulnerability/EEF-CVE-2026-47075
desktop-promote	Provision the Elixir/OTP toolchain for source-based SBOM generation	2026-09-13T03:29:26.5161500Z 
desktop-promote	Provision the Elixir/OTP toolchain for source-based SBOM generation	2026-09-13T03:29:26.5161650Z     EEF-CVE-2026-47071 (HIGH)
desktop-promote	Provision the Elixir/OTP toolchain for source-based SBOM generation	2026-09-13T03:29:26.5162030Z     aka: CVE-2026-47071, GHSA-gp9c-pm5m-5cxr
desktop-promote	Provision the Elixir/OTP toolchain for source-based SBOM generation	2026-09-13T03:29:26.5162480Z     SOCKS5 TLS upgrade ignores caller timeout in hackney
desktop-promote	Provision the Elixir/OTP toolchain for source-based SBOM generation	2026-09-13T03:29:26.5162950Z     https://osv.dev/vulnerability/EEF-CVE-2026-47071
desktop-promote	Provision the Elixir/OTP toolchain for source-based SBOM generation	2026-09-13T03:29:26.5163150Z 
desktop-promote	Provision the Elixir/OTP toolchain for source-based SBOM generation	2026-09-13T03:29:26.5165820Z     EEF-CVE-2026-47069 (LOW)
desktop-promote	Provision the Elixir/OTP toolchain for source-based SBOM generation	2026-09-13T03:29:26.5169490Z     aka: CVE-2026-47069, GHSA-mp55-p8c9-rfw2
desktop-promote	Provision the Elixir/OTP toolchain for source-based SBOM generation	2026-09-13T03:29:26.5171260Z     CRLF injection in cookie domain/path options in hackney
desktop-promote	Provision the Elixir/OTP toolchain for source-based SBOM generation	2026-09-13T03:29:26.5172730Z     https://osv.dev/vulnerability/EEF-CVE-2026-47069
desktop-promote	Provision the Elixir/OTP toolchain for source-based SBOM generation	2026-09-13T03:29:26.5175330Z 
desktop-promote	Provision the Elixir/OTP toolchain for source-based SBOM generation	2026-09-13T03:29:26.5176270Z     EEF-CVE-2026-47076 (MEDIUM)
desktop-promote	Provision the Elixir/OTP toolchain for source-based SBOM generation	2026-09-13T03:29:26.5177610Z     aka: CVE-2026-47076, GHSA-pj7v-xfvx-wmjq
desktop-promote	Provision the Elixir/OTP toolchain for source-based SBOM generation	2026-09-13T03:29:26.5179150Z     SSRF allowlist bypass via percent-encoded host in hackney
desktop-promote	Provision the Elixir/OTP toolchain for source-based SBOM generation	2026-09-13T03:29:26.5181330Z     https://osv.dev/vulnerability/EEF-CVE-2026-47076
desktop-promote	Provision the Elixir/OTP toolchain for source-based SBOM generation	2026-09-13T03:29:26.5182090Z   hammer 7.4.1
desktop-promote	Provision the Elixir/OTP toolchain for source-based SBOM generation	2026-09-13T03:29:26.5183240Z   hex_core 0.15.0
desktop-promote	Provision the Elixir/OTP toolchain for source-based SBOM generation	2026-09-13T03:29:26.5184000Z   hpax 1.0.4
desktop-promote	Provision the Elixir/OTP toolchain for source-based SBOM generation	2026-09-13T03:29:26.5184670Z   idna 6.1.1
desktop-promote	Provision the Elixir/OTP toolchain for source-based SBOM generation	2026-09-13T03:29:26.5187710Z   jason 1.4.5
desktop-promote	Provision the Elixir/OTP toolchain for source-based SBOM generation	2026-09-13T03:29:26.5188820Z   metrics 1.0.1
desktop-promote	Provision the Elixir/OTP toolchain for source-based SBOM generation	2026-09-13T03:29:26.5189440Z   mime 2.0.7
desktop-promote	Provision the Elixir/OTP toolchain for source-based SBOM generation	2026-09-13T03:29:26.5189800Z   mimerl 1.5.0
desktop-promote	Provision the Elixir/OTP toolchain for source-based SBOM generation	2026-09-13T03:29:26.5190380Z   optimus 0.6.1
desktop-promote	Provision the Elixir/OTP toolchain for source-based SBOM generation	2026-09-13T03:29:26.5190850Z   parse_trans 3.4.1
desktop-promote	Provision the Elixir/OTP toolchain for source-based SBOM generation	2026-09-13T03:29:26.5191320Z   phoenix 1.8.13
desktop-promote	Provision the Elixir/OTP toolchain for source-based SBOM generation	2026-09-13T03:29:26.5204020Z   phoenix_ecto 4.7.0
desktop-promote	Provision the Elixir/OTP toolchain for source-based SBOM generation	2026-09-13T03:29:26.5204270Z   phoenix_pubsub 2.3.0
desktop-promote	Provision the Elixir/OTP toolchain for source-based SBOM generation	2026-09-13T03:29:26.5204640Z   phoenix_template 1.0.4
desktop-promote	Provision the Elixir/OTP toolchain for source-based SBOM generation	2026-09-13T03:29:26.5204950Z   plug 1.20.3
desktop-promote	Provision the Elixir/OTP toolchain for source-based SBOM generation	2026-09-13T03:29:26.5205100Z   plug_crypto 2.2.0
desktop-promote	Provision the Elixir/OTP toolchain for source-based SBOM generation	2026-09-13T03:29:26.5205400Z   postgrex 0.22.4
desktop-promote	Provision the Elixir/OTP toolchain for source-based SBOM generation	2026-09-13T03:29:26.5205720Z   protobuf 0.16.1
desktop-promote	Provision the Elixir/OTP toolchain for source-based SBOM generation	2026-09-13T03:29:26.5205870Z   purl 0.3.0
desktop-promote	Provision the Elixir/OTP toolchain for source-based SBOM generation	2026-09-13T03:29:26.5206150Z   sbom 0.10.0
desktop-promote	Provision the Elixir/OTP toolchain for source-based SBOM generation	2026-09-13T03:29:26.5206370Z   ssl_verify_fun 1.1.7
desktop-promote	Provision the Elixir/OTP toolchain for source-based SBOM generation	2026-09-13T03:29:26.5206620Z   stream_data 1.4.0
desktop-promote	Provision the Elixir/OTP toolchain for source-based SBOM generation	2026-09-13T03:29:26.5206910Z   telemetry 1.4.2
desktop-promote	Provision the Elixir/OTP toolchain for source-based SBOM generation	2026-09-13T03:29:26.5207150Z   telemetry_metrics 1.2.0
desktop-promote	Provision the Elixir/OTP toolchain for source-based SBOM generation	2026-09-13T03:29:26.5207410Z   telemetry_poller 1.3.0
desktop-promote	Provision the Elixir/OTP toolchain for source-based SBOM generation	2026-09-13T03:29:26.5207760Z   thousand_island 1.5.0
desktop-promote	Provision the Elixir/OTP toolchain for source-based SBOM generation	2026-09-13T03:29:26.5208090Z   tzdata 1.1.4
desktop-promote	Provision the Elixir/OTP toolchain for source-based SBOM generation	2026-09-13T03:29:26.5208330Z   unicode_util_compat 0.7.1
desktop-promote	Provision the Elixir/OTP toolchain for source-based SBOM generation	2026-09-13T03:29:26.5208690Z   websock 0.5.3
desktop-promote	Provision the Elixir/OTP toolchain for source-based SBOM generation	2026-09-13T03:29:26.5209000Z   websock_adapter 0.6.0
desktop-promote	Provision the Elixir/OTP toolchain for source-based SBOM generation	2026-09-13T03:29:26.5339620Z * Getting phoenix (Hex package)
desktop-promote	Provision the Elixir/OTP toolchain for source-based SBOM generation	2026-09-13T03:29:26.8526600Z * Getting phoenix_ecto (Hex package)
desktop-promote	Provision the Elixir/OTP toolchain for source-based SBOM generation	2026-09-13T03:29:26.8728500Z * Getting ecto_sql (Hex package)
desktop-promote	Provision the Elixir/OTP toolchain for source-based SBOM generation	2026-09-13T03:29:26.9470170Z * Getting postgrex (Hex package)
desktop-promote	Provision the Elixir/OTP toolchain for source-based SBOM generation	2026-09-13T03:29:27.0303450Z * Getting telemetry_metrics (Hex package)
desktop-promote	Provision the Elixir/OTP toolchain for source-based SBOM generation	2026-09-13T03:29:27.0453440Z * Getting telemetry_poller (Hex package)
desktop-promote	Provision the Elixir/OTP toolchain for source-based SBOM generation	2026-09-13T03:29:27.0544610Z * Getting gettext (Hex package)
desktop-promote	Provision the Elixir/OTP toolchain for source-based SBOM generation	2026-09-13T03:29:27.0677310Z * Getting jason (Hex package)
desktop-promote	Provision the Elixir/OTP toolchain for source-based SBOM generation	2026-09-13T03:29:27.0744490Z * Getting dns_cluster (Hex package)
desktop-promote	Provision the Elixir/OTP toolchain for source-based SBOM generation	2026-09-13T03:29:27.0832850Z * Getting bandit (Hex package)
desktop-promote	Provision the Elixir/OTP toolchain for source-based SBOM generation	2026-09-13T03:29:27.1392140Z * Getting argon2_elixir (Hex package)
desktop-promote	Provision the Elixir/OTP toolchain for source-based SBOM generation	2026-09-13T03:29:27.2033010Z * Getting tzdata (Hex package)
desktop-promote	Provision the Elixir/OTP toolchain for source-based SBOM generation	2026-09-13T03:29:27.2409620Z * Getting hammer (Hex package)
desktop-promote	Provision the Elixir/OTP toolchain for source-based SBOM generation	2026-09-13T03:29:27.2596230Z * Getting stream_data (Hex package)
desktop-promote	Provision the Elixir/OTP toolchain for source-based SBOM generation	2026-09-13T03:29:27.2977260Z * Getting sbom (Hex package)
desktop-promote	Provision the Elixir/OTP toolchain for source-based SBOM generation	2026-09-13T03:29:27.9216890Z * Getting hex_core (Hex package)
desktop-promote	Provision the Elixir/OTP toolchain for source-based SBOM generation	2026-09-13T03:29:27.9512700Z * Getting optimus (Hex package)
desktop-promote	Provision the Elixir/OTP toolchain for source-based SBOM generation	2026-09-13T03:29:27.9704360Z * Getting protobuf (Hex package)
desktop-promote	Provision the Elixir/OTP toolchain for source-based SBOM generation	2026-09-13T03:29:28.0453510Z * Getting purl (Hex package)
desktop-promote	Provision the Elixir/OTP toolchain for source-based SBOM generation	2026-09-13T03:29:28.0723320Z * Getting hackney (Hex package)
desktop-promote	Provision the Elixir/OTP toolchain for source-based SBOM generation	2026-09-13T03:29:28.1059820Z * Getting certifi (Hex package)
desktop-promote	Provision the Elixir/OTP toolchain for source-based SBOM generation	2026-09-13T03:29:28.1247560Z * Getting idna (Hex package)
desktop-promote	Provision the Elixir/OTP toolchain for source-based SBOM generation	2026-09-13T03:29:28.1565140Z * Getting metrics (Hex package)
desktop-promote	Provision the Elixir/OTP toolchain for source-based SBOM generation	2026-09-13T03:29:28.1713120Z * Getting mimerl (Hex package)
desktop-promote	Provision the Elixir/OTP toolchain for source-based SBOM generation	2026-09-13T03:29:28.1898610Z * Getting parse_trans (Hex package)
desktop-promote	Provision the Elixir/OTP toolchain for source-based SBOM generation	2026-09-13T03:29:28.2081810Z * Getting ssl_verify_fun (Hex package)
desktop-promote	Provision the Elixir/OTP toolchain for source-based SBOM generation	2026-09-13T03:29:28.2288450Z * Getting unicode_util_compat (Hex package)
desktop-promote	Provision the Elixir/OTP toolchain for source-based SBOM generation	2026-09-13T03:29:28.2494870Z * Getting comeonin (Hex package)
desktop-promote	Provision the Elixir/OTP toolchain for source-based SBOM generation	2026-09-13T03:29:28.2654660Z * Getting elixir_make (Hex package)
desktop-promote	Provision the Elixir/OTP toolchain for source-based SBOM generation	2026-09-13T03:29:28.2888510Z * Getting hpax (Hex package)
desktop-promote	Provision the Elixir/OTP toolchain for source-based SBOM generation	2026-09-13T03:29:28.3063140Z * Getting plug (Hex package)
desktop-promote	Provision the Elixir/OTP toolchain for source-based SBOM generation	2026-09-13T03:29:28.3933750Z * Getting telemetry (Hex package)
desktop-promote	Provision the Elixir/OTP toolchain for source-based SBOM generation	2026-09-13T03:29:28.4161880Z * Getting thousand_island (Hex package)
desktop-promote	Provision the Elixir/OTP toolchain for source-based SBOM generation	2026-09-13T03:29:28.4454470Z * Getting websock (Hex package)
desktop-promote	Provision the Elixir/OTP toolchain for source-based SBOM generation	2026-09-13T03:29:28.4587120Z * Getting mime (Hex package)
desktop-promote	Provision the Elixir/OTP toolchain for source-based SBOM generation	2026-09-13T03:29:28.4711870Z * Getting plug_crypto (Hex package)
desktop-promote	Provision the Elixir/OTP toolchain for source-based SBOM generation	2026-09-13T03:29:28.4885250Z * Getting expo (Hex package)
desktop-promote	Provision the Elixir/OTP toolchain for source-based SBOM generation	2026-09-13T03:29:28.5198220Z * Getting db_connection (Hex package)
desktop-promote	Provision the Elixir/OTP toolchain for source-based SBOM generation	2026-09-13T03:29:28.5469310Z * Getting decimal (Hex package)
desktop-promote	Provision the Elixir/OTP toolchain for source-based SBOM generation	2026-09-13T03:29:28.5652910Z * Getting ecto (Hex package)
desktop-promote	Provision the Elixir/OTP toolchain for source-based SBOM generation	2026-09-13T03:29:28.6446520Z * Getting phoenix_pubsub (Hex package)
desktop-promote	Provision the Elixir/OTP toolchain for source-based SBOM generation	2026-09-13T03:29:28.6948740Z * Getting phoenix_template (Hex package)
desktop-promote	Provision the Elixir/OTP toolchain for source-based SBOM generation	2026-09-13T03:29:28.7065470Z * Getting websock_adapter (Hex package)
desktop-promote	Provision the Elixir/OTP toolchain for source-based SBOM generation	2026-09-13T03:29:28.7180630Z Found packages with security advisories, see above for details
desktop-promote	Provision the Elixir/OTP toolchain for source-based SBOM generation	2026-09-13T03:29:28.8194400Z You have added/upgraded packages you could sponsor, run `mix hex.sponsor` to learn more
desktop-promote	Generate the Hex and npm bills of materials from source	﻿2026-09-13T03:29:28.8444730Z ##[group]Run ./tooling/runtime-preflight.sh --exec -- node tooling/generate-sbom.mjs --out "$RUNNER_TEMP/${KEEPLING_DESKTOP_ARTIFACT_ROOT}/sbom"
desktop-promote	Generate the Hex and npm bills of materials from source	2026-09-13T03:29:28.8446220Z ^[[36;1m./tooling/runtime-preflight.sh --exec -- node tooling/generate-sbom.mjs --out "$RUNNER_TEMP/${KEEPLING_DESKTOP_ARTIFACT_ROOT}/sbom"^[[0m
desktop-promote	Generate the Hex and npm bills of materials from source	2026-09-13T03:29:29.1067260Z shell: /bin/bash -e {0}
desktop-promote	Generate the Hex and npm bills of materials from source	2026-09-13T03:29:29.1067590Z env:
desktop-promote	Generate the Hex and npm bills of materials from source	2026-09-13T03:29:29.1067870Z   KEEPLING_DESKTOP_ARTIFACT_ROOT: keepling-desktop-package
desktop-promote	Generate the Hex and npm bills of materials from source	2026-09-13T03:29:29.1068250Z ##[endgroup]
desktop-promote	Generate the Hex and npm bills of materials from source	2026-09-13T03:29:29.9663170Z Runtime preflight passed: Elixir 1.20.2, OTP 29.0.5, PostgreSQL 18.6
desktop-promote	Generate the Hex and npm bills of materials from source	2026-09-13T03:29:30.0218520Z Generating Hex SBOM from source (apps/server) -> /Users/runner/work/_temp/keepling-desktop-package/sbom/sbom-hex.cdx.json
desktop-promote	Generate the Hex and npm bills of materials from source	2026-09-13T03:29:30.6985160Z Runtime preflight passed: Elixir 1.20.2, OTP 29.0.5, PostgreSQL 18.6
desktop-promote	Generate the Hex and npm bills of materials from source	2026-09-13T03:29:31.5029920Z ==> mime
desktop-promote	Generate the Hex and npm bills of materials from source	2026-09-13T03:29:31.5040550Z Compiling 1 file (.ex)
desktop-promote	Generate the Hex and npm bills of materials from source	2026-09-13T03:29:31.6138100Z Generated mime app
desktop-promote	Generate the Hex and npm bills of materials from source	2026-09-13T03:29:31.6422090Z ==> comeonin
desktop-promote	Generate the Hex and npm bills of materials from source	2026-09-13T03:29:31.6422760Z Compiling 3 files (.ex)
desktop-promote	Generate the Hex and npm bills of materials from source	2026-09-13T03:29:31.6664140Z Generated comeonin app
desktop-promote	Generate the Hex and npm bills of materials from source	2026-09-13T03:29:32.0025890Z ==> keepling
desktop-promote	Generate the Hex and npm bills of materials from source	2026-09-13T03:29:32.0026420Z ===> Analyzing applications...
desktop-promote	Generate the Hex and npm bills of materials from source	2026-09-13T03:29:32.1256150Z ===> Compiling hex_core
desktop-promote	Generate the Hex and npm bills of materials from source	2026-09-13T03:29:32.9844090Z ==> plug_crypto
desktop-promote	Generate the Hex and npm bills of materials from source	2026-09-13T03:29:32.9844560Z Compiling 5 files (.ex)
desktop-promote	Generate the Hex and npm bills of materials from source	2026-09-13T03:29:33.0847400Z Generated plug_crypto app
desktop-promote	Generate the Hex and npm bills of materials from source	2026-09-13T03:29:33.1026020Z ==> hpax
desktop-promote	Generate the Hex and npm bills of materials from source	2026-09-13T03:29:33.1031280Z Compiling 4 files (.ex)
desktop-promote	Generate the Hex and npm bills of materials from source	2026-09-13T03:29:33.5208200Z Generated hpax app
desktop-promote	Generate the Hex and npm bills of materials from source	2026-09-13T03:29:33.5553750Z ==> purl
desktop-promote	Generate the Hex and npm bills of materials from source	2026-09-13T03:29:33.5554560Z Compiling 5 files (.erl)
desktop-promote	Generate the Hex and npm bills of materials from source	2026-09-13T03:29:33.6137490Z Compiling 7 files (.ex)
desktop-promote	Generate the Hex and npm bills of materials from source	2026-09-13T03:29:33.7076970Z Generated purl app
desktop-promote	Generate the Hex and npm bills of materials from source	2026-09-13T03:29:34.1054190Z ==> keepling
desktop-promote	Generate the Hex and npm bills of materials from source	2026-09-13T03:29:34.1055930Z ===> Analyzing applications...
desktop-promote	Generate the Hex and npm bills of materials from source	2026-09-13T03:29:34.1430190Z ===> Compiling mimerl
desktop-promote	Generate the Hex and npm bills of materials from source	2026-09-13T03:29:35.2365480Z ==> ssl_verify_fun
desktop-promote	Generate the Hex and npm bills of materials from source	2026-09-13T03:29:35.2365840Z Compiling 7 files (.erl)
desktop-promote	Generate the Hex and npm bills of materials from source	2026-09-13T03:29:35.3000140Z Generated ssl_verify_fun app
desktop-promote	Generate the Hex and npm bills of materials from source	2026-09-13T03:29:35.3245590Z ==> optimus
desktop-promote	Generate the Hex and npm bills of materials from source	2026-09-13T03:29:35.3246270Z Compiling 17 files (.ex)
desktop-promote	Generate the Hex and npm bills of materials from source	2026-09-13T03:29:35.5969870Z Generated optimus app
desktop-promote	Generate the Hex and npm bills of materials from source	2026-09-13T03:29:35.6171380Z ==> elixir_make
desktop-promote	Generate the Hex and npm bills of materials from source	2026-09-13T03:29:35.6172070Z Compiling 8 files (.ex)
desktop-promote	Generate the Hex and npm bills of materials from source	2026-09-13T03:29:35.7143180Z Generated elixir_make app
desktop-promote	Generate the Hex and npm bills of materials from source	2026-09-13T03:29:35.7361350Z ==> argon2_elixir
desktop-promote	Generate the Hex and npm bills of materials from source	2026-09-13T03:29:35.8397840Z mkdir -p /Users/runner/work/keepling/keepling/apps/server/_build/dev/lib/argon2_elixir/priv
desktop-promote	Generate the Hex and npm bills of materials from source	2026-09-13T03:29:35.8467460Z cc -g -O3 -pthread -Wall -I"/Users/runner/.asdf/installs/erlang/29.0.5/erts-17.0.5/include" -Iargon2/include -Iargon2/src -Ic_src -dynamiclib -undefined dynamic_lookup  argon2/src/argon2.c argon2/src/core.c argon2/src/blake2/blake2b.c argon2/src/thread.c argon2/src/encoding.c argon2/src/ref.c c_src/argon2_nif.c -o /Users/runner/work/keepling/keepling/apps/server/_build/dev/lib/argon2_elixir/priv/argon2_nif.so
desktop-promote	Generate the Hex and npm bills of materials from source	2026-09-13T03:29:37.0599580Z Compiling 3 files (.ex)
desktop-promote	Generate the Hex and npm bills of materials from source	2026-09-13T03:29:37.1085410Z Generated argon2_elixir app
desktop-promote	Generate the Hex and npm bills of materials from source	2026-09-13T03:29:37.1283640Z ==> decimal
desktop-promote	Generate the Hex and npm bills of materials from source	2026-09-13T03:29:37.1284640Z Compiling 4 files (.ex)
desktop-promote	Generate the Hex and npm bills of materials from source	2026-09-13T03:29:37.8596510Z Generated decimal app
desktop-promote	Generate the Hex and npm bills of materials from source	2026-09-13T03:29:37.8832700Z ==> jason
desktop-promote	Generate the Hex and npm bills of materials from source	2026-09-13T03:29:37.8834110Z Compiling 10 files (.ex)
desktop-promote	Generate the Hex and npm bills of materials from source	2026-09-13T03:29:39.1371890Z Generated jason app
desktop-promote	Generate the Hex and npm bills of materials from source	2026-09-13T03:29:39.1871130Z warning: "xref: [exclude: ...]" in your mix.exs file is deprecated, instead use: "elixirc_options: [no_warn_undefined: ...]"
desktop-promote	Generate the Hex and npm bills of materials from source	2026-09-13T03:29:39.1871940Z   (mix 1.20.2) lib/mix/tasks/compile.elixir.ex:243: Mix.Tasks.Compile.Elixir.xref_exclude_opts/2
desktop-promote	Generate the Hex and npm bills of materials from source	2026-09-13T03:29:39.1872520Z   (mix 1.20.2) lib/mix/tasks/compile.elixir.ex:142: Mix.Tasks.Compile.Elixir.run/1
desktop-promote	Generate the Hex and npm bills of materials from source	2026-09-13T03:29:39.1873030Z   (mix 1.20.2) lib/mix/task.ex:502: anonymous fn/3 in Mix.Task.run_task/5
desktop-promote	Generate the Hex and npm bills of materials from source	2026-09-13T03:29:39.1873510Z   (mix 1.20.2) lib/mix/task.compiler.ex:299: Mix.Task.Compiler.run_compiler/2
desktop-promote	Generate the Hex and npm bills of materials from source	2026-09-13T03:29:39.1873970Z   (mix 1.20.2) lib/mix/task.compiler.ex:287: Mix.Task.Compiler.run/4
desktop-promote	Generate the Hex and npm bills of materials from source	2026-09-13T03:29:39.1875290Z   (mix 1.20.2) lib/mix/tasks/compile.all.ex:75: Mix.Tasks.Compile.All.do_run/2
desktop-promote	Generate the Hex and npm bills of materials from source	2026-09-13T03:29:39.1875570Z 
desktop-promote	Generate the Hex and npm bills of materials from source	2026-09-13T03:29:39.1927860Z ==> protobuf
desktop-promote	Generate the Hex and npm bills of materials from source	2026-09-13T03:29:39.1928180Z Compiling 46 files (.ex)
desktop-promote	Generate the Hex and npm bills of materials from source	2026-09-13T03:29:39.3490650Z      warning: the variable "literal_size" is accessed inside size(...) of a bitstring but it was defined outside of the match. You must precede it with the pin operator
desktop-promote	Generate the Hex and npm bills of materials from source	2026-09-13T03:29:39.3491960Z      │
desktop-promote	Generate the Hex and npm bills of materials from source	2026-09-13T03:29:39.3492780Z  157 │       <<^literal::bytes-size(literal_size), rest::binary>> -> rest
desktop-promote	Generate the Hex and npm bills of materials from source	2026-09-13T03:29:39.3493160Z      │                              ~
desktop-promote	Generate the Hex and npm bills of materials from source	2026-09-13T03:29:39.3493390Z      │
desktop-promote	Generate the Hex and npm bills of materials from source	2026-09-13T03:29:39.3494330Z      └─ lib/protobuf/json/rfc3339.ex:157:30: Protobuf.JSON.RFC3339.eat_literal/2
desktop-promote	Generate the Hex and npm bills of materials from source	2026-09-13T03:29:39.3494860Z 
desktop-promote	Generate the Hex and npm bills of materials from source	2026-09-13T03:29:39.3496250Z      warning: the variable "count" is accessed inside size(...) of a bitstring but it was defined outside of the match. You must precede it with the pin operator
desktop-promote	Generate the Hex and npm bills of materials from source	2026-09-13T03:29:39.3499250Z      │
desktop-promote	Generate the Hex and npm bills of materials from source	2026-09-13T03:29:39.3500320Z  182 │       <<digits::bytes-size(count), rest::binary>> ->
desktop-promote	Generate the Hex and npm bills of materials from source	2026-09-13T03:29:39.3501120Z      │                            ~
desktop-promote	Generate the Hex and npm bills of materials from source	2026-09-13T03:29:39.3501680Z      │
desktop-promote	Generate the Hex and npm bills of materials from source	2026-09-13T03:29:39.3502890Z      └─ lib/protobuf/json/rfc3339.ex:182:28: Protobuf.JSON.RFC3339.eat_digits/2
desktop-promote	Generate the Hex and npm bills of materials from source	2026-09-13T03:29:39.3504090Z 
desktop-promote	Generate the Hex and npm bills of materials from source	2026-09-13T03:29:39.5507050Z      warning: the variable "value" is accessed inside size(...) of a bitstring but it was defined outside of the match. You must precede it with the pin operator
desktop-promote	Generate the Hex and npm bills of materials from source	2026-09-13T03:29:39.5509460Z      │
desktop-promote	Generate the Hex and npm bills of materials from source	2026-09-13T03:29:39.5510490Z  151 │     <<_skip::bytes-size(value), rest::bits>> = rest
desktop-promote	Generate the Hex and npm bills of materials from source	2026-09-13T03:29:39.5513860Z      │                         ~
desktop-promote	Generate the Hex and npm bills of materials from source	2026-09-13T03:29:39.5519760Z      │
desktop-promote	Generate the Hex and npm bills of materials from source	2026-09-13T03:29:39.5524050Z      └─ lib/protobuf/decoder.ex:151:25: Protobuf.Decoder.skip_delimited/5
desktop-promote	Generate the Hex and npm bills of materials from source	2026-09-13T03:29:39.5527280Z 
desktop-promote	Generate the Hex and npm bills of materials from source	2026-09-13T03:29:39.5533620Z      warning: the variable "value" is accessed inside size(...) of a bitstring but it was defined outside of the match. You must precede it with the pin operator
desktop-promote	Generate the Hex and npm bills of materials from source	2026-09-13T03:29:39.5536820Z      │
desktop-promote	Generate the Hex and npm bills of materials from source	2026-09-13T03:29:39.5538530Z  151 │     <<_skip::bytes-size(value), rest::bits>> = rest
desktop-promote	Generate the Hex and npm bills of materials from source	2026-09-13T03:29:39.5541740Z      │                         ~
desktop-promote	Generate the Hex and npm bills of materials from source	2026-09-13T03:29:39.5544290Z      │
desktop-promote	Generate the Hex and npm bills of materials from source	2026-09-13T03:29:39.5546400Z      └─ lib/protobuf/decoder.ex:151:25: Protobuf.Decoder.skip_delimited/5
desktop-promote	Generate the Hex and npm bills of materials from source	2026-09-13T03:29:39.5549060Z 
desktop-promote	Generate the Hex and npm bills of materials from source	2026-09-13T03:29:39.5599010Z      warning: the variable "value" is accessed inside size(...) of a bitstring but it was defined outside of the match. You must precede it with the pin operator
desktop-promote	Generate the Hex and npm bills of materials from source	2026-09-13T03:29:39.5600490Z      │
desktop-promote	Generate the Hex and npm bills of materials from source	2026-09-13T03:29:39.5602140Z  151 │     <<_skip::bytes-size(value), rest::bits>> = rest
desktop-promote	Generate the Hex and npm bills of materials from source	2026-09-13T03:29:39.5607310Z      │                         ~
desktop-promote	Generate the Hex and npm bills of materials from source	2026-09-13T03:29:39.5608630Z      │
desktop-promote	Generate the Hex and npm bills of materials from source	2026-09-13T03:29:39.5609810Z      └─ lib/protobuf/decoder.ex:151:25: Protobuf.Decoder.skip_delimited/5
desktop-promote	Generate the Hex and npm bills of materials from source	2026-09-13T03:29:39.5611530Z 
desktop-promote	Generate the Hex and npm bills of materials from source	2026-09-13T03:29:39.5613980Z      warning: the variable "value" is accessed inside size(...) of a bitstring but it was defined outside of the match. You must precede it with the pin operator
desktop-promote	Generate the Hex and npm bills of materials from source	2026-09-13T03:29:39.5616570Z      │
desktop-promote	Generate the Hex and npm bills of materials from source	2026-09-13T03:29:39.5618630Z  151 │     <<_skip::bytes-size(value), rest::bits>> = rest
desktop-promote	Generate the Hex and npm bills of materials from source	2026-09-13T03:29:39.5619970Z      │                         ~
desktop-promote	Generate the Hex and npm bills of materials from source	2026-09-13T03:29:39.5621040Z      │
desktop-promote	Generate the Hex and npm bills of materials from source	2026-09-13T03:29:39.5621970Z      └─ lib/protobuf/decoder.ex:151:25: Protobuf.Decoder.skip_delimited/5
desktop-promote	Generate the Hex and npm bills of materials from source	2026-09-13T03:29:39.5622770Z 
desktop-promote	Generate the Hex and npm bills of materials from source	2026-09-13T03:29:39.5624970Z      warning: the variable "value" is accessed inside size(...) of a bitstring but it was defined outside of the match. You must precede it with the pin operator
desktop-promote	Generate the Hex and npm bills of materials from source	2026-09-13T03:29:39.5626240Z      │
desktop-promote	Generate the Hex and npm bills of materials from source	2026-09-13T03:29:39.5627270Z  151 │     <<_skip::bytes-size(value), rest::bits>> = rest
desktop-promote	Generate the Hex and npm bills of materials from source	2026-09-13T03:29:39.5628350Z      │                         ~
desktop-promote	Generate the Hex and npm bills of materials from source	2026-09-13T03:29:39.5629540Z      │
desktop-promote	Generate the Hex and npm bills of materials from source	2026-09-13T03:29:39.5630630Z      └─ lib/protobuf/decoder.ex:151:25: Protobuf.Decoder.skip_delimited/5
desktop-promote	Generate the Hex and npm bills of materials from source	2026-09-13T03:29:39.5631810Z 
desktop-promote	Generate the Hex and npm bills of materials from source	2026-09-13T03:29:39.5635240Z      warning: the variable "value" is accessed inside size(...) of a bitstring but it was defined outside of the match. You must precede it with the pin operator
desktop-promote	Generate the Hex and npm bills of materials from source	2026-09-13T03:29:39.5636820Z      │
desktop-promote	Generate the Hex and npm bills of materials from source	2026-09-13T03:29:39.5641910Z  151 │     <<_skip::bytes-size(value), rest::bits>> = rest
desktop-promote	Generate the Hex and npm bills of materials from source	2026-09-13T03:29:39.5644790Z      │                         ~
desktop-promote	Generate the Hex and npm bills of materials from source	2026-09-13T03:29:39.5647200Z      │
desktop-promote	Generate the Hex and npm bills of materials from source	2026-09-13T03:29:39.5650470Z      └─ lib/protobuf/decoder.ex:151:25: Protobuf.Decoder.skip_delimited/5
desktop-promote	Generate the Hex and npm bills of materials from source	2026-09-13T03:29:39.5651270Z 
desktop-promote	Generate the Hex and npm bills of materials from source	2026-09-13T03:29:39.5652310Z      warning: the variable "value" is accessed inside size(...) of a bitstring but it was defined outside of the match. You must precede it with the pin operator
desktop-promote	Generate the Hex and npm bills of materials from source	2026-09-13T03:29:39.5654170Z      │
desktop-promote	Generate the Hex and npm bills of materials from source	2026-09-13T03:29:39.5655340Z  151 │     <<_skip::bytes-size(value), rest::bits>> = rest
desktop-promote	Generate the Hex and npm bills of materials from source	2026-09-13T03:29:39.5656320Z      │                         ~
desktop-promote	Generate the Hex and npm bills of materials from source	2026-09-13T03:29:39.5657110Z      │
desktop-promote	Generate the Hex and npm bills of materials from source	2026-09-13T03:29:39.5658140Z      └─ lib/protobuf/decoder.ex:151:25: Protobuf.Decoder.skip_delimited/5
desktop-promote	Generate the Hex and npm bills of materials from source	2026-09-13T03:29:39.5659100Z 
desktop-promote	Generate the Hex and npm bills of materials from source	2026-09-13T03:29:39.5662790Z      warning: the variable "value" is accessed inside size(...) of a bitstring but it was defined outside of the match. You must precede it with the pin operator
desktop-promote	Generate the Hex and npm bills of materials from source	2026-09-13T03:29:39.5664140Z      │
desktop-promote	Generate the Hex and npm bills of materials from source	2026-09-13T03:29:39.5664960Z  151 │     <<_skip::bytes-size(value), rest::bits>> = rest
desktop-promote	Generate the Hex and npm bills of materials from source	2026-09-13T03:29:39.5665830Z      │                         ~
desktop-promote	Generate the Hex and npm bills of materials from source	2026-09-13T03:29:39.5666620Z      │
desktop-promote	Generate the Hex and npm bills of materials from source	2026-09-13T03:29:39.5667630Z      └─ lib/protobuf/decoder.ex:151:25: Protobuf.Decoder.skip_delimited/5
desktop-promote	Generate the Hex and npm bills of materials from source	2026-09-13T03:29:39.5668380Z 
desktop-promote	Generate the Hex and npm bills of materials from source	2026-09-13T03:29:39.5672710Z      warning: the variable "value" is accessed inside size(...) of a bitstring but it was defined outside of the match. You must precede it with the pin operator
desktop-promote	Generate the Hex and npm bills of materials from source	2026-09-13T03:29:39.5673790Z      │
desktop-promote	Generate the Hex and npm bills of materials from source	2026-09-13T03:29:39.5674890Z  151 │     <<_skip::bytes-size(value), rest::bits>> = rest
desktop-promote	Generate the Hex and npm bills of materials from source	2026-09-13T03:29:39.5675730Z      │                         ~
desktop-promote	Generate the Hex and npm bills of materials from source	2026-09-13T03:29:39.5676650Z      │
desktop-promote	Generate the Hex and npm bills of materials from source	2026-09-13T03:29:39.5677570Z      └─ lib/protobuf/decoder.ex:151:25: Protobuf.Decoder.skip_delimited/5
desktop-promote	Generate the Hex and npm bills of materials from source	2026-09-13T03:29:39.5678920Z 
desktop-promote	Generate the Hex and npm bills of materials from source	2026-09-13T03:29:39.5681470Z      warning: the variable "value" is accessed inside size(...) of a bitstring but it was defined outside of the match. You must precede it with the pin operator
desktop-promote	Generate the Hex and npm bills of materials from source	2026-09-13T03:29:39.5682580Z      │
desktop-promote	Generate the Hex and npm bills of materials from source	2026-09-13T03:29:39.5683530Z  151 │     <<_skip::bytes-size(value), rest::bits>> = rest
desktop-promote	Generate the Hex and npm bills of materials from source	2026-09-13T03:29:39.5684490Z      │                         ~
desktop-promote	Generate the Hex and npm bills of materials from source	2026-09-13T03:29:39.5685360Z      │
desktop-promote	Generate the Hex and npm bills of materials from source	2026-09-13T03:29:39.5686250Z      └─ lib/protobuf/decoder.ex:151:25: Protobuf.Decoder.skip_delimited/5
desktop-promote	Generate the Hex and npm bills of materials from source	2026-09-13T03:29:39.5686970Z 
desktop-promote	Generate the Hex and npm bills of materials from source	2026-09-13T03:29:39.5688710Z      warning: the variable "length" is accessed inside size(...) of a bitstring but it was defined outside of the match. You must precede it with the pin operator
desktop-promote	Generate the Hex and npm bills of materials from source	2026-09-13T03:29:39.5689790Z      │
desktop-promote	Generate the Hex and npm bills of materials from source	2026-09-13T03:29:39.5690830Z  157 │       <<_::bits-size(length), rest::bits>> -> rest
desktop-promote	Generate the Hex and npm bills of materials from source	2026-09-13T03:29:39.5691720Z      │                      ~
desktop-promote	Generate the Hex and npm bills of materials from source	2026-09-13T03:29:39.5692430Z      │
desktop-promote	Generate the Hex and npm bills of materials from source	2026-09-13T03:29:39.5693390Z      └─ lib/protobuf/decoder.ex:157:22: Protobuf.Decoder.skip_bits/2
desktop-promote	Generate the Hex and npm bills of materials from source	2026-09-13T03:29:39.5695280Z 
desktop-promote	Generate the Hex and npm bills of materials from source	2026-09-13T03:29:39.5701910Z      warning: the variable "value" is accessed inside size(...) of a bitstring but it was defined outside of the match. You must precede it with the pin operator
desktop-promote	Generate the Hex and npm bills of materials from source	2026-09-13T03:29:39.5703220Z      │
desktop-promote	Generate the Hex and npm bills of materials from source	2026-09-13T03:29:39.5703800Z  170 │       <<bytes::bytes-size(value), rest::bits>> = rest
desktop-promote	Generate the Hex and npm bills of materials from source	2026-09-13T03:29:39.5704470Z      │                           ~
desktop-promote	Generate the Hex and npm bills of materials from source	2026-09-13T03:29:39.5704960Z      │
desktop-promote	Generate the Hex and npm bills of materials from source	2026-09-13T03:29:39.5705610Z      └─ lib/protobuf/decoder.ex:170:27: Protobuf.Decoder.decode_delimited/5
desktop-promote	Generate the Hex and npm bills of materials from source	2026-09-13T03:29:39.5706400Z 
desktop-promote	Generate the Hex and npm bills of materials from source	2026-09-13T03:29:39.5728570Z      warning: the variable "value" is accessed inside size(...) of a bitstring but it was defined outside of the match. You must precede it with the pin operator
desktop-promote	Generate the Hex and npm bills of materials from source	2026-09-13T03:29:39.5730690Z      │
desktop-promote	Generate the Hex and npm bills of materials from source	2026-09-13T03:29:39.5732250Z  170 │       <<bytes::bytes-size(value), rest::bits>> = rest
desktop-promote	Generate the Hex and npm bills of materials from source	2026-09-13T03:29:39.5732890Z      │                           ~
desktop-promote	Generate the Hex and npm bills of materials from source	2026-09-13T03:29:39.5733430Z      │
desktop-promote	Generate the Hex and npm bills of materials from source	2026-09-13T03:29:39.5733960Z      └─ lib/protobuf/decoder.ex:170:27: Protobuf.Decoder.decode_delimited/5
desktop-promote	Generate the Hex and npm bills of materials from source	2026-09-13T03:29:39.5734670Z 
desktop-promote	Generate the Hex and npm bills of materials from source	2026-09-13T03:29:39.5751030Z      warning: the variable "value" is accessed inside size(...) of a bitstring but it was defined outside of the match. You must precede it with the pin operator
desktop-promote	Generate the Hex and npm bills of materials from source	2026-09-13T03:29:39.5752510Z      │
desktop-promote	Generate the Hex and npm bills of materials from source	2026-09-13T03:29:39.5755000Z  170 │       <<bytes::bytes-size(value), rest::bits>> = rest
desktop-promote	Generate the Hex and npm bills of materials from source	2026-09-13T03:29:39.5756130Z      │                           ~
desktop-promote	Generate the Hex and npm bills of materials from source	2026-09-13T03:29:39.5756740Z      │
desktop-promote	Generate the Hex and npm bills of materials from source	2026-09-13T03:29:39.5757730Z      └─ lib/protobuf/decoder.ex:170:27: Protobuf.Decoder.decode_delimited/5
desktop-promote	Generate the Hex and npm bills of materials from source	2026-09-13T03:29:39.5758420Z 
desktop-promote	Generate the Hex and npm bills of materials from source	2026-09-13T03:29:39.5773210Z      warning: the variable "value" is accessed inside size(...) of a bitstring but it was defined outside of the match. You must precede it with the pin operator
desktop-promote	Generate the Hex and npm bills of materials from source	2026-09-13T03:29:39.5775770Z      │
desktop-promote	Generate the Hex and npm bills of materials from source	2026-09-13T03:29:39.5776990Z  170 │       <<bytes::bytes-size(value), rest::bits>> = rest
desktop-promote	Generate the Hex and npm bills of materials from source	2026-09-13T03:29:39.5780990Z      │                           ~
desktop-promote	Generate the Hex and npm bills of materials from source	2026-09-13T03:29:39.5785590Z      │
desktop-promote	Generate the Hex and npm bills of materials from source	2026-09-13T03:29:39.5787970Z      └─ lib/protobuf/decoder.ex:170:27: Protobuf.Decoder.decode_delimited/5
desktop-promote	Generate the Hex and npm bills of materials from source	2026-09-13T03:29:39.5789260Z 
desktop-promote	Generate the Hex and npm bills of materials from source	2026-09-13T03:29:39.5790380Z      warning: the variable "value" is accessed inside size(...) of a bitstring but it was defined outside of the match. You must precede it with the pin operator
desktop-promote	Generate the Hex and npm bills of materials from source	2026-09-13T03:29:39.5791120Z      │
desktop-promote	Generate the Hex and npm bills of materials from source	2026-09-13T03:29:39.5791540Z  170 │       <<bytes::bytes-size(value), rest::bits>> = rest
desktop-promote	Generate the Hex and npm bills of materials from source	2026-09-13T03:29:39.5791910Z      │                           ~
desktop-promote	Generate the Hex and npm bills of materials from source	2026-09-13T03:29:39.5792140Z      │
desktop-promote	Generate the Hex and npm bills of materials from source	2026-09-13T03:29:39.5792520Z      └─ lib/protobuf/decoder.ex:170:27: Protobuf.Decoder.decode_delimited/5
desktop-promote	Generate the Hex and npm bills of materials from source	2026-09-13T03:29:39.5792780Z 
desktop-promote	Generate the Hex and npm bills of materials from source	2026-09-13T03:29:39.5799920Z      warning: the variable "value" is accessed inside size(...) of a bitstring but it was defined outside of the match. You must precede it with the pin operator
desktop-promote	Generate the Hex and npm bills of materials from source	2026-09-13T03:29:39.5802080Z      │
desktop-promote	Generate the Hex and npm bills of materials from source	2026-09-13T03:29:39.5803910Z  170 │       <<bytes::bytes-size(value), rest::bits>> = rest
desktop-promote	Generate the Hex and npm bills of materials from source	2026-09-13T03:29:39.5806700Z      │                           ~
desktop-promote	Generate the Hex and npm bills of materials from source	2026-09-13T03:29:39.5809260Z      │
desktop-promote	Generate the Hex and npm bills of materials from source	2026-09-13T03:29:39.5810420Z      └─ lib/protobuf/decoder.ex:170:27: Protobuf.Decoder.decode_delimited/5
desktop-promote	Generate the Hex and npm bills of materials from source	2026-09-13T03:29:39.5811640Z 
desktop-promote	Generate the Hex and npm bills of materials from source	2026-09-13T03:29:39.5817580Z      warning: the variable "value" is accessed inside size(...) of a bitstring but it was defined outside of the match. You must precede it with the pin operator
desktop-promote	Generate the Hex and npm bills of materials from source	2026-09-13T03:29:39.5818920Z      │
desktop-promote	Generate the Hex and npm bills of materials from source	2026-09-13T03:29:39.5819440Z  170 │       <<bytes::bytes-size(value), rest::bits>> = rest
desktop-promote	Generate the Hex and npm bills of materials from source	2026-09-13T03:29:39.5819920Z      │                           ~
desktop-promote	Generate the Hex and npm bills of materials from source	2026-09-13T03:29:39.5820650Z      │
desktop-promote	Generate the Hex and npm bills of materials from source	2026-09-13T03:29:39.5821190Z      └─ lib/protobuf/decoder.ex:170:27: Protobuf.Decoder.decode_delimited/5
desktop-promote	Generate the Hex and npm bills of materials from source	2026-09-13T03:29:39.5821610Z 
desktop-promote	Generate the Hex and npm bills of materials from source	2026-09-13T03:29:39.5830970Z      warning: the variable "value" is accessed inside size(...) of a bitstring but it was defined outside of the match. You must precede it with the pin operator
desktop-promote	Generate the Hex and npm bills of materials from source	2026-09-13T03:29:39.5831780Z      │
desktop-promote	Generate the Hex and npm bills of materials from source	2026-09-13T03:29:39.5832360Z  170 │       <<bytes::bytes-size(value), rest::bits>> = rest
desktop-promote	Generate the Hex and npm bills of materials from source	2026-09-13T03:29:39.5832860Z      │                           ~
desktop-promote	Generate the Hex and npm bills of materials from source	2026-09-13T03:29:39.5833380Z      │
desktop-promote	Generate the Hex and npm bills of materials from source	2026-09-13T03:29:39.5834020Z      └─ lib/protobuf/decoder.ex:170:27: Protobuf.Decoder.decode_delimited/5
desktop-promote	Generate the Hex and npm bills of materials from source	2026-09-13T03:29:39.5834680Z 
desktop-promote	Generate the Hex and npm bills of materials from source	2026-09-13T03:29:39.5838850Z      warning: the variable "value" is accessed inside size(...) of a bitstring but it was defined outside of the match. You must precede it with the pin operator
desktop-promote	Generate the Hex and npm bills of materials from source	2026-09-13T03:29:39.5839580Z      │
desktop-promote	Generate the Hex and npm bills of materials from source	2026-09-13T03:29:39.5840370Z  170 │       <<bytes::bytes-size(value), rest::bits>> = rest
desktop-promote	Generate the Hex and npm bills of materials from source	2026-09-13T03:29:39.5841290Z      │                           ~
desktop-promote	Generate the Hex and npm bills of materials from source	2026-09-13T03:29:39.5841880Z      │
desktop-promote	Generate the Hex and npm bills of materials from source	2026-09-13T03:29:39.5843780Z      └─ lib/protobuf/decoder.ex:170:27: Protobuf.Decoder.decode_delimited/5
desktop-promote	Generate the Hex and npm bills of materials from source	2026-09-13T03:29:39.5845780Z 
desktop-promote	Generate the Hex and npm bills of materials from source	2026-09-13T03:29:39.5847150Z      warning: the variable "value" is accessed inside size(...) of a bitstring but it was defined outside of the match. You must precede it with the pin operator
desktop-promote	Generate the Hex and npm bills of materials from source	2026-09-13T03:29:39.5848040Z      │
desktop-promote	Generate the Hex and npm bills of materials from source	2026-09-13T03:29:39.5848610Z  170 │       <<bytes::bytes-size(value), rest::bits>> = rest
desktop-promote	Generate the Hex and npm bills of materials from source	2026-09-13T03:29:39.5849220Z      │                           ~
desktop-promote	Generate the Hex and npm bills of materials from source	2026-09-13T03:29:39.5850730Z      │
desktop-promote	Generate the Hex and npm bills of materials from source	2026-09-13T03:29:39.5852710Z      └─ lib/protobuf/decoder.ex:170:27: Protobuf.Decoder.decode_delimited/5
desktop-promote	Generate the Hex and npm bills of materials from source	2026-09-13T03:29:39.5853740Z 
desktop-promote	Generate the Hex and npm bills of materials from source	2026-09-13T03:29:40.8182690Z      warning: this clause of defp add_json_name_to_opts/3 is never used (or it will always fail/warn when invoked)
desktop-promote	Generate the Hex and npm bills of materials from source	2026-09-13T03:29:40.8183760Z      │
desktop-promote	Generate the Hex and npm bills of materials from source	2026-09-13T03:29:40.8185860Z  354 │   defp add_json_name_to_opts(opts, _syntax, _props), do: opts
desktop-promote	Generate the Hex and npm bills of materials from source	2026-09-13T03:29:40.8186430Z      │        ~
desktop-promote	Generate the Hex and npm bills of materials from source	2026-09-13T03:29:40.8186700Z      │
desktop-promote	Generate the Hex and npm bills of materials from source	2026-09-13T03:29:40.8187300Z      └─ lib/protobuf/protoc/generator/message.ex:354:8: Protobuf.Protoc.Generator.Message.add_json_name_to_opts/3
desktop-promote	Generate the Hex and npm bills of materials from source	2026-09-13T03:29:40.8187710Z 
desktop-promote	Generate the Hex and npm bills of materials from source	2026-09-13T03:29:40.8209820Z      warning: a struct for Protobuf.Protoc.Context is expected on struct update:
desktop-promote	Generate the Hex and npm bills of materials from source	2026-09-13T03:29:40.8212600Z 
desktop-promote	Generate the Hex and npm bills of materials from source	2026-09-13T03:29:40.8213460Z          %Protobuf.Protoc.Context{ctx | plugins: String.split(plugins, "+")}
desktop-promote	Generate the Hex and npm bills of materials from source	2026-09-13T03:29:40.8213800Z 
desktop-promote	Generate the Hex and npm bills of materials from source	2026-09-13T03:29:40.8214140Z      but got type:
desktop-promote	Generate the Hex and npm bills of materials from source	2026-09-13T03:29:40.8214300Z 
desktop-promote	Generate the Hex and npm bills of materials from source	2026-09-13T03:29:40.8214520Z          dynamic()
desktop-promote	Generate the Hex and npm bills of materials from source	2026-09-13T03:29:40.8214720Z 
desktop-promote	Generate the Hex and npm bills of materials from source	2026-09-13T03:29:40.8214860Z      where "ctx" was given the type:
desktop-promote	Generate the Hex and npm bills of materials from source	2026-09-13T03:29:40.8215180Z 
desktop-promote	Generate the Hex and npm bills of materials from source	2026-09-13T03:29:40.8215410Z          # type: dynamic()
desktop-promote	Generate the Hex and npm bills of materials from source	2026-09-13T03:29:40.8215740Z          # from: lib/protobuf/protoc/cli.ex:105:43
desktop-promote	Generate the Hex and npm bills of materials from source	2026-09-13T03:29:40.8215980Z          ctx
desktop-promote	Generate the Hex and npm bills of materials from source	2026-09-13T03:29:40.8216070Z 
desktop-promote	Generate the Hex and npm bills of materials from source	2026-09-13T03:29:40.8216370Z      when defining the variable "ctx", you must also pattern match on "%Protobuf.Protoc.Context{}"
desktop-promote	Generate the Hex and npm bills of materials from source	2026-09-13T03:29:40.8217170Z 
desktop-promote	Generate the Hex and npm bills of materials from source	2026-09-13T03:29:40.8217250Z      type warning found at:
desktop-promote	Generate the Hex and npm bills of materials from source	2026-09-13T03:29:40.8217610Z      │
desktop-promote	Generate the Hex and npm bills of materials from source	2026-09-13T03:29:40.8217920Z  106 │     %Context{ctx | plugins: String.split(plugins, "+")}
desktop-promote	Generate the Hex and npm bills of materials from source	2026-09-13T03:29:40.8218760Z      │     ~
desktop-promote	Generate the Hex and npm bills of materials from source	2026-09-13T03:29:40.8218900Z      │
desktop-promote	Generate the Hex and npm bills of materials from source	2026-09-13T03:29:40.8219250Z      └─ lib/protobuf/protoc/cli.ex:106:5: Protobuf.Protoc.CLI.parse_param/2
desktop-promote	Generate the Hex and npm bills of materials from source	2026-09-13T03:29:40.8219510Z 
desktop-promote	Generate the Hex and npm bills of materials from source	2026-09-13T03:29:40.8220380Z      warning: a struct for Protobuf.Protoc.Context is expected on struct update:
desktop-promote	Generate the Hex and npm bills of materials from source	2026-09-13T03:29:40.8220650Z 
desktop-promote	Generate the Hex and npm bills of materials from source	2026-09-13T03:29:40.8221000Z          %Protobuf.Protoc.Context{ctx | gen_descriptors?: true}
desktop-promote	Generate the Hex and npm bills of materials from source	2026-09-13T03:29:40.8221730Z 
desktop-promote	Generate the Hex and npm bills of materials from source	2026-09-13T03:29:40.8222140Z      but got type:
desktop-promote	Generate the Hex and npm bills of materials from source	2026-09-13T03:29:40.8226180Z 
desktop-promote	Generate the Hex and npm bills of materials from source	2026-09-13T03:29:40.8227150Z          dynamic()
desktop-promote	Generate the Hex and npm bills of materials from source	2026-09-13T03:29:40.8227460Z 
desktop-promote	Generate the Hex and npm bills of materials from source	2026-09-13T03:29:40.8227870Z      where "ctx" was given the type:
desktop-promote	Generate the Hex and npm bills of materials from source	2026-09-13T03:29:40.8228490Z 
desktop-promote	Generate the Hex and npm bills of materials from source	2026-09-13T03:29:40.8228780Z          # type: dynamic()
desktop-promote	Generate the Hex and npm bills of materials from source	2026-09-13T03:29:40.8229760Z          # from: lib/protobuf/protoc/cli.ex:109:49
desktop-promote	Generate the Hex and npm bills of materials from source	2026-09-13T03:29:40.8230320Z          ctx
desktop-promote	Generate the Hex and npm bills of materials from source	2026-09-13T03:29:40.8230710Z 
desktop-promote	Generate the Hex and npm bills of materials from source	2026-09-13T03:29:40.8231240Z      when defining the variable "ctx", you must also pattern match on "%Protobuf.Protoc.Context{}"
desktop-promote	Generate the Hex and npm bills of materials from source	2026-09-13T03:29:40.8232180Z 
desktop-promote	Generate the Hex and npm bills of materials from source	2026-09-13T03:29:40.8232610Z      type warning found at:
desktop-promote	Generate the Hex and npm bills of materials from source	2026-09-13T03:29:40.8233070Z      │
desktop-promote	Generate the Hex and npm bills of materials from source	2026-09-13T03:29:40.8233510Z  112 │         %Context{ctx | gen_descriptors?: true}
desktop-promote	Generate the Hex and npm bills of materials from source	2026-09-13T03:29:40.8233790Z      │         ~
desktop-promote	Generate the Hex and npm bills of materials from source	2026-09-13T03:29:40.8234000Z      │
desktop-promote	Generate the Hex and npm bills of materials from source	2026-09-13T03:29:40.8234360Z      └─ lib/protobuf/protoc/cli.ex:112:9: Protobuf.Protoc.CLI.parse_param/2
desktop-promote	Generate the Hex and npm bills of materials from source	2026-09-13T03:29:40.8234700Z 
desktop-promote	Generate the Hex and npm bills of materials from source	2026-09-13T03:29:40.8235230Z     warning: a struct for Protobuf.Protoc.Context is expected on struct update:
desktop-promote	Generate the Hex and npm bills of materials from source	2026-09-13T03:29:40.8235680Z 
desktop-promote	Generate the Hex and npm bills of materials from source	2026-09-13T03:29:40.8235880Z         %Protobuf.Protoc.Context{
desktop-promote	Generate the Hex and npm bills of materials from source	2026-09-13T03:29:40.8236540Z           ctx
desktop-promote	Generate the Hex and npm bills of materials from source	2026-09-13T03:29:40.8237060Z           | comments: Protobuf.Protoc.Generator.Comment.parse(desc),
desktop-promote	Generate the Hex and npm bills of materials from source	2026-09-13T03:29:40.8238470Z             syntax: syntax(desc.syntax),
desktop-promote	Generate the Hex and npm bills of materials from source	2026-09-13T03:29:40.8239460Z             package: desc.package,
desktop-promote	Generate the Hex and npm bills of materials from source	2026-09-13T03:29:40.8241520Z             dep_type_mapping: get_dep_type_mapping(ctx, desc.dependency, desc.name)
desktop-promote	Generate the Hex and npm bills of materials from source	2026-09-13T03:29:40.8252630Z         }
desktop-promote	Generate the Hex and npm bills of materials from source	2026-09-13T03:29:40.8256880Z 
desktop-promote	Generate the Hex and npm bills of materials from source	2026-09-13T03:29:40.8258010Z     but got type:
desktop-promote	Generate the Hex and npm bills of materials from source	2026-09-13T03:29:40.8258890Z 
desktop-promote	Generate the Hex and npm bills of materials from source	2026-09-13T03:29:40.8259570Z         dynamic()
desktop-promote	Generate the Hex and npm bills of materials from source	2026-09-13T03:29:40.8260320Z 
desktop-promote	Generate the Hex and npm bills of materials from source	2026-09-13T03:29:40.8262690Z     where "ctx" was given the type:
desktop-promote	Generate the Hex and npm bills of materials from source	2026-09-13T03:29:40.8264510Z 
desktop-promote	Generate the Hex and npm bills of materials from source	2026-09-13T03:29:40.8268960Z         # type: dynamic()
desktop-promote	Generate the Hex and npm bills of materials from source	2026-09-13T03:29:40.8270590Z         # from: lib/protobuf/protoc/generator.ex:35:36
desktop-promote	Generate the Hex and npm bills of materials from source	2026-09-13T03:29:40.8271420Z         ctx
desktop-promote	Generate the Hex and npm bills of materials from source	2026-09-13T03:29:40.8272290Z 
desktop-promote	Generate the Hex and npm bills of materials from source	2026-09-13T03:29:40.8273320Z     when defining the variable "ctx", you must also pattern match on "%Protobuf.Protoc.Context{}"
desktop-promote	Generate the Hex and npm bills of materials from source	2026-09-13T03:29:40.8274190Z 
desktop-promote	Generate the Hex and npm bills of materials from source	2026-09-13T03:29:40.8274930Z     type warning found at:
desktop-promote	Generate the Hex and npm bills of materials from source	2026-09-13T03:29:40.8275910Z     │
desktop-promote	Generate the Hex and npm bills of materials from source	2026-09-13T03:29:40.8276700Z  37 │       %Context{
desktop-promote	Generate the Hex and npm bills of materials from source	2026-09-13T03:29:40.8279840Z     │       ~
desktop-promote	Generate the Hex and npm bills of materials from source	2026-09-13T03:29:40.8281660Z     │
desktop-promote	Generate the Hex and npm bills of materials from source	2026-09-13T03:29:40.8284080Z     └─ lib/protobuf/protoc/generator.ex:37:7: Protobuf.Protoc.Generator.generate_module_definitions/2
desktop-promote	Generate the Hex and npm bills of materials from source	2026-09-13T03:29:40.8286230Z 
desktop-promote	Generate the Hex and npm bills of materials from source	2026-09-13T03:29:40.8291540Z      warning: a struct for Protobuf.Protoc.Context is expected on struct update:
desktop-promote	Generate the Hex and npm bills of materials from source	2026-09-13T03:29:40.8294600Z 
desktop-promote	Generate the Hex and npm bills of materials from source	2026-09-13T03:29:40.8295960Z          %Protobuf.Protoc.Context{ctx | package_prefix: package}
desktop-promote	Generate the Hex and npm bills of materials from source	2026-09-13T03:29:40.8297500Z 
desktop-promote	Generate the Hex and npm bills of materials from source	2026-09-13T03:29:40.8298330Z      but got type:
desktop-promote	Generate the Hex and npm bills of materials from source	2026-09-13T03:29:40.8300700Z 
desktop-promote	Generate the Hex and npm bills of materials from source	2026-09-13T03:29:40.8301300Z          dynamic()
desktop-promote	Generate the Hex and npm bills of materials from source	2026-09-13T03:29:40.8302260Z 
desktop-promote	Generate the Hex and npm bills of materials from source	2026-09-13T03:29:40.8302970Z      where "ctx" was given the type:
desktop-promote	Generate the Hex and npm bills of materials from source	2026-09-13T03:29:40.8304030Z 
desktop-promote	Generate the Hex and npm bills of materials from source	2026-09-13T03:29:40.8304570Z          # type: dynamic()
desktop-promote	Generate the Hex and npm bills of materials from source	2026-09-13T03:29:40.8306000Z          # from: lib/protobuf/protoc/cli.ex:119:50
desktop-promote	Generate the Hex and npm bills of materials from source	2026-09-13T03:29:40.8308470Z          ctx
desktop-promote	Generate the Hex and npm bills of materials from source	2026-09-13T03:29:40.8313200Z 
desktop-promote	Generate the Hex and npm bills of materials from source	2026-09-13T03:29:40.8316440Z      when defining the variable "ctx", you must also pattern match on "%Protobuf.Protoc.Context{}"
desktop-promote	Generate the Hex and npm bills of materials from source	2026-09-13T03:29:40.8316810Z 
desktop-promote	Generate the Hex and npm bills of materials from source	2026-09-13T03:29:40.8317130Z      type warning found at:
desktop-promote	Generate the Hex and npm bills of materials from source	2026-09-13T03:29:40.8318180Z      │
desktop-promote	Generate the Hex and npm bills of materials from source	2026-09-13T03:29:40.8318470Z  123 │       %Context{ctx | package_prefix: package}
desktop-promote	Generate the Hex and npm bills of materials from source	2026-09-13T03:29:40.8318740Z      │       ~
desktop-promote	Generate the Hex and npm bills of materials from source	2026-09-13T03:29:40.8319150Z      │
desktop-promote	Generate the Hex and npm bills of materials from source	2026-09-13T03:29:40.8319520Z      └─ lib/protobuf/protoc/cli.ex:123:7: Protobuf.Protoc.CLI.parse_param/2
desktop-promote	Generate the Hex and npm bills of materials from source	2026-09-13T03:29:40.8319780Z 
desktop-promote	Generate the Hex and npm bills of materials from source	2026-09-13T03:29:40.8320370Z     warning: a struct for Protobuf.Protoc.Context is expected on struct update:
desktop-promote	Generate the Hex and npm bills of materials from source	2026-09-13T03:29:40.8320680Z 
desktop-promote	Generate the Hex and npm bills of materials from source	2026-09-13T03:29:40.8322090Z         %Protobuf.Protoc.Context{
desktop-promote	Generate the Hex and npm bills of materials from source	2026-09-13T03:29:40.8324370Z           Protobuf.Protoc.Context.append_comment_path(ctx, <<"6.", to_string(index)::binary>>)
desktop-promote	Generate the Hex and npm bills of materials from source	2026-09-13T03:29:40.8327380Z           | namespace: ctx.namespace ++ [Macro.camelize(desc.name)]
desktop-promote	Generate the Hex and npm bills of materials from source	2026-09-13T03:29:40.8330290Z         }
desktop-promote	Generate the Hex and npm bills of materials from source	2026-09-13T03:29:40.8330830Z 
desktop-promote	Generate the Hex and npm bills of materials from source	2026-09-13T03:29:40.8331210Z     but got type:
desktop-promote	Generate the Hex and npm bills of materials from source	2026-09-13T03:29:40.8331570Z 
desktop-promote	Generate the Hex and npm bills of materials from source	2026-09-13T03:29:40.8331910Z         dynamic(%{..., current_comment_path: term()})
desktop-promote	Generate the Hex and npm bills of materials from source	2026-09-13T03:29:40.8332520Z 
desktop-promote	Generate the Hex and npm bills of materials from source	2026-09-13T03:29:40.8332830Z     where "ctx" was given the types:
desktop-promote	Generate the Hex and npm bills of materials from source	2026-09-13T03:29:40.8334160Z 
desktop-promote	Generate the Hex and npm bills of materials from source	2026-09-13T03:29:40.8334590Z         # type: dynamic(%Protobuf.Protoc.Context{})
desktop-promote	Generate the Hex and npm bills of materials from source	2026-09-13T03:29:40.8335260Z         # from: lib/protobuf/protoc/generator/extension.ex:84:48
desktop-promote	Generate the Hex and npm bills of materials from source	2026-09-13T03:29:40.8335910Z         %Protobuf.Protoc.Context{} = ctx
desktop-promote	Generate the Hex and npm bills of materials from source	2026-09-13T03:29:40.8339080Z 
desktop-promote	Generate the Hex and npm bills of materials from source	2026-09-13T03:29:40.8341440Z         # type: dynamic(%Protobuf.Protoc.Context{current_comment_path: binary()})
desktop-promote	Generate the Hex and npm bills of materials from source	2026-09-13T03:29:40.8344020Z         # from: lib/protobuf/protoc/generator/extension.ex:88:31
desktop-promote	Generate the Hex and npm bills of materials from source	2026-09-13T03:29:40.8345970Z         Protobuf.Protoc.Context.append_comment_path(ctx, <<"7.", to_string(index)::binary>>)
desktop-promote	Generate the Hex and npm bills of materials from source	2026-09-13T03:29:40.8347120Z 
desktop-promote	Generate the Hex and npm bills of materials from source	2026-09-13T03:29:40.8348430Z     where "index" was given the type:
desktop-promote	Generate the Hex and npm bills of materials from source	2026-09-13T03:29:40.8354470Z 
desktop-promote	Generate the Hex and npm bills of materials from source	2026-09-13T03:29:40.8355120Z         # type: dynamic()
desktop-promote	Generate the Hex and npm bills of materials from source	2026-09-13T03:29:40.8356580Z         # from: lib/protobuf/protoc/generator/extension.ex
desktop-promote	Generate the Hex and npm bills of materials from source	2026-09-13T03:29:40.8357030Z         {desc, index}
desktop-promote	Generate the Hex and npm bills of materials from source	2026-09-13T03:29:40.8357330Z 
desktop-promote	Generate the Hex and npm bills of materials from source	2026-09-13T03:29:40.8358350Z     you must assign "Protobuf.Protoc.Context.append_comment_path(ctx, <<"6.", String.Chars.to_string(index)::binary>>)" to variable and pattern match on "%Protobuf.Protoc.Context{}"
desktop-promote	Generate the Hex and npm bills of materials from source	2026-09-13T03:29:40.8360620Z 
desktop-promote	Generate the Hex and npm bills of materials from source	2026-09-13T03:29:40.8362090Z     type warning found at:
desktop-promote	Generate the Hex and npm bills of materials from source	2026-09-13T03:29:40.8364120Z     │
desktop-promote	Generate the Hex and npm bills of materials from source	2026-09-13T03:29:40.8369660Z  90 │           %Context{
desktop-promote	Generate the Hex and npm bills of materials from source	2026-09-13T03:29:40.8370180Z     │           ~
desktop-promote	Generate the Hex and npm bills of materials from source	2026-09-13T03:29:40.8370480Z     │
desktop-promote	Generate the Hex and npm bills of materials from source	2026-09-13T03:29:40.8371300Z     └─ lib/protobuf/protoc/generator/extension.ex:90:11: Protobuf.Protoc.Generator.Extension.get_extensions_from_messages/3
desktop-promote	Generate the Hex and npm bills of materials from source	2026-09-13T03:29:40.8371840Z 
desktop-promote	Generate the Hex and npm bills of materials from source	2026-09-13T03:29:40.8372290Z      warning: a struct for Protobuf.Protoc.Context is expected on struct update:
desktop-promote	Generate the Hex and npm bills of materials from source	2026-09-13T03:29:40.8372700Z 
desktop-promote	Generate the Hex and npm bills of materials from source	2026-09-13T03:29:40.8373140Z          %Protobuf.Protoc.Context{ctx | transform_module: Module.concat([module])}
desktop-promote	Generate the Hex and npm bills of materials from source	2026-09-13T03:29:40.8373820Z 
desktop-promote	Generate the Hex and npm bills of materials from source	2026-09-13T03:29:40.8374070Z      but got type:
desktop-promote	Generate the Hex and npm bills of materials from source	2026-09-13T03:29:40.8375010Z 
desktop-promote	Generate the Hex and npm bills of materials from source	2026-09-13T03:29:40.8375370Z          dynamic()
desktop-promote	Generate the Hex and npm bills of materials from source	2026-09-13T03:29:40.8375650Z 
desktop-promote	Generate the Hex and npm bills of materials from source	2026-09-13T03:29:40.8375900Z      where "ctx" was given the type:
desktop-promote	Generate the Hex and npm bills of materials from source	2026-09-13T03:29:40.8376200Z 
desktop-promote	Generate the Hex and npm bills of materials from source	2026-09-13T03:29:40.8376450Z          # type: dynamic()
desktop-promote	Generate the Hex and npm bills of materials from source	2026-09-13T03:29:40.8377180Z          # from: lib/protobuf/protoc/cli.ex:127:51
desktop-promote	Generate the Hex and npm bills of materials from source	2026-09-13T03:29:40.8377430Z          ctx
desktop-promote	Generate the Hex and npm bills of materials from source	2026-09-13T03:29:40.8378800Z 
desktop-promote	Generate the Hex and npm bills of materials from source	2026-09-13T03:29:40.8379520Z      when defining the variable "ctx", you must also pattern match on "%Protobuf.Protoc.Context{}"
desktop-promote	Generate the Hex and npm bills of materials from source	2026-09-13T03:29:40.8380370Z 
desktop-promote	Generate the Hex and npm bills of materials from source	2026-09-13T03:29:40.8380590Z      type warning found at:
desktop-promote	Generate the Hex and npm bills of materials from source	2026-09-13T03:29:40.8382500Z      │
desktop-promote	Generate the Hex and npm bills of materials from source	2026-09-13T03:29:40.8383830Z  128 │     %Context{ctx | transform_module: Module.concat([module])}
desktop-promote	Generate the Hex and npm bills of materials from source	2026-09-13T03:29:40.8384280Z      │     ~
desktop-promote	Generate the Hex and npm bills of materials from source	2026-09-13T03:29:40.8384580Z      │
desktop-promote	Generate the Hex and npm bills of materials from source	2026-09-13T03:29:40.8385180Z      └─ lib/protobuf/protoc/cli.ex:128:5: Protobuf.Protoc.CLI.parse_param/2
desktop-promote	Generate the Hex and npm bills of materials from source	2026-09-13T03:29:40.8385620Z 
desktop-promote	Generate the Hex and npm bills of materials from source	2026-09-13T03:29:40.8385990Z      warning: a struct for Protobuf.Protoc.Context is expected on struct update:
desktop-promote	Generate the Hex and npm bills of materials from source	2026-09-13T03:29:40.8387240Z 
desktop-promote	Generate the Hex and npm bills of materials from source	2026-09-13T03:29:40.8387580Z          %Protobuf.Protoc.Context{ctx | one_file_per_module?: true}
desktop-promote	Generate the Hex and npm bills of materials from source	2026-09-13T03:29:40.8387940Z 
desktop-promote	Generate the Hex and npm bills of materials from source	2026-09-13T03:29:40.8388130Z      but got type:
desktop-promote	Generate the Hex and npm bills of materials from source	2026-09-13T03:29:40.8388370Z 
desktop-promote	Generate the Hex and npm bills of materials from source	2026-09-13T03:29:40.8389240Z          dynamic()
desktop-promote	Generate the Hex and npm bills of materials from source	2026-09-13T03:29:40.8389500Z 
desktop-promote	Generate the Hex and npm bills of materials from source	2026-09-13T03:29:40.8389730Z      where "ctx" was given the type:
desktop-promote	Generate the Hex and npm bills of materials from source	2026-09-13T03:29:40.8390390Z 
desktop-promote	Generate the Hex and npm bills of materials from source	2026-09-13T03:29:40.8390670Z          # type: dynamic()
desktop-promote	Generate the Hex and npm bills of materials from source	2026-09-13T03:29:40.8391100Z          # from: lib/protobuf/protoc/cli.ex:131:53
desktop-promote	Generate the Hex and npm bills of materials from source	2026-09-13T03:29:40.8391470Z          ctx
desktop-promote	Generate the Hex and npm bills of materials from source	2026-09-13T03:29:40.8391690Z 
desktop-promote	Generate the Hex and npm bills of materials from source	2026-09-13T03:29:40.8393010Z      when defining the variable "ctx", you must also pattern match on "%Protobuf.Protoc.Context{}"
desktop-promote	Generate the Hex and npm bills of materials from source	2026-09-13T03:29:40.8393350Z 
desktop-promote	Generate the Hex and npm bills of materials from source	2026-09-13T03:29:40.8395120Z      type warning found at:
desktop-promote	Generate the Hex and npm bills of materials from source	2026-09-13T03:29:40.8398320Z      │
desktop-promote	Generate the Hex and npm bills of materials from source	2026-09-13T03:29:40.8399320Z  134 │         %Context{ctx | one_file_per_module?: true}
desktop-promote	Generate the Hex and npm bills of materials from source	2026-09-13T03:29:40.8399640Z      │         ~
desktop-promote	Generate the Hex and npm bills of materials from source	2026-09-13T03:29:40.8401250Z      │
desktop-promote	Generate the Hex and npm bills of materials from source	2026-09-13T03:29:40.8402330Z      └─ lib/protobuf/protoc/cli.ex:134:9: Protobuf.Protoc.CLI.parse_param/2
desktop-promote	Generate the Hex and npm bills of materials from source	2026-09-13T03:29:40.8403020Z 
desktop-promote	Generate the Hex and npm bills of materials from source	2026-09-13T03:29:40.8405230Z      warning: a struct for Protobuf.Protoc.Context is expected on struct update:
desktop-promote	Generate the Hex and npm bills of materials from source	2026-09-13T03:29:40.8405680Z 
desktop-promote	Generate the Hex and npm bills of materials from source	2026-09-13T03:29:40.8406530Z          %Protobuf.Protoc.Context{ctx | include_docs?: true}
desktop-promote	Generate the Hex and npm bills of materials from source	2026-09-13T03:29:40.8407140Z 
desktop-promote	Generate the Hex and npm bills of materials from source	2026-09-13T03:29:40.8407450Z      but got type:
desktop-promote	Generate the Hex and npm bills of materials from source	2026-09-13T03:29:40.8407790Z 
desktop-promote	Generate the Hex and npm bills of materials from source	2026-09-13T03:29:40.8408080Z          dynamic()
desktop-promote	Generate the Hex and npm bills of materials from source	2026-09-13T03:29:40.8408540Z 
desktop-promote	Generate the Hex and npm bills of materials from source	2026-09-13T03:29:40.8408880Z      where "ctx" was given the type:
desktop-promote	Generate the Hex and npm bills of materials from source	2026-09-13T03:29:40.8409240Z 
desktop-promote	Generate the Hex and npm bills of materials from source	2026-09-13T03:29:40.8409540Z          # type: dynamic()
desktop-promote	Generate the Hex and npm bills of materials from source	2026-09-13T03:29:40.8410350Z          # from: lib/protobuf/protoc/cli.ex:141:46
desktop-promote	Generate the Hex and npm bills of materials from source	2026-09-13T03:29:40.8413720Z          ctx
desktop-promote	Generate the Hex and npm bills of materials from source	2026-09-13T03:29:40.8414680Z 
desktop-promote	Generate the Hex and npm bills of materials from source	2026-09-13T03:29:40.8416890Z      when defining the variable "ctx", you must also pattern match on "%Protobuf.Protoc.Context{}"
desktop-promote	Generate the Hex and npm bills of materials from source	2026-09-13T03:29:40.8419750Z 
desktop-promote	Generate the Hex and npm bills of materials from source	2026-09-13T03:29:40.8420380Z      type warning found at:
desktop-promote	Generate the Hex and npm bills of materials from source	2026-09-13T03:29:40.8420710Z      │
desktop-promote	Generate the Hex and npm bills of materials from source	2026-09-13T03:29:40.8420980Z  144 │         %Context{ctx | include_docs?: true}
desktop-promote	Generate the Hex and npm bills of materials from source	2026-09-13T03:29:40.8421240Z      │         ~
desktop-promote	Generate the Hex and npm bills of materials from source	2026-09-13T03:29:40.8421770Z      │
desktop-promote	Generate the Hex and npm bills of materials from source	2026-09-13T03:29:40.8422170Z      └─ lib/protobuf/protoc/cli.ex:144:9: Protobuf.Protoc.CLI.parse_param/2
desktop-promote	Generate the Hex and npm bills of materials from source	2026-09-13T03:29:40.8422430Z 
desktop-promote	Generate the Hex and npm bills of materials from source	2026-09-13T03:29:40.8425200Z      warning: a struct for Protobuf.FieldProps is expected on struct update:
desktop-promote	Generate the Hex and npm bills of materials from source	2026-09-13T03:29:40.8425520Z 
desktop-promote	Generate the Hex and npm bills of materials from source	2026-09-13T03:29:40.8425710Z          %Protobuf.FieldProps{acc | optional?: optional?}
desktop-promote	Generate the Hex and npm bills of materials from source	2026-09-13T03:29:40.8426150Z 
desktop-promote	Generate the Hex and npm bills of materials from source	2026-09-13T03:29:40.8426220Z      but got type:
desktop-promote	Generate the Hex and npm bills of materials from source	2026-09-13T03:29:40.8426440Z 
desktop-promote	Generate the Hex and npm bills of materials from source	2026-09-13T03:29:40.8426510Z          dynamic()
desktop-promote	Generate the Hex and npm bills of materials from source	2026-09-13T03:29:40.8426600Z 
desktop-promote	Generate the Hex and npm bills of materials from source	2026-09-13T03:29:40.8426730Z      where "acc" was given the type:
desktop-promote	Generate the Hex and npm bills of materials from source	2026-09-13T03:29:40.8426870Z 
desktop-promote	Generate the Hex and npm bills of materials from source	2026-09-13T03:29:40.8426940Z          # type: dynamic()
desktop-promote	Generate the Hex and npm bills of materials from source	2026-09-13T03:29:40.8427190Z          # from: lib/protobuf/dsl.ex:328:31
desktop-promote	Generate the Hex and npm bills of materials from source	2026-09-13T03:29:40.8427400Z          acc
desktop-promote	Generate the Hex and npm bills of materials from source	2026-09-13T03:29:40.8427490Z 
desktop-promote	Generate the Hex and npm bills of materials from source	2026-09-13T03:29:40.8427760Z      when defining the variable "acc", you must also pattern match on "%Protobuf.FieldProps{}"
desktop-promote	Generate the Hex and npm bills of materials from source	2026-09-13T03:29:40.8428060Z 
desktop-promote	Generate the Hex and npm bills of materials from source	2026-09-13T03:29:40.8428170Z      type warning found at:
desktop-promote	Generate the Hex and npm bills of materials from source	2026-09-13T03:29:40.8428380Z      │
desktop-promote	Generate the Hex and npm bills of materials from source	2026-09-13T03:29:40.8428640Z  329 │         %FieldProps{acc | optional?: optional?}
desktop-promote	Generate the Hex and npm bills of materials from source	2026-09-13T03:29:40.8428900Z      │         ~
desktop-promote	Generate the Hex and npm bills of materials from source	2026-09-13T03:29:40.8429090Z      │
desktop-promote	Generate the Hex and npm bills of materials from source	2026-09-13T03:29:40.8429500Z      └─ lib/protobuf/dsl.ex:329:9: Protobuf.DSL.parse_field_opts_to_field_props/2
desktop-promote	Generate the Hex and npm bills of materials from source	2026-09-13T03:29:40.8429760Z 
desktop-promote	Generate the Hex and npm bills of materials from source	2026-09-13T03:29:40.8455680Z      warning: a struct for Protobuf.FieldProps is expected on struct update:
desktop-promote	Generate the Hex and npm bills of materials from source	2026-09-13T03:29:40.8455990Z 
desktop-promote	Generate the Hex and npm bills of materials from source	2026-09-13T03:29:40.8456360Z          %Protobuf.FieldProps{acc | proto3_optional?: proto3_optional?}
desktop-promote	Generate the Hex and npm bills of materials from source	2026-09-13T03:29:40.8456630Z 
desktop-promote	Generate the Hex and npm bills of materials from source	2026-09-13T03:29:40.8457590Z      but got type:
desktop-promote	Generate the Hex and npm bills of materials from source	2026-09-13T03:29:40.8457970Z 
desktop-promote	Generate the Hex and npm bills of materials from source	2026-09-13T03:29:40.8458980Z          dynamic()
desktop-promote	Generate the Hex and npm bills of materials from source	2026-09-13T03:29:40.8459260Z 
desktop-promote	Generate the Hex and npm bills of materials from source	2026-09-13T03:29:40.8459560Z      where "acc" was given the type:
desktop-promote	Generate the Hex and npm bills of materials from source	2026-09-13T03:29:40.8459950Z 
desktop-promote	Generate the Hex and npm bills of materials from source	2026-09-13T03:29:40.8460160Z          # type: dynamic()
desktop-promote	Generate the Hex and npm bills of materials from source	2026-09-13T03:29:40.8460820Z          # from: lib/protobuf/dsl.ex:331:45
desktop-promote	Generate the Hex and npm bills of materials from source	2026-09-13T03:29:40.8461470Z          acc
desktop-promote	Generate the Hex and npm bills of materials from source	2026-09-13T03:29:40.8461740Z 
desktop-promote	Generate the Hex and npm bills of materials from source	2026-09-13T03:29:40.8462460Z      when defining the variable "acc", you must also pattern match on "%Protobuf.FieldProps{}"
desktop-promote	Generate the Hex and npm bills of materials from source	2026-09-13T03:29:40.8463250Z 
desktop-promote	Generate the Hex and npm bills of materials from source	2026-09-13T03:29:40.8463460Z      type warning found at:
desktop-promote	Generate the Hex and npm bills of materials from source	2026-09-13T03:29:40.8464280Z      │
desktop-promote	Generate the Hex and npm bills of materials from source	2026-09-13T03:29:40.8465110Z  332 │         %FieldProps{acc | proto3_optional?: proto3_optional?}
desktop-promote	Generate the Hex and npm bills of materials from source	2026-09-13T03:29:40.8465900Z      │         ~
desktop-promote	Generate the Hex and npm bills of materials from source	2026-09-13T03:29:40.8466340Z      │
desktop-promote	Generate the Hex and npm bills of materials from source	2026-09-13T03:29:40.8467880Z      └─ lib/protobuf/dsl.ex:332:9: Protobuf.DSL.parse_field_opts_to_field_props/2
desktop-promote	Generate the Hex and npm bills of materials from source	2026-09-13T03:29:40.8468340Z 
desktop-promote	Generate the Hex and npm bills of materials from source	2026-09-13T03:29:40.8490570Z      warning: a struct for Protobuf.FieldProps is expected on struct update:
desktop-promote	Generate the Hex and npm bills of materials from source	2026-09-13T03:29:40.8490910Z 
desktop-promote	Generate the Hex and npm bills of materials from source	2026-09-13T03:29:40.8491070Z          %Protobuf.FieldProps{acc | required?: required?}
desktop-promote	Generate the Hex and npm bills of materials from source	2026-09-13T03:29:40.8491260Z 
desktop-promote	Generate the Hex and npm bills of materials from source	2026-09-13T03:29:40.8491330Z      but got type:
desktop-promote	Generate the Hex and npm bills of materials from source	2026-09-13T03:29:40.8491430Z 
desktop-promote	Generate the Hex and npm bills of materials from source	2026-09-13T03:29:40.8491510Z          dynamic()
desktop-promote	Generate the Hex and npm bills of materials from source	2026-09-13T03:29:40.8491630Z 
desktop-promote	Generate the Hex and npm bills of materials from source	2026-09-13T03:29:40.8491760Z      where "acc" was given the type:
desktop-promote	Generate the Hex and npm bills of materials from source	2026-09-13T03:29:40.8491940Z 
desktop-promote	Generate the Hex and npm bills of materials from source	2026-09-13T03:29:40.8492010Z          # type: dynamic()
desktop-promote	Generate the Hex and npm bills of materials from source	2026-09-13T03:29:40.8492250Z          # from: lib/protobuf/dsl.ex:334:31
desktop-promote	Generate the Hex and npm bills of materials from source	2026-09-13T03:29:40.8492460Z          acc
desktop-promote	Generate the Hex and npm bills of materials from source	2026-09-13T03:29:40.8492550Z 
desktop-promote	Generate the Hex and npm bills of materials from source	2026-09-13T03:29:40.8492830Z      when defining the variable "acc", you must also pattern match on "%Protobuf.FieldProps{}"
desktop-promote	Generate the Hex and npm bills of materials from source	2026-09-13T03:29:40.8493120Z 
desktop-promote	Generate the Hex and npm bills of materials from source	2026-09-13T03:29:40.8493190Z      type warning found at:
desktop-promote	Generate the Hex and npm bills of materials from source	2026-09-13T03:29:40.8494070Z      │
desktop-promote	Generate the Hex and npm bills of materials from source	2026-09-13T03:29:40.8494340Z  335 │         %FieldProps{acc | required?: required?}
desktop-promote	Generate the Hex and npm bills of materials from source	2026-09-13T03:29:40.8494610Z      │         ~
desktop-promote	Generate the Hex and npm bills of materials from source	2026-09-13T03:29:40.8494780Z      │
desktop-promote	Generate the Hex and npm bills of materials from source	2026-09-13T03:29:40.8495150Z      └─ lib/protobuf/dsl.ex:335:9: Protobuf.DSL.parse_field_opts_to_field_props/2
desktop-promote	Generate the Hex and npm bills of materials from source	2026-09-13T03:29:40.8495420Z 
desktop-promote	Generate the Hex and npm bills of materials from source	2026-09-13T03:29:40.8516120Z      warning: a struct for Protobuf.FieldProps is expected on struct update:
desktop-promote	Generate the Hex and npm bills of materials from source	2026-09-13T03:29:40.8518000Z 
desktop-promote	Generate the Hex and npm bills of materials from source	2026-09-13T03:29:40.8519260Z          %Protobuf.FieldProps{acc | enum?: enum?}
desktop-promote	Generate the Hex and npm bills of materials from source	2026-09-13T03:29:40.8519850Z 
desktop-promote	Generate the Hex and npm bills of materials from source	2026-09-13T03:29:40.8520040Z      but got type:
desktop-promote	Generate the Hex and npm bills of materials from source	2026-09-13T03:29:40.8520320Z 
desktop-promote	Generate the Hex and npm bills of materials from source	2026-09-13T03:29:40.8520510Z          dynamic()
desktop-promote	Generate the Hex and npm bills of materials from source	2026-09-13T03:29:40.8520770Z 
desktop-promote	Generate the Hex and npm bills of materials from source	2026-09-13T03:29:40.8521070Z      where "acc" was given the type:
desktop-promote	Generate the Hex and npm bills of materials from source	2026-09-13T03:29:40.8521470Z 
desktop-promote	Generate the Hex and npm bills of materials from source	2026-09-13T03:29:40.8521670Z          # type: dynamic()
desktop-promote	Generate the Hex and npm bills of materials from source	2026-09-13T03:29:40.8522280Z          # from: lib/protobuf/dsl.ex:337:23
desktop-promote	Generate the Hex and npm bills of materials from source	2026-09-13T03:29:40.8522860Z          acc
desktop-promote	Generate the Hex and npm bills of materials from source	2026-09-13T03:29:40.8523110Z 
desktop-promote	Generate the Hex and npm bills of materials from source	2026-09-13T03:29:40.8523890Z      when defining the variable "acc", you must also pattern match on "%Protobuf.FieldProps{}"
desktop-promote	Generate the Hex and npm bills of materials from source	2026-09-13T03:29:40.8524670Z 
desktop-promote	Generate the Hex and npm bills of materials from source	2026-09-13T03:29:40.8524890Z      type warning found at:
desktop-promote	Generate the Hex and npm bills of materials from source	2026-09-13T03:29:40.8526200Z      │
desktop-promote	Generate the Hex and npm bills of materials from source	2026-09-13T03:29:40.8526550Z  338 │         %FieldProps{acc | enum?: enum?}
desktop-promote	Generate the Hex and npm bills of materials from source	2026-09-13T03:29:40.8526860Z      │         ~
desktop-promote	Generate the Hex and npm bills of materials from source	2026-09-13T03:29:40.8527010Z      │
desktop-promote	Generate the Hex and npm bills of materials from source	2026-09-13T03:29:40.8527370Z      └─ lib/protobuf/dsl.ex:338:9: Protobuf.DSL.parse_field_opts_to_field_props/2
desktop-promote	Generate the Hex and npm bills of materials from source	2026-09-13T03:29:40.8528290Z 
desktop-promote	Generate the Hex and npm bills of materials from source	2026-09-13T03:29:40.8549760Z      warning: a struct for Protobuf.FieldProps is expected on struct update:
desktop-promote	Generate the Hex and npm bills of materials from source	2026-09-13T03:29:40.8550080Z 
desktop-promote	Generate the Hex and npm bills of materials from source	2026-09-13T03:29:40.8550240Z          %Protobuf.FieldProps{acc | map?: map?}
desktop-promote	Generate the Hex and npm bills of materials from source	2026-09-13T03:29:40.8550460Z 
desktop-promote	Generate the Hex and npm bills of materials from source	2026-09-13T03:29:40.8550540Z      but got type:
desktop-promote	Generate the Hex and npm bills of materials from source	2026-09-13T03:29:40.8550650Z 
desktop-promote	Generate the Hex and npm bills of materials from source	2026-09-13T03:29:40.8550720Z          dynamic()
desktop-promote	Generate the Hex and npm bills of materials from source	2026-09-13T03:29:40.8550820Z 
desktop-promote	Generate the Hex and npm bills of materials from source	2026-09-13T03:29:40.8550940Z      where "acc" was given the type:
desktop-promote	Generate the Hex and npm bills of materials from source	2026-09-13T03:29:40.8551150Z 
desktop-promote	Generate the Hex and npm bills of materials from source	2026-09-13T03:29:40.8551240Z          # type: dynamic()
desktop-promote	Generate the Hex and npm bills of materials from source	2026-09-13T03:29:40.8551480Z          # from: lib/protobuf/dsl.ex:340:21
desktop-promote	Generate the Hex and npm bills of materials from source	2026-09-13T03:29:40.8552140Z          acc
desktop-promote	Generate the Hex and npm bills of materials from source	2026-09-13T03:29:40.8552230Z 
desktop-promote	Generate the Hex and npm bills of materials from source	2026-09-13T03:29:40.8552500Z      when defining the variable "acc", you must also pattern match on "%Protobuf.FieldProps{}"
desktop-promote	Generate the Hex and npm bills of materials from source	2026-09-13T03:29:40.8552830Z 
desktop-promote	Generate the Hex and npm bills of materials from source	2026-09-13T03:29:40.8552910Z      type warning found at:
desktop-promote	Generate the Hex and npm bills of materials from source	2026-09-13T03:29:40.8553290Z      │
desktop-promote	Generate the Hex and npm bills of materials from source	2026-09-13T03:29:40.8553530Z  341 │         %FieldProps{acc | map?: map?}
desktop-promote	Generate the Hex and npm bills of materials from source	2026-09-13T03:29:40.8553770Z      │         ~
desktop-promote	Generate the Hex and npm bills of materials from source	2026-09-13T03:29:40.8553960Z      │
desktop-promote	Generate the Hex and npm bills of materials from source	2026-09-13T03:29:40.8554360Z      └─ lib/protobuf/dsl.ex:341:9: Protobuf.DSL.parse_field_opts_to_field_props/2
desktop-promote	Generate the Hex and npm bills of materials from source	2026-09-13T03:29:40.8554620Z 
desktop-promote	Generate the Hex and npm bills of materials from source	2026-09-13T03:29:40.8577830Z      warning: a struct for Protobuf.FieldProps is expected on struct update:
desktop-promote	Generate the Hex and npm bills of materials from source	2026-09-13T03:29:40.8578150Z 
desktop-promote	Generate the Hex and npm bills of materials from source	2026-09-13T03:29:40.8578360Z          %Protobuf.FieldProps{acc | repeated?: repeated?}
desktop-promote	Generate the Hex and npm bills of materials from source	2026-09-13T03:29:40.8578590Z 
desktop-promote	Generate the Hex and npm bills of materials from source	2026-09-13T03:29:40.8578680Z      but got type:
desktop-promote	Generate the Hex and npm bills of materials from source	2026-09-13T03:29:40.8578780Z 
desktop-promote	Generate the Hex and npm bills of materials from source	2026-09-13T03:29:40.8578840Z          dynamic()
desktop-promote	Generate the Hex and npm bills of materials from source	2026-09-13T03:29:40.8578950Z 
desktop-promote	Generate the Hex and npm bills of materials from source	2026-09-13T03:29:40.8579090Z      where "acc" was given the type:
desktop-promote	Generate the Hex and npm bills of materials from source	2026-09-13T03:29:40.8579270Z 
desktop-promote	Generate the Hex and npm bills of materials from source	2026-09-13T03:29:40.8579360Z          # type: dynamic()
desktop-promote	Generate the Hex and npm bills of materials from source	2026-09-13T03:29:40.8579590Z          # from: lib/protobuf/dsl.ex:343:31
desktop-promote	Generate the Hex and npm bills of materials from source	2026-09-13T03:29:40.8579830Z          acc
desktop-promote	Generate the Hex and npm bills of materials from source	2026-09-13T03:29:40.8579940Z 
desktop-promote	Generate the Hex and npm bills of materials from source	2026-09-13T03:29:40.8580250Z      when defining the variable "acc", you must also pattern match on "%Protobuf.FieldProps{}"
desktop-promote	Generate the Hex and npm bills of materials from source	2026-09-13T03:29:40.8580590Z 
desktop-promote	Generate the Hex and npm bills of materials from source	2026-09-13T03:29:40.8580680Z      type warning found at:
desktop-promote	Generate the Hex and npm bills of materials from source	2026-09-13T03:29:40.8581030Z      │
desktop-promote	Generate the Hex and npm bills of materials from source	2026-09-13T03:29:40.8581350Z  344 │         %FieldProps{acc | repeated?: repeated?}
desktop-promote	Generate the Hex and npm bills of materials from source	2026-09-13T03:29:40.8581640Z      │         ~
desktop-promote	Generate the Hex and npm bills of materials from source	2026-09-13T03:29:40.8581800Z      │
desktop-promote	Generate the Hex and npm bills of materials from source	2026-09-13T03:29:40.8582160Z      └─ lib/protobuf/dsl.ex:344:9: Protobuf.DSL.parse_field_opts_to_field_props/2
desktop-promote	Generate the Hex and npm bills of materials from source	2026-09-13T03:29:40.8582420Z 
desktop-promote	Generate the Hex and npm bills of materials from source	2026-09-13T03:29:40.8607670Z      warning: a struct for Protobuf.FieldProps is expected on struct update:
desktop-promote	Generate the Hex and npm bills of materials from source	2026-09-13T03:29:40.8609730Z 
desktop-promote	Generate the Hex and npm bills of materials from source	2026-09-13T03:29:40.8610150Z          %Protobuf.FieldProps{acc | embedded?: embedded}
desktop-promote	Generate the Hex and npm bills of materials from source	2026-09-13T03:29:40.8610670Z 
desktop-promote	Generate the Hex and npm bills of materials from source	2026-09-13T03:29:40.8610870Z      but got type:
desktop-promote	Generate the Hex and npm bills of materials from source	2026-09-13T03:29:40.8611150Z 
desktop-promote	Generate the Hex and npm bills of materials from source	2026-09-13T03:29:40.8611340Z          dynamic()
desktop-promote	Generate the Hex and npm bills of materials from source	2026-09-13T03:29:40.8611600Z 
desktop-promote	Generate the Hex and npm bills of materials from source	2026-09-13T03:29:40.8611890Z      where "acc" was given the type:
desktop-promote	Generate the Hex and npm bills of materials from source	2026-09-13T03:29:40.8612280Z 
desktop-promote	Generate the Hex and npm bills of materials from source	2026-09-13T03:29:40.8612470Z          # type: dynamic()
desktop-promote	Generate the Hex and npm bills of materials from source	2026-09-13T03:29:40.8613090Z          # from: lib/protobuf/dsl.ex:346:30
desktop-promote	Generate the Hex and npm bills of materials from source	2026-09-13T03:29:40.8613680Z          acc
desktop-promote	Generate the Hex and npm bills of materials from source	2026-09-13T03:29:40.8613920Z 
desktop-promote	Generate the Hex and npm bills of materials from source	2026-09-13T03:29:40.8614640Z      when defining the variable "acc", you must also pattern match on "%Protobuf.FieldProps{}"
desktop-promote	Generate the Hex and npm bills of materials from source	2026-09-13T03:29:40.8615430Z 
desktop-promote	Generate the Hex and npm bills of materials from source	2026-09-13T03:29:40.8615920Z      type warning found at:
desktop-promote	Generate the Hex and npm bills of materials from source	2026-09-13T03:29:40.8616450Z      │
desktop-promote	Generate the Hex and npm bills of materials from source	2026-09-13T03:29:40.8616730Z  347 │         %FieldProps{acc | embedded?: embedded}
desktop-promote	Generate the Hex and npm bills of materials from source	2026-09-13T03:29:40.8617010Z      │         ~
desktop-promote	Generate the Hex and npm bills of materials from source	2026-09-13T03:29:40.8617170Z      │
desktop-promote	Generate the Hex and npm bills of materials from source	2026-09-13T03:29:40.8617620Z      └─ lib/protobuf/dsl.ex:347:9: Protobuf.DSL.parse_field_opts_to_field_props/2
desktop-promote	Generate the Hex and npm bills of materials from source	2026-09-13T03:29:40.8617920Z 
desktop-promote	Generate the Hex and npm bills of materials from source	2026-09-13T03:29:40.8620460Z      warning: a struct for Protobuf.FieldProps is expected on struct update:
desktop-promote	Generate the Hex and npm bills of materials from source	2026-09-13T03:29:40.8622060Z 
desktop-promote	Generate the Hex and npm bills of materials from source	2026-09-13T03:29:40.8622290Z          %Protobuf.FieldProps{acc | deprecated?: deprecated?}
desktop-promote	Generate the Hex and npm bills of materials from source	2026-09-13T03:29:40.8622510Z 
desktop-promote	Generate the Hex and npm bills of materials from source	2026-09-13T03:29:40.8622570Z      but got type:
desktop-promote	Generate the Hex and npm bills of materials from source	2026-09-13T03:29:40.8622690Z 
desktop-promote	Generate the Hex and npm bills of materials from source	2026-09-13T03:29:40.8622850Z          dynamic()
desktop-promote	Generate the Hex and npm bills of materials from source	2026-09-13T03:29:40.8622970Z 
desktop-promote	Generate the Hex and npm bills of materials from source	2026-09-13T03:29:40.8623760Z      where "acc" was given the type:
desktop-promote	Generate the Hex and npm bills of materials from source	2026-09-13T03:29:40.8624210Z 
desktop-promote	Generate the Hex and npm bills of materials from source	2026-09-13T03:29:40.8624410Z          # type: dynamic()
desktop-promote	Generate the Hex and npm bills of materials from source	2026-09-13T03:29:40.8625020Z          # from: lib/protobuf/dsl.ex:349:35
desktop-promote	Generate the Hex and npm bills of materials from source	2026-09-13T03:29:40.8625940Z          acc
desktop-promote	Generate the Hex and npm bills of materials from source	2026-09-13T03:29:40.8626060Z 
desktop-promote	Generate the Hex and npm bills of materials from source	2026-09-13T03:29:40.8626350Z      when defining the variable "acc", you must also pattern match on "%Protobuf.FieldProps{}"
desktop-promote	Generate the Hex and npm bills of materials from source	2026-09-13T03:29:40.8626720Z 
desktop-promote	Generate the Hex and npm bills of materials from source	2026-09-13T03:29:40.8626810Z      type warning found at:
desktop-promote	Generate the Hex and npm bills of materials from source	2026-09-13T03:29:40.8627090Z      │
desktop-promote	Generate the Hex and npm bills of materials from source	2026-09-13T03:29:40.8627380Z  350 │         %FieldProps{acc | deprecated?: deprecated?}
desktop-promote	Generate the Hex and npm bills of materials from source	2026-09-13T03:29:40.8628030Z      │         ~
desktop-promote	Generate the Hex and npm bills of materials from source	2026-09-13T03:29:40.8628620Z      │
desktop-promote	Generate the Hex and npm bills of materials from source	2026-09-13T03:29:40.8629030Z      └─ lib/protobuf/dsl.ex:350:9: Protobuf.DSL.parse_field_opts_to_field_props/2
desktop-promote	Generate the Hex and npm bills of materials from source	2026-09-13T03:29:40.8629290Z 
desktop-promote	Generate the Hex and npm bills of materials from source	2026-09-13T03:29:40.8655200Z      warning: a struct for Protobuf.FieldProps is expected on struct update:
desktop-promote	Generate the Hex and npm bills of materials from source	2026-09-13T03:29:40.8656230Z 
desktop-promote	Generate the Hex and npm bills of materials from source	2026-09-13T03:29:40.8670560Z          %Protobuf.FieldProps{acc | packed?: packed?}
desktop-promote	Generate the Hex and npm bills of materials from source	2026-09-13T03:29:40.8671270Z 
desktop-promote	Generate the Hex and npm bills of materials from source	2026-09-13T03:29:40.8671520Z      but got type:
desktop-promote	Generate the Hex and npm bills of materials from source	2026-09-13T03:29:40.8671800Z 
desktop-promote	Generate the Hex and npm bills of materials from source	2026-09-13T03:29:40.8671980Z          dynamic()
desktop-promote	Generate the Hex and npm bills of materials from source	2026-09-13T03:29:40.8672240Z 
desktop-promote	Generate the Hex and npm bills of materials from source	2026-09-13T03:29:40.8672530Z      where "acc" was given the type:
desktop-promote	Generate the Hex and npm bills of materials from source	2026-09-13T03:29:40.8672920Z 
desktop-promote	Generate the Hex and npm bills of materials from source	2026-09-13T03:29:40.8673120Z          # type: dynamic()
desktop-promote	Generate the Hex and npm bills of materials from source	2026-09-13T03:29:40.8673780Z          # from: lib/protobuf/dsl.ex:352:27
desktop-promote	Generate the Hex and npm bills of materials from source	2026-09-13T03:29:40.8674360Z          acc
desktop-promote	Generate the Hex and npm bills of materials from source	2026-09-13T03:29:40.8674620Z 
desktop-promote	Generate the Hex and npm bills of materials from source	2026-09-13T03:29:40.8675340Z      when defining the variable "acc", you must also pattern match on "%Protobuf.FieldProps{}"
desktop-promote	Generate the Hex and npm bills of materials from source	2026-09-13T03:29:40.8676150Z 
desktop-promote	Generate the Hex and npm bills of materials from source	2026-09-13T03:29:40.8676350Z      type warning found at:
desktop-promote	Generate the Hex and npm bills of materials from source	2026-09-13T03:29:40.8677130Z      │
desktop-promote	Generate the Hex and npm bills of materials from source	2026-09-13T03:29:40.8677800Z  353 │         %FieldProps{acc | packed?: packed?}
desktop-promote	Generate the Hex and npm bills of materials from source	2026-09-13T03:29:40.8678470Z      │         ~
desktop-promote	Generate the Hex and npm bills of materials from source	2026-09-13T03:29:40.8678910Z      │
desktop-promote	Generate the Hex and npm bills of materials from source	2026-09-13T03:29:40.8679840Z      └─ lib/protobuf/dsl.ex:353:9: Protobuf.DSL.parse_field_opts_to_field_props/2
desktop-promote	Generate the Hex and npm bills of materials from source	2026-09-13T03:29:40.8680520Z 
desktop-promote	Generate the Hex and npm bills of materials from source	2026-09-13T03:29:40.8681660Z      warning: a struct for Protobuf.FieldProps is expected on struct update:
desktop-promote	Generate the Hex and npm bills of materials from source	2026-09-13T03:29:40.8682330Z 
desktop-promote	Generate the Hex and npm bills of materials from source	2026-09-13T03:29:40.8682660Z          %Protobuf.FieldProps{acc | type: type}
desktop-promote	Generate the Hex and npm bills of materials from source	2026-09-13T03:29:40.8683120Z 
desktop-promote	Generate the Hex and npm bills of materials from source	2026-09-13T03:29:40.8683310Z      but got type:
desktop-promote	Generate the Hex and npm bills of materials from source	2026-09-13T03:29:40.8683570Z 
desktop-promote	Generate the Hex and npm bills of materials from source	2026-09-13T03:29:40.8683760Z          dynamic()
desktop-promote	Generate the Hex and npm bills of materials from source	2026-09-13T03:29:40.8685340Z 
desktop-promote	Generate the Hex and npm bills of materials from source	2026-09-13T03:29:40.8685630Z      where "acc" was given the type:
desktop-promote	Generate the Hex and npm bills of materials from source	2026-09-13T03:29:40.8686020Z 
desktop-promote	Generate the Hex and npm bills of materials from source	2026-09-13T03:29:40.8686240Z          # type: dynamic()
desktop-promote	Generate the Hex and npm bills of materials from source	2026-09-13T03:29:40.8686850Z          # from: lib/protobuf/dsl.ex:355:22
desktop-promote	Generate the Hex and npm bills of materials from source	2026-09-13T03:29:40.8687430Z          acc
desktop-promote	Generate the Hex and npm bills of materials from source	2026-09-13T03:29:40.8687660Z 
desktop-promote	Generate the Hex and npm bills of materials from source	2026-09-13T03:29:40.8688380Z      when defining the variable "acc", you must also pattern match on "%Protobuf.FieldProps{}"
desktop-promote	Generate the Hex and npm bills of materials from source	2026-09-13T03:29:40.8689160Z 
desktop-promote	Generate the Hex and npm bills of materials from source	2026-09-13T03:29:40.8689360Z      type warning found at:
desktop-promote	Generate the Hex and npm bills of materials from source	2026-09-13T03:29:40.8690570Z      │
desktop-promote	Generate the Hex and npm bills of materials from source	2026-09-13T03:29:40.8691320Z  356 │         %FieldProps{acc | type: type}
desktop-promote	Generate the Hex and npm bills of materials from source	2026-09-13T03:29:40.8692190Z      │         ~
desktop-promote	Generate the Hex and npm bills of materials from source	2026-09-13T03:29:40.8692390Z      │
desktop-promote	Generate the Hex and npm bills of materials from source	2026-09-13T03:29:40.8692750Z      └─ lib/protobuf/dsl.ex:356:9: Protobuf.DSL.parse_field_opts_to_field_props/2
desktop-promote	Generate the Hex and npm bills of materials from source	2026-09-13T03:29:40.8693030Z 
desktop-promote	Generate the Hex and npm bills of materials from source	2026-09-13T03:29:40.8693300Z      warning: a struct for Protobuf.FieldProps is expected on struct update:
desktop-promote	Generate the Hex and npm bills of materials from source	2026-09-13T03:29:40.8693550Z 
desktop-promote	Generate the Hex and npm bills of materials from source	2026-09-13T03:29:40.8693800Z          %Protobuf.FieldProps{acc | default: default}
desktop-promote	Generate the Hex and npm bills of materials from source	2026-09-13T03:29:40.8693990Z 
desktop-promote	Generate the Hex and npm bills of materials from source	2026-09-13T03:29:40.8694060Z      but got type:
desktop-promote	Generate the Hex and npm bills of materials from source	2026-09-13T03:29:40.8694170Z 
desktop-promote	Generate the Hex and npm bills of materials from source	2026-09-13T03:29:40.8694250Z          dynamic()
desktop-promote	Generate the Hex and npm bills of materials from source	2026-09-13T03:29:40.8694340Z 
desktop-promote	Generate the Hex and npm bills of materials from source	2026-09-13T03:29:40.8694450Z      where "acc" was given the type:
desktop-promote	Generate the Hex and npm bills of materials from source	2026-09-13T03:29:40.8694600Z 
desktop-promote	Generate the Hex and npm bills of materials from source	2026-09-13T03:29:40.8694670Z          # type: dynamic()
desktop-promote	Generate the Hex and npm bills of materials from source	2026-09-13T03:29:40.8694940Z          # from: lib/protobuf/dsl.ex:358:28
desktop-promote	Generate the Hex and npm bills of materials from source	2026-09-13T03:29:40.8695200Z          acc
desktop-promote	Generate the Hex and npm bills of materials from source	2026-09-13T03:29:40.8695290Z 
desktop-promote	Generate the Hex and npm bills of materials from source	2026-09-13T03:29:40.8695570Z      when defining the variable "acc", you must also pattern match on "%Protobuf.FieldProps{}"
desktop-promote	Generate the Hex and npm bills of materials from source	2026-09-13T03:29:40.8695930Z 
desktop-promote	Generate the Hex and npm bills of materials from source	2026-09-13T03:29:40.8696020Z      type warning found at:
desktop-promote	Generate the Hex and npm bills of materials from source	2026-09-13T03:29:40.8696240Z      │
desktop-promote	Generate the Hex and npm bills of materials from source	2026-09-13T03:29:40.8696550Z  359 │         %FieldProps{acc | default: default}
desktop-promote	Generate the Hex and npm bills of materials from source	2026-09-13T03:29:40.8696800Z      │         ~
desktop-promote	Generate the Hex and npm bills of materials from source	2026-09-13T03:29:40.8696960Z      │
desktop-promote	Generate the Hex and npm bills of materials from source	2026-09-13T03:29:40.8697400Z      └─ lib/protobuf/dsl.ex:359:9: Protobuf.DSL.parse_field_opts_to_field_props/2
desktop-promote	Generate the Hex and npm bills of materials from source	2026-09-13T03:29:40.8697670Z 
desktop-promote	Generate the Hex and npm bills of materials from source	2026-09-13T03:29:40.8713620Z      warning: a struct for Protobuf.FieldProps is expected on struct update:
desktop-promote	Generate the Hex and npm bills of materials from source	2026-09-13T03:29:40.8715360Z 
desktop-promote	Generate the Hex and npm bills of materials from source	2026-09-13T03:29:40.8715730Z          %Protobuf.FieldProps{acc | oneof: oneof}
desktop-promote	Generate the Hex and npm bills of materials from source	2026-09-13T03:29:40.8716200Z 
desktop-promote	Generate the Hex and npm bills of materials from source	2026-09-13T03:29:40.8716390Z      but got type:
desktop-promote	Generate the Hex and npm bills of materials from source	2026-09-13T03:29:40.8716670Z 
desktop-promote	Generate the Hex and npm bills of materials from source	2026-09-13T03:29:40.8716840Z          dynamic()
desktop-promote	Generate the Hex and npm bills of materials from source	2026-09-13T03:29:40.8717110Z 
desktop-promote	Generate the Hex and npm bills of materials from source	2026-09-13T03:29:40.8717400Z      where "acc" was given the type:
desktop-promote	Generate the Hex and npm bills of materials from source	2026-09-13T03:29:40.8717770Z 
desktop-promote	Generate the Hex and npm bills of materials from source	2026-09-13T03:29:40.8717980Z          # type: dynamic()
desktop-promote	Generate the Hex and npm bills of materials from source	2026-09-13T03:29:40.8718600Z          # from: lib/protobuf/dsl.ex:361:24
desktop-promote	Generate the Hex and npm bills of materials from source	2026-09-13T03:29:40.8719210Z          acc
desktop-promote	Generate the Hex and npm bills of materials from source	2026-09-13T03:29:40.8719460Z 
desktop-promote	Generate the Hex and npm bills of materials from source	2026-09-13T03:29:40.8720690Z      when defining the variable "acc", you must also pattern match on "%Protobuf.FieldProps{}"
desktop-promote	Generate the Hex and npm bills of materials from source	2026-09-13T03:29:40.8721600Z 
desktop-promote	Generate the Hex and npm bills of materials from source	2026-09-13T03:29:40.8721840Z      type warning found at:
desktop-promote	Generate the Hex and npm bills of materials from source	2026-09-13T03:29:40.8722870Z      │
desktop-promote	Generate the Hex and npm bills of materials from source	2026-09-13T03:29:40.8723190Z  362 │         %FieldProps{acc | oneof: oneof}
desktop-promote	Generate the Hex and npm bills of materials from source	2026-09-13T03:29:40.8723430Z      │         ~
desktop-promote	Generate the Hex and npm bills of materials from source	2026-09-13T03:29:40.8723610Z      │
desktop-promote	Generate the Hex and npm bills of materials from source	2026-09-13T03:29:40.8723990Z      └─ lib/protobuf/dsl.ex:362:9: Protobuf.DSL.parse_field_opts_to_field_props/2
desktop-promote	Generate the Hex and npm bills of materials from source	2026-09-13T03:29:40.8724320Z 
desktop-promote	Generate the Hex and npm bills of materials from source	2026-09-13T03:29:40.8745610Z      warning: a struct for Protobuf.FieldProps is expected on struct update:
desktop-promote	Generate the Hex and npm bills of materials from source	2026-09-13T03:29:40.8746020Z 
desktop-promote	Generate the Hex and npm bills of materials from source	2026-09-13T03:29:40.8746190Z          %Protobuf.FieldProps{acc | json_name: json_name}
desktop-promote	Generate the Hex and npm bills of materials from source	2026-09-13T03:29:40.8746390Z 
desktop-promote	Generate the Hex and npm bills of materials from source	2026-09-13T03:29:40.8746460Z      but got type:
desktop-promote	Generate the Hex and npm bills of materials from source	2026-09-13T03:29:40.8746560Z 
desktop-promote	Generate the Hex and npm bills of materials from source	2026-09-13T03:29:40.8746630Z          dynamic()
desktop-promote	Generate the Hex and npm bills of materials from source	2026-09-13T03:29:40.8746720Z 
desktop-promote	Generate the Hex and npm bills of materials from source	2026-09-13T03:29:40.8746830Z      where "acc" was given the type:
desktop-promote	Generate the Hex and npm bills of materials from source	2026-09-13T03:29:40.8746980Z 
desktop-promote	Generate the Hex and npm bills of materials from source	2026-09-13T03:29:40.8747050Z          # type: dynamic()
desktop-promote	Generate the Hex and npm bills of materials from source	2026-09-13T03:29:40.8747280Z          # from: lib/protobuf/dsl.ex:364:32
desktop-promote	Generate the Hex and npm bills of materials from source	2026-09-13T03:29:40.8747500Z          acc
desktop-promote	Generate the Hex and npm bills of materials from source	2026-09-13T03:29:40.8747590Z 
desktop-promote	Generate the Hex and npm bills of materials from source	2026-09-13T03:29:40.8748640Z      when defining the variable "acc", you must also pattern match on "%Protobuf.FieldProps{}"
desktop-promote	Generate the Hex and npm bills of materials from source	2026-09-13T03:29:40.8748950Z 
desktop-promote	Generate the Hex and npm bills of materials from source	2026-09-13T03:29:40.8749050Z      type warning found at:
desktop-promote	Generate the Hex and npm bills of materials from source	2026-09-13T03:29:40.8749460Z      │
desktop-promote	Generate the Hex and npm bills of materials from source	2026-09-13T03:29:40.8749790Z  365 │         %FieldProps{acc | json_name: json_name}
desktop-promote	Generate the Hex and npm bills of materials from source	2026-09-13T03:29:40.8750040Z      │         ~
desktop-promote	Generate the Hex and npm bills of materials from source	2026-09-13T03:29:40.8750200Z      │
desktop-promote	Generate the Hex and npm bills of materials from source	2026-09-13T03:29:40.8751150Z      └─ lib/protobuf/dsl.ex:365:9: Protobuf.DSL.parse_field_opts_to_field_props/2
desktop-promote	Generate the Hex and npm bills of materials from source	2026-09-13T03:29:40.8751430Z 
desktop-promote	Generate the Hex and npm bills of materials from source	2026-09-13T03:29:40.8776810Z      warning: a struct for Protobuf.FieldProps is expected on struct update:
desktop-promote	Generate the Hex and npm bills of materials from source	2026-09-13T03:29:40.8777340Z 
desktop-promote	Generate the Hex and npm bills of materials from source	2026-09-13T03:29:40.8778020Z          %Protobuf.FieldProps{props | json_name: props.name}
desktop-promote	Generate the Hex and npm bills of materials from source	2026-09-13T03:29:40.8778530Z 
desktop-promote	Generate the Hex and npm bills of materials from source	2026-09-13T03:29:40.8778740Z      but got type:
desktop-promote	Generate the Hex and npm bills of materials from source	2026-09-13T03:29:40.8778880Z 
desktop-promote	Generate the Hex and npm bills of materials from source	2026-09-13T03:29:40.8779240Z          dynamic(not %Protobuf.FieldProps{json_name: binary()})
desktop-promote	Generate the Hex and npm bills of materials from source	2026-09-13T03:29:40.8779450Z 
desktop-promote	Generate the Hex and npm bills of materials from source	2026-09-13T03:29:40.8779590Z      where "props" was given the type:
desktop-promote	Generate the Hex and npm bills of materials from source	2026-09-13T03:29:40.8779740Z 
desktop-promote	Generate the Hex and npm bills of materials from source	2026-09-13T03:29:40.8780040Z          # type: dynamic(not %Protobuf.FieldProps{json_name: binary()})
desktop-promote	Generate the Hex and npm bills of materials from source	2026-09-13T03:29:40.8780400Z          # from: lib/protobuf/dsl.ex:390:22
desktop-promote	Generate the Hex and npm bills of materials from source	2026-09-13T03:29:40.8780630Z          props
desktop-promote	Generate the Hex and npm bills of materials from source	2026-09-13T03:29:40.8780730Z 
desktop-promote	Generate the Hex and npm bills of materials from source	2026-09-13T03:29:40.8781080Z      when defining the variable "props", you must also pattern match on "%Protobuf.FieldProps{}"
desktop-promote	Generate the Hex and npm bills of materials from source	2026-09-13T03:29:40.8781390Z 
desktop-promote	Generate the Hex and npm bills of materials from source	2026-09-13T03:29:40.8781650Z      type warning found at:
desktop-promote	Generate the Hex and npm bills of materials from source	2026-09-13T03:29:40.8781990Z      │
desktop-promote	Generate the Hex and npm bills of materials from source	2026-09-13T03:29:40.8782370Z  390 │   defp cal_json_name(props), do: %FieldProps{props | json_name: props.name}
desktop-promote	Generate the Hex and npm bills of materials from source	2026-09-13T03:29:40.8782760Z      │                                  ~
desktop-promote	Generate the Hex and npm bills of materials from source	2026-09-13T03:29:40.8783080Z      │
desktop-promote	Generate the Hex and npm bills of materials from source	2026-09-13T03:29:40.8783520Z      └─ lib/protobuf/dsl.ex:390:34: Protobuf.DSL.cal_json_name/1
desktop-promote	Generate the Hex and npm bills of materials from source	2026-09-13T03:29:40.8783740Z 
desktop-promote	Generate the Hex and npm bills of materials from source	2026-09-13T03:29:40.8803340Z      warning: a struct for Protobuf.FieldProps is expected on struct update:
desktop-promote	Generate the Hex and npm bills of materials from source	2026-09-13T03:29:40.8804170Z 
desktop-promote	Generate the Hex and npm bills of materials from source	2026-09-13T03:29:40.8804670Z          %Protobuf.FieldProps{props | packed?: false}
desktop-promote	Generate the Hex and npm bills of materials from source	2026-09-13T03:29:40.8805160Z 
desktop-promote	Generate the Hex and npm bills of materials from source	2026-09-13T03:29:40.8806070Z      but got type:
desktop-promote	Generate the Hex and npm bills of materials from source	2026-09-13T03:29:40.8806350Z 
desktop-promote	Generate the Hex and npm bills of materials from source	2026-09-13T03:29:40.8806540Z          dynamic(
desktop-promote	Generate the Hex and npm bills of materials from source	2026-09-13T03:29:40.8807660Z            (%Protobuf.FieldProps{repeated?: true} and not %Protobuf.FieldProps{packed?: boolean()}) or
desktop-promote	Generate the Hex and npm bills of materials from source	2026-09-13T03:29:40.8808840Z              (map() and
desktop-promote	Generate the Hex and npm bills of materials from source	2026-09-13T03:29:40.8809930Z                 not (%Protobuf.FieldProps{repeated?: true} or %Protobuf.FieldProps{packed?: boolean()})) or
desktop-promote	Generate the Hex and npm bills of materials from source	2026-09-13T03:29:40.8811330Z              atom() or bitstring() or empty_list() or float() or fun() or integer() or
desktop-promote	Generate the Hex and npm bills of materials from source	2026-09-13T03:29:40.8812560Z              non_empty_list(term(), term()) or pid() or port() or reference() or {...}
desktop-promote	Generate the Hex and npm bills of materials from source	2026-09-13T03:29:40.8813370Z          )
desktop-promote	Generate the Hex and npm bills of materials from source	2026-09-13T03:29:40.8813600Z 
desktop-promote	Generate the Hex and npm bills of materials from source	2026-09-13T03:29:40.8813900Z      where "props" was given the type:
desktop-promote	Generate the Hex and npm bills of materials from source	2026-09-13T03:29:40.8814300Z 
desktop-promote	Generate the Hex and npm bills of materials from source	2026-09-13T03:29:40.8814500Z          # type: dynamic(
desktop-promote	Generate the Hex and npm bills of materials from source	2026-09-13T03:29:40.8815610Z            (%Protobuf.FieldProps{repeated?: true} and not %Protobuf.FieldProps{packed?: boolean()}) or
desktop-promote	Generate the Hex and npm bills of materials from source	2026-09-13T03:29:40.8816630Z              (map() and
desktop-promote	Generate the Hex and npm bills of materials from source	2026-09-13T03:29:40.8817710Z                 not (%Protobuf.FieldProps{repeated?: true} or %Protobuf.FieldProps{packed?: boolean()})) or
desktop-promote	Generate the Hex and npm bills of materials from source	2026-09-13T03:29:40.8819130Z              atom() or bitstring() or empty_list() or float() or fun() or integer() or
desktop-promote	Generate the Hex and npm bills of materials from source	2026-09-13T03:29:40.8820360Z              non_empty_list(term(), term()) or pid() or port() or reference() or {...}
desktop-promote	Generate the Hex and npm bills of materials from source	2026-09-13T03:29:40.8821180Z          )
desktop-promote	Generate the Hex and npm bills of materials from source	2026-09-13T03:29:40.8821710Z          # from: lib/protobuf/dsl.ex:426:19
desktop-promote	Generate the Hex and npm bills of materials from source	2026-09-13T03:29:40.8822290Z          props
desktop-promote	Generate the Hex and npm bills of materials from source	2026-09-13T03:29:40.8822550Z 
desktop-promote	Generate the Hex and npm bills of materials from source	2026-09-13T03:29:40.8823280Z      when defining the variable "props", you must also pattern match on "%Protobuf.FieldProps{}"
desktop-promote	Generate the Hex and npm bills of materials from source	2026-09-13T03:29:40.8824070Z 
desktop-promote	Generate the Hex and npm bills of materials from source	2026-09-13T03:29:40.8824280Z      type warning found at:
desktop-promote	Generate the Hex and npm bills of materials from source	2026-09-13T03:29:40.8825110Z      │
desktop-promote	Generate the Hex and npm bills of materials from source	2026-09-13T03:29:40.8827150Z  426 │   defp cal_packed(props, _syntax), do: %FieldProps{props | packed?: false}
desktop-promote	Generate the Hex and npm bills of materials from source	2026-09-13T03:29:40.8828200Z      │                                        ~
desktop-promote	Generate the Hex and npm bills of materials from source	2026-09-13T03:29:40.8828830Z      │
desktop-promote	Generate the Hex and npm bills of materials from source	2026-09-13T03:29:40.8829580Z      └─ lib/protobuf/dsl.ex:426:40: Protobuf.DSL.cal_packed/2
desktop-promote	Generate the Hex and npm bills of materials from source	2026-09-13T03:29:40.8830160Z 
desktop-promote	Generate the Hex and npm bills of materials from source	2026-09-13T03:29:40.8896720Z Generated protobuf app
desktop-promote	Generate the Hex and npm bills of materials from source	2026-09-13T03:29:41.2690520Z ==> keepling
desktop-promote	Generate the Hex and npm bills of materials from source	2026-09-13T03:29:41.2690840Z ===> Analyzing applications...
desktop-promote	Generate the Hex and npm bills of materials from source	2026-09-13T03:29:41.3867150Z ===> Compiling unicode_util_compat
desktop-promote	Generate the Hex and npm bills of materials from source	2026-09-13T03:29:42.1475700Z ===> Analyzing applications...
desktop-promote	Generate the Hex and npm bills of materials from source	2026-09-13T03:29:42.4063230Z ===> Compiling idna
desktop-promote	Generate the Hex and npm bills of materials from source	2026-09-13T03:30:02.2477570Z ==> phoenix_template
desktop-promote	Generate the Hex and npm bills of materials from source	2026-09-13T03:30:02.2478070Z Compiling 4 files (.ex)
desktop-promote	Generate the Hex and npm bills of materials from source	2026-09-13T03:30:02.2705480Z      warning: the variable "prefix_size" is accessed inside size(...) of a bitstring but it was defined outside of the match. You must precede it with the pin operator
desktop-promote	Generate the Hex and npm bills of materials from source	2026-09-13T03:30:02.2708220Z      │
desktop-promote	Generate the Hex and npm bills of materials from source	2026-09-13T03:30:02.2712640Z  505 │       <<prefix::binary-size(prefix_size), ^suffix::binary>> -> prefix
desktop-promote	Generate the Hex and npm bills of materials from source	2026-09-13T03:30:02.2715070Z      │                             ~
desktop-promote	Generate the Hex and npm bills of materials from source	2026-09-13T03:30:02.2716160Z      │
desktop-promote	Generate the Hex and npm bills of materials from source	2026-09-13T03:30:02.2720000Z      └─ lib/phoenix/template.ex:505:29: Phoenix.Template.unsuffix/2
desktop-promote	Generate the Hex and npm bills of materials from source	2026-09-13T03:30:02.2722620Z 
desktop-promote	Generate the Hex and npm bills of materials from source	2026-09-13T03:30:02.3252590Z Generated phoenix_template app
desktop-promote	Generate the Hex and npm bills of materials from source	2026-09-13T03:30:02.9997430Z ==> keepling
desktop-promote	Generate the Hex and npm bills of materials from source	2026-09-13T03:30:02.9998220Z ===> Analyzing applications...
desktop-promote	Generate the Hex and npm bills of materials from source	2026-09-13T03:30:03.0713100Z ===> Compiling telemetry
desktop-promote	Generate the Hex and npm bills of materials from source	2026-09-13T03:30:03.9661910Z ==> telemetry_metrics
desktop-promote	Generate the Hex and npm bills of materials from source	2026-09-13T03:30:03.9662950Z Compiling 7 files (.ex)
desktop-promote	Generate the Hex and npm bills of materials from source	2026-09-13T03:30:04.1029290Z Generated telemetry_metrics app
desktop-promote	Generate the Hex and npm bills of materials from source	2026-09-13T03:30:05.1549620Z ==> keepling
desktop-promote	Generate the Hex and npm bills of materials from source	2026-09-13T03:30:05.1550410Z ===> Analyzing applications...
desktop-promote	Generate the Hex and npm bills of materials from source	2026-09-13T03:30:05.2234210Z ===> Compiling telemetry_poller
desktop-promote	Generate the Hex and npm bills of materials from source	2026-09-13T03:30:05.7270380Z ==> thousand_island
desktop-promote	Generate the Hex and npm bills of materials from source	2026-09-13T03:30:05.7271410Z Compiling 18 files (.ex)
desktop-promote	Generate the Hex and npm bills of materials from source	2026-09-13T03:30:06.2826170Z Generated thousand_island app
desktop-promote	Generate the Hex and npm bills of materials from source	2026-09-13T03:30:06.3157870Z ==> db_connection
desktop-promote	Generate the Hex and npm bills of materials from source	2026-09-13T03:30:06.3158800Z Compiling 18 files (.ex)
desktop-promote	Generate the Hex and npm bills of materials from source	2026-09-13T03:30:07.2297170Z Generated db_connection app
desktop-promote	Generate the Hex and npm bills of materials from source	2026-09-13T03:30:07.2735820Z ==> ecto
desktop-promote	Generate the Hex and npm bills of materials from source	2026-09-13T03:30:07.2736570Z Compiling 56 files (.ex)
desktop-promote	Generate the Hex and npm bills of materials from source	2026-09-13T03:30:18.3295750Z Generated ecto app
desktop-promote	Generate the Hex and npm bills of materials from source	2026-09-13T03:30:18.4158760Z ==> sbom
desktop-promote	Generate the Hex and npm bills of materials from source	2026-09-13T03:30:18.4159130Z Compiling 552 files (.ex)
desktop-promote	Generate the Hex and npm bills of materials from source	2026-09-13T03:30:51.8698220Z      warning: the following conditional expression:
desktop-promote	Generate the Hex and npm bills of materials from source	2026-09-13T03:30:51.8700870Z 
desktop-promote	Generate the Hex and npm bills of materials from source	2026-09-13T03:30:51.8702520Z          load_from_app_spec?
desktop-promote	Generate the Hex and npm bills of materials from source	2026-09-13T03:30:51.8704980Z 
desktop-promote	Generate the Hex and npm bills of materials from source	2026-09-13T03:30:51.8706410Z      will always evaluate to:
desktop-promote	Generate the Hex and npm bills of materials from source	2026-09-13T03:30:51.8707860Z 
desktop-promote	Generate the Hex and npm bills of materials from source	2026-09-13T03:30:51.8709310Z          dynamic(true)
desktop-promote	Generate the Hex and npm bills of materials from source	2026-09-13T03:30:51.8711230Z 
desktop-promote	Generate the Hex and npm bills of materials from source	2026-09-13T03:30:51.8714510Z      where "load_from_app_spec?" was given the type:
desktop-promote	Generate the Hex and npm bills of materials from source	2026-09-13T03:30:51.8714930Z 
desktop-promote	Generate the Hex and npm bills of materials from source	2026-09-13T03:30:51.8715400Z          # type: dynamic(true)
desktop-promote	Generate the Hex and npm bills of materials from source	2026-09-13T03:30:51.8715910Z          # from: lib/sbom/fetcher/mix_runtime.ex:139:27
desktop-promote	Generate the Hex and npm bills of materials from source	2026-09-13T03:30:51.8716430Z          load_from_app_spec? =
desktop-promote	Generate the Hex and npm bills of materials from source	2026-09-13T03:30:51.8717100Z            not (
desktop-promote	Generate the Hex and npm bills of materials from source	2026-09-13T03:30:51.8717440Z              {arg1} = {app}
desktop-promote	Generate the Hex and npm bills of materials from source	2026-09-13T03:30:51.8717640Z          
desktop-promote	Generate the Hex and npm bills of materials from source	2026-09-13T03:30:51.8719490Z              arg1 === :eex or arg1 === :elixir or arg1 === :ex_unit or arg1 === :iex or arg1 === :logger or
desktop-promote	Generate the Hex and npm bills of materials from source	2026-09-13T03:30:51.8720880Z                arg1 === :mix or
desktop-promote	Generate the Hex and npm bills of materials from source	2026-09-13T03:30:51.8721990Z                (arg1 === :stdlib or arg1 === :et or arg1 === :reltool or arg1 === :megaco or
desktop-promote	Generate the Hex and npm bills of materials from source	2026-09-13T03:30:51.8723340Z                   arg1 === :kernel or arg1 === :ssh or arg1 === :parsetools or arg1 === :eunit or
desktop-promote	Generate the Hex and npm bills of materials from source	2026-09-13T03:30:51.8724810Z                   arg1 === :runtime_tools or arg1 === :asn1 or arg1 === :debugger or arg1 === :tools or
desktop-promote	Generate the Hex and npm bills of materials from source	2026-09-13T03:30:51.8726260Z                   arg1 === :compiler or arg1 === :jinterface or arg1 === :sasl or arg1 === :public_key or
desktop-promote	Generate the Hex and npm bills of materials from source	2026-09-13T03:30:51.8727810Z                   arg1 === :ftp or arg1 === :eldap or arg1 === :mnesia or arg1 === :observer or
desktop-promote	Generate the Hex and npm bills of materials from source	2026-09-13T03:30:51.8731420Z                   arg1 === :xmerl or arg1 === :tftp or arg1 === :ssl or arg1 === :crypto or arg1 === :edoc or
desktop-promote	Generate the Hex and npm bills of materials from source	2026-09-13T03:30:51.8733200Z                   arg1 === :snmp or arg1 === :erts or arg1 === :inets or arg1 === :diameter or arg1 === :wx or
desktop-promote	Generate the Hex and npm bills of materials from source	2026-09-13T03:30:51.8734790Z                   arg1 === :os_mon or arg1 === :odbc or arg1 === :erl_interface or arg1 === :common_test or
desktop-promote	Generate the Hex and npm bills of materials from source	2026-09-13T03:30:51.8736110Z                   arg1 === :dialyzer or arg1 === :syntax_tools) or arg1 == :hex
desktop-promote	Generate the Hex and npm bills of materials from source	2026-09-13T03:30:51.8737130Z            ) or not in_burrito?()
desktop-promote	Generate the Hex and npm bills of materials from source	2026-09-13T03:30:51.8737570Z 
desktop-promote	Generate the Hex and npm bills of materials from source	2026-09-13T03:30:51.8739070Z      type warning found at:
desktop-promote	Generate the Hex and npm bills of materials from source	2026-09-13T03:30:51.8741410Z      │
desktop-promote	Generate the Hex and npm bills of materials from source	2026-09-13T03:30:51.8742190Z  143 │           if load_from_app_spec? do
desktop-promote	Generate the Hex and npm bills of materials from source	2026-09-13T03:30:51.8742940Z      │           ~~~~~~~~~~~~~~~~~~~~~~~~~
desktop-promote	Generate the Hex and npm bills of materials from source	2026-09-13T03:30:51.8743710Z      │
desktop-promote	Generate the Hex and npm bills of materials from source	2026-09-13T03:30:51.8744880Z      └─ lib/sbom/fetcher/mix_runtime.ex:143: SBoM.Fetcher.MixRuntime.resolve_dep/3
desktop-promote	Generate the Hex and npm bills of materials from source	2026-09-13T03:30:51.8745720Z 
desktop-promote	Generate the Hex and npm bills of materials from source	2026-09-13T03:30:51.9408750Z      warning: the right-hand side of || will never be executed:
desktop-promote	Generate the Hex and npm bills of materials from source	2026-09-13T03:30:51.9409770Z 
desktop-promote	Generate the Hex and npm bills of materials from source	2026-09-13T03:30:51.9410340Z          classification_to_string(type) || ...
desktop-promote	Generate the Hex and npm bills of materials from source	2026-09-13T03:30:51.9410950Z 
desktop-promote	Generate the Hex and npm bills of materials from source	2026-09-13T03:30:51.9411330Z      because the left-hand side always evaluates to:
desktop-promote	Generate the Hex and npm bills of materials from source	2026-09-13T03:30:51.9411850Z 
desktop-promote	Generate the Hex and npm bills of materials from source	2026-09-13T03:30:51.9412120Z          binary()
desktop-promote	Generate the Hex and npm bills of materials from source	2026-09-13T03:30:51.9412400Z 
desktop-promote	Generate the Hex and npm bills of materials from source	2026-09-13T03:30:51.9413470Z      where "type" was given the type:
desktop-promote	Generate the Hex and npm bills of materials from source	2026-09-13T03:30:51.9414220Z 
desktop-promote	Generate the Hex and npm bills of materials from source	2026-09-13T03:30:51.9415020Z          # type: dynamic(not :CLASSIFICATION_NULL)
desktop-promote	Generate the Hex and npm bills of materials from source	2026-09-13T03:30:51.9416190Z          # from: lib/sbom/cyclonedx/common/enum_helpers.ex:155:36
desktop-promote	Generate the Hex and npm bills of materials from source	2026-09-13T03:30:51.9417100Z          type
desktop-promote	Generate the Hex and npm bills of materials from source	2026-09-13T03:30:51.9417370Z 
desktop-promote	Generate the Hex and npm bills of materials from source	2026-09-13T03:30:51.9417600Z      type warning found at:
desktop-promote	Generate the Hex and npm bills of materials from source	2026-09-13T03:30:51.9440720Z      │
desktop-promote	Generate the Hex and npm bills of materials from source	2026-09-13T03:30:51.9441290Z  155 │   def classification_to_string_xml(type), do: classification_to_string(type) || ""
desktop-promote	Generate the Hex and npm bills of materials from source	2026-09-13T03:30:51.9441890Z      │   ~~~~~~~~~~~~~~~~~~~~~~~~~~~~~~~~~~~~~~~~~~~~~~~~~~~~~~~~~~~~~~~~~~~~~~~~~~~~~~~~
desktop-promote	Generate the Hex and npm bills of materials from source	2026-09-13T03:30:51.9442250Z      │
desktop-promote	Generate the Hex and npm bills of materials from source	2026-09-13T03:30:51.9442900Z      └─ lib/sbom/cyclonedx/common/enum_helpers.ex:155: SBoM.CycloneDX.Common.EnumHelpers.classification_to_string_xml/1
desktop-promote	Generate the Hex and npm bills of materials from source	2026-09-13T03:30:51.9443890Z 
desktop-promote	Generate the Hex and npm bills of materials from source	2026-09-13T03:30:51.9601780Z Generated sbom app
desktop-promote	Generate the Hex and npm bills of materials from source	2026-09-13T03:30:52.0034230Z ==> expo
desktop-promote	Generate the Hex and npm bills of materials from source	2026-09-13T03:30:52.0035110Z Compiling 2 files (.erl)
desktop-promote	Generate the Hex and npm bills of materials from source	2026-09-13T03:30:52.3840300Z Compiling 22 files (.ex)
desktop-promote	Generate the Hex and npm bills of materials from source	2026-09-13T03:30:52.7155620Z Generated expo app
desktop-promote	Generate the Hex and npm bills of materials from source	2026-09-13T03:30:52.7438430Z ==> gettext
desktop-promote	Generate the Hex and npm bills of materials from source	2026-09-13T03:30:52.7439190Z Compiling 18 files (.ex)
desktop-promote	Generate the Hex and npm bills of materials from source	2026-09-13T03:30:53.0534540Z      warning: this clause in cond will never match:
desktop-promote	Generate the Hex and npm bills of materials from source	2026-09-13T03:30:53.0537810Z 
desktop-promote	Generate the Hex and npm bills of materials from source	2026-09-13T03:30:53.0540420Z          not is_binary(locale)
desktop-promote	Generate the Hex and npm bills of materials from source	2026-09-13T03:30:53.0541450Z 
desktop-promote	Generate the Hex and npm bills of materials from source	2026-09-13T03:30:53.0542140Z      since it has type:
desktop-promote	Generate the Hex and npm bills of materials from source	2026-09-13T03:30:53.0542850Z 
desktop-promote	Generate the Hex and npm bills of materials from source	2026-09-13T03:30:53.0543500Z          dynamic(false)
desktop-promote	Generate the Hex and npm bills of materials from source	2026-09-13T03:30:53.0545040Z 
desktop-promote	Generate the Hex and npm bills of materials from source	2026-09-13T03:30:53.0546890Z      where "locale" was given the types:
desktop-promote	Generate the Hex and npm bills of materials from source	2026-09-13T03:30:53.0548160Z 
desktop-promote	Generate the Hex and npm bills of materials from source	2026-09-13T03:30:53.0549330Z          # type: binary()
desktop-promote	Generate the Hex and npm bills of materials from source	2026-09-13T03:30:53.0550320Z          # from: lib/gettext.ex:806:28
desktop-promote	Generate the Hex and npm bills of materials from source	2026-09-13T03:30:53.0551140Z          locale
desktop-promote	Generate the Hex and npm bills of materials from source	2026-09-13T03:30:53.0551400Z 
desktop-promote	Generate the Hex and npm bills of materials from source	2026-09-13T03:30:53.0551750Z          # type: binary()
desktop-promote	Generate the Hex and npm bills of materials from source	2026-09-13T03:30:53.0552490Z          # from: lib/gettext.ex:806:41
desktop-promote	Generate the Hex and npm bills of materials from source	2026-09-13T03:30:53.0553260Z          is_binary(locale)
desktop-promote	Generate the Hex and npm bills of materials from source	2026-09-13T03:30:53.0553660Z 
desktop-promote	Generate the Hex and npm bills of materials from source	2026-09-13T03:30:53.0553860Z      type warning found at:
desktop-promote	Generate the Hex and npm bills of materials from source	2026-09-13T03:30:53.0554810Z      │
desktop-promote	Generate the Hex and npm bills of materials from source	2026-09-13T03:30:53.0555600Z  808 │       not is_binary(locale) ->
desktop-promote	Generate the Hex and npm bills of materials from source	2026-09-13T03:30:53.0556470Z      │                             ~
desktop-promote	Generate the Hex and npm bills of materials from source	2026-09-13T03:30:53.0557190Z      │
desktop-promote	Generate the Hex and npm bills of materials from source	2026-09-13T03:30:53.0558170Z      └─ lib/gettext.ex:808:29: Gettext.put_locale!/2
desktop-promote	Generate the Hex and npm bills of materials from source	2026-09-13T03:30:53.0558770Z 
desktop-promote	Generate the Hex and npm bills of materials from source	2026-09-13T03:30:53.0583500Z      warning: Kernel.ParallelCompiler.async/1 is deprecated. Use `pmap/2` instead
desktop-promote	Generate the Hex and npm bills of materials from source	2026-09-13T03:30:53.0585600Z      │
desktop-promote	Generate the Hex and npm bills of materials from source	2026-09-13T03:30:53.0589210Z  426 │               Kernel.ParallelCompiler.async(fn ->
desktop-promote	Generate the Hex and npm bills of materials from source	2026-09-13T03:30:53.0590480Z      │                                       ~
desktop-promote	Generate the Hex and npm bills of materials from source	2026-09-13T03:30:53.0591220Z      │
desktop-promote	Generate the Hex and npm bills of materials from source	2026-09-13T03:30:53.0592370Z      └─ lib/gettext/compiler.ex:426:39: Gettext.Compiler.compile_po_files/3
desktop-promote	Generate the Hex and npm bills of materials from source	2026-09-13T03:30:53.0593120Z 
desktop-promote	Generate the Hex and npm bills of materials from source	2026-09-13T03:30:53.0593570Z      warning: the following clause is redundant:
desktop-promote	Generate the Hex and npm bills of materials from source	2026-09-13T03:30:53.0594100Z 
desktop-promote	Generate the Hex and npm bills of materials from source	2026-09-13T03:30:53.0594710Z          defp ensure_empty_msgstr!(%Expo.Message.Plural{} = message)
desktop-promote	Generate the Hex and npm bills of materials from source	2026-09-13T03:30:53.0595360Z 
desktop-promote	Generate the Hex and npm bills of materials from source	2026-09-13T03:30:53.0595620Z      it has type:
desktop-promote	Generate the Hex and npm bills of materials from source	2026-09-13T03:30:53.0595940Z 
desktop-promote	Generate the Hex and npm bills of materials from source	2026-09-13T03:30:53.0596250Z          dynamic(%Expo.Message.Plural{})
desktop-promote	Generate the Hex and npm bills of materials from source	2026-09-13T03:30:53.0596760Z 
desktop-promote	Generate the Hex and npm bills of materials from source	2026-09-13T03:30:53.0597340Z      previous clauses have already matched on the following types:
desktop-promote	Generate the Hex and npm bills of materials from source	2026-09-13T03:30:53.0598010Z 
desktop-promote	Generate the Hex and npm bills of materials from source	2026-09-13T03:30:53.0598370Z          %Expo.Message.Singular{}
desktop-promote	Generate the Hex and npm bills of materials from source	2026-09-13T03:30:53.0599180Z          %Expo.Message.Plural{}
desktop-promote	Generate the Hex and npm bills of materials from source	2026-09-13T03:30:53.0599560Z 
desktop-promote	Generate the Hex and npm bills of materials from source	2026-09-13T03:30:53.0599960Z      │
desktop-promote	Generate the Hex and npm bills of materials from source	2026-09-13T03:30:53.0600930Z  391 │   defp ensure_empty_msgstr!(%Message.Plural{} = message) do
desktop-promote	Generate the Hex and npm bills of materials from source	2026-09-13T03:30:53.0601890Z      │        ~
desktop-promote	Generate the Hex and npm bills of materials from source	2026-09-13T03:30:53.0602420Z      │
desktop-promote	Generate the Hex and npm bills of materials from source	2026-09-13T03:30:53.0603550Z      └─ lib/gettext/extractor.ex:391:8: Gettext.Extractor.ensure_empty_msgstr!/1
desktop-promote	Generate the Hex and npm bills of materials from source	2026-09-13T03:30:53.0604550Z 
desktop-promote	Generate the Hex and npm bills of materials from source	2026-09-13T03:30:53.0635800Z Generated gettext app
desktop-promote	Generate the Hex and npm bills of materials from source	2026-09-13T03:30:53.0925230Z ==> phoenix_pubsub
desktop-promote	Generate the Hex and npm bills of materials from source	2026-09-13T03:30:53.0926200Z Compiling 12 files (.ex)
desktop-promote	Generate the Hex and npm bills of materials from source	2026-09-13T03:30:53.4482720Z Generated phoenix_pubsub app
desktop-promote	Generate the Hex and npm bills of materials from source	2026-09-13T03:30:53.4656730Z ==> dns_cluster
desktop-promote	Generate the Hex and npm bills of materials from source	2026-09-13T03:30:53.4657160Z Compiling 1 file (.ex)
desktop-promote	Generate the Hex and npm bills of materials from source	2026-09-13T03:30:53.5327120Z      warning: comparison between distinct types found:
desktop-promote	Generate the Hex and npm bills of materials from source	2026-09-13T03:30:53.5327610Z 
desktop-promote	Generate the Hex and npm bills of materials from source	2026-09-13T03:30:53.5327800Z          net_state.started != :no
desktop-promote	Generate the Hex and npm bills of materials from source	2026-09-13T03:30:53.5328060Z 
desktop-promote	Generate the Hex and npm bills of materials from source	2026-09-13T03:30:53.5328190Z      given types:
desktop-promote	Generate the Hex and npm bills of materials from source	2026-09-13T03:30:53.5328350Z 
desktop-promote	Generate the Hex and npm bills of materials from source	2026-09-13T03:30:53.5328510Z          dynamic(not :no) != :no
desktop-promote	Generate the Hex and npm bills of materials from source	2026-09-13T03:30:53.5328650Z 
desktop-promote	Generate the Hex and npm bills of materials from source	2026-09-13T03:30:53.5328850Z      where "net_state" was given the types:
desktop-promote	Generate the Hex and npm bills of materials from source	2026-09-13T03:30:53.5329070Z 
desktop-promote	Generate the Hex and npm bills of materials from source	2026-09-13T03:30:53.5329190Z          # type: dynamic()
desktop-promote	Generate the Hex and npm bills of materials from source	2026-09-13T03:30:53.5330010Z          # from: lib/dns_cluster.ex:207:8
desktop-promote	Generate the Hex and npm bills of materials from source	2026-09-13T03:30:53.5330280Z          net_state
desktop-promote	Generate the Hex and npm bills of materials from source	2026-09-13T03:30:53.5330440Z 
desktop-promote	Generate the Hex and npm bills of materials from source	2026-09-13T03:30:53.5330610Z          # type: dynamic(not false and not nil)
desktop-promote	Generate the Hex and npm bills of materials from source	2026-09-13T03:30:53.5331030Z          # from: lib/dns_cluster.ex:207:8
desktop-promote	Generate the Hex and npm bills of materials from source	2026-09-13T03:30:53.5331350Z          net_state
desktop-promote	Generate the Hex and npm bills of materials from source	2026-09-13T03:30:53.5331520Z 
desktop-promote	Generate the Hex and npm bills of materials from source	2026-09-13T03:30:53.5331700Z          # type: dynamic(%{..., started: term()})
desktop-promote	Generate the Hex and npm bills of materials from source	2026-09-13T03:30:53.5332080Z          # from: lib/dns_cluster.ex:210:25
desktop-promote	Generate the Hex and npm bills of materials from source	2026-09-13T03:30:53.5332450Z          net_state.started == :no
desktop-promote	Generate the Hex and npm bills of materials from source	2026-09-13T03:30:53.5332590Z 
desktop-promote	Generate the Hex and npm bills of materials from source	2026-09-13T03:30:53.5332760Z          # type: dynamic(%{..., started: not :no})
desktop-promote	Generate the Hex and npm bills of materials from source	2026-09-13T03:30:53.5333140Z          # from: lib/dns_cluster.ex:220:25
desktop-promote	Generate the Hex and npm bills of materials from source	2026-09-13T03:30:53.5333450Z          net_state.started == :no
desktop-promote	Generate the Hex and npm bills of materials from source	2026-09-13T03:30:53.5333590Z 
desktop-promote	Generate the Hex and npm bills of materials from source	2026-09-13T03:30:53.5334150Z      While Elixir can compare across all types, you are comparing across types which are always disjoint, and the result is either always true or always false
desktop-promote	Generate the Hex and npm bills of materials from source	2026-09-13T03:30:53.5334670Z 
desktop-promote	Generate the Hex and npm bills of materials from source	2026-09-13T03:30:53.5334780Z      type warning found at:
desktop-promote	Generate the Hex and npm bills of materials from source	2026-09-13T03:30:53.5335270Z      │
desktop-promote	Generate the Hex and npm bills of materials from source	2026-09-13T03:30:53.5335760Z  221 │           (!release? and net_state.started != :no and net_state[:name_domain] != :longnames) ->
desktop-promote	Generate the Hex and npm bills of materials from source	2026-09-13T03:30:53.5336320Z      │                                            ~
desktop-promote	Generate the Hex and npm bills of materials from source	2026-09-13T03:30:53.5336660Z      │
desktop-promote	Generate the Hex and npm bills of materials from source	2026-09-13T03:30:53.5337000Z      └─ lib/dns_cluster.ex:221:44: DNSCluster.warn_on_invalid_dist/0
desktop-promote	Generate the Hex and npm bills of materials from source	2026-09-13T03:30:53.5337270Z 
desktop-promote	Generate the Hex and npm bills of materials from source	2026-09-13T03:30:53.5386840Z Generated dns_cluster app
desktop-promote	Generate the Hex and npm bills of materials from source	2026-09-13T03:30:53.9883780Z ==> keepling
desktop-promote	Generate the Hex and npm bills of materials from source	2026-09-13T03:30:53.9884200Z ===> Analyzing applications...
desktop-promote	Generate the Hex and npm bills of materials from source	2026-09-13T03:30:54.0345490Z ===> Compiling certifi
desktop-promote	Generate the Hex and npm bills of materials from source	2026-09-13T03:30:54.4311700Z ==> plug
desktop-promote	Generate the Hex and npm bills of materials from source	2026-09-13T03:30:54.4312240Z Compiling 1 file (.erl)
desktop-promote	Generate the Hex and npm bills of materials from source	2026-09-13T03:30:54.5358010Z Compiling 42 files (.ex)
desktop-promote	Generate the Hex and npm bills of materials from source	2026-09-13T03:30:56.3821320Z Generated plug app
desktop-promote	Generate the Hex and npm bills of materials from source	2026-09-13T03:30:56.4009550Z warning: "xref: [exclude: ...]" in your mix.exs file is deprecated, instead use: "elixirc_options: [no_warn_undefined: ...]"
desktop-promote	Generate the Hex and npm bills of materials from source	2026-09-13T03:30:56.4011870Z   (mix 1.20.2) lib/mix/tasks/compile.elixir.ex:243: Mix.Tasks.Compile.Elixir.xref_exclude_opts/2
desktop-promote	Generate the Hex and npm bills of materials from source	2026-09-13T03:30:56.4013420Z   (mix 1.20.2) lib/mix/tasks/compile.elixir.ex:142: Mix.Tasks.Compile.Elixir.run/1
desktop-promote	Generate the Hex and npm bills of materials from source	2026-09-13T03:30:56.4015310Z   (mix 1.20.2) lib/mix/task.ex:502: anonymous fn/3 in Mix.Task.run_task/5
desktop-promote	Generate the Hex and npm bills of materials from source	2026-09-13T03:30:56.4016730Z   (mix 1.20.2) lib/mix/task.compiler.ex:299: Mix.Task.Compiler.run_compiler/2
desktop-promote	Generate the Hex and npm bills of materials from source	2026-09-13T03:30:56.4017990Z   (mix 1.20.2) lib/mix/task.compiler.ex:287: Mix.Task.Compiler.run/4
desktop-promote	Generate the Hex and npm bills of materials from source	2026-09-13T03:30:56.4019390Z   (mix 1.20.2) lib/mix/tasks/compile.all.ex:75: Mix.Tasks.Compile.All.do_run/2
desktop-promote	Generate the Hex and npm bills of materials from source	2026-09-13T03:30:56.4020160Z 
desktop-promote	Generate the Hex and npm bills of materials from source	2026-09-13T03:30:56.4130360Z ==> postgrex
desktop-promote	Generate the Hex and npm bills of materials from source	2026-09-13T03:30:56.4132330Z Compiling 70 files (.ex)
desktop-promote	Generate the Hex and npm bills of materials from source	2026-09-13T03:31:04.7304170Z Generated postgrex app
desktop-promote	Generate the Hex and npm bills of materials from source	2026-09-13T03:31:04.7442420Z warning: "xref: [exclude: ...]" in your mix.exs file is deprecated, instead use: "elixirc_options: [no_warn_undefined: ...]"
desktop-promote	Generate the Hex and npm bills of materials from source	2026-09-13T03:31:04.7443960Z   (mix 1.20.2) lib/mix/tasks/compile.elixir.ex:243: Mix.Tasks.Compile.Elixir.xref_exclude_opts/2
desktop-promote	Generate the Hex and npm bills of materials from source	2026-09-13T03:31:04.7444680Z   (mix 1.20.2) lib/mix/tasks/compile.elixir.ex:142: Mix.Tasks.Compile.Elixir.run/1
desktop-promote	Generate the Hex and npm bills of materials from source	2026-09-13T03:31:04.7445820Z   (mix 1.20.2) lib/mix/task.ex:502: anonymous fn/3 in Mix.Task.run_task/5
desktop-promote	Generate the Hex and npm bills of materials from source	2026-09-13T03:31:04.7447790Z   (mix 1.20.2) lib/mix/task.compiler.ex:299: Mix.Task.Compiler.run_compiler/2
desktop-promote	Generate the Hex and npm bills of materials from source	2026-09-13T03:31:04.7449220Z   (mix 1.20.2) lib/mix/task.compiler.ex:287: Mix.Task.Compiler.run/4
desktop-promote	Generate the Hex and npm bills of materials from source	2026-09-13T03:31:04.7450460Z   (mix 1.20.2) lib/mix/tasks/compile.all.ex:75: Mix.Tasks.Compile.All.do_run/2
desktop-promote	Generate the Hex and npm bills of materials from source	2026-09-13T03:31:04.7451200Z 
desktop-promote	Generate the Hex and npm bills of materials from source	2026-09-13T03:31:04.7517210Z ==> phoenix_ecto
desktop-promote	Generate the Hex and npm bills of materials from source	2026-09-13T03:31:04.7517790Z Compiling 7 files (.ex)
desktop-promote	Generate the Hex and npm bills of materials from source	2026-09-13T03:31:04.8962480Z Generated phoenix_ecto app
desktop-promote	Generate the Hex and npm bills of materials from source	2026-09-13T03:31:04.9378210Z ==> ecto_sql
desktop-promote	Generate the Hex and npm bills of materials from source	2026-09-13T03:31:04.9379310Z Compiling 25 files (.ex)
desktop-promote	Generate the Hex and npm bills of materials from source	2026-09-13T03:31:05.8023990Z Generated ecto_sql app
desktop-promote	Generate the Hex and npm bills of materials from source	2026-09-13T03:31:05.8278320Z ==> hammer
desktop-promote	Generate the Hex and npm bills of materials from source	2026-09-13T03:31:05.8278770Z Compiling 13 files (.ex)
desktop-promote	Generate the Hex and npm bills of materials from source	2026-09-13T03:31:05.9794370Z Generated hammer app
desktop-promote	Generate the Hex and npm bills of materials from source	2026-09-13T03:31:06.5059310Z ==> keepling
desktop-promote	Generate the Hex and npm bills of materials from source	2026-09-13T03:31:06.5059780Z ===> Analyzing applications...
desktop-promote	Generate the Hex and npm bills of materials from source	2026-09-13T03:31:06.5820830Z ===> Compiling parse_trans
desktop-promote	Generate the Hex and npm bills of materials from source	2026-09-13T03:31:07.9832930Z ===> Analyzing applications...
desktop-promote	Generate the Hex and npm bills of materials from source	2026-09-13T03:31:08.0534410Z ===> Compiling metrics
desktop-promote	Generate the Hex and npm bills of materials from source	2026-09-13T03:31:08.9483120Z ===> Analyzing applications...
desktop-promote	Generate the Hex and npm bills of materials from source	2026-09-13T03:31:09.1049460Z ===> Compiling hackney
desktop-promote	Generate the Hex and npm bills of materials from source	2026-09-13T03:31:09.6027970Z      ┌─ src/hackney_happy.erl:
desktop-promote	Generate the Hex and npm bills of materials from source	2026-09-13T03:31:09.6029180Z      │
desktop-promote	Generate the Hex and npm bills of materials from source	2026-09-13T03:31:09.6030580Z  101 │    catch exit(Pid, normal),
desktop-promote	Generate the Hex and npm bills of materials from source	2026-09-13T03:31:09.6034780Z      │    ╰── Warning: 'catch ...' is deprecated; please use 'try ... catch ... end' instead.
desktop-promote	Generate the Hex and npm bills of materials from source	2026-09-13T03:31:09.6036260Z Compile directive 'nowarn_deprecated_catch' can be used to suppress
desktop-promote	Generate the Hex and npm bills of materials from source	2026-09-13T03:31:09.6038040Z warnings in selected modules.
desktop-promote	Generate the Hex and npm bills of materials from source	2026-09-13T03:31:09.6039060Z 
desktop-promote	Generate the Hex and npm bills of materials from source	2026-09-13T03:31:09.6040440Z      ┌─ src/hackney_happy.erl:
desktop-promote	Generate the Hex and npm bills of materials from source	2026-09-13T03:31:09.6042520Z      │
desktop-promote	Generate the Hex and npm bills of materials from source	2026-09-13T03:31:09.6043480Z  128 │    case (catch inet_res:getbyname(Hostname, Type)) of
desktop-promote	Generate the Hex and npm bills of materials from source	2026-09-13T03:31:09.6044530Z      │          ╰── Warning: 'catch ...' is deprecated; please use 'try ... catch ... end' instead.
desktop-promote	Generate the Hex and npm bills of materials from source	2026-09-13T03:31:09.6045410Z Compile directive 'nowarn_deprecated_catch' can be used to suppress
desktop-promote	Generate the Hex and npm bills of materials from source	2026-09-13T03:31:09.6046050Z warnings in selected modules.
desktop-promote	Generate the Hex and npm bills of materials from source	2026-09-13T03:31:09.6046380Z 
desktop-promote	Generate the Hex and npm bills of materials from source	2026-09-13T03:31:09.6046700Z      ┌─ src/hackney_happy.erl:
desktop-promote	Generate the Hex and npm bills of materials from source	2026-09-13T03:31:09.6047260Z      │
desktop-promote	Generate the Hex and npm bills of materials from source	2026-09-13T03:31:09.6047840Z  151 │    case (catch inet:gethostbyname(Hostname, InetType)) of
desktop-promote	Generate the Hex and npm bills of materials from source	2026-09-13T03:31:09.6048740Z      │          ╰── Warning: 'catch ...' is deprecated; please use 'try ... catch ... end' instead.
desktop-promote	Generate the Hex and npm bills of materials from source	2026-09-13T03:31:09.6049590Z Compile directive 'nowarn_deprecated_catch' can be used to suppress
desktop-promote	Generate the Hex and npm bills of materials from source	2026-09-13T03:31:09.6058300Z warnings in selected modules.
desktop-promote	Generate the Hex and npm bills of materials from source	2026-09-13T03:31:09.6058490Z 
desktop-promote	Generate the Hex and npm bills of materials from source	2026-09-13T03:31:09.6058500Z 
desktop-promote	Generate the Hex and npm bills of materials from source	2026-09-13T03:31:09.6058810Z     ┌─ src/hackney_pool.erl:
desktop-promote	Generate the Hex and npm bills of materials from source	2026-09-13T03:31:09.6059090Z     │
desktop-promote	Generate the Hex and npm bills of materials from source	2026-09-13T03:31:09.6059670Z  80 │    case catch gen_server:call(Pool, {checkout, Connection, Requester, RequestRef}, CheckoutTimeout) of
desktop-promote	Generate the Hex and npm bills of materials from source	2026-09-13T03:31:09.6060410Z     │         ╰── Warning: 'catch ...' is deprecated; please use 'try ... catch ... end' instead.
desktop-promote	Generate the Hex and npm bills of materials from source	2026-09-13T03:31:09.6061110Z Compile directive 'nowarn_deprecated_catch' can be used to suppress
desktop-promote	Generate the Hex and npm bills of materials from source	2026-09-13T03:31:09.6061540Z warnings in selected modules.
desktop-promote	Generate the Hex and npm bills of materials from source	2026-09-13T03:31:09.6061730Z 
desktop-promote	Generate the Hex and npm bills of materials from source	2026-09-13T03:31:09.6061820Z      ┌─ src/hackney_pool.erl:
desktop-promote	Generate the Hex and npm bills of materials from source	2026-09-13T03:31:09.6062060Z      │
desktop-promote	Generate the Hex and npm bills of materials from source	2026-09-13T03:31:09.6062380Z  101 │                _ = catch hackney_connection:close(Connection, Socket),
desktop-promote	Generate the Hex and npm bills of materials from source	2026-09-13T03:31:09.6062970Z      │                    ╰── Warning: 'catch ...' is deprecated; please use 'try ... catch ... end' instead.
desktop-promote	Generate the Hex and npm bills of materials from source	2026-09-13T03:31:09.6063570Z Compile directive 'nowarn_deprecated_catch' can be used to suppress
desktop-promote	Generate the Hex and npm bills of materials from source	2026-09-13T03:31:09.6063990Z warnings in selected modules.
desktop-promote	Generate the Hex and npm bills of materials from source	2026-09-13T03:31:09.6064190Z 
desktop-promote	Generate the Hex and npm bills of materials from source	2026-09-13T03:31:09.6064380Z      ┌─ src/hackney_pool.erl:
desktop-promote	Generate the Hex and npm bills of materials from source	2026-09-13T03:31:09.6064670Z      │
desktop-promote	Generate the Hex and npm bills of materials from source	2026-09-13T03:31:09.6065040Z  130 │            _ = catch hackney_connection:close(Connection, Socket),
desktop-promote	Generate the Hex and npm bills of materials from source	2026-09-13T03:31:09.6065630Z      │                ╰── Warning: 'catch ...' is deprecated; please use 'try ... catch ... end' instead.
desktop-promote	Generate the Hex and npm bills of materials from source	2026-09-13T03:31:09.6066170Z Compile directive 'nowarn_deprecated_catch' can be used to suppress
desktop-promote	Generate the Hex and npm bills of materials from source	2026-09-13T03:31:09.6066490Z warnings in selected modules.
desktop-promote	Generate the Hex and npm bills of materials from source	2026-09-13T03:31:09.6066620Z 
desktop-promote	Generate the Hex and npm bills of materials from source	2026-09-13T03:31:09.6066720Z      ┌─ src/hackney_pool.erl:
desktop-promote	Generate the Hex and npm bills of materials from source	2026-09-13T03:31:09.6066900Z      │
desktop-promote	Generate the Hex and npm bills of materials from source	2026-09-13T03:31:09.6067190Z  134 │        catch hackney_connection:close(Connection, Socket),
desktop-promote	Generate the Hex and npm bills of materials from source	2026-09-13T03:31:09.6067680Z      │        ╰── Warning: 'catch ...' is deprecated; please use 'try ... catch ... end' instead.
desktop-promote	Generate the Hex and npm bills of materials from source	2026-09-13T03:31:09.6068200Z Compile directive 'nowarn_deprecated_catch' can be used to suppress
desktop-promote	Generate the Hex and npm bills of materials from source	2026-09-13T03:31:09.6068520Z warnings in selected modules.
desktop-promote	Generate the Hex and npm bills of materials from source	2026-09-13T03:31:09.6069230Z 
desktop-promote	Generate the Hex and npm bills of materials from source	2026-09-13T03:31:09.6069390Z      ┌─ src/hackney_pool.erl:
desktop-promote	Generate the Hex and npm bills of materials from source	2026-09-13T03:31:09.6069570Z      │
desktop-promote	Generate the Hex and npm bills of materials from source	2026-09-13T03:31:09.6069820Z  319 │                 catch Transport:close(Socket),
desktop-promote	Generate the Hex and npm bills of materials from source	2026-09-13T03:31:09.6070330Z      │                 ╰── Warning: 'catch ...' is deprecated; please use 'try ... catch ... end' instead.
desktop-promote	Generate the Hex and npm bills of materials from source	2026-09-13T03:31:09.6070860Z Compile directive 'nowarn_deprecated_catch' can be used to suppress
desktop-promote	Generate the Hex and npm bills of materials from source	2026-09-13T03:31:09.6071170Z warnings in selected modules.
desktop-promote	Generate the Hex and npm bills of materials from source	2026-09-13T03:31:09.6071310Z 
desktop-promote	Generate the Hex and npm bills of materials from source	2026-09-13T03:31:09.6071400Z      ┌─ src/hackney_pool.erl:
desktop-promote	Generate the Hex and npm bills of materials from source	2026-09-13T03:31:09.6071590Z      │
desktop-promote	Generate the Hex and npm bills of materials from source	2026-09-13T03:31:09.6071970Z  417 │                case catch hackney_connection:controlling_process(Connection, S, self()) of
desktop-promote	Generate the Hex and npm bills of materials from source	2026-09-13T03:31:09.6072660Z      │                     ╰── Warning: 'catch ...' is deprecated; please use 'try ... catch ... end' instead.
desktop-promote	Generate the Hex and npm bills of materials from source	2026-09-13T03:31:09.6073200Z Compile directive 'nowarn_deprecated_catch' can be used to suppress
desktop-promote	Generate the Hex and npm bills of materials from source	2026-09-13T03:31:09.6073510Z warnings in selected modules.
desktop-promote	Generate the Hex and npm bills of materials from source	2026-09-13T03:31:09.6073700Z 
desktop-promote	Generate the Hex and npm bills of materials from source	2026-09-13T03:31:09.6073820Z      ┌─ src/hackney_pool.erl:
desktop-promote	Generate the Hex and npm bills of materials from source	2026-09-13T03:31:09.6074010Z      │
desktop-promote	Generate the Hex and npm bills of materials from source	2026-09-13T03:31:09.6074370Z  423 │                    _ = catch hackney_connection:close(Connection, S),
desktop-promote	Generate the Hex and npm bills of materials from source	2026-09-13T03:31:09.6075010Z      │                        ╰── Warning: 'catch ...' is deprecated; please use 'try ... catch ... end' instead.
desktop-promote	Generate the Hex and npm bills of materials from source	2026-09-13T03:31:09.6075560Z Compile directive 'nowarn_deprecated_catch' can be used to suppress
desktop-promote	Generate the Hex and npm bills of materials from source	2026-09-13T03:31:09.6075940Z warnings in selected modules.
desktop-promote	Generate the Hex and npm bills of materials from source	2026-09-13T03:31:09.6076070Z 
desktop-promote	Generate the Hex and npm bills of materials from source	2026-09-13T03:31:09.6076170Z      ┌─ src/hackney_pool.erl:
desktop-promote	Generate the Hex and npm bills of materials from source	2026-09-13T03:31:09.6076360Z      │
desktop-promote	Generate the Hex and npm bills of materials from source	2026-09-13T03:31:09.6076680Z  444 │        catch hackney_connection:close(Connection, Socket),
desktop-promote	Generate the Hex and npm bills of materials from source	2026-09-13T03:31:09.6077200Z      │        ╰── Warning: 'catch ...' is deprecated; please use 'try ... catch ... end' instead.
desktop-promote	Generate the Hex and npm bills of materials from source	2026-09-13T03:31:09.6078150Z Compile directive 'nowarn_deprecated_catch' can be used to suppress
desktop-promote	Generate the Hex and npm bills of materials from source	2026-09-13T03:31:09.6078480Z warnings in selected modules.
desktop-promote	Generate the Hex and npm bills of materials from source	2026-09-13T03:31:09.6078620Z 
desktop-promote	Generate the Hex and npm bills of materials from source	2026-09-13T03:31:09.6078760Z      ┌─ src/hackney_pool.erl:
desktop-promote	Generate the Hex and npm bills of materials from source	2026-09-13T03:31:09.6078990Z      │
desktop-promote	Generate the Hex and npm bills of materials from source	2026-09-13T03:31:09.6079370Z  543 │            _ = (catch hackney_connection:close(Connection, Socket)),
desktop-promote	Generate the Hex and npm bills of materials from source	2026-09-13T03:31:09.6079970Z      │                 ╰── Warning: 'catch ...' is deprecated; please use 'try ... catch ... end' instead.
desktop-promote	Generate the Hex and npm bills of materials from source	2026-09-13T03:31:09.6080500Z Compile directive 'nowarn_deprecated_catch' can be used to suppress
desktop-promote	Generate the Hex and npm bills of materials from source	2026-09-13T03:31:09.6080830Z warnings in selected modules.
desktop-promote	Generate the Hex and npm bills of materials from source	2026-09-13T03:31:09.6080960Z 
desktop-promote	Generate the Hex and npm bills of materials from source	2026-09-13T03:31:09.6080960Z 
desktop-promote	Generate the Hex and npm bills of materials from source	2026-09-13T03:31:09.8082090Z      ┌─ src/hackney_manager.erl:
desktop-promote	Generate the Hex and npm bills of materials from source	2026-09-13T03:31:09.8082960Z      │
desktop-promote	Generate the Hex and npm bills of materials from source	2026-09-13T03:31:09.8083450Z  114 │    catch ets:delete(?MODULE, Ref),
desktop-promote	Generate the Hex and npm bills of materials from source	2026-09-13T03:31:09.8084200Z      │    ╰── Warning: 'catch ...' is deprecated; please use 'try ... catch ... end' instead.
desktop-promote	Generate the Hex and npm bills of materials from source	2026-09-13T03:31:09.8085080Z Compile directive 'nowarn_deprecated_catch' can be used to suppress
desktop-promote	Generate the Hex and npm bills of materials from source	2026-09-13T03:31:09.8085760Z warnings in selected modules.
desktop-promote	Generate the Hex and npm bills of materials from source	2026-09-13T03:31:09.8086830Z 
desktop-promote	Generate the Hex and npm bills of materials from source	2026-09-13T03:31:09.8087420Z      ┌─ src/hackney_manager.erl:
desktop-promote	Generate the Hex and npm bills of materials from source	2026-09-13T03:31:09.8088000Z      │
desktop-promote	Generate the Hex and npm bills of materials from source	2026-09-13T03:31:09.8088470Z  125 │            catch Transport:close(Socket);
desktop-promote	Generate the Hex and npm bills of materials from source	2026-09-13T03:31:09.8089380Z      │            ╰── Warning: 'catch ...' is deprecated; please use 'try ... catch ... end' instead.
desktop-promote	Generate the Hex and npm bills of materials from source	2026-09-13T03:31:09.8090890Z Compile directive 'nowarn_deprecated_catch' can be used to suppress
desktop-promote	Generate the Hex and npm bills of materials from source	2026-09-13T03:31:09.8092550Z warnings in selected modules.
desktop-promote	Generate the Hex and npm bills of materials from source	2026-09-13T03:31:09.8093160Z 
desktop-promote	Generate the Hex and npm bills of materials from source	2026-09-13T03:31:09.8094030Z      ┌─ src/hackney_manager.erl:
desktop-promote	Generate the Hex and npm bills of materials from source	2026-09-13T03:31:09.8094250Z      │
desktop-promote	Generate the Hex and npm bills of materials from source	2026-09-13T03:31:09.8094730Z  129 │            catch Handler:checkin(SocketRef, Socket)
desktop-promote	Generate the Hex and npm bills of materials from source	2026-09-13T03:31:09.8103140Z      │            ╰── Warning: 'catch ...' is deprecated; please use 'try ... catch ... end' instead.
desktop-promote	Generate the Hex and npm bills of materials from source	2026-09-13T03:31:09.8104100Z Compile directive 'nowarn_deprecated_catch' can be used to suppress
desktop-promote	Generate the Hex and npm bills of materials from source	2026-09-13T03:31:09.8104440Z warnings in selected modules.
desktop-promote	Generate the Hex and npm bills of materials from source	2026-09-13T03:31:09.8105090Z 
desktop-promote	Generate the Hex and npm bills of materials from source	2026-09-13T03:31:09.8105430Z      ┌─ src/hackney_manager.erl:
desktop-promote	Generate the Hex and npm bills of materials from source	2026-09-13T03:31:09.8105980Z      │
desktop-promote	Generate the Hex and npm bills of materials from source	2026-09-13T03:31:09.8106340Z  133 │          catch Transport:controlling_process(Socket, self()),
desktop-promote	Generate the Hex and npm bills of materials from source	2026-09-13T03:31:09.8107230Z      │          ╰── Warning: 'catch ...' is deprecated; please use 'try ... catch ... end' instead.
desktop-promote	Generate the Hex and npm bills of materials from source	2026-09-13T03:31:09.8108040Z Compile directive 'nowarn_deprecated_catch' can be used to suppress
desktop-promote	Generate the Hex and npm bills of materials from source	2026-09-13T03:31:09.8108680Z warnings in selected modules.
desktop-promote	Generate the Hex and npm bills of materials from source	2026-09-13T03:31:09.8109140Z 
desktop-promote	Generate the Hex and npm bills of materials from source	2026-09-13T03:31:09.8109580Z      ┌─ src/hackney_manager.erl:
desktop-promote	Generate the Hex and npm bills of materials from source	2026-09-13T03:31:09.8110100Z      │
desktop-promote	Generate the Hex and npm bills of materials from source	2026-09-13T03:31:09.8110580Z  134 │          catch Transport:close(Socket),
desktop-promote	Generate the Hex and npm bills of materials from source	2026-09-13T03:31:09.8111370Z      │          ╰── Warning: 'catch ...' is deprecated; please use 'try ... catch ... end' instead.
desktop-promote	Generate the Hex and npm bills of materials from source	2026-09-13T03:31:09.8112170Z Compile directive 'nowarn_deprecated_catch' can be used to suppress
desktop-promote	Generate the Hex and npm bills of materials from source	2026-09-13T03:31:09.8112840Z warnings in selected modules.
desktop-promote	Generate the Hex and npm bills of materials from source	2026-09-13T03:31:09.8113180Z 
desktop-promote	Generate the Hex and npm bills of materials from source	2026-09-13T03:31:09.8113520Z      ┌─ src/hackney_manager.erl:
desktop-promote	Generate the Hex and npm bills of materials from source	2026-09-13T03:31:09.8113930Z      │
desktop-promote	Generate the Hex and npm bills of materials from source	2026-09-13T03:31:09.8114550Z  227 │            catch ets:delete(?MODULE, Ref),
desktop-promote	Generate the Hex and npm bills of materials from source	2026-09-13T03:31:09.8115550Z      │            ╰── Warning: 'catch ...' is deprecated; please use 'try ... catch ... end' instead.
desktop-promote	Generate the Hex and npm bills of materials from source	2026-09-13T03:31:09.8118780Z Compile directive 'nowarn_deprecated_catch' can be used to suppress
desktop-promote	Generate the Hex and npm bills of materials from source	2026-09-13T03:31:09.8119370Z warnings in selected modules.
desktop-promote	Generate the Hex and npm bills of materials from source	2026-09-13T03:31:09.8119760Z 
desktop-promote	Generate the Hex and npm bills of materials from source	2026-09-13T03:31:09.8120150Z      ┌─ src/hackney_manager.erl:
desktop-promote	Generate the Hex and npm bills of materials from source	2026-09-13T03:31:09.8120780Z      │
desktop-promote	Generate the Hex and npm bills of materials from source	2026-09-13T03:31:09.8121260Z  255 │    catch ets:delete(?MODULE, Ref),
desktop-promote	Generate the Hex and npm bills of materials from source	2026-09-13T03:31:09.8122120Z      │    ╰── Warning: 'catch ...' is deprecated; please use 'try ... catch ... end' instead.
desktop-promote	Generate the Hex and npm bills of materials from source	2026-09-13T03:31:09.8124370Z Compile directive 'nowarn_deprecated_catch' can be used to suppress
desktop-promote	Generate the Hex and npm bills of materials from source	2026-09-13T03:31:09.8126390Z warnings in selected modules.
desktop-promote	Generate the Hex and npm bills of materials from source	2026-09-13T03:31:09.8127960Z 
desktop-promote	Generate the Hex and npm bills of materials from source	2026-09-13T03:31:09.8128740Z      ┌─ src/hackney_manager.erl:
desktop-promote	Generate the Hex and npm bills of materials from source	2026-09-13T03:31:09.8129720Z      │
desktop-promote	Generate the Hex and npm bills of materials from source	2026-09-13T03:31:09.8130430Z  269 │          catch Transport:controlling_process(Socket, self()),
desktop-promote	Generate the Hex and npm bills of materials from source	2026-09-13T03:31:09.8131240Z      │          ╰── Warning: 'catch ...' is deprecated; please use 'try ... catch ... end' instead.
desktop-promote	Generate the Hex and npm bills of materials from source	2026-09-13T03:31:09.8132500Z Compile directive 'nowarn_deprecated_catch' can be used to suppress
desktop-promote	Generate the Hex and npm bills of materials from source	2026-09-13T03:31:09.8133420Z warnings in selected modules.
desktop-promote	Generate the Hex and npm bills of materials from source	2026-09-13T03:31:09.8136100Z 
desktop-promote	Generate the Hex and npm bills of materials from source	2026-09-13T03:31:09.8137250Z      ┌─ src/hackney_manager.erl:
desktop-promote	Generate the Hex and npm bills of materials from source	2026-09-13T03:31:09.8137730Z      │
desktop-promote	Generate the Hex and npm bills of materials from source	2026-09-13T03:31:09.8138280Z  270 │          catch Transport:close(Socket),
desktop-promote	Generate the Hex and npm bills of materials from source	2026-09-13T03:31:09.8138980Z      │          ╰── Warning: 'catch ...' is deprecated; please use 'try ... catch ... end' instead.
desktop-promote	Generate the Hex and npm bills of materials from source	2026-09-13T03:31:09.8139580Z Compile directive 'nowarn_deprecated_catch' can be used to suppress
desktop-promote	Generate the Hex and npm bills of materials from source	2026-09-13T03:31:09.8140200Z warnings in selected modules.
desktop-promote	Generate the Hex and npm bills of materials from source	2026-09-13T03:31:09.8140610Z 
desktop-promote	Generate the Hex and npm bills of materials from source	2026-09-13T03:31:09.8140980Z      ┌─ src/hackney_manager.erl:
desktop-promote	Generate the Hex and npm bills of materials from source	2026-09-13T03:31:09.8141680Z      │
desktop-promote	Generate the Hex and npm bills of materials from source	2026-09-13T03:31:09.8142150Z  383 │          catch unlink(Stream),
desktop-promote	Generate the Hex and npm bills of materials from source	2026-09-13T03:31:09.8142960Z      │          ╰── Warning: 'catch ...' is deprecated; please use 'try ... catch ... end' instead.
desktop-promote	Generate the Hex and npm bills of materials from source	2026-09-13T03:31:09.8144220Z Compile directive 'nowarn_deprecated_catch' can be used to suppress
desktop-promote	Generate the Hex and npm bills of materials from source	2026-09-13T03:31:09.8144740Z warnings in selected modules.
desktop-promote	Generate the Hex and npm bills of materials from source	2026-09-13T03:31:09.8145290Z 
desktop-promote	Generate the Hex and npm bills of materials from source	2026-09-13T03:31:09.8145730Z      ┌─ src/hackney_manager.erl:
desktop-promote	Generate the Hex and npm bills of materials from source	2026-09-13T03:31:09.8146270Z      │
desktop-promote	Generate the Hex and npm bills of materials from source	2026-09-13T03:31:09.8146770Z  416 │        catch ets:delete(?REFS, Ref),
desktop-promote	Generate the Hex and npm bills of materials from source	2026-09-13T03:31:09.8147420Z      │        ╰── Warning: 'catch ...' is deprecated; please use 'try ... catch ... end' instead.
desktop-promote	Generate the Hex and npm bills of materials from source	2026-09-13T03:31:09.8148200Z Compile directive 'nowarn_deprecated_catch' can be used to suppress
desktop-promote	Generate the Hex and npm bills of materials from source	2026-09-13T03:31:09.8149090Z warnings in selected modules.
desktop-promote	Generate the Hex and npm bills of materials from source	2026-09-13T03:31:09.8149380Z 
desktop-promote	Generate the Hex and npm bills of materials from source	2026-09-13T03:31:09.8149810Z      ┌─ src/hackney_manager.erl:
desktop-promote	Generate the Hex and npm bills of materials from source	2026-09-13T03:31:09.8150020Z      │
desktop-promote	Generate the Hex and npm bills of materials from source	2026-09-13T03:31:09.8150570Z  426 │        catch ets:delete(?REFS, Ref),
desktop-promote	Generate the Hex and npm bills of materials from source	2026-09-13T03:31:09.8151290Z      │        ╰── Warning: 'catch ...' is deprecated; please use 'try ... catch ... end' instead.
desktop-promote	Generate the Hex and npm bills of materials from source	2026-09-13T03:31:09.8151850Z Compile directive 'nowarn_deprecated_catch' can be used to suppress
desktop-promote	Generate the Hex and npm bills of materials from source	2026-09-13T03:31:09.8152180Z warnings in selected modules.
desktop-promote	Generate the Hex and npm bills of materials from source	2026-09-13T03:31:09.8152340Z 
desktop-promote	Generate the Hex and npm bills of materials from source	2026-09-13T03:31:09.8152510Z      ┌─ src/hackney_manager.erl:
desktop-promote	Generate the Hex and npm bills of materials from source	2026-09-13T03:31:09.8152710Z      │
desktop-promote	Generate the Hex and npm bills of materials from source	2026-09-13T03:31:09.8153030Z  470 │    case catch hackney_stream:start_link(StreamTo2, Ref, Client) of
desktop-promote	Generate the Hex and npm bills of materials from source	2026-09-13T03:31:09.8153560Z      │         ╰── Warning: 'catch ...' is deprecated; please use 'try ... catch ... end' instead.
desktop-promote	Generate the Hex and npm bills of materials from source	2026-09-13T03:31:09.8154070Z Compile directive 'nowarn_deprecated_catch' can be used to suppress
desktop-promote	Generate the Hex and npm bills of materials from source	2026-09-13T03:31:09.8154390Z warnings in selected modules.
desktop-promote	Generate the Hex and npm bills of materials from source	2026-09-13T03:31:09.8154520Z 
desktop-promote	Generate the Hex and npm bills of materials from source	2026-09-13T03:31:09.8154790Z      ┌─ src/hackney_manager.erl:
desktop-promote	Generate the Hex and npm bills of materials from source	2026-09-13T03:31:09.8154980Z      │
desktop-promote	Generate the Hex and npm bills of materials from source	2026-09-13T03:31:09.8155270Z  487 │           catch Transport:close(Socket),
desktop-promote	Generate the Hex and npm bills of materials from source	2026-09-13T03:31:09.8155750Z      │           ╰── Warning: 'catch ...' is deprecated; please use 'try ... catch ... end' instead.
desktop-promote	Generate the Hex and npm bills of materials from source	2026-09-13T03:31:09.8156260Z Compile directive 'nowarn_deprecated_catch' can be used to suppress
desktop-promote	Generate the Hex and npm bills of materials from source	2026-09-13T03:31:09.8156580Z warnings in selected modules.
desktop-promote	Generate the Hex and npm bills of materials from source	2026-09-13T03:31:09.8156710Z 
desktop-promote	Generate the Hex and npm bills of materials from source	2026-09-13T03:31:09.8156830Z      ┌─ src/hackney_manager.erl:
desktop-promote	Generate the Hex and npm bills of materials from source	2026-09-13T03:31:09.8157020Z      │
desktop-promote	Generate the Hex and npm bills of materials from source	2026-09-13T03:31:09.8157230Z  543 │        catch ets:delete(?REFS, Ref),
desktop-promote	Generate the Hex and npm bills of materials from source	2026-09-13T03:31:09.8157680Z      │        ╰── Warning: 'catch ...' is deprecated; please use 'try ... catch ... end' instead.
desktop-promote	Generate the Hex and npm bills of materials from source	2026-09-13T03:31:09.8158170Z Compile directive 'nowarn_deprecated_catch' can be used to suppress
desktop-promote	Generate the Hex and npm bills of materials from source	2026-09-13T03:31:09.8158490Z warnings in selected modules.
desktop-promote	Generate the Hex and npm bills of materials from source	2026-09-13T03:31:09.8158620Z 
desktop-promote	Generate the Hex and npm bills of materials from source	2026-09-13T03:31:09.8158740Z      ┌─ src/hackney_manager.erl:
desktop-promote	Generate the Hex and npm bills of materials from source	2026-09-13T03:31:09.8158930Z      │
desktop-promote	Generate the Hex and npm bills of materials from source	2026-09-13T03:31:09.8159160Z  544 │        catch ets:delete(?MODULE, Ref),
desktop-promote	Generate the Hex and npm bills of materials from source	2026-09-13T03:31:09.8159600Z      │        ╰── Warning: 'catch ...' is deprecated; please use 'try ... catch ... end' instead.
desktop-promote	Generate the Hex and npm bills of materials from source	2026-09-13T03:31:09.8160110Z Compile directive 'nowarn_deprecated_catch' can be used to suppress
desktop-promote	Generate the Hex and npm bills of materials from source	2026-09-13T03:31:09.8160430Z warnings in selected modules.
desktop-promote	Generate the Hex and npm bills of materials from source	2026-09-13T03:31:09.8160560Z 
desktop-promote	Generate the Hex and npm bills of materials from source	2026-09-13T03:31:09.8160710Z      ┌─ src/hackney_manager.erl:
desktop-promote	Generate the Hex and npm bills of materials from source	2026-09-13T03:31:09.8160940Z      │
desktop-promote	Generate the Hex and npm bills of materials from source	2026-09-13T03:31:09.8161150Z  559 │        catch ets:delete(?REFS, Ref),
desktop-promote	Generate the Hex and npm bills of materials from source	2026-09-13T03:31:09.8161590Z      │        ╰── Warning: 'catch ...' is deprecated; please use 'try ... catch ... end' instead.
desktop-promote	Generate the Hex and npm bills of materials from source	2026-09-13T03:31:09.8162090Z Compile directive 'nowarn_deprecated_catch' can be used to suppress
desktop-promote	Generate the Hex and npm bills of materials from source	2026-09-13T03:31:09.8162410Z warnings in selected modules.
desktop-promote	Generate the Hex and npm bills of materials from source	2026-09-13T03:31:09.8162540Z 
desktop-promote	Generate the Hex and npm bills of materials from source	2026-09-13T03:31:09.8162660Z      ┌─ src/hackney_manager.erl:
desktop-promote	Generate the Hex and npm bills of materials from source	2026-09-13T03:31:09.8162850Z      │
desktop-promote	Generate the Hex and npm bills of materials from source	2026-09-13T03:31:09.8163070Z  560 │        catch ets:delete(?MODULE, Ref),
desktop-promote	Generate the Hex and npm bills of materials from source	2026-09-13T03:31:09.8163520Z      │        ╰── Warning: 'catch ...' is deprecated; please use 'try ... catch ... end' instead.
desktop-promote	Generate the Hex and npm bills of materials from source	2026-09-13T03:31:09.8164160Z Compile directive 'nowarn_deprecated_catch' can be used to suppress
desktop-promote	Generate the Hex and npm bills of materials from source	2026-09-13T03:31:09.8164480Z warnings in selected modules.
desktop-promote	Generate the Hex and npm bills of materials from source	2026-09-13T03:31:09.8164610Z 
desktop-promote	Generate the Hex and npm bills of materials from source	2026-09-13T03:31:09.8164740Z      ┌─ src/hackney_manager.erl:
desktop-promote	Generate the Hex and npm bills of materials from source	2026-09-13T03:31:09.8164930Z      │
desktop-promote	Generate the Hex and npm bills of materials from source	2026-09-13T03:31:09.8165120Z  618 │        catch unlink(Pid),
desktop-promote	Generate the Hex and npm bills of materials from source	2026-09-13T03:31:09.8165540Z      │        ╰── Warning: 'catch ...' is deprecated; please use 'try ... catch ... end' instead.
desktop-promote	Generate the Hex and npm bills of materials from source	2026-09-13T03:31:09.8166040Z Compile directive 'nowarn_deprecated_catch' can be used to suppress
desktop-promote	Generate the Hex and npm bills of materials from source	2026-09-13T03:31:09.8166540Z warnings in selected modules.
desktop-promote	Generate the Hex and npm bills of materials from source	2026-09-13T03:31:09.8166670Z 
desktop-promote	Generate the Hex and npm bills of materials from source	2026-09-13T03:31:09.8166680Z 
desktop-promote	Generate the Hex and npm bills of materials from source	2026-09-13T03:31:09.8237480Z      ┌─ src/hackney_trace.erl:
desktop-promote	Generate the Hex and npm bills of materials from source	2026-09-13T03:31:09.8239230Z      │
desktop-promote	Generate the Hex and npm bills of materials from source	2026-09-13T03:31:09.8240490Z  132 │    (catch io:format(standard_io, "stop trace at ~s~n", [format_timestamp(Timestamp)])),
desktop-promote	Generate the Hex and npm bills of materials from source	2026-09-13T03:31:09.8242110Z      │     ╰── Warning: 'catch ...' is deprecated; please use 'try ... catch ... end' instead.
desktop-promote	Generate the Hex and npm bills of materials from source	2026-09-13T03:31:09.8243790Z Compile directive 'nowarn_deprecated_catch' can be used to suppress
desktop-promote	Generate the Hex and npm bills of materials from source	2026-09-13T03:31:09.8244140Z warnings in selected modules.
desktop-promote	Generate the Hex and npm bills of materials from source	2026-09-13T03:31:09.8244650Z 
desktop-promote	Generate the Hex and npm bills of materials from source	2026-09-13T03:31:09.8245030Z      ┌─ src/hackney_trace.erl:
desktop-promote	Generate the Hex and npm bills of materials from source	2026-09-13T03:31:09.8245660Z      │
desktop-promote	Generate the Hex and npm bills of materials from source	2026-09-13T03:31:09.8246240Z  139 │    (catch io:format(Fd, "stop trace at ~s~n", [format_timestamp(Timestamp)])),
desktop-promote	Generate the Hex and npm bills of materials from source	2026-09-13T03:31:09.8247130Z      │     ╰── Warning: 'catch ...' is deprecated; please use 'try ... catch ... end' instead.
desktop-promote	Generate the Hex and npm bills of materials from source	2026-09-13T03:31:09.8247960Z Compile directive 'nowarn_deprecated_catch' can be used to suppress
desktop-promote	Generate the Hex and npm bills of materials from source	2026-09-13T03:31:09.8248610Z warnings in selected modules.
desktop-promote	Generate the Hex and npm bills of materials from source	2026-09-13T03:31:09.8248750Z 
desktop-promote	Generate the Hex and npm bills of materials from source	2026-09-13T03:31:09.8249220Z      ┌─ src/hackney_trace.erl:
desktop-promote	Generate the Hex and npm bills of materials from source	2026-09-13T03:31:09.8249440Z      │
desktop-promote	Generate the Hex and npm bills of materials from source	2026-09-13T03:31:09.8250110Z  146 │    (catch io:format(Fd, "stop trace at ~s~n", [format_timestamp(Timestamp)])),
desktop-promote	Generate the Hex and npm bills of materials from source	2026-09-13T03:31:09.8250690Z      │     ╰── Warning: 'catch ...' is deprecated; please use 'try ... catch ... end' instead.
desktop-promote	Generate the Hex and npm bills of materials from source	2026-09-13T03:31:09.8251220Z Compile directive 'nowarn_deprecated_catch' can be used to suppress
desktop-promote	Generate the Hex and npm bills of materials from source	2026-09-13T03:31:09.8251540Z warnings in selected modules.
desktop-promote	Generate the Hex and npm bills of materials from source	2026-09-13T03:31:09.8251680Z 
desktop-promote	Generate the Hex and npm bills of materials from source	2026-09-13T03:31:09.8251800Z      ┌─ src/hackney_trace.erl:
desktop-promote	Generate the Hex and npm bills of materials from source	2026-09-13T03:31:09.8251980Z      │
desktop-promote	Generate the Hex and npm bills of materials from source	2026-09-13T03:31:09.8252180Z  147 │    (catch file:close(Fd)),
desktop-promote	Generate the Hex and npm bills of materials from source	2026-09-13T03:31:09.8252610Z      │     ╰── Warning: 'catch ...' is deprecated; please use 'try ... catch ... end' instead.
desktop-promote	Generate the Hex and npm bills of materials from source	2026-09-13T03:31:09.8253110Z Compile directive 'nowarn_deprecated_catch' can be used to suppress
desktop-promote	Generate the Hex and npm bills of materials from source	2026-09-13T03:31:09.8253500Z warnings in selected modules.
desktop-promote	Generate the Hex and npm bills of materials from source	2026-09-13T03:31:09.8253630Z 
desktop-promote	Generate the Hex and npm bills of materials from source	2026-09-13T03:31:09.8253740Z      ┌─ src/hackney_trace.erl:
desktop-promote	Generate the Hex and npm bills of materials from source	2026-09-13T03:31:09.8253970Z      │
desktop-promote	Generate the Hex and npm bills of materials from source	2026-09-13T03:31:09.8254330Z  154 │    (catch io:format(Fd, "stop trace at ~s~n", [format_timestamp(Timestamp)])),
desktop-promote	Generate the Hex and npm bills of materials from source	2026-09-13T03:31:09.8254880Z      │     ╰── Warning: 'catch ...' is deprecated; please use 'try ... catch ... end' instead.
desktop-promote	Generate the Hex and npm bills of materials from source	2026-09-13T03:31:09.8255400Z Compile directive 'nowarn_deprecated_catch' can be used to suppress
desktop-promote	Generate the Hex and npm bills of materials from source	2026-09-13T03:31:09.8255720Z warnings in selected modules.
desktop-promote	Generate the Hex and npm bills of materials from source	2026-09-13T03:31:09.8255840Z 
desktop-promote	Generate the Hex and npm bills of materials from source	2026-09-13T03:31:09.8255960Z      ┌─ src/hackney_trace.erl:
desktop-promote	Generate the Hex and npm bills of materials from source	2026-09-13T03:31:09.8256140Z      │
desktop-promote	Generate the Hex and npm bills of materials from source	2026-09-13T03:31:09.8256330Z  155 │    (catch file:close(Fd)),
desktop-promote	Generate the Hex and npm bills of materials from source	2026-09-13T03:31:09.8256740Z      │     ╰── Warning: 'catch ...' is deprecated; please use 'try ... catch ... end' instead.
desktop-promote	Generate the Hex and npm bills of materials from source	2026-09-13T03:31:09.8257250Z Compile directive 'nowarn_deprecated_catch' can be used to suppress
desktop-promote	Generate the Hex and npm bills of materials from source	2026-09-13T03:31:09.8257560Z warnings in selected modules.
desktop-promote	Generate the Hex and npm bills of materials from source	2026-09-13T03:31:09.8257690Z 
desktop-promote	Generate the Hex and npm bills of materials from source	2026-09-13T03:31:09.8257810Z      ┌─ src/hackney_trace.erl:
desktop-promote	Generate the Hex and npm bills of materials from source	2026-09-13T03:31:09.8257990Z      │
desktop-promote	Generate the Hex and npm bills of materials from source	2026-09-13T03:31:09.8258310Z  161 │    (catch print_hackney_trace(Fd, Sev, Timestamp, Who,
desktop-promote	Generate the Hex and npm bills of materials from source	2026-09-13T03:31:09.8258860Z      │     ╰── Warning: 'catch ...' is deprecated; please use 'try ... catch ... end' instead.
desktop-promote	Generate the Hex and npm bills of materials from source	2026-09-13T03:31:09.8259410Z Compile directive 'nowarn_deprecated_catch' can be used to suppress
desktop-promote	Generate the Hex and npm bills of materials from source	2026-09-13T03:31:09.8259980Z warnings in selected modules.
desktop-promote	Generate the Hex and npm bills of materials from source	2026-09-13T03:31:09.8260670Z 
desktop-promote	Generate the Hex and npm bills of materials from source	2026-09-13T03:31:09.8261240Z      ┌─ src/hackney_trace.erl:
desktop-promote	Generate the Hex and npm bills of materials from source	2026-09-13T03:31:09.8261880Z      │
desktop-promote	Generate the Hex and npm bills of materials from source	2026-09-13T03:31:09.8263980Z  165 │    (catch print_trace(Fd, Event)),
desktop-promote	Generate the Hex and npm bills of materials from source	2026-09-13T03:31:09.8265390Z      │     ╰── Warning: 'catch ...' is deprecated; please use 'try ... catch ... end' instead.
desktop-promote	Generate the Hex and npm bills of materials from source	2026-09-13T03:31:09.8266270Z Compile directive 'nowarn_deprecated_catch' can be used to suppress
desktop-promote	Generate the Hex and npm bills of materials from source	2026-09-13T03:31:09.8266960Z warnings in selected modules.
desktop-promote	Generate the Hex and npm bills of materials from source	2026-09-13T03:31:09.8267390Z 
desktop-promote	Generate the Hex and npm bills of materials from source	2026-09-13T03:31:09.8267620Z 
desktop-promote	Generate the Hex and npm bills of materials from source	2026-09-13T03:31:10.2475780Z ==> tzdata
desktop-promote	Generate the Hex and npm bills of materials from source	2026-09-13T03:31:10.2476130Z Compiling 17 files (.ex)
desktop-promote	Generate the Hex and npm bills of materials from source	2026-09-13T03:31:10.5357370Z     warning: unused require Tzdata.Util
desktop-promote	Generate the Hex and npm bills of materials from source	2026-09-13T03:31:10.5361110Z     │
desktop-promote	Generate the Hex and npm bills of materials from source	2026-09-13T03:31:10.5362470Z   4 │   require Tzdata.Util
desktop-promote	Generate the Hex and npm bills of materials from source	2026-09-13T03:31:10.5368130Z     │   ~
desktop-promote	Generate the Hex and npm bills of materials from source	2026-09-13T03:31:10.5369240Z     │
desktop-promote	Generate the Hex and npm bills of materials from source	2026-09-13T03:31:10.5380230Z     └─ lib/tzdata/parser.ex:4:3
desktop-promote	Generate the Hex and npm bills of materials from source	2026-09-13T03:31:10.5381010Z 
desktop-promote	Generate the Hex and npm bills of materials from source	2026-09-13T03:31:10.5638880Z Generated tzdata app
desktop-promote	Generate the Hex and npm bills of materials from source	2026-09-13T03:31:10.5874210Z ==> websock
desktop-promote	Generate the Hex and npm bills of materials from source	2026-09-13T03:31:10.5874530Z Compiling 1 file (.ex)
desktop-promote	Generate the Hex and npm bills of materials from source	2026-09-13T03:31:10.6065980Z Generated websock app
desktop-promote	Generate the Hex and npm bills of materials from source	2026-09-13T03:31:10.6369560Z ==> bandit
desktop-promote	Generate the Hex and npm bills of materials from source	2026-09-13T03:31:10.6370210Z Compiling 54 files (.ex)
desktop-promote	Generate the Hex and npm bills of materials from source	2026-09-13T03:31:11.8910790Z Generated bandit app
desktop-promote	Generate the Hex and npm bills of materials from source	2026-09-13T03:31:11.9177480Z ==> websock_adapter
desktop-promote	Generate the Hex and npm bills of materials from source	2026-09-13T03:31:11.9177800Z Compiling 4 files (.ex)
desktop-promote	Generate the Hex and npm bills of materials from source	2026-09-13T03:31:11.9589000Z Generated websock_adapter app
desktop-promote	Generate the Hex and npm bills of materials from source	2026-09-13T03:31:12.0248450Z ==> phoenix
desktop-promote	Generate the Hex and npm bills of materials from source	2026-09-13T03:31:12.0248720Z Compiling 74 files (.ex)
desktop-promote	Generate the Hex and npm bills of materials from source	2026-09-13T03:31:14.0439220Z Generated phoenix app
desktop-promote	Generate the Hex and npm bills of materials from source	2026-09-13T03:31:14.3771610Z ==> keepling
desktop-promote	Generate the Hex and npm bills of materials from source	2026-09-13T03:31:14.3773630Z * creating /Users/runner/work/_temp/keepling-desktop-package/sbom/sbom-hex.cdx.json
desktop-promote	Generate the Hex and npm bills of materials from source	2026-09-13T03:31:14.4314320Z Generating npm SBOM from source (workspace root) -> /Users/runner/work/_temp/keepling-desktop-package/sbom/sbom-npm.cdx.json
desktop-promote	Generate the Hex and npm bills of materials from source	2026-09-13T03:31:14.7368190Z npm warn Unknown project config "node-linker". This will stop working in the next major version of npm.
desktop-promote	Generate the Hex and npm bills of materials from source	2026-09-13T03:31:20.8414840Z npm warn deprecated prebuild-install@7.1.3: No longer maintained. Please contact the author of the relevant native addon; alternatives are available.
desktop-promote	Generate the Hex and npm bills of materials from source	2026-09-13T03:31:21.0637990Z npm warn deprecated glob@10.5.0: Old versions of glob are not supported, and contain widely publicized security vulnerabilities, which have been fixed in the current version. Please update. Support for old versions may be purchased (at exorbitant rates) by contacting i@izs.me
desktop-promote	Generate the Hex and npm bills of materials from source	2026-09-13T03:31:23.6736740Z   Command failed: /Users/runner/hostedtoolcache/node/24.7.0/arm64/bin/node -- /Users/runner/hostedtoolcache/node/24.7.0/arm64/lib/node_modules/npm/bin/npm-cli.js ls --json --long --all
desktop-promote	Generate the Hex and npm bills of materials from source	2026-09-13T03:31:23.6738900Z   npm warn Unknown env config "node-linker". This will stop working in the next major version of npm.
desktop-promote	Generate the Hex and npm bills of materials from source	2026-09-13T03:31:23.6740730Z   npm warn Unknown project config "node-linker". This will stop working in the next major version of npm.
desktop-promote	Generate the Hex and npm bills of materials from source	2026-09-13T03:31:23.6741350Z   npm error code ELSPROBLEMS
desktop-promote	Generate the Hex and npm bills of materials from source	2026-09-13T03:31:23.6742410Z   npm error extraneous: @adobe/css-tools@4.5.0 /Users/runner/work/keepling/keepling/node_modules/@adobe/css-tools
desktop-promote	Generate the Hex and npm bills of materials from source	2026-09-13T03:31:23.6743220Z   npm error extraneous: @asamuzakjp/css-color@6.0.7 /Users/runner/work/keepling/keepling/node_modules/@asamuzakjp/css-color
desktop-promote	Generate the Hex and npm bills of materials from source	2026-09-13T03:31:23.6745570Z   npm error extraneous: @asamuzakjp/dom-selector@8.3.2 /Users/runner/work/keepling/keepling/node_modules/@asamuzakjp/dom-selector
desktop-promote	Generate the Hex and npm bills of materials from source	2026-09-13T03:31:23.6746580Z   npm error extraneous: @axe-core/playwright@4.13.0 /Users/runner/work/keepling/keepling/node_modules/@axe-core/playwright
desktop-promote	Generate the Hex and npm bills of materials from source	2026-09-13T03:31:23.6752220Z   npm error extraneous: @babel/compat-data@7.29.7 /Users/runner/work/keepling/keepling/node_modules/@babel/compat-data
desktop-promote	Generate the Hex and npm bills of materials from source	2026-09-13T03:31:23.6754340Z   npm error extraneous: @babel/core@7.29.7 /Users/runner/work/keepling/keepling/node_modules/@babel/core
desktop-promote	Generate the Hex and npm bills of materials from source	2026-09-13T03:31:23.6760380Z   npm error extraneous: @babel/generator@7.29.8 /Users/runner/work/keepling/keepling/node_modules/@babel/generator
desktop-promote	Generate the Hex and npm bills of materials from source	2026-09-13T03:31:23.6762570Z   npm error extraneous: @babel/helper-annotate-as-pure@7.29.7 /Users/runner/work/keepling/keepling/node_modules/@babel/helper-annotate-as-pure
desktop-promote	Generate the Hex and npm bills of materials from source	2026-09-13T03:31:23.6765090Z   npm error extraneous: @babel/helper-compilation-targets@7.29.7 /Users/runner/work/keepling/keepling/node_modules/@babel/helper-compilation-targets
desktop-promote	Generate the Hex and npm bills of materials from source	2026-09-13T03:31:23.6767850Z   npm error extraneous: @babel/helper-create-class-features-plugin@7.29.7 /Users/runner/work/keepling/keepling/node_modules/@babel/helper-create-class-features-plugin
desktop-promote	Generate the Hex and npm bills of materials from source	2026-09-13T03:31:23.6770280Z   npm error extraneous: @babel/helper-globals@7.29.7 /Users/runner/work/keepling/keepling/node_modules/@babel/helper-globals
desktop-promote	Generate the Hex and npm bills of materials from source	2026-09-13T03:31:23.6772200Z   npm error extraneous: @babel/helper-member-expression-to-functions@7.29.7 /Users/runner/work/keepling/keepling/node_modules/@babel/helper-member-expression-to-functions
desktop-promote	Generate the Hex and npm bills of materials from source	2026-09-13T03:31:23.6773250Z   npm error extraneous: @babel/helper-module-imports@7.29.7 /Users/runner/work/keepling/keepling/node_modules/@babel/helper-module-imports
desktop-promote	Generate the Hex and npm bills of materials from source	2026-09-13T03:31:23.6774730Z   npm error extraneous: @babel/helper-module-transforms@7.29.7 /Users/runner/work/keepling/keepling/node_modules/@babel/helper-module-transforms
desktop-promote	Generate the Hex and npm bills of materials from source	2026-09-13T03:31:23.6777970Z   npm error extraneous: @babel/helper-optimise-call-expression@7.29.7 /Users/runner/work/keepling/keepling/node_modules/@babel/helper-optimise-call-expression
desktop-promote	Generate the Hex and npm bills of materials from source	2026-09-13T03:31:23.6780570Z   npm error extraneous: @babel/helper-plugin-utils@7.29.7 /Users/runner/work/keepling/keepling/node_modules/@babel/helper-plugin-utils
desktop-promote	Generate the Hex and npm bills of materials from source	2026-09-13T03:31:23.6782870Z   npm error extraneous: @babel/helper-replace-supers@7.29.7 /Users/runner/work/keepling/keepling/node_modules/@babel/helper-replace-supers
desktop-promote	Generate the Hex and npm bills of materials from source	2026-09-13T03:31:23.6790320Z   npm error extraneous: @babel/helper-skip-transparent-expression-wrappers@7.29.7 /Users/runner/work/keepling/keepling/node_modules/@babel/helper-skip-transparent-expression-wrappers
desktop-promote	Generate the Hex and npm bills of materials from source	2026-09-13T03:31:23.6791380Z   npm error extraneous: @babel/helper-string-parser@7.29.7 /Users/runner/work/keepling/keepling/node_modules/@babel/helper-string-parser
desktop-promote	Generate the Hex and npm bills of materials from source	2026-09-13T03:31:23.6792360Z   npm error extraneous: @babel/helper-validator-option@7.29.7 /Users/runner/work/keepling/keepling/node_modules/@babel/helper-validator-option
desktop-promote	Generate the Hex and npm bills of materials from source	2026-09-13T03:31:23.6793140Z   npm error extraneous: @babel/helpers@7.29.7 /Users/runner/work/keepling/keepling/node_modules/@babel/helpers
desktop-promote	Generate the Hex and npm bills of materials from source	2026-09-13T03:31:23.6793910Z   npm error extraneous: @babel/parser@7.29.8 /Users/runner/work/keepling/keepling/node_modules/@babel/parser
desktop-promote	Generate the Hex and npm bills of materials from source	2026-09-13T03:31:23.6794740Z   npm error extraneous: @babel/plugin-syntax-jsx@7.29.7 /Users/runner/work/keepling/keepling/node_modules/@babel/plugin-syntax-jsx
desktop-promote	Generate the Hex and npm bills of materials from source	2026-09-13T03:31:23.6795650Z   npm error extraneous: @babel/plugin-syntax-typescript@7.29.7 /Users/runner/work/keepling/keepling/node_modules/@babel/plugin-syntax-typescript
desktop-promote	Generate the Hex and npm bills of materials from source	2026-09-13T03:31:23.6807030Z   npm error extraneous: @babel/plugin-transform-modules-commonjs@7.29.7 /Users/runner/work/keepling/keepling/node_modules/@babel/plugin-transform-modules-commonjs
desktop-promote	Generate the Hex and npm bills of materials from source	2026-09-13T03:31:23.6808080Z   npm error extraneous: @babel/plugin-transform-typescript@7.29.7 /Users/runner/work/keepling/keepling/node_modules/@babel/plugin-transform-typescript
desktop-promote	Generate the Hex and npm bills of materials from source	2026-09-13T03:31:23.6809110Z   npm error extraneous: @babel/preset-typescript@7.29.7 /Users/runner/work/keepling/keepling/node_modules/@babel/preset-typescript
desktop-promote	Generate the Hex and npm bills of materials from source	2026-09-13T03:31:23.6809900Z   npm error extraneous: @babel/runtime@7.29.7 /Users/runner/work/keepling/keepling/node_modules/@babel/runtime
desktop-promote	Generate the Hex and npm bills of materials from source	2026-09-13T03:31:23.6810610Z   npm error extraneous: @babel/template@7.29.7 /Users/runner/work/keepling/keepling/node_modules/@babel/template
desktop-promote	Generate the Hex and npm bills of materials from source	2026-09-13T03:31:23.6811290Z   npm error extraneous: @babel/traverse@7.29.8 /Users/runner/work/keepling/keepling/node_modules/@babel/traverse
desktop-promote	Generate the Hex and npm bills of materials from source	2026-09-13T03:31:23.6811960Z   npm error extraneous: @babel/types@7.29.8 /Users/runner/work/keepling/keepling/node_modules/@babel/types
desktop-promote	Generate the Hex and npm bills of materials from source	2026-09-13T03:31:23.6813660Z   npm error extraneous: @base-ui/react@1.7.0 /Users/runner/work/keepling/keepling/node_modules/@base-ui/react
desktop-promote	Generate the Hex and npm bills of materials from source	2026-09-13T03:31:23.6814420Z   npm error extraneous: @base-ui/utils@0.3.2 /Users/runner/work/keepling/keepling/node_modules/@base-ui/utils
desktop-promote	Generate the Hex and npm bills of materials from source	2026-09-13T03:31:23.6815230Z   npm error extraneous: @bramus/specificity@2.4.2 /Users/runner/work/keepling/keepling/node_modules/@bramus/specificity
desktop-promote	Generate the Hex and npm bills of materials from source	2026-09-13T03:31:23.6816110Z   npm error extraneous: @csstools/color-helpers@6.1.1 /Users/runner/work/keepling/keepling/node_modules/@csstools/color-helpers
desktop-promote	Generate the Hex and npm bills of materials from source	2026-09-13T03:31:23.6816850Z   npm error extraneous: @csstools/css-calc@3.3.0 /Users/runner/work/keepling/keepling/node_modules/@csstools/css-calc
desktop-promote	Generate the Hex and npm bills of materials from source	2026-09-13T03:31:23.6817640Z   npm error extraneous: @csstools/css-color-parser@4.2.2 /Users/runner/work/keepling/keepling/node_modules/@csstools/css-color-parser
desktop-promote	Generate the Hex and npm bills of materials from source	2026-09-13T03:31:23.6818610Z   npm error extraneous: @csstools/css-parser-algorithms@4.0.0 /Users/runner/work/keepling/keepling/node_modules/@csstools/css-parser-algorithms
desktop-promote	Generate the Hex and npm bills of materials from source	2026-09-13T03:31:23.6820120Z   npm error extraneous: @csstools/css-syntax-patches-for-csstree@1.1.12 /Users/runner/work/keepling/keepling/node_modules/@csstools/css-syntax-patches-for-csstree
desktop-promote	Generate the Hex and npm bills of materials from source	2026-09-13T03:31:23.6821070Z   npm error extraneous: @csstools/css-tokenizer@4.0.0 /Users/runner/work/keepling/keepling/node_modules/@csstools/css-tokenizer
desktop-promote	Generate the Hex and npm bills of materials from source	2026-09-13T03:31:23.6821880Z   npm error extraneous: @dotenvx/dotenvx@1.75.1 /Users/runner/work/keepling/keepling/node_modules/@dotenvx/dotenvx
desktop-promote	Generate the Hex and npm bills of materials from source	2026-09-13T03:31:23.6823880Z   npm error extraneous: @dotenvx/primitives@0.8.0 /Users/runner/work/keepling/keepling/node_modules/@dotenvx/primitives
desktop-promote	Generate the Hex and npm bills of materials from source	2026-09-13T03:31:23.6826260Z   npm error extraneous: @electron-forge/cli@7.11.2 /Users/runner/work/keepling/keepling/node_modules/@electron-forge/cli
desktop-promote	Generate the Hex and npm bills of materials from source	2026-09-13T03:31:23.6829740Z   npm error extraneous: @electron-forge/core-utils@7.11.2 /Users/runner/work/keepling/keepling/node_modules/@electron-forge/core-utils
desktop-promote	Generate the Hex and npm bills of materials from source	2026-09-13T03:31:23.6831980Z   npm error extraneous: @electron-forge/core@7.11.2 /Users/runner/work/keepling/keepling/node_modules/@electron-forge/core
desktop-promote	Generate the Hex and npm bills of materials from source	2026-09-13T03:31:23.6834120Z   npm error extraneous: @electron-forge/maker-base@7.11.2 /Users/runner/work/keepling/keepling/node_modules/@electron-forge/maker-base
desktop-promote	Generate the Hex and npm bills of materials from source	2026-09-13T03:31:23.6836900Z   npm error extraneous: @electron-forge/maker-zip@7.11.2 /Users/runner/work/keepling/keepling/node_modules/@electron-forge/maker-zip
desktop-promote	Generate the Hex and npm bills of materials from source	2026-09-13T03:31:23.6837850Z   npm error extraneous: @electron-forge/plugin-base@7.11.2 /Users/runner/work/keepling/keepling/node_modules/@electron-forge/plugin-base
desktop-promote	Generate the Hex and npm bills of materials from source	2026-09-13T03:31:23.6838800Z   npm error extraneous: @electron-forge/publisher-base@7.11.2 /Users/runner/work/keepling/keepling/node_modules/@electron-forge/publisher-base
desktop-promote	Generate the Hex and npm bills of materials from source	2026-09-13T03:31:23.6839680Z   npm error extraneous: @electron-forge/shared-types@7.11.2 /Users/runner/work/keepling/keepling/node_modules/@electron-forge/shared-types
desktop-promote	Generate the Hex and npm bills of materials from source	2026-09-13T03:31:23.6840600Z   npm error extraneous: @electron-forge/template-base@7.11.2 /Users/runner/work/keepling/keepling/node_modules/@electron-forge/template-base
desktop-promote	Generate the Hex and npm bills of materials from source	2026-09-13T03:31:23.6841680Z   npm error extraneous: @electron-forge/template-vite-typescript@7.11.2 /Users/runner/work/keepling/keepling/node_modules/@electron-forge/template-vite-typescript
desktop-promote	Generate the Hex and npm bills of materials from source	2026-09-13T03:31:23.6842650Z   npm error extraneous: @electron-forge/template-vite@7.11.2 /Users/runner/work/keepling/keepling/node_modules/@electron-forge/template-vite
desktop-promote	Generate the Hex and npm bills of materials from source	2026-09-13T03:31:23.6843740Z   npm error extraneous: @electron-forge/template-webpack-typescript@7.11.2 /Users/runner/work/keepling/keepling/node_modules/@electron-forge/template-webpack-typescript
desktop-promote	Generate the Hex and npm bills of materials from source	2026-09-13T03:31:23.6844760Z   npm error extraneous: @electron-forge/template-webpack@7.11.2 /Users/runner/work/keepling/keepling/node_modules/@electron-forge/template-webpack
desktop-promote	Generate the Hex and npm bills of materials from source	2026-09-13T03:31:23.6845780Z   npm error extraneous: @electron-forge/tracer@7.11.2 /Users/runner/work/keepling/keepling/node_modules/@electron-forge/tracer
desktop-promote	Generate the Hex and npm bills of materials from source	2026-09-13T03:31:23.6847120Z   npm error extraneous: @electron-internal/extract-zip@1.0.5 /Users/runner/work/keepling/keepling/node_modules/@electron-internal/extract-zip
desktop-promote	Generate the Hex and npm bills of materials from source	2026-09-13T03:31:23.6847960Z   npm error extraneous: @electron/asar@3.4.1 /Users/runner/work/keepling/keepling/node_modules/@electron/asar
desktop-promote	Generate the Hex and npm bills of materials from source	2026-09-13T03:31:23.6848640Z   npm error extraneous: @electron/get@3.1.0 /Users/runner/work/keepling/keepling/node_modules/@electron/get
desktop-promote	Generate the Hex and npm bills of materials from source	2026-09-13T03:31:23.6850030Z   npm error extraneous: @electron/node-gyp@10.2.0-electron.1 /Users/runner/work/keepling/keepling/node_modules/@electron/node-gyp
desktop-promote	Generate the Hex and npm bills of materials from source	2026-09-13T03:31:23.6850860Z   npm error extraneous: @electron/notarize@2.5.0 /Users/runner/work/keepling/keepling/node_modules/@electron/notarize
desktop-promote	Generate the Hex and npm bills of materials from source	2026-09-13T03:31:23.6851720Z   npm error extraneous: @electron/osx-sign@1.3.3 /Users/runner/work/keepling/keepling/node_modules/@electron/osx-sign
desktop-promote	Generate the Hex and npm bills of materials from source	2026-09-13T03:31:23.6852500Z   npm error extraneous: @electron/packager@18.4.4 /Users/runner/work/keepling/keepling/node_modules/@electron/packager
desktop-promote	Generate the Hex and npm bills of materials from source	2026-09-13T03:31:23.6853230Z   npm error extraneous: @electron/rebuild@3.7.2 /Users/runner/work/keepling/keepling/node_modules/@electron/rebuild
desktop-promote	Generate the Hex and npm bills of materials from source	2026-09-13T03:31:23.6857190Z   npm error extraneous: @electron/universal@2.0.3 /Users/runner/work/keepling/keepling/node_modules/@electron/universal
desktop-promote	Generate the Hex and npm bills of materials from source	2026-09-13T03:31:23.6857980Z   npm error extraneous: @electron/windows-sign@1.2.2 /Users/runner/work/keepling/keepling/node_modules/@electron/windows-sign
desktop-promote	Generate the Hex and npm bills of materials from source	2026-09-13T03:31:23.6858840Z   npm error extraneous: @eslint-community/eslint-utils@4.10.1 /Users/runner/work/keepling/keepling/node_modules/@eslint-community/eslint-utils
desktop-promote	Generate the Hex and npm bills of materials from source	2026-09-13T03:31:23.6859700Z   npm error extraneous: @eslint-community/regexpp@4.12.2 /Users/runner/work/keepling/keepling/node_modules/@eslint-community/regexpp
desktop-promote	Generate the Hex and npm bills of materials from source	2026-09-13T03:31:23.6860500Z   npm error extraneous: @eslint/config-array@0.23.5 /Users/runner/work/keepling/keepling/node_modules/@eslint/config-array
desktop-promote	Generate the Hex and npm bills of materials from source	2026-09-13T03:31:23.6861630Z   npm error extraneous: @eslint/config-helpers@0.7.0 /Users/runner/work/keepling/keepling/node_modules/@eslint/config-helpers
desktop-promote	Generate the Hex and npm bills of materials from source	2026-09-13T03:31:23.6862370Z   npm error extraneous: @eslint/core@1.2.1 /Users/runner/work/keepling/keepling/node_modules/@eslint/core
desktop-promote	Generate the Hex and npm bills of materials from source	2026-09-13T03:31:23.6863000Z   npm error extraneous: @eslint/js@10.0.1 /Users/runner/work/keepling/keepling/node_modules/@eslint/js
desktop-promote	Generate the Hex and npm bills of materials from source	2026-09-13T03:31:23.6863690Z   npm error extraneous: @eslint/object-schema@3.0.5 /Users/runner/work/keepling/keepling/node_modules/@eslint/object-schema
desktop-promote	Generate the Hex and npm bills of materials from source	2026-09-13T03:31:23.6864420Z   npm error extraneous: @eslint/plugin-kit@0.7.2 /Users/runner/work/keepling/keepling/node_modules/@eslint/plugin-kit
desktop-promote	Generate the Hex and npm bills of materials from source	2026-09-13T03:31:23.6865110Z   npm error extraneous: @exodus/bytes@1.15.1 /Users/runner/work/keepling/keepling/node_modules/@exodus/bytes
desktop-promote	Generate the Hex and npm bills of materials from source	2026-09-13T03:31:23.6865780Z   npm error extraneous: @floating-ui/core@1.8.0 /Users/runner/work/keepling/keepling/node_modules/@floating-ui/core
desktop-promote	Generate the Hex and npm bills of materials from source	2026-09-13T03:31:23.6866500Z   npm error extraneous: @floating-ui/dom@1.8.0 /Users/runner/work/keepling/keepling/node_modules/@floating-ui/dom
desktop-promote	Generate the Hex and npm bills of materials from source	2026-09-13T03:31:23.6867260Z   npm error extraneous: @floating-ui/react-dom@2.1.9 /Users/runner/work/keepling/keepling/node_modules/@floating-ui/react-dom
desktop-promote	Generate the Hex and npm bills of materials from source	2026-09-13T03:31:23.6868150Z   npm error extraneous: @floating-ui/utils@0.2.12 /Users/runner/work/keepling/keepling/node_modules/@floating-ui/utils
desktop-promote	Generate the Hex and npm bills of materials from source	2026-09-13T03:31:23.6868850Z   npm error extraneous: @gar/promisify@1.1.3 /Users/runner/work/keepling/keepling/node_modules/@gar/promisify
desktop-promote	Generate the Hex and npm bills of materials from source	2026-09-13T03:31:23.6869530Z   npm error extraneous: @hono/node-server@2.1.1 /Users/runner/work/keepling/keepling/node_modules/@hono/node-server
desktop-promote	Generate the Hex and npm bills of materials from source	2026-09-13T03:31:23.6870200Z   npm error extraneous: @humanfs/core@0.19.2 /Users/runner/work/keepling/keepling/node_modules/@humanfs/core
desktop-promote	Generate the Hex and npm bills of materials from source	2026-09-13T03:31:23.6870900Z   npm error extraneous: @humanfs/node@0.16.8 /Users/runner/work/keepling/keepling/node_modules/@humanfs/node
desktop-promote	Generate the Hex and npm bills of materials from source	2026-09-13T03:31:23.6871580Z   npm error extraneous: @humanfs/types@0.15.0 /Users/runner/work/keepling/keepling/node_modules/@humanfs/types
desktop-promote	Generate the Hex and npm bills of materials from source	2026-09-13T03:31:23.6872570Z   npm error extraneous: @humanwhocodes/module-importer@1.0.1 /Users/runner/work/keepling/keepling/node_modules/@humanwhocodes/module-importer
desktop-promote	Generate the Hex and npm bills of materials from source	2026-09-13T03:31:23.6873390Z   npm error extraneous: @humanwhocodes/retry@0.4.3 /Users/runner/work/keepling/keepling/node_modules/@humanwhocodes/retry
desktop-promote	Generate the Hex and npm bills of materials from source	2026-09-13T03:31:23.6874140Z   npm error extraneous: @inquirer/checkbox@3.0.1 /Users/runner/work/keepling/keepling/node_modules/@inquirer/checkbox
desktop-promote	Generate the Hex and npm bills of materials from source	2026-09-13T03:31:23.6874860Z   npm error extraneous: @inquirer/confirm@4.0.1 /Users/runner/work/keepling/keepling/node_modules/@inquirer/confirm
desktop-promote	Generate the Hex and npm bills of materials from source	2026-09-13T03:31:23.6875550Z   npm error extraneous: @inquirer/core@9.2.1 /Users/runner/work/keepling/keepling/node_modules/@inquirer/core
desktop-promote	Generate the Hex and npm bills of materials from source	2026-09-13T03:31:23.6876290Z   npm error extraneous: @inquirer/editor@3.0.1 /Users/runner/work/keepling/keepling/node_modules/@inquirer/editor
desktop-promote	Generate the Hex and npm bills of materials from source	2026-09-13T03:31:23.6877040Z   npm error extraneous: @inquirer/expand@3.0.1 /Users/runner/work/keepling/keepling/node_modules/@inquirer/expand
desktop-promote	Generate the Hex and npm bills of materials from source	2026-09-13T03:31:23.6877810Z   npm error extraneous: @inquirer/figures@1.0.15 /Users/runner/work/keepling/keepling/node_modules/@inquirer/figures
desktop-promote	Generate the Hex and npm bills of materials from source	2026-09-13T03:31:23.6878530Z   npm error extraneous: @inquirer/input@3.0.1 /Users/runner/work/keepling/keepling/node_modules/@inquirer/input
desktop-promote	Generate the Hex and npm bills of materials from source	2026-09-13T03:31:23.6879220Z   npm error extraneous: @inquirer/number@2.0.1 /Users/runner/work/keepling/keepling/node_modules/@inquirer/number
desktop-promote	Generate the Hex and npm bills of materials from source	2026-09-13T03:31:23.6879930Z   npm error extraneous: @inquirer/password@3.0.1 /Users/runner/work/keepling/keepling/node_modules/@inquirer/password
desktop-promote	Generate the Hex and npm bills of materials from source	2026-09-13T03:31:23.6880680Z   npm error extraneous: @inquirer/prompts@6.0.1 /Users/runner/work/keepling/keepling/node_modules/@inquirer/prompts
desktop-promote	Generate the Hex and npm bills of materials from source	2026-09-13T03:31:23.6881410Z   npm error extraneous: @inquirer/rawlist@3.0.1 /Users/runner/work/keepling/keepling/node_modules/@inquirer/rawlist
desktop-promote	Generate the Hex and npm bills of materials from source	2026-09-13T03:31:23.6882530Z   npm error extraneous: @inquirer/search@2.0.1 /Users/runner/work/keepling/keepling/node_modules/@inquirer/search
desktop-promote	Generate the Hex and npm bills of materials from source	2026-09-13T03:31:23.6883270Z   npm error extraneous: @inquirer/select@3.0.1 /Users/runner/work/keepling/keepling/node_modules/@inquirer/select
desktop-promote	Generate the Hex and npm bills of materials from source	2026-09-13T03:31:23.6883970Z   npm error extraneous: @inquirer/type@2.0.0 /Users/runner/work/keepling/keepling/node_modules/@inquirer/type
desktop-promote	Generate the Hex and npm bills of materials from source	2026-09-13T03:31:23.6884710Z   npm error extraneous: @jridgewell/gen-mapping@0.3.13 /Users/runner/work/keepling/keepling/node_modules/@jridgewell/gen-mapping
desktop-promote	Generate the Hex and npm bills of materials from source	2026-09-13T03:31:23.6885530Z   npm error extraneous: @jridgewell/remapping@2.3.5 /Users/runner/work/keepling/keepling/node_modules/@jridgewell/remapping
desktop-promote	Generate the Hex and npm bills of materials from source	2026-09-13T03:31:23.6886330Z   npm error extraneous: @jridgewell/resolve-uri@3.1.2 /Users/runner/work/keepling/keepling/node_modules/@jridgewell/resolve-uri
desktop-promote	Generate the Hex and npm bills of materials from source	2026-09-13T03:31:23.6887100Z   npm error extraneous: @jridgewell/source-map@0.3.11 /Users/runner/work/keepling/keepling/node_modules/@jridgewell/source-map
desktop-promote	Generate the Hex and npm bills of materials from source	2026-09-13T03:31:23.6887930Z   npm error extraneous: @jridgewell/sourcemap-codec@1.6.0 /Users/runner/work/keepling/keepling/node_modules/@jridgewell/sourcemap-codec
desktop-promote	Generate the Hex and npm bills of materials from source	2026-09-13T03:31:23.6888810Z   npm error extraneous: @jridgewell/trace-mapping@0.3.31 /Users/runner/work/keepling/keepling/node_modules/@jridgewell/trace-mapping
desktop-promote	Generate the Hex and npm bills of materials from source	2026-09-13T03:31:23.6889790Z   npm error extraneous: @listr2/prompt-adapter-inquirer@2.0.22 /Users/runner/work/keepling/keepling/node_modules/@listr2/prompt-adapter-inquirer
desktop-promote	Generate the Hex and npm bills of materials from source	2026-09-13T03:31:23.6890820Z   npm error extraneous: @malept/cross-spawn-promise@2.0.0 /Users/runner/work/keepling/keepling/node_modules/@malept/cross-spawn-promise
desktop-promote	Generate the Hex and npm bills of materials from source	2026-09-13T03:31:23.6891710Z   npm error extraneous: @modelcontextprotocol/sdk@1.30.0 /Users/runner/work/keepling/keepling/node_modules/@modelcontextprotocol/sdk
desktop-promote	Generate the Hex and npm bills of materials from source	2026-09-13T03:31:23.6892550Z   npm error extraneous: @nodelib/fs.scandir@2.1.5 /Users/runner/work/keepling/keepling/node_modules/@nodelib/fs.scandir
desktop-promote	Generate the Hex and npm bills of materials from source	2026-09-13T03:31:23.6893310Z   npm error extraneous: @nodelib/fs.stat@2.0.5 /Users/runner/work/keepling/keepling/node_modules/@nodelib/fs.stat
desktop-promote	Generate the Hex and npm bills of materials from source	2026-09-13T03:31:23.6894160Z   npm error extraneous: @nodelib/fs.walk@1.2.8 /Users/runner/work/keepling/keepling/node_modules/@nodelib/fs.walk
desktop-promote	Generate the Hex and npm bills of materials from source	2026-09-13T03:31:23.6894800Z   npm error extraneous: @npmcli/fs@2.1.2 /Users/runner/work/keepling/keepling/node_modules/@npmcli/fs
desktop-promote	Generate the Hex and npm bills of materials from source	2026-09-13T03:31:23.6897340Z   npm error extraneous: @npmcli/move-file@2.0.1 /Users/runner/work/keepling/keepling/node_modules/@npmcli/move-file
desktop-promote	Generate the Hex and npm bills of materials from source	2026-09-13T03:31:23.6899640Z   npm error extraneous: @oxc-project/types@0.147.0 /Users/runner/work/keepling/keepling/node_modules/@oxc-project/types
desktop-promote	Generate the Hex and npm bills of materials from source	2026-09-13T03:31:23.6901850Z   npm error extraneous: @playwright/test@1.62.1 /Users/runner/work/keepling/keepling/node_modules/@playwright/test
desktop-promote	Generate the Hex and npm bills of materials from source	2026-09-13T03:31:23.6904270Z   npm error extraneous: @rolldown/binding-darwin-arm64@1.2.6 /Users/runner/work/keepling/keepling/node_modules/@rolldown/binding-darwin-arm64
desktop-promote	Generate the Hex and npm bills of materials from source	2026-09-13T03:31:23.6906610Z   npm error extraneous: @rolldown/pluginutils@1.0.1 /Users/runner/work/keepling/keepling/node_modules/@rolldown/pluginutils
desktop-promote	Generate the Hex and npm bills of materials from source	2026-09-13T03:31:23.6909470Z   npm error extraneous: @sec-ant/readable-stream@0.4.1 /Users/runner/work/keepling/keepling/node_modules/@sec-ant/readable-stream
desktop-promote	Generate the Hex and npm bills of materials from source	2026-09-13T03:31:23.6911830Z   npm error extraneous: @sindresorhus/is@4.6.0 /Users/runner/work/keepling/keepling/node_modules/@sindresorhus/is
desktop-promote	Generate the Hex and npm bills of materials from source	2026-09-13T03:31:23.6914120Z   npm error extraneous: @sindresorhus/merge-streams@4.0.0 /Users/runner/work/keepling/keepling/node_modules/@sindresorhus/merge-streams
desktop-promote	Generate the Hex and npm bills of materials from source	2026-09-13T03:31:23.6916530Z   npm error extraneous: @standard-schema/spec@1.1.0 /Users/runner/work/keepling/keepling/node_modules/@standard-schema/spec
desktop-promote	Generate the Hex and npm bills of materials from source	2026-09-13T03:31:23.6918680Z   npm error extraneous: @szmarczak/http-timer@4.0.6 /Users/runner/work/keepling/keepling/node_modules/@szmarczak/http-timer
desktop-promote	Generate the Hex and npm bills of materials from source	2026-09-13T03:31:23.6920880Z   npm error extraneous: @tailwindcss/node@4.3.3 /Users/runner/work/keepling/keepling/node_modules/@tailwindcss/node
desktop-promote	Generate the Hex and npm bills of materials from source	2026-09-13T03:31:23.6924580Z   npm error extraneous: @tailwindcss/oxide-darwin-arm64@4.3.3 /Users/runner/work/keepling/keepling/node_modules/@tailwindcss/oxide-darwin-arm64
desktop-promote	Generate the Hex and npm bills of materials from source	2026-09-13T03:31:23.6995720Z   npm error extraneous: @tailwindcss/oxide@4.3.3 /Users/runner/work/keepling/keepling/node_modules/@tailwindcss/oxide
desktop-promote	Generate the Hex and npm bills of materials from source	2026-09-13T03:31:23.6998110Z   npm error extraneous: @tailwindcss/vite@4.3.3 /Users/runner/work/keepling/keepling/node_modules/@tailwindcss/vite
desktop-promote	Generate the Hex and npm bills of materials from source	2026-09-13T03:31:23.7009120Z   npm error extraneous: @testing-library/dom@10.4.1 /Users/runner/work/keepling/keepling/node_modules/@testing-library/dom
desktop-promote	Generate the Hex and npm bills of materials from source	2026-09-13T03:31:23.7009980Z   npm error extraneous: @testing-library/jest-dom@7.0.1 /Users/runner/work/keepling/keepling/node_modules/@testing-library/jest-dom
desktop-promote	Generate the Hex and npm bills of materials from source	2026-09-13T03:31:23.7010770Z   npm error extraneous: @testing-library/react@16.3.3 /Users/runner/work/keepling/keepling/node_modules/@testing-library/react
desktop-promote	Generate the Hex and npm bills of materials from source	2026-09-13T03:31:23.7012650Z   npm error extraneous: @testing-library/user-event@14.6.6 /Users/runner/work/keepling/keepling/node_modules/@testing-library/user-event
desktop-promote	Generate the Hex and npm bills of materials from source	2026-09-13T03:31:23.7013490Z   npm error extraneous: @tootallnate/once@2.0.1 /Users/runner/work/keepling/keepling/node_modules/@tootallnate/once
desktop-promote	Generate the Hex and npm bills of materials from source	2026-09-13T03:31:23.7014270Z   npm error extraneous: @ts-morph/common@0.27.0 /Users/runner/work/keepling/keepling/node_modules/@ts-morph/common
desktop-promote	Generate the Hex and npm bills of materials from source	2026-09-13T03:31:23.7018600Z   npm error extraneous: @types/aria-query@5.0.4 /Users/runner/work/keepling/keepling/node_modules/@types/aria-query
desktop-promote	Generate the Hex and npm bills of materials from source	2026-09-13T03:31:23.7019560Z   npm error extraneous: @types/cacheable-request@6.0.3 /Users/runner/work/keepling/keepling/node_modules/@types/cacheable-request
desktop-promote	Generate the Hex and npm bills of materials from source	2026-09-13T03:31:23.7020280Z   npm error extraneous: @types/chai@5.2.3 /Users/runner/work/keepling/keepling/node_modules/@types/chai
desktop-promote	Generate the Hex and npm bills of materials from source	2026-09-13T03:31:23.7020930Z   npm error extraneous: @types/deep-eql@4.0.2 /Users/runner/work/keepling/keepling/node_modules/@types/deep-eql
desktop-promote	Generate the Hex and npm bills of materials from source	2026-09-13T03:31:23.7021630Z   npm error extraneous: @types/esrecurse@4.3.1 /Users/runner/work/keepling/keepling/node_modules/@types/esrecurse
desktop-promote	Generate the Hex and npm bills of materials from source	2026-09-13T03:31:23.7023050Z   npm error extraneous: @types/estree@1.0.9 /Users/runner/work/keepling/keepling/node_modules/@types/estree
desktop-promote	Generate the Hex and npm bills of materials from source	2026-09-13T03:31:23.7023860Z   npm error extraneous: @types/http-cache-semantics@4.2.0 /Users/runner/work/keepling/keepling/node_modules/@types/http-cache-semantics
desktop-promote	Generate the Hex and npm bills of materials from source	2026-09-13T03:31:23.7024690Z   npm error extraneous: @types/json-schema@7.0.15 /Users/runner/work/keepling/keepling/node_modules/@types/json-schema
desktop-promote	Generate the Hex and npm bills of materials from source	2026-09-13T03:31:23.7025360Z   npm error extraneous: @types/keyv@3.1.4 /Users/runner/work/keepling/keepling/node_modules/@types/keyv
desktop-promote	Generate the Hex and npm bills of materials from source	2026-09-13T03:31:23.7026020Z   npm error extraneous: @types/mute-stream@0.0.4 /Users/runner/work/keepling/keepling/node_modules/@types/mute-stream
desktop-promote	Generate the Hex and npm bills of materials from source	2026-09-13T03:31:23.7026690Z   npm error extraneous: @types/node@24.13.3 /Users/runner/work/keepling/keepling/node_modules/@types/node
desktop-promote	Generate the Hex and npm bills of materials from source	2026-09-13T03:31:23.7027450Z   npm error extraneous: @types/react-dom@19.2.5 /Users/runner/work/keepling/keepling/node_modules/@types/react-dom
desktop-promote	Generate the Hex and npm bills of materials from source	2026-09-13T03:31:23.7028130Z   npm error extraneous: @types/react@19.2.18 /Users/runner/work/keepling/keepling/node_modules/@types/react
desktop-promote	Generate the Hex and npm bills of materials from source	2026-09-13T03:31:23.7028840Z   npm error extraneous: @types/responselike@1.0.3 /Users/runner/work/keepling/keepling/node_modules/@types/responselike
desktop-promote	Generate the Hex and npm bills of materials from source	2026-09-13T03:31:23.7029770Z   npm error extraneous: @types/validate-npm-package-name@4.0.2 /Users/runner/work/keepling/keepling/node_modules/@types/validate-npm-package-name
desktop-promote	Generate the Hex and npm bills of materials from source	2026-09-13T03:31:23.7030610Z   npm error extraneous: @types/wrap-ansi@3.0.0 /Users/runner/work/keepling/keepling/node_modules/@types/wrap-ansi
desktop-promote	Generate the Hex and npm bills of materials from source	2026-09-13T03:31:23.7031330Z   npm error extraneous: @types/yauzl@2.10.3 /Users/runner/work/keepling/keepling/node_modules/@types/yauzl
desktop-promote	Generate the Hex and npm bills of materials from source	2026-09-13T03:31:23.7032200Z   npm error extraneous: @typescript-eslint/eslint-plugin@8.69.0 /Users/runner/work/keepling/keepling/node_modules/@typescript-eslint/eslint-plugin
desktop-promote	Generate the Hex and npm bills of materials from source	2026-09-13T03:31:23.7033630Z   npm error extraneous: @typescript-eslint/parser@8.69.0 /Users/runner/work/keepling/keepling/node_modules/@typescript-eslint/parser
desktop-promote	Generate the Hex and npm bills of materials from source	2026-09-13T03:31:23.7034770Z   npm error extraneous: @typescript-eslint/project-service@8.69.0 /Users/runner/work/keepling/keepling/node_modules/@typescript-eslint/project-service
desktop-promote	Generate the Hex and npm bills of materials from source	2026-09-13T03:31:23.7036600Z   npm error extraneous: @typescript-eslint/scope-manager@8.69.0 /Users/runner/work/keepling/keepling/node_modules/@typescript-eslint/scope-manager
desktop-promote	Generate the Hex and npm bills of materials from source	2026-09-13T03:31:23.7037740Z   npm error extraneous: @typescript-eslint/tsconfig-utils@8.69.0 /Users/runner/work/keepling/keepling/node_modules/@typescript-eslint/tsconfig-utils
desktop-promote	Generate the Hex and npm bills of materials from source	2026-09-13T03:31:23.7038830Z   npm error extraneous: @typescript-eslint/type-utils@8.69.0 /Users/runner/work/keepling/keepling/node_modules/@typescript-eslint/type-utils
desktop-promote	Generate the Hex and npm bills of materials from source	2026-09-13T03:31:23.7039790Z   npm error extraneous: @typescript-eslint/types@8.69.0 /Users/runner/work/keepling/keepling/node_modules/@typescript-eslint/types
desktop-promote	Generate the Hex and npm bills of materials from source	2026-09-13T03:31:23.7040710Z   npm error extraneous: @typescript-eslint/typescript-estree@8.69.0 /Users/runner/work/keepling/keepling/node_modules/@typescript-eslint/typescript-estree
desktop-promote	Generate the Hex and npm bills of materials from source	2026-09-13T03:31:23.7041600Z   npm error extraneous: @typescript-eslint/utils@8.69.0 /Users/runner/work/keepling/keepling/node_modules/@typescript-eslint/utils
desktop-promote	Generate the Hex and npm bills of materials from source	2026-09-13T03:31:23.7042490Z   npm error extraneous: @typescript-eslint/visitor-keys@8.69.0 /Users/runner/work/keepling/keepling/node_modules/@typescript-eslint/visitor-keys
desktop-promote	Generate the Hex and npm bills of materials from source	2026-09-13T03:31:23.7043400Z   npm error extraneous: @vitejs/plugin-react@6.1.1 /Users/runner/work/keepling/keepling/node_modules/@vitejs/plugin-react
desktop-promote	Generate the Hex and npm bills of materials from source	2026-09-13T03:31:23.7044880Z   npm error extraneous: @vitest/expect@4.1.11 /Users/runner/work/keepling/keepling/node_modules/@vitest/expect
desktop-promote	Generate the Hex and npm bills of materials from source	2026-09-13T03:31:23.7045670Z   npm error extraneous: @vitest/mocker@4.1.11 /Users/runner/work/keepling/keepling/node_modules/@vitest/mocker
desktop-promote	Generate the Hex and npm bills of materials from source	2026-09-13T03:31:23.7046440Z   npm error extraneous: @vitest/pretty-format@4.1.11 /Users/runner/work/keepling/keepling/node_modules/@vitest/pretty-format
desktop-promote	Generate the Hex and npm bills of materials from source	2026-09-13T03:31:23.7047290Z   npm error extraneous: @vitest/runner@4.1.11 /Users/runner/work/keepling/keepling/node_modules/@vitest/runner
desktop-promote	Generate the Hex and npm bills of materials from source	2026-09-13T03:31:23.7048540Z   npm error extraneous: @vitest/snapshot@4.1.11 /Users/runner/work/keepling/keepling/node_modules/@vitest/snapshot
desktop-promote	Generate the Hex and npm bills of materials from source	2026-09-13T03:31:23.7049310Z   npm error extraneous: @vitest/spy@4.1.11 /Users/runner/work/keepling/keepling/node_modules/@vitest/spy
desktop-promote	Generate the Hex and npm bills of materials from source	2026-09-13T03:31:23.7050090Z   npm error extraneous: @vitest/utils@4.1.11 /Users/runner/work/keepling/keepling/node_modules/@vitest/utils
desktop-promote	Generate the Hex and npm bills of materials from source	2026-09-13T03:31:23.7052220Z   npm error extraneous: @vscode/sudo-prompt@9.3.2 /Users/runner/work/keepling/keepling/node_modules/@vscode/sudo-prompt
desktop-promote	Generate the Hex and npm bills of materials from source	2026-09-13T03:31:23.7054540Z   npm error extraneous: @webassemblyjs/ast@1.14.1 /Users/runner/work/keepling/keepling/node_modules/@webassemblyjs/ast
desktop-promote	Generate the Hex and npm bills of materials from source	2026-09-13T03:31:23.7057260Z   npm error extraneous: @webassemblyjs/floating-point-hex-parser@1.13.2 /Users/runner/work/keepling/keepling/node_modules/@webassemblyjs/floating-point-hex-parser
desktop-promote	Generate the Hex and npm bills of materials from source	2026-09-13T03:31:23.7059580Z   npm error extraneous: @webassemblyjs/helper-api-error@1.13.2 /Users/runner/work/keepling/keepling/node_modules/@webassemblyjs/helper-api-error
desktop-promote	Generate the Hex and npm bills of materials from source	2026-09-13T03:31:23.7060620Z   npm error extraneous: @webassemblyjs/helper-buffer@1.14.1 /Users/runner/work/keepling/keepling/node_modules/@webassemblyjs/helper-buffer
desktop-promote	Generate the Hex and npm bills of materials from source	2026-09-13T03:31:23.7061490Z   npm error extraneous: @webassemblyjs/helper-numbers@1.13.2 /Users/runner/work/keepling/keepling/node_modules/@webassemblyjs/helper-numbers
desktop-promote	Generate the Hex and npm bills of materials from source	2026-09-13T03:31:23.7062390Z   npm error extraneous: @webassemblyjs/helper-wasm-bytecode@1.13.2 /Users/runner/work/keepling/keepling/node_modules/@webassemblyjs/helper-wasm-bytecode
desktop-promote	Generate the Hex and npm bills of materials from source	2026-09-13T03:31:23.7063420Z   npm error extraneous: @webassemblyjs/helper-wasm-section@1.14.1 /Users/runner/work/keepling/keepling/node_modules/@webassemblyjs/helper-wasm-section
desktop-promote	Generate the Hex and npm bills of materials from source	2026-09-13T03:31:23.7065130Z   npm error extraneous: @webassemblyjs/ieee754@1.13.2 /Users/runner/work/keepling/keepling/node_modules/@webassemblyjs/ieee754
desktop-promote	Generate the Hex and npm bills of materials from source	2026-09-13T03:31:23.7065910Z   npm error extraneous: @webassemblyjs/leb128@1.13.2 /Users/runner/work/keepling/keepling/node_modules/@webassemblyjs/leb128
desktop-promote	Generate the Hex and npm bills of materials from source	2026-09-13T03:31:23.7066660Z   npm error extraneous: @webassemblyjs/utf8@1.13.2 /Users/runner/work/keepling/keepling/node_modules/@webassemblyjs/utf8
desktop-promote	Generate the Hex and npm bills of materials from source	2026-09-13T03:31:23.7067430Z   npm error extraneous: @webassemblyjs/wasm-edit@1.14.1 /Users/runner/work/keepling/keepling/node_modules/@webassemblyjs/wasm-edit
desktop-promote	Generate the Hex and npm bills of materials from source	2026-09-13T03:31:23.7068470Z   npm error extraneous: @webassemblyjs/wasm-gen@1.14.1 /Users/runner/work/keepling/keepling/node_modules/@webassemblyjs/wasm-gen
desktop-promote	Generate the Hex and npm bills of materials from source	2026-09-13T03:31:23.7069330Z   npm error extraneous: @webassemblyjs/wasm-opt@1.14.1 /Users/runner/work/keepling/keepling/node_modules/@webassemblyjs/wasm-opt
desktop-promote	Generate the Hex and npm bills of materials from source	2026-09-13T03:31:23.7070220Z   npm error extraneous: @webassemblyjs/wasm-parser@1.14.1 /Users/runner/work/keepling/keepling/node_modules/@webassemblyjs/wasm-parser
desktop-promote	Generate the Hex and npm bills of materials from source	2026-09-13T03:31:23.7071510Z   npm error extraneous: @webassemblyjs/wast-printer@1.14.1 /Users/runner/work/keepling/keepling/node_modules/@webassemblyjs/wast-printer
desktop-promote	Generate the Hex and npm bills of materials from source	2026-09-13T03:31:23.7072370Z   npm error extraneous: @xmldom/xmldom@0.9.12 /Users/runner/work/keepling/keepling/node_modules/@xmldom/xmldom
desktop-promote	Generate the Hex and npm bills of materials from source	2026-09-13T03:31:23.7073180Z   npm error extraneous: @xtuc/ieee754@1.2.0 /Users/runner/work/keepling/keepling/node_modules/@xtuc/ieee754
desktop-promote	Generate the Hex and npm bills of materials from source	2026-09-13T03:31:23.7073810Z   npm error extraneous: @xtuc/long@4.2.2 /Users/runner/work/keepling/keepling/node_modules/@xtuc/long
desktop-promote	Generate the Hex and npm bills of materials from source	2026-09-13T03:31:23.7074420Z   npm error extraneous: abbrev@1.1.1 /Users/runner/work/keepling/keepling/node_modules/abbrev
desktop-promote	Generate the Hex and npm bills of materials from source	2026-09-13T03:31:23.7075050Z   npm error extraneous: accepts@2.0.0 /Users/runner/work/keepling/keepling/node_modules/accepts
desktop-promote	Generate the Hex and npm bills of materials from source	2026-09-13T03:31:23.7075640Z   npm error extraneous: acorn-jsx@5.3.2 /Users/runner/work/keepling/keepling/node_modules/acorn-jsx
desktop-promote	Generate the Hex and npm bills of materials from source	2026-09-13T03:31:23.7076220Z   npm error extraneous: acorn@8.18.0 /Users/runner/work/keepling/keepling/node_modules/acorn
desktop-promote	Generate the Hex and npm bills of materials from source	2026-09-13T03:31:23.7076800Z   npm error extraneous: agent-base@6.0.2 /Users/runner/work/keepling/keepling/node_modules/agent-base
desktop-promote	Generate the Hex and npm bills of materials from source	2026-09-13T03:31:23.7079570Z   npm error extraneous: agentkeepalive@4.6.0 /Users/runner/work/keepling/keepling/node_modules/agentkeepalive
desktop-promote	Generate the Hex and npm bills of materials from source	2026-09-13T03:31:23.7080360Z   npm error extraneous: aggregate-error@3.1.0 /Users/runner/work/keepling/keepling/node_modules/aggregate-error
desktop-promote	Generate the Hex and npm bills of materials from source	2026-09-13T03:31:23.7081030Z   npm error extraneous: ajv-formats@2.1.1 /Users/runner/work/keepling/keepling/node_modules/ajv-formats
desktop-promote	Generate the Hex and npm bills of materials from source	2026-09-13T03:31:23.7081780Z   npm error extraneous: ajv-keywords@5.1.0 /Users/runner/work/keepling/keepling/node_modules/ajv-keywords
desktop-promote	Generate the Hex and npm bills of materials from source	2026-09-13T03:31:23.7082360Z   npm error extraneous: ajv@8.20.0 /Users/runner/work/keepling/keepling/node_modules/ajv
desktop-promote	Generate the Hex and npm bills of materials from source	2026-09-13T03:31:23.7082950Z   npm error extraneous: ansi-escapes@4.3.2 /Users/runner/work/keepling/keepling/node_modules/ansi-escapes
desktop-promote	Generate the Hex and npm bills of materials from source	2026-09-13T03:31:23.7083600Z   npm error extraneous: ansi-regex@5.0.1 /Users/runner/work/keepling/keepling/node_modules/ansi-regex
desktop-promote	Generate the Hex and npm bills of materials from source	2026-09-13T03:31:23.7084770Z   npm error extraneous: ansi-styles@4.3.0 /Users/runner/work/keepling/keepling/node_modules/ansi-styles
desktop-promote	Generate the Hex and npm bills of materials from source	2026-09-13T03:31:23.7085460Z   npm error extraneous: aria-query@5.3.0 /Users/runner/work/keepling/keepling/node_modules/aria-query
desktop-promote	Generate the Hex and npm bills of materials from source	2026-09-13T03:31:23.7086160Z   npm error extraneous: assertion-error@2.0.1 /Users/runner/work/keepling/keepling/node_modules/assertion-error
desktop-promote	Generate the Hex and npm bills of materials from source	2026-09-13T03:31:23.7086990Z   npm error extraneous: ast-types@0.16.3 /Users/runner/work/keepling/keepling/node_modules/ast-types
desktop-promote	Generate the Hex and npm bills of materials from source	2026-09-13T03:31:23.7088100Z   npm error extraneous: at-least-node@1.0.0 /Users/runner/work/keepling/keepling/node_modules/at-least-node
desktop-promote	Generate the Hex and npm bills of materials from source	2026-09-13T03:31:23.7088750Z   npm error extraneous: atomically@1.7.0 /Users/runner/work/keepling/keepling/node_modules/atomically
desktop-promote	Generate the Hex and npm bills of materials from source	2026-09-13T03:31:23.7089760Z   npm error extraneous: author-regex@1.0.0 /Users/runner/work/keepling/keepling/node_modules/author-regex
desktop-promote	Generate the Hex and npm bills of materials from source	2026-09-13T03:31:23.7091020Z   npm error extraneous: axe-core@4.13.0 /Users/runner/work/keepling/keepling/node_modules/axe-core
desktop-promote	Generate the Hex and npm bills of materials from source	2026-09-13T03:31:23.7091730Z   npm error extraneous: base64-js@1.5.1 /Users/runner/work/keepling/keepling/node_modules/base64-js
desktop-promote	Generate the Hex and npm bills of materials from source	2026-09-13T03:31:23.7092630Z   npm error extraneous: baseline-browser-mapping@2.11.20 /Users/runner/work/keepling/keepling/node_modules/baseline-browser-mapping
desktop-promote	Generate the Hex and npm bills of materials from source	2026-09-13T03:31:23.7094340Z   npm error extraneous: bidi-js@1.0.3 /Users/runner/work/keepling/keepling/node_modules/bidi-js
desktop-promote	Generate the Hex and npm bills of materials from source	2026-09-13T03:31:23.7095000Z   npm error extraneous: bl@4.1.0 /Users/runner/work/keepling/keepling/node_modules/bl
desktop-promote	Generate the Hex and npm bills of materials from source	2026-09-13T03:31:23.7095590Z   npm error extraneous: bluebird@3.7.2 /Users/runner/work/keepling/keepling/node_modules/bluebird
desktop-promote	Generate the Hex and npm bills of materials from source	2026-09-13T03:31:23.7096200Z   npm error extraneous: body-parser@2.3.0 /Users/runner/work/keepling/keepling/node_modules/body-parser
desktop-promote	Generate the Hex and npm bills of materials from source	2026-09-13T03:31:23.7096810Z   npm error extraneous: boolean@3.2.0 /Users/runner/work/keepling/keepling/node_modules/boolean
desktop-promote	Generate the Hex and npm bills of materials from source	2026-09-13T03:31:23.7097430Z   npm error extraneous: braces@3.0.3 /Users/runner/work/keepling/keepling/node_modules/braces
desktop-promote	Generate the Hex and npm bills of materials from source	2026-09-13T03:31:23.7098080Z   npm error extraneous: browserslist@4.28.8 /Users/runner/work/keepling/keepling/node_modules/browserslist
desktop-promote	Generate the Hex and npm bills of materials from source	2026-09-13T03:31:23.7098720Z   npm error extraneous: buffer-crc32@0.2.13 /Users/runner/work/keepling/keepling/node_modules/buffer-crc32
desktop-promote	Generate the Hex and npm bills of materials from source	2026-09-13T03:31:23.7099350Z   npm error extraneous: buffer-from@1.1.2 /Users/runner/work/keepling/keepling/node_modules/buffer-from
desktop-promote	Generate the Hex and npm bills of materials from source	2026-09-13T03:31:23.7099930Z   npm error extraneous: buffer@5.7.1 /Users/runner/work/keepling/keepling/node_modules/buffer
desktop-promote	Generate the Hex and npm bills of materials from source	2026-09-13T03:31:23.7100530Z   npm error extraneous: bundle-name@4.1.0 /Users/runner/work/keepling/keepling/node_modules/bundle-name
desktop-promote	Generate the Hex and npm bills of materials from source	2026-09-13T03:31:23.7101120Z   npm error extraneous: bytes@3.1.2 /Users/runner/work/keepling/keepling/node_modules/bytes
desktop-promote	Generate the Hex and npm bills of materials from source	2026-09-13T03:31:23.7101680Z   npm error extraneous: cacache@16.1.3 /Users/runner/work/keepling/keepling/node_modules/cacache
desktop-promote	Generate the Hex and npm bills of materials from source	2026-09-13T03:31:23.7102330Z   npm error extraneous: cacheable-lookup@5.0.4 /Users/runner/work/keepling/keepling/node_modules/cacheable-lookup
desktop-promote	Generate the Hex and npm bills of materials from source	2026-09-13T03:31:23.7103240Z   npm error extraneous: cacheable-request@7.0.4 /Users/runner/work/keepling/keepling/node_modules/cacheable-request
desktop-promote	Generate the Hex and npm bills of materials from source	2026-09-13T03:31:23.7103990Z   npm error extraneous: call-bind-apply-helpers@1.0.2 /Users/runner/work/keepling/keepling/node_modules/call-bind-apply-helpers
desktop-promote	Generate the Hex and npm bills of materials from source	2026-09-13T03:31:23.7104700Z   npm error extraneous: call-bound@1.0.4 /Users/runner/work/keepling/keepling/node_modules/call-bound
desktop-promote	Generate the Hex and npm bills of materials from source	2026-09-13T03:31:23.7105310Z   npm error extraneous: callsites@3.1.0 /Users/runner/work/keepling/keepling/node_modules/callsites
desktop-promote	Generate the Hex and npm bills of materials from source	2026-09-13T03:31:23.7106060Z   npm error extraneous: caniuse-lite@1.0.30001810 /Users/runner/work/keepling/keepling/node_modules/caniuse-lite
desktop-promote	Generate the Hex and npm bills of materials from source	2026-09-13T03:31:23.7106720Z   npm error extraneous: chai@6.2.2 /Users/runner/work/keepling/keepling/node_modules/chai
desktop-promote	Generate the Hex and npm bills of materials from source	2026-09-13T03:31:23.7107410Z   npm error extraneous: chalk@4.1.2 /Users/runner/work/keepling/keepling/node_modules/chalk
desktop-promote	Generate the Hex and npm bills of materials from source	2026-09-13T03:31:23.7108000Z   npm error extraneous: chardet@0.7.0 /Users/runner/work/keepling/keepling/node_modules/chardet
desktop-promote	Generate the Hex and npm bills of materials from source	2026-09-13T03:31:23.7108570Z   npm error extraneous: chownr@2.0.0 /Users/runner/work/keepling/keepling/node_modules/chownr
desktop-promote	Generate the Hex and npm bills of materials from source	2026-09-13T03:31:23.7109220Z   npm error extraneous: chrome-trace-event@1.0.4 /Users/runner/work/keepling/keepling/node_modules/chrome-trace-event
desktop-promote	Generate the Hex and npm bills of materials from source	2026-09-13T03:31:23.7109990Z   npm error extraneous: class-variance-authority@0.7.1 /Users/runner/work/keepling/keepling/node_modules/class-variance-authority
desktop-promote	Generate the Hex and npm bills of materials from source	2026-09-13T03:31:23.7110690Z   npm error extraneous: clean-stack@2.2.0 /Users/runner/work/keepling/keepling/node_modules/clean-stack
desktop-promote	Generate the Hex and npm bills of materials from source	2026-09-13T03:31:23.7111300Z   npm error extraneous: cli-cursor@3.1.0 /Users/runner/work/keepling/keepling/node_modules/cli-cursor
desktop-promote	Generate the Hex and npm bills of materials from source	2026-09-13T03:31:23.7111930Z   npm error extraneous: cli-spinners@2.9.2 /Users/runner/work/keepling/keepling/node_modules/cli-spinners
desktop-promote	Generate the Hex and npm bills of materials from source	2026-09-13T03:31:23.7112890Z   npm error extraneous: cli-truncate@3.1.0 /Users/runner/work/keepling/keepling/node_modules/cli-truncate
desktop-promote	Generate the Hex and npm bills of materials from source	2026-09-13T03:31:23.7113660Z   npm error extraneous: cli-width@4.1.0 /Users/runner/work/keepling/keepling/node_modules/cli-width
desktop-promote	Generate the Hex and npm bills of materials from source	2026-09-13T03:31:23.7114290Z   npm error extraneous: cliui@8.0.1 /Users/runner/work/keepling/keepling/node_modules/cliui
desktop-promote	Generate the Hex and npm bills of materials from source	2026-09-13T03:31:23.7115040Z   npm error extraneous: clone-response@1.0.3 /Users/runner/work/keepling/keepling/node_modules/clone-response
desktop-promote	Generate the Hex and npm bills of materials from source	2026-09-13T03:31:23.7115880Z   npm error extraneous: clone@1.0.4 /Users/runner/work/keepling/keepling/node_modules/clone
desktop-promote	Generate the Hex and npm bills of materials from source	2026-09-13T03:31:23.7116590Z   npm error extraneous: clsx@2.1.1 /Users/runner/work/keepling/keepling/node_modules/clsx
desktop-promote	Generate the Hex and npm bills of materials from source	2026-09-13T03:31:23.7117310Z   npm error extraneous: code-block-writer@13.0.3 /Users/runner/work/keepling/keepling/node_modules/code-block-writer
desktop-promote	Generate the Hex and npm bills of materials from source	2026-09-13T03:31:23.7118070Z   npm error extraneous: color-convert@2.0.1 /Users/runner/work/keepling/keepling/node_modules/color-convert
desktop-promote	Generate the Hex and npm bills of materials from source	2026-09-13T03:31:23.7125920Z   npm error extraneous: color-name@1.1.4 /Users/runner/work/keepling/keepling/node_modules/color-name
desktop-promote	Generate the Hex and npm bills of materials from source	2026-09-13T03:31:23.7126550Z   npm error extraneous: commander@11.1.0 /Users/runner/work/keepling/keepling/node_modules/commander
desktop-promote	Generate the Hex and npm bills of materials from source	2026-09-13T03:31:23.7127660Z   npm error extraneous: compare-version@0.1.2 /Users/runner/work/keepling/keepling/node_modules/compare-version
desktop-promote	Generate the Hex and npm bills of materials from source	2026-09-13T03:31:23.7128310Z   npm error extraneous: concat-map@0.0.1 /Users/runner/work/keepling/keepling/node_modules/concat-map
desktop-promote	Generate the Hex and npm bills of materials from source	2026-09-13T03:31:23.7128890Z   npm error extraneous: conf@10.2.0 /Users/runner/work/keepling/keepling/node_modules/conf
desktop-promote	Generate the Hex and npm bills of materials from source	2026-09-13T03:31:23.7129570Z   npm error extraneous: content-disposition@1.1.0 /Users/runner/work/keepling/keepling/node_modules/content-disposition
desktop-promote	Generate the Hex and npm bills of materials from source	2026-09-13T03:31:23.7130360Z   npm error extraneous: content-type@2.1.0 /Users/runner/work/keepling/keepling/node_modules/content-type
desktop-promote	Generate the Hex and npm bills of materials from source	2026-09-13T03:31:23.7131160Z   npm error extraneous: convert-source-map@2.0.0 /Users/runner/work/keepling/keepling/node_modules/convert-source-map
desktop-promote	Generate the Hex and npm bills of materials from source	2026-09-13T03:31:23.7132330Z   npm error extraneous: cookie-signature@1.2.2 /Users/runner/work/keepling/keepling/node_modules/cookie-signature
desktop-promote	Generate the Hex and npm bills of materials from source	2026-09-13T03:31:23.7132940Z   npm error extraneous: cookie@0.7.2 /Users/runner/work/keepling/keepling/node_modules/cookie
desktop-promote	Generate the Hex and npm bills of materials from source	2026-09-13T03:31:23.7133490Z   npm error extraneous: cors@2.8.6 /Users/runner/work/keepling/keepling/node_modules/cors
desktop-promote	Generate the Hex and npm bills of materials from source	2026-09-13T03:31:23.7134070Z   npm error extraneous: cosmiconfig@9.0.2 /Users/runner/work/keepling/keepling/node_modules/cosmiconfig
desktop-promote	Generate the Hex and npm bills of materials from source	2026-09-13T03:31:23.7134700Z   npm error extraneous: cross-dirname@0.1.0 /Users/runner/work/keepling/keepling/node_modules/cross-dirname
desktop-promote	Generate the Hex and npm bills of materials from source	2026-09-13T03:31:23.7135490Z   npm error extraneous: cross-spawn@7.0.6 /Users/runner/work/keepling/keepling/node_modules/cross-spawn
desktop-promote	Generate the Hex and npm bills of materials from source	2026-09-13T03:31:23.7136110Z   npm error extraneous: cross-zip@4.0.1 /Users/runner/work/keepling/keepling/node_modules/cross-zip
desktop-promote	Generate the Hex and npm bills of materials from source	2026-09-13T03:31:23.7136740Z   npm error extraneous: css-tree@3.2.1 /Users/runner/work/keepling/keepling/node_modules/css-tree
desktop-promote	Generate the Hex and npm bills of materials from source	2026-09-13T03:31:23.7137860Z   npm error extraneous: css.escape@1.5.1 /Users/runner/work/keepling/keepling/node_modules/css.escape
desktop-promote	Generate the Hex and npm bills of materials from source	2026-09-13T03:31:23.7138540Z   npm error extraneous: cssesc@3.0.0 /Users/runner/work/keepling/keepling/node_modules/cssesc
desktop-promote	Generate the Hex and npm bills of materials from source	2026-09-13T03:31:23.7139130Z   npm error extraneous: csstype@3.2.3 /Users/runner/work/keepling/keepling/node_modules/csstype
desktop-promote	Generate the Hex and npm bills of materials from source	2026-09-13T03:31:23.7139730Z   npm error extraneous: data-urls@7.0.0 /Users/runner/work/keepling/keepling/node_modules/data-urls
desktop-promote	Generate the Hex and npm bills of materials from source	2026-09-13T03:31:23.7140340Z   npm error extraneous: debounce-fn@4.0.0 /Users/runner/work/keepling/keepling/node_modules/debounce-fn
desktop-promote	Generate the Hex and npm bills of materials from source	2026-09-13T03:31:23.7140960Z   npm error extraneous: decimal.js@10.6.0 /Users/runner/work/keepling/keepling/node_modules/decimal.js
desktop-promote	Generate the Hex and npm bills of materials from source	2026-09-13T03:31:23.7141640Z   npm error extraneous: decompress-response@6.0.0 /Users/runner/work/keepling/keepling/node_modules/decompress-response
desktop-promote	Generate the Hex and npm bills of materials from source	2026-09-13T03:31:23.7143020Z   npm error extraneous: dedent@1.7.2 /Users/runner/work/keepling/keepling/node_modules/dedent
desktop-promote	Generate the Hex and npm bills of materials from source	2026-09-13T03:31:23.7143620Z   npm error extraneous: deep-is@0.1.4 /Users/runner/work/keepling/keepling/node_modules/deep-is
desktop-promote	Generate the Hex and npm bills of materials from source	2026-09-13T03:31:23.7144210Z   npm error extraneous: deepmerge@4.3.1 /Users/runner/work/keepling/keepling/node_modules/deepmerge
desktop-promote	Generate the Hex and npm bills of materials from source	2026-09-13T03:31:23.7144880Z   npm error extraneous: default-browser-id@5.0.1 /Users/runner/work/keepling/keepling/node_modules/default-browser-id
desktop-promote	Generate the Hex and npm bills of materials from source	2026-09-13T03:31:23.7145570Z   npm error extraneous: default-browser@5.5.1 /Users/runner/work/keepling/keepling/node_modules/default-browser
desktop-promote	Generate the Hex and npm bills of materials from source	2026-09-13T03:31:23.7146210Z   npm error extraneous: defaults@1.0.4 /Users/runner/work/keepling/keepling/node_modules/defaults
desktop-promote	Generate the Hex and npm bills of materials from source	2026-09-13T03:31:23.7147190Z   npm error extraneous: defer-to-connect@2.0.1 /Users/runner/work/keepling/keepling/node_modules/defer-to-connect
desktop-promote	Generate the Hex and npm bills of materials from source	2026-09-13T03:31:23.7147940Z   npm error extraneous: define-data-property@1.1.4 /Users/runner/work/keepling/keepling/node_modules/define-data-property
desktop-promote	Generate the Hex and npm bills of materials from source	2026-09-13T03:31:23.7148700Z   npm error extraneous: define-lazy-prop@2.0.0 /Users/runner/work/keepling/keepling/node_modules/define-lazy-prop
desktop-promote	Generate the Hex and npm bills of materials from source	2026-09-13T03:31:23.7149420Z   npm error extraneous: define-properties@1.2.1 /Users/runner/work/keepling/keepling/node_modules/define-properties
desktop-promote	Generate the Hex and npm bills of materials from source	2026-09-13T03:31:23.7150160Z   npm error extraneous: depd@2.0.0 /Users/runner/work/keepling/keepling/node_modules/depd
desktop-promote	Generate the Hex and npm bills of materials from source	2026-09-13T03:31:23.7150760Z   npm error extraneous: dequal@2.0.3 /Users/runner/work/keepling/keepling/node_modules/dequal
desktop-promote	Generate the Hex and npm bills of materials from source	2026-09-13T03:31:23.7151380Z   npm error extraneous: detect-libc@2.1.2 /Users/runner/work/keepling/keepling/node_modules/detect-libc
desktop-promote	Generate the Hex and npm bills of materials from source	2026-09-13T03:31:23.7152040Z   npm error extraneous: detect-node@2.1.0 /Users/runner/work/keepling/keepling/node_modules/detect-node
desktop-promote	Generate the Hex and npm bills of materials from source	2026-09-13T03:31:23.7152610Z   npm error extraneous: diff@8.0.4 /Users/runner/work/keepling/keepling/node_modules/diff
desktop-promote	Generate the Hex and npm bills of materials from source	2026-09-13T03:31:23.7153200Z   npm error extraneous: dir-compare@4.2.0 /Users/runner/work/keepling/keepling/node_modules/dir-compare
desktop-promote	Generate the Hex and npm bills of materials from source	2026-09-13T03:31:23.7154140Z   npm error extraneous: dom-accessibility-api@0.5.16 /Users/runner/work/keepling/keepling/node_modules/dom-accessibility-api
desktop-promote	Generate the Hex and npm bills of materials from source	2026-09-13T03:31:23.7156510Z   npm error extraneous: dot-prop@6.0.1 /Users/runner/work/keepling/keepling/node_modules/dot-prop
desktop-promote	Generate the Hex and npm bills of materials from source	2026-09-13T03:31:23.7158970Z   npm error extraneous: dotenv@17.4.2 /Users/runner/work/keepling/keepling/node_modules/dotenv
desktop-promote	Generate the Hex and npm bills of materials from source	2026-09-13T03:31:23.7159630Z   npm error extraneous: dunder-proto@1.0.1 /Users/runner/work/keepling/keepling/node_modules/dunder-proto
desktop-promote	Generate the Hex and npm bills of materials from source	2026-09-13T03:31:23.7160300Z   npm error extraneous: eastasianwidth@0.2.0 /Users/runner/work/keepling/keepling/node_modules/eastasianwidth
desktop-promote	Generate the Hex and npm bills of materials from source	2026-09-13T03:31:23.7160910Z   npm error extraneous: ee-first@1.1.1 /Users/runner/work/keepling/keepling/node_modules/ee-first
desktop-promote	Generate the Hex and npm bills of materials from source	2026-09-13T03:31:23.7161630Z   npm error extraneous: electron-to-chromium@1.5.420 /Users/runner/work/keepling/keepling/node_modules/electron-to-chromium
desktop-promote	Generate the Hex and npm bills of materials from source	2026-09-13T03:31:23.7162390Z   npm error extraneous: electron@44.1.1 /Users/runner/work/keepling/keepling/node_modules/electron
desktop-promote	Generate the Hex and npm bills of materials from source	2026-09-13T03:31:23.7163250Z   npm error extraneous: emoji-regex@8.0.0 /Users/runner/work/keepling/keepling/node_modules/emoji-regex
desktop-promote	Generate the Hex and npm bills of materials from source	2026-09-13T03:31:23.7164170Z   npm error extraneous: encodeurl@2.0.0 /Users/runner/work/keepling/keepling/node_modules/encodeurl
desktop-promote	Generate the Hex and npm bills of materials from source	2026-09-13T03:31:23.7164780Z   npm error extraneous: encoding@0.1.13 /Users/runner/work/keepling/keepling/node_modules/encoding
desktop-promote	Generate the Hex and npm bills of materials from source	2026-09-13T03:31:23.7165440Z   npm error extraneous: end-of-stream@1.4.5 /Users/runner/work/keepling/keepling/node_modules/end-of-stream
desktop-promote	Generate the Hex and npm bills of materials from source	2026-09-13T03:31:23.7166170Z   npm error extraneous: enhanced-resolve@5.24.5 /Users/runner/work/keepling/keepling/node_modules/enhanced-resolve
desktop-promote	Generate the Hex and npm bills of materials from source	2026-09-13T03:31:23.7166810Z   npm error extraneous: enquirer@2.4.1 /Users/runner/work/keepling/keepling/node_modules/enquirer
desktop-promote	Generate the Hex and npm bills of materials from source	2026-09-13T03:31:23.7167620Z   npm error extraneous: entities@8.0.0 /Users/runner/work/keepling/keepling/node_modules/entities
desktop-promote	Generate the Hex and npm bills of materials from source	2026-09-13T03:31:23.7168220Z   npm error extraneous: env-paths@2.2.1 /Users/runner/work/keepling/keepling/node_modules/env-paths
desktop-promote	Generate the Hex and npm bills of materials from source	2026-09-13T03:31:23.7168820Z   npm error extraneous: err-code@2.0.3 /Users/runner/work/keepling/keepling/node_modules/err-code
desktop-promote	Generate the Hex and npm bills of materials from source	2026-09-13T03:31:23.7169430Z   npm error extraneous: error-ex@1.3.4 /Users/runner/work/keepling/keepling/node_modules/error-ex
desktop-promote	Generate the Hex and npm bills of materials from source	2026-09-13T03:31:23.7170210Z   npm error extraneous: es-define-property@1.0.1 /Users/runner/work/keepling/keepling/node_modules/es-define-property
desktop-promote	Generate the Hex and npm bills of materials from source	2026-09-13T03:31:23.7170900Z   npm error extraneous: es-errors@1.3.0 /Users/runner/work/keepling/keepling/node_modules/es-errors
desktop-promote	Generate the Hex and npm bills of materials from source	2026-09-13T03:31:23.7171660Z   npm error extraneous: es-module-lexer@2.3.2 /Users/runner/work/keepling/keepling/node_modules/es-module-lexer
desktop-promote	Generate the Hex and npm bills of materials from source	2026-09-13T03:31:23.7172400Z   npm error extraneous: es-object-atoms@1.1.2 /Users/runner/work/keepling/keepling/node_modules/es-object-atoms
desktop-promote	Generate the Hex and npm bills of materials from source	2026-09-13T03:31:23.7173030Z   npm error extraneous: es6-error@4.1.1 /Users/runner/work/keepling/keepling/node_modules/es6-error
desktop-promote	Generate the Hex and npm bills of materials from source	2026-09-13T03:31:23.7173630Z   npm error extraneous: escalade@3.2.0 /Users/runner/work/keepling/keepling/node_modules/escalade
desktop-promote	Generate the Hex and npm bills of materials from source	2026-09-13T03:31:23.7174300Z   npm error extraneous: escape-html@1.0.3 /Users/runner/work/keepling/keepling/node_modules/escape-html
desktop-promote	Generate the Hex and npm bills of materials from source	2026-09-13T03:31:23.7175980Z   npm error extraneous: escape-string-regexp@4.0.0 /Users/runner/work/keepling/keepling/node_modules/escape-string-regexp
desktop-promote	Generate the Hex and npm bills of materials from source	2026-09-13T03:31:23.7176940Z   npm error extraneous: eslint-plugin-react-hooks@7.1.1 /Users/runner/work/keepling/keepling/node_modules/eslint-plugin-react-hooks
desktop-promote	Generate the Hex and npm bills of materials from source	2026-09-13T03:31:23.7182860Z   npm error extraneous: eslint-plugin-react-refresh@0.5.5 /Users/runner/work/keepling/keepling/node_modules/eslint-plugin-react-refresh
desktop-promote	Generate the Hex and npm bills of materials from source	2026-09-13T03:31:23.7183640Z   npm error extraneous: eslint-scope@9.1.2 /Users/runner/work/keepling/keepling/node_modules/eslint-scope
desktop-promote	Generate the Hex and npm bills of materials from source	2026-09-13T03:31:23.7184360Z   npm error extraneous: eslint-visitor-keys@5.0.1 /Users/runner/work/keepling/keepling/node_modules/eslint-visitor-keys
desktop-promote	Generate the Hex and npm bills of materials from source	2026-09-13T03:31:23.7185240Z   npm error extraneous: eslint@10.9.1 /Users/runner/work/keepling/keepling/node_modules/eslint
desktop-promote	Generate the Hex and npm bills of materials from source	2026-09-13T03:31:23.7185820Z   npm error extraneous: espree@11.2.0 /Users/runner/work/keepling/keepling/node_modules/espree
desktop-promote	Generate the Hex and npm bills of materials from source	2026-09-13T03:31:23.7186450Z   npm error extraneous: esprima@4.0.1 /Users/runner/work/keepling/keepling/node_modules/esprima
desktop-promote	Generate the Hex and npm bills of materials from source	2026-09-13T03:31:23.7187010Z   npm error extraneous: esquery@1.7.0 /Users/runner/work/keepling/keepling/node_modules/esquery
desktop-promote	Generate the Hex and npm bills of materials from source	2026-09-13T03:31:23.7187700Z   npm error extraneous: esrecurse@4.3.0 /Users/runner/work/keepling/keepling/node_modules/esrecurse
desktop-promote	Generate the Hex and npm bills of materials from source	2026-09-13T03:31:23.7188320Z   npm error extraneous: estraverse@5.3.0 /Users/runner/work/keepling/keepling/node_modules/estraverse
desktop-promote	Generate the Hex and npm bills of materials from source	2026-09-13T03:31:23.7189380Z   npm error extraneous: estree-walker@3.0.3 /Users/runner/work/keepling/keepling/node_modules/estree-walker
desktop-promote	Generate the Hex and npm bills of materials from source	2026-09-13T03:31:23.7190000Z   npm error extraneous: esutils@2.0.3 /Users/runner/work/keepling/keepling/node_modules/esutils
desktop-promote	Generate the Hex and npm bills of materials from source	2026-09-13T03:31:23.7190540Z   npm error extraneous: eta@3.5.0 /Users/runner/work/keepling/keepling/node_modules/eta
desktop-promote	Generate the Hex and npm bills of materials from source	2026-09-13T03:31:23.7191050Z   npm error extraneous: etag@1.8.1 /Users/runner/work/keepling/keepling/node_modules/etag
desktop-promote	Generate the Hex and npm bills of materials from source	2026-09-13T03:31:23.7191690Z   npm error extraneous: eventemitter3@5.0.4 /Users/runner/work/keepling/keepling/node_modules/eventemitter3
desktop-promote	Generate the Hex and npm bills of materials from source	2026-09-13T03:31:23.7192390Z   npm error extraneous: events@3.3.0 /Users/runner/work/keepling/keepling/node_modules/events
desktop-promote	Generate the Hex and npm bills of materials from source	2026-09-13T03:31:23.7193040Z   npm error extraneous: eventsource-parser@3.1.1 /Users/runner/work/keepling/keepling/node_modules/eventsource-parser
desktop-promote	Generate the Hex and npm bills of materials from source	2026-09-13T03:31:23.7193810Z   npm error extraneous: eventsource@3.0.7 /Users/runner/work/keepling/keepling/node_modules/eventsource
desktop-promote	Generate the Hex and npm bills of materials from source	2026-09-13T03:31:23.7194400Z   npm error extraneous: execa@1.0.0 /Users/runner/work/keepling/keepling/node_modules/execa
desktop-promote	Generate the Hex and npm bills of materials from source	2026-09-13T03:31:23.7195390Z   npm error extraneous: expect-type@1.4.0 /Users/runner/work/keepling/keepling/node_modules/expect-type
desktop-promote	Generate the Hex and npm bills of materials from source	2026-09-13T03:31:23.7196090Z   npm error extraneous: exponential-backoff@3.1.3 /Users/runner/work/keepling/keepling/node_modules/exponential-backoff
desktop-promote	Generate the Hex and npm bills of materials from source	2026-09-13T03:31:23.7196820Z   npm error extraneous: express-rate-limit@8.7.0 /Users/runner/work/keepling/keepling/node_modules/express-rate-limit
desktop-promote	Generate the Hex and npm bills of materials from source	2026-09-13T03:31:23.7197460Z   npm error extraneous: express@5.2.1 /Users/runner/work/keepling/keepling/node_modules/express
desktop-promote	Generate the Hex and npm bills of materials from source	2026-09-13T03:31:23.7198090Z   npm error extraneous: external-editor@3.1.0 /Users/runner/work/keepling/keepling/node_modules/external-editor
desktop-promote	Generate the Hex and npm bills of materials from source	2026-09-13T03:31:23.7198740Z   npm error extraneous: extract-zip@2.0.1 /Users/runner/work/keepling/keepling/node_modules/extract-zip
desktop-promote	Generate the Hex and npm bills of materials from source	2026-09-13T03:31:23.7199440Z   npm error extraneous: fast-glob@3.3.3 /Users/runner/work/keepling/keepling/node_modules/fast-glob
desktop-promote	Generate the Hex and npm bills of materials from source	2026-09-13T03:31:23.7200280Z   npm error extraneous: fast-json-stable-stringify@2.1.0 /Users/runner/work/keepling/keepling/node_modules/fast-json-stable-stringify
desktop-promote	Generate the Hex and npm bills of materials from source	2026-09-13T03:31:23.7201860Z   npm error extraneous: fast-levenshtein@2.0.6 /Users/runner/work/keepling/keepling/node_modules/fast-levenshtein
desktop-promote	Generate the Hex and npm bills of materials from source	2026-09-13T03:31:23.7202590Z   npm error extraneous: fast-uri@3.1.6 /Users/runner/work/keepling/keepling/node_modules/fast-uri
desktop-promote	Generate the Hex and npm bills of materials from source	2026-09-13T03:31:23.7203190Z   npm error extraneous: fastq@1.20.3 /Users/runner/work/keepling/keepling/node_modules/fastq
desktop-promote	Generate the Hex and npm bills of materials from source	2026-09-13T03:31:23.7203800Z   npm error extraneous: fd-slicer@1.1.0 /Users/runner/work/keepling/keepling/node_modules/fd-slicer
desktop-promote	Generate the Hex and npm bills of materials from source	2026-09-13T03:31:23.7204380Z   npm error extraneous: fdir@6.5.0 /Users/runner/work/keepling/keepling/node_modules/fdir
desktop-promote	Generate the Hex and npm bills of materials from source	2026-09-13T03:31:23.7204990Z   npm error extraneous: figures@6.1.0 /Users/runner/work/keepling/keepling/node_modules/figures
desktop-promote	Generate the Hex and npm bills of materials from source	2026-09-13T03:31:23.7206040Z   npm error extraneous: file-entry-cache@8.0.0 /Users/runner/work/keepling/keepling/node_modules/file-entry-cache
desktop-promote	Generate the Hex and npm bills of materials from source	2026-09-13T03:31:23.7206880Z   npm error extraneous: filename-reserved-regex@2.0.0 /Users/runner/work/keepling/keepling/node_modules/filename-reserved-regex
desktop-promote	Generate the Hex and npm bills of materials from source	2026-09-13T03:31:23.7208010Z   npm error extraneous: filenamify@4.3.0 /Users/runner/work/keepling/keepling/node_modules/filenamify
desktop-promote	Generate the Hex and npm bills of materials from source	2026-09-13T03:31:23.7208720Z   npm error extraneous: fill-range@7.1.1 /Users/runner/work/keepling/keepling/node_modules/fill-range
desktop-promote	Generate the Hex and npm bills of materials from source	2026-09-13T03:31:23.7209380Z   npm error extraneous: finalhandler@2.1.1 /Users/runner/work/keepling/keepling/node_modules/finalhandler
desktop-promote	Generate the Hex and npm bills of materials from source	2026-09-13T03:31:23.7210060Z   npm error extraneous: find-up@5.0.0 /Users/runner/work/keepling/keepling/node_modules/find-up
desktop-promote	Generate the Hex and npm bills of materials from source	2026-09-13T03:31:23.7211210Z   npm error extraneous: flat-cache@4.0.1 /Users/runner/work/keepling/keepling/node_modules/flat-cache
desktop-promote	Generate the Hex and npm bills of materials from source	2026-09-13T03:31:23.7211800Z   npm error extraneous: flatted@3.4.4 /Users/runner/work/keepling/keepling/node_modules/flatted
desktop-promote	Generate the Hex and npm bills of materials from source	2026-09-13T03:31:23.7212440Z   npm error extraneous: flora-colossus@2.0.0 /Users/runner/work/keepling/keepling/node_modules/flora-colossus
desktop-promote	Generate the Hex and npm bills of materials from source	2026-09-13T03:31:23.7213120Z   npm error extraneous: forwarded@0.2.0 /Users/runner/work/keepling/keepling/node_modules/forwarded
desktop-promote	Generate the Hex and npm bills of materials from source	2026-09-13T03:31:23.7213700Z   npm error extraneous: fresh@2.0.0 /Users/runner/work/keepling/keepling/node_modules/fresh
desktop-promote	Generate the Hex and npm bills of materials from source	2026-09-13T03:31:23.7214280Z   npm error extraneous: fs-extra@10.1.0 /Users/runner/work/keepling/keepling/node_modules/fs-extra
desktop-promote	Generate the Hex and npm bills of materials from source	2026-09-13T03:31:23.7214890Z   npm error extraneous: fs-minipass@2.1.0 /Users/runner/work/keepling/keepling/node_modules/fs-minipass
desktop-promote	Generate the Hex and npm bills of materials from source	2026-09-13T03:31:23.7215870Z   npm error extraneous: fs.realpath@1.0.0 /Users/runner/work/keepling/keepling/node_modules/fs.realpath
desktop-promote	Generate the Hex and npm bills of materials from source	2026-09-13T03:31:23.7216520Z   npm error extraneous: fsevents@2.3.2 /Users/runner/work/keepling/keepling/node_modules/fsevents
desktop-promote	Generate the Hex and npm bills of materials from source	2026-09-13T03:31:23.7217180Z   npm error extraneous: function-bind@1.1.2 /Users/runner/work/keepling/keepling/node_modules/function-bind
desktop-promote	Generate the Hex and npm bills of materials from source	2026-09-13T03:31:23.7217830Z   npm error extraneous: fuzzysort@3.1.0 /Users/runner/work/keepling/keepling/node_modules/fuzzysort
desktop-promote	Generate the Hex and npm bills of materials from source	2026-09-13T03:31:23.7218630Z   npm error extraneous: galactus@1.0.0 /Users/runner/work/keepling/keepling/node_modules/galactus
desktop-promote	Generate the Hex and npm bills of materials from source	2026-09-13T03:31:23.7219270Z   npm error extraneous: gensync@1.0.0-beta.2 /Users/runner/work/keepling/keepling/node_modules/gensync
desktop-promote	Generate the Hex and npm bills of materials from source	2026-09-13T03:31:23.7219940Z   npm error extraneous: get-caller-file@2.0.5 /Users/runner/work/keepling/keepling/node_modules/get-caller-file
desktop-promote	Generate the Hex and npm bills of materials from source	2026-09-13T03:31:23.7220680Z   npm error extraneous: get-east-asian-width@1.6.0 /Users/runner/work/keepling/keepling/node_modules/get-east-asian-width
desktop-promote	Generate the Hex and npm bills of materials from source	2026-09-13T03:31:23.7221390Z   npm error extraneous: get-intrinsic@1.3.0 /Users/runner/work/keepling/keepling/node_modules/get-intrinsic
desktop-promote	Generate the Hex and npm bills of materials from source	2026-09-13T03:31:23.7222130Z   npm error extraneous: get-own-enumerable-keys@1.0.0 /Users/runner/work/keepling/keepling/node_modules/get-own-enumerable-keys
desktop-promote	Generate the Hex and npm bills of materials from source	2026-09-13T03:31:23.7222900Z   npm error extraneous: get-package-info@1.0.0 /Users/runner/work/keepling/keepling/node_modules/get-package-info
desktop-promote	Generate the Hex and npm bills of materials from source	2026-09-13T03:31:23.7223560Z   npm error extraneous: get-proto@1.0.1 /Users/runner/work/keepling/keepling/node_modules/get-proto
desktop-promote	Generate the Hex and npm bills of materials from source	2026-09-13T03:31:23.7224180Z   npm error extraneous: get-stream@5.2.0 /Users/runner/work/keepling/keepling/node_modules/get-stream
desktop-promote	Generate the Hex and npm bills of materials from source	2026-09-13T03:31:23.7224820Z   npm error extraneous: glob-parent@5.1.2 /Users/runner/work/keepling/keepling/node_modules/glob-parent
desktop-promote	Generate the Hex and npm bills of materials from source	2026-09-13T03:31:23.7225390Z   npm error extraneous: glob@7.2.3 /Users/runner/work/keepling/keepling/node_modules/glob
desktop-promote	Generate the Hex and npm bills of materials from source	2026-09-13T03:31:23.7226020Z   npm error extraneous: global-agent@3.0.0 /Users/runner/work/keepling/keepling/node_modules/global-agent
desktop-promote	Generate the Hex and npm bills of materials from source	2026-09-13T03:31:23.7226660Z   npm error extraneous: global-dirs@3.0.1 /Users/runner/work/keepling/keepling/node_modules/global-dirs
desktop-promote	Generate the Hex and npm bills of materials from source	2026-09-13T03:31:23.7227250Z   npm error extraneous: globals@17.12.0 /Users/runner/work/keepling/keepling/node_modules/globals
desktop-promote	Generate the Hex and npm bills of materials from source	2026-09-13T03:31:23.7227850Z   npm error extraneous: globalthis@1.0.4 /Users/runner/work/keepling/keepling/node_modules/globalthis
desktop-promote	Generate the Hex and npm bills of materials from source	2026-09-13T03:31:23.7228420Z   npm error extraneous: gopd@1.2.0 /Users/runner/work/keepling/keepling/node_modules/gopd
desktop-promote	Generate the Hex and npm bills of materials from source	2026-09-13T03:31:23.7229270Z   npm error extraneous: got@11.8.6 /Users/runner/work/keepling/keepling/node_modules/got
desktop-promote	Generate the Hex and npm bills of materials from source	2026-09-13T03:31:23.7230270Z   npm error extraneous: graceful-fs@4.2.11 /Users/runner/work/keepling/keepling/node_modules/graceful-fs
desktop-promote	Generate the Hex and npm bills of materials from source	2026-09-13T03:31:23.7230860Z   npm error extraneous: has-flag@4.0.0 /Users/runner/work/keepling/keepling/node_modules/has-flag
desktop-promote	Generate the Hex and npm bills of materials from source	2026-09-13T03:31:23.7231570Z   npm error extraneous: has-property-descriptors@1.0.2 /Users/runner/work/keepling/keepling/node_modules/has-property-descriptors
desktop-promote	Generate the Hex and npm bills of materials from source	2026-09-13T03:31:23.7232280Z   npm error extraneous: has-symbols@1.1.0 /Users/runner/work/keepling/keepling/node_modules/has-symbols
desktop-promote	Generate the Hex and npm bills of materials from source	2026-09-13T03:31:23.7232870Z   npm error extraneous: hasown@2.0.4 /Users/runner/work/keepling/keepling/node_modules/hasown
desktop-promote	Generate the Hex and npm bills of materials from source	2026-09-13T03:31:23.7233480Z   npm error extraneous: hermes-estree@0.25.1 /Users/runner/work/keepling/keepling/node_modules/hermes-estree
desktop-promote	Generate the Hex and npm bills of materials from source	2026-09-13T03:31:23.7234140Z   npm error extraneous: hermes-parser@0.25.1 /Users/runner/work/keepling/keepling/node_modules/hermes-parser
desktop-promote	Generate the Hex and npm bills of materials from source	2026-09-13T03:31:23.7234740Z   npm error extraneous: hono@4.13.5 /Users/runner/work/keepling/keepling/node_modules/hono
desktop-promote	Generate the Hex and npm bills of materials from source	2026-09-13T03:31:23.7235350Z   npm error extraneous: hosted-git-info@2.8.9 /Users/runner/work/keepling/keepling/node_modules/hosted-git-info
desktop-promote	Generate the Hex and npm bills of materials from source	2026-09-13T03:31:23.7236080Z   npm error extraneous: html-encoding-sniffer@6.0.0 /Users/runner/work/keepling/keepling/node_modules/html-encoding-sniffer
desktop-promote	Generate the Hex and npm bills of materials from source	2026-09-13T03:31:23.7236830Z   npm error extraneous: http-cache-semantics@4.2.0 /Users/runner/work/keepling/keepling/node_modules/http-cache-semantics
desktop-promote	Generate the Hex and npm bills of materials from source	2026-09-13T03:31:23.7237610Z   npm error extraneous: http-errors@2.0.1 /Users/runner/work/keepling/keepling/node_modules/http-errors
desktop-promote	Generate the Hex and npm bills of materials from source	2026-09-13T03:31:23.7238330Z   npm error extraneous: http-proxy-agent@5.0.0 /Users/runner/work/keepling/keepling/node_modules/http-proxy-agent
desktop-promote	Generate the Hex and npm bills of materials from source	2026-09-13T03:31:23.7239170Z   npm error extraneous: http2-wrapper@1.0.3 /Users/runner/work/keepling/keepling/node_modules/http2-wrapper
desktop-promote	Generate the Hex and npm bills of materials from source	2026-09-13T03:31:23.7239820Z   npm error extraneous: human-signals@2.1.0 /Users/runner/work/keepling/keepling/node_modules/human-signals
desktop-promote	Generate the Hex and npm bills of materials from source	2026-09-13T03:31:23.7240550Z   npm error extraneous: humanize-ms@1.2.1 /Users/runner/work/keepling/keepling/node_modules/humanize-ms
desktop-promote	Generate the Hex and npm bills of materials from source	2026-09-13T03:31:23.7241170Z   npm error extraneous: iconv-lite@0.7.3 /Users/runner/work/keepling/keepling/node_modules/iconv-lite
desktop-promote	Generate the Hex and npm bills of materials from source	2026-09-13T03:31:23.7241750Z   npm error extraneous: ieee754@1.2.1 /Users/runner/work/keepling/keepling/node_modules/ieee754
desktop-promote	Generate the Hex and npm bills of materials from source	2026-09-13T03:31:23.7242310Z   npm error extraneous: ignore@5.3.2 /Users/runner/work/keepling/keepling/node_modules/ignore
desktop-promote	Generate the Hex and npm bills of materials from source	2026-09-13T03:31:23.7242910Z   npm error extraneous: import-fresh@3.3.1 /Users/runner/work/keepling/keepling/node_modules/import-fresh
desktop-promote	Generate the Hex and npm bills of materials from source	2026-09-13T03:31:23.7243530Z   npm error extraneous: imurmurhash@0.1.4 /Users/runner/work/keepling/keepling/node_modules/imurmurhash
desktop-promote	Generate the Hex and npm bills of materials from source	2026-09-13T03:31:23.7244170Z   npm error extraneous: indent-string@4.0.0 /Users/runner/work/keepling/keepling/node_modules/indent-string
desktop-promote	Generate the Hex and npm bills of materials from source	2026-09-13T03:31:23.7244810Z   npm error extraneous: infer-owner@1.0.4 /Users/runner/work/keepling/keepling/node_modules/infer-owner
desktop-promote	Generate the Hex and npm bills of materials from source	2026-09-13T03:31:23.7245410Z   npm error extraneous: inflight@1.0.6 /Users/runner/work/keepling/keepling/node_modules/inflight
desktop-promote	Generate the Hex and npm bills of materials from source	2026-09-13T03:31:23.7245990Z   npm error extraneous: inherits@2.0.4 /Users/runner/work/keepling/keepling/node_modules/inherits
desktop-promote	Generate the Hex and npm bills of materials from source	2026-09-13T03:31:23.7246530Z   npm error extraneous: ini@2.0.0 /Users/runner/work/keepling/keepling/node_modules/ini
desktop-promote	Generate the Hex and npm bills of materials from source	2026-09-13T03:31:23.7247100Z   npm error extraneous: interpret@3.1.1 /Users/runner/work/keepling/keepling/node_modules/interpret
desktop-promote	Generate the Hex and npm bills of materials from source	2026-09-13T03:31:23.7247710Z   npm error extraneous: ip-address@10.7.0 /Users/runner/work/keepling/keepling/node_modules/ip-address
desktop-promote	Generate the Hex and npm bills of materials from source	2026-09-13T03:31:23.7248320Z   npm error extraneous: ipaddr.js@1.9.1 /Users/runner/work/keepling/keepling/node_modules/ipaddr.js
desktop-promote	Generate the Hex and npm bills of materials from source	2026-09-13T03:31:23.7248940Z   npm error extraneous: is-arrayish@0.2.1 /Users/runner/work/keepling/keepling/node_modules/is-arrayish
desktop-promote	Generate the Hex and npm bills of materials from source	2026-09-13T03:31:23.7249670Z   npm error extraneous: is-core-module@2.16.2 /Users/runner/work/keepling/keepling/node_modules/is-core-module
desktop-promote	Generate the Hex and npm bills of materials from source	2026-09-13T03:31:23.7250300Z   npm error extraneous: is-docker@2.2.1 /Users/runner/work/keepling/keepling/node_modules/is-docker
desktop-promote	Generate the Hex and npm bills of materials from source	2026-09-13T03:31:23.7250900Z   npm error extraneous: is-extglob@2.1.1 /Users/runner/work/keepling/keepling/node_modules/is-extglob
desktop-promote	Generate the Hex and npm bills of materials from source	2026-09-13T03:31:23.7251610Z   npm error extraneous: is-fullwidth-code-point@3.0.0 /Users/runner/work/keepling/keepling/node_modules/is-fullwidth-code-point
desktop-promote	Generate the Hex and npm bills of materials from source	2026-09-13T03:31:23.7252280Z   npm error extraneous: is-glob@4.0.3 /Users/runner/work/keepling/keepling/node_modules/is-glob
desktop-promote	Generate the Hex and npm bills of materials from source	2026-09-13T03:31:23.7252860Z   npm error extraneous: is-in-ssh@1.0.0 /Users/runner/work/keepling/keepling/node_modules/is-in-ssh
desktop-promote	Generate the Hex and npm bills of materials from source	2026-09-13T03:31:23.7253530Z   npm error extraneous: is-inside-container@1.0.0 /Users/runner/work/keepling/keepling/node_modules/is-inside-container
desktop-promote	Generate the Hex and npm bills of materials from source	2026-09-13T03:31:23.7254240Z   npm error extraneous: is-interactive@1.0.0 /Users/runner/work/keepling/keepling/node_modules/is-interactive
desktop-promote	Generate the Hex and npm bills of materials from source	2026-09-13T03:31:23.7254870Z   npm error extraneous: is-lambda@1.0.1 /Users/runner/work/keepling/keepling/node_modules/is-lambda
desktop-promote	Generate the Hex and npm bills of materials from source	2026-09-13T03:31:23.7255460Z   npm error extraneous: is-number@7.0.0 /Users/runner/work/keepling/keepling/node_modules/is-number
desktop-promote	Generate the Hex and npm bills of materials from source	2026-09-13T03:31:23.7256030Z   npm error extraneous: is-obj@2.0.0 /Users/runner/work/keepling/keepling/node_modules/is-obj
desktop-promote	Generate the Hex and npm bills of materials from source	2026-09-13T03:31:23.7256730Z   npm error extraneous: is-plain-obj@4.1.0 /Users/runner/work/keepling/keepling/node_modules/is-plain-obj
desktop-promote	Generate the Hex and npm bills of materials from source	2026-09-13T03:31:23.7257520Z   npm error extraneous: is-potential-custom-element-name@1.0.1 /Users/runner/work/keepling/keepling/node_modules/is-potential-custom-element-name
desktop-promote	Generate the Hex and npm bills of materials from source	2026-09-13T03:31:23.7258280Z   npm error extraneous: is-promise@4.0.0 /Users/runner/work/keepling/keepling/node_modules/is-promise
desktop-promote	Generate the Hex and npm bills of materials from source	2026-09-13T03:31:23.7259110Z   npm error extraneous: is-regexp@3.1.0 /Users/runner/work/keepling/keepling/node_modules/is-regexp
desktop-promote	Generate the Hex and npm bills of materials from source	2026-09-13T03:31:23.7259750Z   npm error extraneous: is-stream@4.0.1 /Users/runner/work/keepling/keepling/node_modules/is-stream
desktop-promote	Generate the Hex and npm bills of materials from source	2026-09-13T03:31:23.7260440Z   npm error extraneous: is-unicode-supported@0.1.0 /Users/runner/work/keepling/keepling/node_modules/is-unicode-supported
desktop-promote	Generate the Hex and npm bills of materials from source	2026-09-13T03:31:23.7261090Z   npm error extraneous: is-wsl@2.2.0 /Users/runner/work/keepling/keepling/node_modules/is-wsl
desktop-promote	Generate the Hex and npm bills of materials from source	2026-09-13T03:31:23.7261690Z   npm error extraneous: isbinaryfile@4.0.10 /Users/runner/work/keepling/keepling/node_modules/isbinaryfile
desktop-promote	Generate the Hex and npm bills of materials from source	2026-09-13T03:31:23.7279590Z   npm error extraneous: isexe@2.0.0 /Users/runner/work/keepling/keepling/node_modules/isexe
desktop-promote	Generate the Hex and npm bills of materials from source	2026-09-13T03:31:23.7281330Z   npm error extraneous: jest-worker@27.5.1 /Users/runner/work/keepling/keepling/node_modules/jest-worker
desktop-promote	Generate the Hex and npm bills of materials from source	2026-09-13T03:31:23.7282920Z   npm error extraneous: jiti@2.7.0 /Users/runner/work/keepling/keepling/node_modules/jiti
desktop-promote	Generate the Hex and npm bills of materials from source	2026-09-13T03:31:23.7284720Z   npm error extraneous: jose@6.2.10 /Users/runner/work/keepling/keepling/node_modules/jose
desktop-promote	Generate the Hex and npm bills of materials from source	2026-09-13T03:31:23.7286180Z   npm error extraneous: jsdom@30.0.1 /Users/runner/work/keepling/keepling/node_modules/jsdom
desktop-promote	Generate the Hex and npm bills of materials from source	2026-09-13T03:31:23.7287630Z   npm error extraneous: jsesc@3.1.0 /Users/runner/work/keepling/keepling/node_modules/jsesc
desktop-promote	Generate the Hex and npm bills of materials from source	2026-09-13T03:31:23.7289280Z   npm error extraneous: json-buffer@3.0.1 /Users/runner/work/keepling/keepling/node_modules/json-buffer
desktop-promote	Generate the Hex and npm bills of materials from source	2026-09-13T03:31:23.7291340Z   npm error extraneous: json-parse-even-better-errors@2.3.1 /Users/runner/work/keepling/keepling/node_modules/json-parse-even-better-errors
desktop-promote	Generate the Hex and npm bills of materials from source	2026-09-13T03:31:23.7293520Z   npm error extraneous: json-schema-typed@7.0.3 /Users/runner/work/keepling/keepling/node_modules/json-schema-typed
desktop-promote	Generate the Hex and npm bills of materials from source	2026-09-13T03:31:23.7296860Z   npm error extraneous: json-stable-stringify-without-jsonify@1.0.1 /Users/runner/work/keepling/keepling/node_modules/json-stable-stringify-without-jsonify
desktop-promote	Generate the Hex and npm bills of materials from source	2026-09-13T03:31:23.7299220Z   npm error extraneous: json-stringify-safe@5.0.1 /Users/runner/work/keepling/keepling/node_modules/json-stringify-safe
desktop-promote	Generate the Hex and npm bills of materials from source	2026-09-13T03:31:23.7301110Z   npm error extraneous: json5@2.2.3 /Users/runner/work/keepling/keepling/node_modules/json5
desktop-promote	Generate the Hex and npm bills of materials from source	2026-09-13T03:31:23.7301700Z   npm error extraneous: jsonfile@6.2.1 /Users/runner/work/keepling/keepling/node_modules/jsonfile
desktop-promote	Generate the Hex and npm bills of materials from source	2026-09-13T03:31:23.7302260Z   npm error extraneous: junk@3.1.0 /Users/runner/work/keepling/keepling/node_modules/junk
desktop-promote	Generate the Hex and npm bills of materials from source	2026-09-13T03:31:23.7302790Z   npm error extraneous: keyv@4.5.4 /Users/runner/work/keepling/keepling/node_modules/keyv
desktop-promote	Generate the Hex and npm bills of materials from source	2026-09-13T03:31:23.7303320Z   npm error extraneous: kleur@4.1.5 /Users/runner/work/keepling/keepling/node_modules/kleur
desktop-promote	Generate the Hex and npm bills of materials from source	2026-09-13T03:31:23.7303860Z   npm error extraneous: levn@0.4.1 /Users/runner/work/keepling/keepling/node_modules/levn
desktop-promote	Generate the Hex and npm bills of materials from source	2026-09-13T03:31:23.7304560Z   npm error extraneous: lightningcss-darwin-arm64@1.33.0 /Users/runner/work/keepling/keepling/node_modules/lightningcss-darwin-arm64
desktop-promote	Generate the Hex and npm bills of materials from source	2026-09-13T03:31:23.7305380Z   npm error extraneous: lightningcss@1.33.0 /Users/runner/work/keepling/keepling/node_modules/lightningcss
desktop-promote	Generate the Hex and npm bills of materials from source	2026-09-13T03:31:23.7306090Z   npm error extraneous: lines-and-columns@1.2.4 /Users/runner/work/keepling/keepling/node_modules/lines-and-columns
desktop-promote	Generate the Hex and npm bills of materials from source	2026-09-13T03:31:23.7306720Z   npm error extraneous: listr2@7.0.2 /Users/runner/work/keepling/keepling/node_modules/listr2
desktop-promote	Generate the Hex and npm bills of materials from source	2026-09-13T03:31:23.7307340Z   npm error extraneous: load-json-file@2.0.0 /Users/runner/work/keepling/keepling/node_modules/load-json-file
desktop-promote	Generate the Hex and npm bills of materials from source	2026-09-13T03:31:23.7307980Z   npm error extraneous: locate-path@2.0.0 /Users/runner/work/keepling/keepling/node_modules/locate-path
desktop-promote	Generate the Hex and npm bills of materials from source	2026-09-13T03:31:23.7308690Z   npm error extraneous: lodash.get@4.4.2 /Users/runner/work/keepling/keepling/node_modules/lodash.get
desktop-promote	Generate the Hex and npm bills of materials from source	2026-09-13T03:31:23.7309300Z   npm error extraneous: log-symbols@4.1.0 /Users/runner/work/keepling/keepling/node_modules/log-symbols
desktop-promote	Generate the Hex and npm bills of materials from source	2026-09-13T03:31:23.7310150Z   npm error extraneous: log-update@5.0.1 /Users/runner/work/keepling/keepling/node_modules/log-update
desktop-promote	Generate the Hex and npm bills of materials from source	2026-09-13T03:31:23.7310800Z   npm error extraneous: lowercase-keys@2.0.0 /Users/runner/work/keepling/keepling/node_modules/lowercase-keys
desktop-promote	Generate the Hex and npm bills of materials from source	2026-09-13T03:31:23.7311430Z   npm error extraneous: lru-cache@11.5.2 /Users/runner/work/keepling/keepling/node_modules/lru-cache
desktop-promote	Generate the Hex and npm bills of materials from source	2026-09-13T03:31:23.7312060Z   npm error extraneous: lucide-react@1.39.0 /Users/runner/work/keepling/keepling/node_modules/lucide-react
desktop-promote	Generate the Hex and npm bills of materials from source	2026-09-13T03:31:23.7312760Z   npm error extraneous: lz-string@1.5.0 /Users/runner/work/keepling/keepling/node_modules/lz-string
desktop-promote	Generate the Hex and npm bills of materials from source	2026-09-13T03:31:23.7313480Z   npm error extraneous: magic-string@0.30.21 /Users/runner/work/keepling/keepling/node_modules/magic-string
desktop-promote	Generate the Hex and npm bills of materials from source	2026-09-13T03:31:23.7314160Z   npm error extraneous: make-fetch-happen@10.2.1 /Users/runner/work/keepling/keepling/node_modules/make-fetch-happen
desktop-promote	Generate the Hex and npm bills of materials from source	2026-09-13T03:31:23.7314950Z   npm error extraneous: map-age-cleaner@0.1.3 /Users/runner/work/keepling/keepling/node_modules/map-age-cleaner
desktop-promote	Generate the Hex and npm bills of materials from source	2026-09-13T03:31:23.7315560Z   npm error extraneous: matcher@3.0.0 /Users/runner/work/keepling/keepling/node_modules/matcher
desktop-promote	Generate the Hex and npm bills of materials from source	2026-09-13T03:31:23.7317330Z   npm error extraneous: math-intrinsics@1.1.0 /Users/runner/work/keepling/keepling/node_modules/math-intrinsics
desktop-promote	Generate the Hex and npm bills of materials from source	2026-09-13T03:31:23.7320150Z   npm error extraneous: mdn-data@2.27.1 /Users/runner/work/keepling/keepling/node_modules/mdn-data
desktop-promote	Generate the Hex and npm bills of materials from source	2026-09-13T03:31:23.7321820Z   npm error extraneous: media-typer@1.1.1 /Users/runner/work/keepling/keepling/node_modules/media-typer
desktop-promote	Generate the Hex and npm bills of materials from source	2026-09-13T03:31:23.7323090Z   npm error extraneous: mem@4.3.0 /Users/runner/work/keepling/keepling/node_modules/mem
desktop-promote	Generate the Hex and npm bills of materials from source	2026-09-13T03:31:23.7323770Z   npm error extraneous: merge-descriptors@2.0.0 /Users/runner/work/keepling/keepling/node_modules/merge-descriptors
desktop-promote	Generate the Hex and npm bills of materials from source	2026-09-13T03:31:23.7324460Z   npm error extraneous: merge-stream@2.0.0 /Users/runner/work/keepling/keepling/node_modules/merge-stream
desktop-promote	Generate the Hex and npm bills of materials from source	2026-09-13T03:31:23.7325210Z   npm error extraneous: merge2@1.4.1 /Users/runner/work/keepling/keepling/node_modules/merge2
desktop-promote	Generate the Hex and npm bills of materials from source	2026-09-13T03:31:23.7333370Z   npm error extraneous: micromatch@4.0.8 /Users/runner/work/keepling/keepling/node_modules/micromatch
desktop-promote	Generate the Hex and npm bills of materials from source	2026-09-13T03:31:23.7334220Z   npm error extraneous: mime-db@1.54.0 /Users/runner/work/keepling/keepling/node_modules/mime-db
desktop-promote	Generate the Hex and npm bills of materials from source	2026-09-13T03:31:23.7334820Z   npm error extraneous: mime-types@3.0.2 /Users/runner/work/keepling/keepling/node_modules/mime-types
desktop-promote	Generate the Hex and npm bills of materials from source	2026-09-13T03:31:23.7336020Z   npm error extraneous: mimic-fn@2.1.0 /Users/runner/work/keepling/keepling/node_modules/mimic-fn
desktop-promote	Generate the Hex and npm bills of materials from source	2026-09-13T03:31:23.7336760Z   npm error extraneous: mimic-function@5.0.1 /Users/runner/work/keepling/keepling/node_modules/mimic-function
desktop-promote	Generate the Hex and npm bills of materials from source	2026-09-13T03:31:23.7337430Z   npm error extraneous: mimic-response@1.0.1 /Users/runner/work/keepling/keepling/node_modules/mimic-response
desktop-promote	Generate the Hex and npm bills of materials from source	2026-09-13T03:31:23.7338070Z   npm error extraneous: min-indent@1.0.1 /Users/runner/work/keepling/keepling/node_modules/min-indent
desktop-promote	Generate the Hex and npm bills of materials from source	2026-09-13T03:31:23.7338700Z   npm error extraneous: minimatch@10.2.6 /Users/runner/work/keepling/keepling/node_modules/minimatch
desktop-promote	Generate the Hex and npm bills of materials from source	2026-09-13T03:31:23.7339370Z   npm error extraneous: minimist@1.2.8 /Users/runner/work/keepling/keepling/node_modules/minimist
desktop-promote	Generate the Hex and npm bills of materials from source	2026-09-13T03:31:23.7340090Z   npm error extraneous: minimizer-webpack-plugin@5.8.0 /Users/runner/work/keepling/keepling/node_modules/minimizer-webpack-plugin
desktop-promote	Generate the Hex and npm bills of materials from source	2026-09-13T03:31:23.7340840Z   npm error extraneous: minipass-collect@1.0.2 /Users/runner/work/keepling/keepling/node_modules/minipass-collect
desktop-promote	Generate the Hex and npm bills of materials from source	2026-09-13T03:31:23.7341520Z   npm error extraneous: minipass-fetch@2.1.2 /Users/runner/work/keepling/keepling/node_modules/minipass-fetch
desktop-promote	Generate the Hex and npm bills of materials from source	2026-09-13T03:31:23.7342260Z   npm error extraneous: minipass-flush@1.0.7 /Users/runner/work/keepling/keepling/node_modules/minipass-flush
desktop-promote	Generate the Hex and npm bills of materials from source	2026-09-13T03:31:23.7342960Z   npm error extraneous: minipass-pipeline@1.2.4 /Users/runner/work/keepling/keepling/node_modules/minipass-pipeline
desktop-promote	Generate the Hex and npm bills of materials from source	2026-09-13T03:31:23.7343750Z   npm error extraneous: minipass-sized@1.0.3 /Users/runner/work/keepling/keepling/node_modules/minipass-sized
desktop-promote	Generate the Hex and npm bills of materials from source	2026-09-13T03:31:23.7344580Z   npm error extraneous: minipass@3.3.6 /Users/runner/work/keepling/keepling/node_modules/minipass
desktop-promote	Generate the Hex and npm bills of materials from source	2026-09-13T03:31:23.7345160Z   npm error extraneous: minizlib@2.1.2 /Users/runner/work/keepling/keepling/node_modules/minizlib
desktop-promote	Generate the Hex and npm bills of materials from source	2026-09-13T03:31:23.7345790Z   npm error extraneous: mkdirp@1.0.4 /Users/runner/work/keepling/keepling/node_modules/mkdirp
desktop-promote	Generate the Hex and npm bills of materials from source	2026-09-13T03:31:23.7346420Z   npm error extraneous: mute-stream@1.0.0 /Users/runner/work/keepling/keepling/node_modules/mute-stream
desktop-promote	Generate the Hex and npm bills of materials from source	2026-09-13T03:31:23.7347110Z   npm error extraneous: nanoid@3.3.18 /Users/runner/work/keepling/keepling/node_modules/nanoid
desktop-promote	Generate the Hex and npm bills of materials from source	2026-09-13T03:31:23.7347740Z   npm error extraneous: natural-compare@1.4.0 /Users/runner/work/keepling/keepling/node_modules/natural-compare
desktop-promote	Generate the Hex and npm bills of materials from source	2026-09-13T03:31:23.7348460Z   npm error extraneous: negotiator@0.6.4 /Users/runner/work/keepling/keepling/node_modules/negotiator
desktop-promote	Generate the Hex and npm bills of materials from source	2026-09-13T03:31:23.7349090Z   npm error extraneous: neo-async@2.6.2 /Users/runner/work/keepling/keepling/node_modules/neo-async
desktop-promote	Generate the Hex and npm bills of materials from source	2026-09-13T03:31:23.7350430Z   npm error extraneous: nice-try@1.0.5 /Users/runner/work/keepling/keepling/node_modules/nice-try
desktop-promote	Generate the Hex and npm bills of materials from source	2026-09-13T03:31:23.7351890Z   npm error extraneous: node-abi@3.96.0 /Users/runner/work/keepling/keepling/node_modules/node-abi
desktop-promote	Generate the Hex and npm bills of materials from source	2026-09-13T03:31:23.7352550Z   npm error extraneous: node-api-version@0.2.1 /Users/runner/work/keepling/keepling/node_modules/node-api-version
desktop-promote	Generate the Hex and npm bills of materials from source	2026-09-13T03:31:23.7353190Z   npm error extraneous: node-fetch@2.7.0 /Users/runner/work/keepling/keepling/node_modules/node-fetch
desktop-promote	Generate the Hex and npm bills of materials from source	2026-09-13T03:31:23.7354250Z   npm error extraneous: node-releases@2.0.54 /Users/runner/work/keepling/keepling/node_modules/node-releases
desktop-promote	Generate the Hex and npm bills of materials from source	2026-09-13T03:31:23.7356320Z   npm error extraneous: nopt@6.0.0 /Users/runner/work/keepling/keepling/node_modules/nopt
desktop-promote	Generate the Hex and npm bills of materials from source	2026-09-13T03:31:23.7358170Z   npm error extraneous: normalize-package-data@2.5.0 /Users/runner/work/keepling/keepling/node_modules/normalize-package-data
desktop-promote	Generate the Hex and npm bills of materials from source	2026-09-13T03:31:23.7360120Z   npm error extraneous: normalize-url@6.1.0 /Users/runner/work/keepling/keepling/node_modules/normalize-url
desktop-promote	Generate the Hex and npm bills of materials from source	2026-09-13T03:31:23.7363400Z   npm error extraneous: npm-run-path@2.0.2 /Users/runner/work/keepling/keepling/node_modules/npm-run-path
desktop-promote	Generate the Hex and npm bills of materials from source	2026-09-13T03:31:23.7365330Z   npm error extraneous: object-assign@4.1.1 /Users/runner/work/keepling/keepling/node_modules/object-assign
desktop-promote	Generate the Hex and npm bills of materials from source	2026-09-13T03:31:23.7366080Z   npm error extraneous: object-inspect@1.13.4 /Users/runner/work/keepling/keepling/node_modules/object-inspect
desktop-promote	Generate the Hex and npm bills of materials from source	2026-09-13T03:31:23.7367820Z   npm error extraneous: object-keys@1.1.1 /Users/runner/work/keepling/keepling/node_modules/object-keys
desktop-promote	Generate the Hex and npm bills of materials from source	2026-09-13T03:31:23.7369670Z   npm error extraneous: object-treeify@1.1.33 /Users/runner/work/keepling/keepling/node_modules/object-treeify
desktop-promote	Generate the Hex and npm bills of materials from source	2026-09-13T03:31:23.7371260Z   npm error extraneous: obug@2.1.4 /Users/runner/work/keepling/keepling/node_modules/obug
desktop-promote	Generate the Hex and npm bills of materials from source	2026-09-13T03:31:23.7372560Z   npm error extraneous: on-finished@2.4.1 /Users/runner/work/keepling/keepling/node_modules/on-finished
desktop-promote	Generate the Hex and npm bills of materials from source	2026-09-13T03:31:23.7373170Z   npm error extraneous: once@1.4.0 /Users/runner/work/keepling/keepling/node_modules/once
desktop-promote	Generate the Hex and npm bills of materials from source	2026-09-13T03:31:23.7374770Z   npm error extraneous: onetime@5.1.2 /Users/runner/work/keepling/keepling/node_modules/onetime
desktop-promote	Generate the Hex and npm bills of materials from source	2026-09-13T03:31:23.7376770Z   npm error extraneous: open@8.4.2 /Users/runner/work/keepling/keepling/node_modules/open
desktop-promote	Generate the Hex and npm bills of materials from source	2026-09-13T03:31:23.7377460Z   npm error extraneous: optionator@0.9.4 /Users/runner/work/keepling/keepling/node_modules/optionator
desktop-promote	Generate the Hex and npm bills of materials from source	2026-09-13T03:31:23.7378060Z   npm error extraneous: ora@5.4.1 /Users/runner/work/keepling/keepling/node_modules/ora
desktop-promote	Generate the Hex and npm bills of materials from source	2026-09-13T03:31:23.7378630Z   npm error extraneous: os-tmpdir@1.0.2 /Users/runner/work/keepling/keepling/node_modules/os-tmpdir
desktop-promote	Generate the Hex and npm bills of materials from source	2026-09-13T03:31:23.7379350Z   npm error extraneous: p-cancelable@2.1.1 /Users/runner/work/keepling/keepling/node_modules/p-cancelable
desktop-promote	Generate the Hex and npm bills of materials from source	2026-09-13T03:31:23.7380040Z   npm error extraneous: p-defer@1.0.0 /Users/runner/work/keepling/keepling/node_modules/p-defer
desktop-promote	Generate the Hex and npm bills of materials from source	2026-09-13T03:31:23.7380910Z   npm error extraneous: p-finally@1.0.0 /Users/runner/work/keepling/keepling/node_modules/p-finally
desktop-promote	Generate the Hex and npm bills of materials from source	2026-09-13T03:31:23.7381540Z   npm error extraneous: p-is-promise@2.1.0 /Users/runner/work/keepling/keepling/node_modules/p-is-promise
desktop-promote	Generate the Hex and npm bills of materials from source	2026-09-13T03:31:23.7382140Z   npm error extraneous: p-limit@3.1.0 /Users/runner/work/keepling/keepling/node_modules/p-limit
desktop-promote	Generate the Hex and npm bills of materials from source	2026-09-13T03:31:23.7382760Z   npm error extraneous: p-locate@2.0.0 /Users/runner/work/keepling/keepling/node_modules/p-locate
desktop-promote	Generate the Hex and npm bills of materials from source	2026-09-13T03:31:23.7383370Z   npm error extraneous: p-map@4.0.0 /Users/runner/work/keepling/keepling/node_modules/p-map
desktop-promote	Generate the Hex and npm bills of materials from source	2026-09-13T03:31:23.7384000Z   npm error extraneous: p-try@1.0.0 /Users/runner/work/keepling/keepling/node_modules/p-try
desktop-promote	Generate the Hex and npm bills of materials from source	2026-09-13T03:31:23.7384600Z   npm error extraneous: parent-module@1.0.1 /Users/runner/work/keepling/keepling/node_modules/parent-module
desktop-promote	Generate the Hex and npm bills of materials from source	2026-09-13T03:31:23.7385250Z   npm error extraneous: parse-author@2.0.0 /Users/runner/work/keepling/keepling/node_modules/parse-author
desktop-promote	Generate the Hex and npm bills of materials from source	2026-09-13T03:31:23.7385860Z   npm error extraneous: parse-ms@4.0.0 /Users/runner/work/keepling/keepling/node_modules/parse-ms
desktop-promote	Generate the Hex and npm bills of materials from source	2026-09-13T03:31:23.7386430Z   npm error extraneous: parse5@8.0.1 /Users/runner/work/keepling/keepling/node_modules/parse5
desktop-promote	Generate the Hex and npm bills of materials from source	2026-09-13T03:31:23.7387000Z   npm error extraneous: parseurl@1.3.3 /Users/runner/work/keepling/keepling/node_modules/parseurl
desktop-promote	Generate the Hex and npm bills of materials from source	2026-09-13T03:31:23.7388630Z   npm error extraneous: path-browserify@1.0.1 /Users/runner/work/keepling/keepling/node_modules/path-browserify
desktop-promote	Generate the Hex and npm bills of materials from source	2026-09-13T03:31:23.7389830Z   npm error extraneous: path-exists@3.0.0 /Users/runner/work/keepling/keepling/node_modules/path-exists
desktop-promote	Generate the Hex and npm bills of materials from source	2026-09-13T03:31:23.7390510Z   npm error extraneous: path-is-absolute@1.0.1 /Users/runner/work/keepling/keepling/node_modules/path-is-absolute
desktop-promote	Generate the Hex and npm bills of materials from source	2026-09-13T03:31:23.7391180Z   npm error extraneous: path-key@3.1.1 /Users/runner/work/keepling/keepling/node_modules/path-key
desktop-promote	Generate the Hex and npm bills of materials from source	2026-09-13T03:31:23.7391840Z   npm error extraneous: path-parse@1.0.7 /Users/runner/work/keepling/keepling/node_modules/path-parse
desktop-promote	Generate the Hex and npm bills of materials from source	2026-09-13T03:31:23.7392490Z   npm error extraneous: path-to-regexp@8.4.2 /Users/runner/work/keepling/keepling/node_modules/path-to-regexp
desktop-promote	Generate the Hex and npm bills of materials from source	2026-09-13T03:31:23.7393270Z   npm error extraneous: path-type@2.0.0 /Users/runner/work/keepling/keepling/node_modules/path-type
desktop-promote	Generate the Hex and npm bills of materials from source	2026-09-13T03:31:23.7393840Z   npm error extraneous: pathe@2.0.3 /Users/runner/work/keepling/keepling/node_modules/pathe
desktop-promote	Generate the Hex and npm bills of materials from source	2026-09-13T03:31:23.7394430Z   npm error extraneous: pe-library@1.0.1 /Users/runner/work/keepling/keepling/node_modules/pe-library
desktop-promote	Generate the Hex and npm bills of materials from source	2026-09-13T03:31:23.7395080Z   npm error extraneous: pend@1.2.0 /Users/runner/work/keepling/keepling/node_modules/pend
desktop-promote	Generate the Hex and npm bills of materials from source	2026-09-13T03:31:23.7397120Z   npm error extraneous: picomatch@4.0.7 /Users/runner/work/keepling/keepling/node_modules/picomatch
desktop-promote	Generate the Hex and npm bills of materials from source	2026-09-13T03:31:23.7398380Z   npm error extraneous: pify@2.3.0 /Users/runner/work/keepling/keepling/node_modules/pify
desktop-promote	Generate the Hex and npm bills of materials from source	2026-09-13T03:31:23.7398990Z   npm error extraneous: pkce-challenge@5.0.1 /Users/runner/work/keepling/keepling/node_modules/pkce-challenge
desktop-promote	Generate the Hex and npm bills of materials from source	2026-09-13T03:31:23.7399600Z   npm error extraneous: pkg-up@3.1.0 /Users/runner/work/keepling/keepling/node_modules/pkg-up
desktop-promote	Generate the Hex and npm bills of materials from source	2026-09-13T03:31:23.7400240Z   npm error extraneous: playwright-core@1.62.1 /Users/runner/work/keepling/keepling/node_modules/playwright-core
desktop-promote	Generate the Hex and npm bills of materials from source	2026-09-13T03:31:23.7400930Z   npm error extraneous: playwright@1.62.1 /Users/runner/work/keepling/keepling/node_modules/playwright
desktop-promote	Generate the Hex and npm bills of materials from source	2026-09-13T03:31:23.7401580Z   npm error extraneous: plist@3.1.1 /Users/runner/work/keepling/keepling/node_modules/plist
desktop-promote	Generate the Hex and npm bills of materials from source	2026-09-13T03:31:23.7402340Z   npm error extraneous: postcss-selector-parser@7.1.5 /Users/runner/work/keepling/keepling/node_modules/postcss-selector-parser
desktop-promote	Generate the Hex and npm bills of materials from source	2026-09-13T03:31:23.7403020Z   npm error extraneous: postcss@8.5.26 /Users/runner/work/keepling/keepling/node_modules/postcss
desktop-promote	Generate the Hex and npm bills of materials from source	2026-09-13T03:31:23.7403650Z   npm error extraneous: postject@1.0.0-alpha.6 /Users/runner/work/keepling/keepling/node_modules/postject
desktop-promote	Generate the Hex and npm bills of materials from source	2026-09-13T03:31:23.7404540Z   npm error extraneous: powershell-utils@0.2.1 /Users/runner/work/keepling/keepling/node_modules/powershell-utils
desktop-promote	Generate the Hex and npm bills of materials from source	2026-09-13T03:31:23.7405260Z   npm error extraneous: prelude-ls@1.2.1 /Users/runner/work/keepling/keepling/node_modules/prelude-ls
desktop-promote	Generate the Hex and npm bills of materials from source	2026-09-13T03:31:23.7405910Z   npm error extraneous: prettier@3.9.6 /Users/runner/work/keepling/keepling/node_modules/prettier
desktop-promote	Generate the Hex and npm bills of materials from source	2026-09-13T03:31:23.7406520Z   npm error extraneous: pretty-format@27.5.1 /Users/runner/work/keepling/keepling/node_modules/pretty-format
desktop-promote	Generate the Hex and npm bills of materials from source	2026-09-13T03:31:23.7407150Z   npm error extraneous: pretty-ms@9.3.1 /Users/runner/work/keepling/keepling/node_modules/pretty-ms
desktop-promote	Generate the Hex and npm bills of materials from source	2026-09-13T03:31:23.7407730Z   npm error extraneous: proc-log@2.0.1 /Users/runner/work/keepling/keepling/node_modules/proc-log
desktop-promote	Generate the Hex and npm bills of materials from source	2026-09-13T03:31:23.7408400Z   npm error extraneous: progress@2.0.3 /Users/runner/work/keepling/keepling/node_modules/progress
desktop-promote	Generate the Hex and npm bills of materials from source	2026-09-13T03:31:23.7409130Z   npm error extraneous: promise-inflight@1.0.1 /Users/runner/work/keepling/keepling/node_modules/promise-inflight
desktop-promote	Generate the Hex and npm bills of materials from source	2026-09-13T03:31:23.7409810Z   npm error extraneous: promise-retry@2.0.1 /Users/runner/work/keepling/keepling/node_modules/promise-retry
desktop-promote	Generate the Hex and npm bills of materials from source	2026-09-13T03:31:23.7410420Z   npm error extraneous: prompts@2.4.2 /Users/runner/work/keepling/keepling/node_modules/prompts
desktop-promote	Generate the Hex and npm bills of materials from source	2026-09-13T03:31:23.7411020Z   npm error extraneous: proxy-addr@2.0.7 /Users/runner/work/keepling/keepling/node_modules/proxy-addr
desktop-promote	Generate the Hex and npm bills of materials from source	2026-09-13T03:31:23.7411580Z   npm error extraneous: pump@3.0.4 /Users/runner/work/keepling/keepling/node_modules/pump
desktop-promote	Generate the Hex and npm bills of materials from source	2026-09-13T03:31:23.7412230Z   npm error extraneous: punycode@2.3.1 /Users/runner/work/keepling/keepling/node_modules/punycode
desktop-promote	Generate the Hex and npm bills of materials from source	2026-09-13T03:31:23.7412780Z   npm error extraneous: qs@6.16.0 /Users/runner/work/keepling/keepling/node_modules/qs
desktop-promote	Generate the Hex and npm bills of materials from source	2026-09-13T03:31:23.7413380Z   npm error extraneous: queue-microtask@1.2.3 /Users/runner/work/keepling/keepling/node_modules/queue-microtask
desktop-promote	Generate the Hex and npm bills of materials from source	2026-09-13T03:31:23.7414020Z   npm error extraneous: quick-lru@5.1.1 /Users/runner/work/keepling/keepling/node_modules/quick-lru
desktop-promote	Generate the Hex and npm bills of materials from source	2026-09-13T03:31:23.7414650Z   npm error extraneous: range-parser@1.3.0 /Users/runner/work/keepling/keepling/node_modules/range-parser
desktop-promote	Generate the Hex and npm bills of materials from source	2026-09-13T03:31:23.7415360Z   npm error extraneous: raw-body@3.0.2 /Users/runner/work/keepling/keepling/node_modules/raw-body
desktop-promote	Generate the Hex and npm bills of materials from source	2026-09-13T03:31:23.7415950Z   npm error extraneous: react-dom@19.2.8 /Users/runner/work/keepling/keepling/node_modules/react-dom
desktop-promote	Generate the Hex and npm bills of materials from source	2026-09-13T03:31:23.7417100Z   npm error extraneous: react-is@17.0.2 /Users/runner/work/keepling/keepling/node_modules/react-is
desktop-promote	Generate the Hex and npm bills of materials from source	2026-09-13T03:31:23.7417740Z   npm error extraneous: react@19.2.8 /Users/runner/work/keepling/keepling/node_modules/react
desktop-promote	Generate the Hex and npm bills of materials from source	2026-09-13T03:31:23.7418500Z   npm error extraneous: read-binary-file-arch@1.0.6 /Users/runner/work/keepling/keepling/node_modules/read-binary-file-arch
desktop-promote	Generate the Hex and npm bills of materials from source	2026-09-13T03:31:23.7419210Z   npm error extraneous: read-pkg-up@2.0.0 /Users/runner/work/keepling/keepling/node_modules/read-pkg-up
desktop-promote	Generate the Hex and npm bills of materials from source	2026-09-13T03:31:23.7419810Z   npm error extraneous: read-pkg@2.0.0 /Users/runner/work/keepling/keepling/node_modules/read-pkg
desktop-promote	Generate the Hex and npm bills of materials from source	2026-09-13T03:31:23.7420530Z   npm error extraneous: readable-stream@3.6.2 /Users/runner/work/keepling/keepling/node_modules/readable-stream
desktop-promote	Generate the Hex and npm bills of materials from source	2026-09-13T03:31:23.7421170Z   npm error extraneous: recast@0.23.21 /Users/runner/work/keepling/keepling/node_modules/recast
desktop-promote	Generate the Hex and npm bills of materials from source	2026-09-13T03:31:23.7421730Z   npm error extraneous: rechoir@0.8.0 /Users/runner/work/keepling/keepling/node_modules/rechoir
desktop-promote	Generate the Hex and npm bills of materials from source	2026-09-13T03:31:23.7422280Z   npm error extraneous: redent@3.0.0 /Users/runner/work/keepling/keepling/node_modules/redent
desktop-promote	Generate the Hex and npm bills of materials from source	2026-09-13T03:31:23.7422920Z   npm error extraneous: require-directory@2.1.1 /Users/runner/work/keepling/keepling/node_modules/require-directory
desktop-promote	Generate the Hex and npm bills of materials from source	2026-09-13T03:31:23.7423550Z   npm error extraneous: resedit@2.0.3 /Users/runner/work/keepling/keepling/node_modules/resedit
desktop-promote	Generate the Hex and npm bills of materials from source	2026-09-13T03:31:23.7424210Z   npm error extraneous: reselect@5.3.0 /Users/runner/work/keepling/keepling/node_modules/reselect
desktop-promote	Generate the Hex and npm bills of materials from source	2026-09-13T03:31:23.7424820Z   npm error extraneous: resolve-alpn@1.2.1 /Users/runner/work/keepling/keepling/node_modules/resolve-alpn
desktop-promote	Generate the Hex and npm bills of materials from source	2026-09-13T03:31:23.7427430Z   npm error extraneous: resolve-from@4.0.0 /Users/runner/work/keepling/keepling/node_modules/resolve-from
desktop-promote	Generate the Hex and npm bills of materials from source	2026-09-13T03:31:23.7429160Z   npm error extraneous: resolve@1.22.12 /Users/runner/work/keepling/keepling/node_modules/resolve
desktop-promote	Generate the Hex and npm bills of materials from source	2026-09-13T03:31:23.7431370Z   npm error extraneous: responselike@2.0.1 /Users/runner/work/keepling/keepling/node_modules/responselike
desktop-promote	Generate the Hex and npm bills of materials from source	2026-09-13T03:31:23.7432680Z   npm error extraneous: restore-cursor@3.1.0 /Users/runner/work/keepling/keepling/node_modules/restore-cursor
desktop-promote	Generate the Hex and npm bills of materials from source	2026-09-13T03:31:23.7433300Z   npm error extraneous: retry@0.12.0 /Users/runner/work/keepling/keepling/node_modules/retry
desktop-promote	Generate the Hex and npm bills of materials from source	2026-09-13T03:31:23.7433860Z   npm error extraneous: reusify@1.1.0 /Users/runner/work/keepling/keepling/node_modules/reusify
desktop-promote	Generate the Hex and npm bills of materials from source	2026-09-13T03:31:23.7434420Z   npm error extraneous: rfdc@1.4.1 /Users/runner/work/keepling/keepling/node_modules/rfdc
desktop-promote	Generate the Hex and npm bills of materials from source	2026-09-13T03:31:23.7434970Z   npm error extraneous: rimraf@3.0.2 /Users/runner/work/keepling/keepling/node_modules/rimraf
desktop-promote	Generate the Hex and npm bills of materials from source	2026-09-13T03:31:23.7435590Z   npm error extraneous: roarr@2.15.4 /Users/runner/work/keepling/keepling/node_modules/roarr
desktop-promote	Generate the Hex and npm bills of materials from source	2026-09-13T03:31:23.7436280Z   npm error extraneous: rolldown@1.2.6 /Users/runner/work/keepling/keepling/node_modules/rolldown
desktop-promote	Generate the Hex and npm bills of materials from source	2026-09-13T03:31:23.7436850Z   npm error extraneous: router@2.2.0 /Users/runner/work/keepling/keepling/node_modules/router
desktop-promote	Generate the Hex and npm bills of materials from source	2026-09-13T03:31:24.5139730Z   npm error extraneous: run-applescript@7.1.0 /Users/runner/work/keepling/keepling/node_modules/run-applescript
desktop-promote	Generate the Hex and npm bills of materials from source	2026-09-13T03:31:24.5243120Z   npm error extraneous: run-parallel@1.2.0 /Users/runner/work/keepling/keepling/node_modules/run-parallel
desktop-promote	Generate the Hex and npm bills of materials from source	2026-09-13T03:31:24.5346340Z   npm error extraneous: safe-buffer@5.2.1 /Users/runner/work/keepling/keepling/node_modules/safe-buffer
desktop-promote	Generate the Hex and npm bills of materials from source	2026-09-13T03:31:24.5450310Z   npm error extraneous: safer-buffer@2.1.2 /Users/runner/work/keepling/keepling/node_modules/safer-buffer
desktop-promote	Generate the Hex and npm bills of materials from source	2026-09-13T03:31:24.5552730Z   npm error extraneous: saxes@6.0.0 /Users/runner/work/keepling/keepling/node_modules/saxes
desktop-promote	Generate the Hex and npm bills of materials from source	2026-09-13T03:31:24.5653920Z   npm error extraneous: scheduler@0.27.0 /Users/runner/work/keepling/keepling/node_modules/scheduler
desktop-promote	Generate the Hex and npm bills of materials from source	2026-09-13T03:31:24.5755940Z   npm error extraneous: schema-utils@4.3.3 /Users/runner/work/keepling/keepling/node_modules/schema-utils
desktop-promote	Generate the Hex and npm bills of materials from source	2026-09-13T03:31:24.5857350Z   npm error extraneous: semver-compare@1.0.0 /Users/runner/work/keepling/keepling/node_modules/semver-compare
desktop-promote	Generate the Hex and npm bills of materials from source	2026-09-13T03:31:24.5959570Z   npm error extraneous: semver@7.8.5 /Users/runner/work/keepling/keepling/node_modules/semver
desktop-promote	Generate the Hex and npm bills of materials from source	2026-09-13T03:31:24.6061120Z   npm error extraneous: send@1.2.1 /Users/runner/work/keepling/keepling/node_modules/send
desktop-promote	Generate the Hex and npm bills of materials from source	2026-09-13T03:31:24.6161420Z   npm error extraneous: serialize-error@7.0.1 /Users/runner/work/keepling/keepling/node_modules/serialize-error
desktop-promote	Generate the Hex and npm bills of materials from source	2026-09-13T03:31:24.6263190Z   npm error extraneous: serve-static@2.2.1 /Users/runner/work/keepling/keepling/node_modules/serve-static
desktop-promote	Generate the Hex and npm bills of materials from source	2026-09-13T03:31:24.6367710Z   npm error extraneous: setprototypeof@1.2.0 /Users/runner/work/keepling/keepling/node_modules/setprototypeof
desktop-promote	Generate the Hex and npm bills of materials from source	2026-09-13T03:31:24.6470870Z   npm error extraneous: shadcn@4.19.1 /Users/runner/work/keepling/keepling/node_modules/shadcn
desktop-promote	Generate the Hex and npm bills of materials from source	2026-09-13T03:31:24.6576300Z   npm error extraneous: shebang-command@2.0.0 /Users/runner/work/keepling/keepling/node_modules/shebang-command
desktop-promote	Generate the Hex and npm bills of materials from source	2026-09-13T03:31:24.6679870Z   npm error extraneous: shebang-regex@3.0.0 /Users/runner/work/keepling/keepling/node_modules/shebang-regex
desktop-promote	Generate the Hex and npm bills of materials from source	2026-09-13T03:31:24.6782860Z   npm error extraneous: side-channel-list@1.0.1 /Users/runner/work/keepling/keepling/node_modules/side-channel-list
desktop-promote	Generate the Hex and npm bills of materials from source	2026-09-13T03:31:24.6864100Z   npm error extraneous: side-channel-map@1.0.1 /Users/runner/work/keepling/keepling/node_modules/side-channel-map
desktop-promote	Generate the Hex and npm bills of materials from source	2026-09-13T03:31:24.6944460Z   npm error extraneous: side-channel-weakmap@1.0.2 /Users/runner/work/keepling/keepling/node_modules/side-channel-weakmap
desktop-promote	Generate the Hex and npm bills of materials from source	2026-09-13T03:31:24.6993250Z   npm error extraneous: side-channel@1.1.1 /Users/runner/work/keepling/keepling/node_modules/side-channel
desktop-promote	Generate the Hex and npm bills of materials from source	2026-09-13T03:31:24.7092130Z   npm error extraneous: siginfo@2.0.0 /Users/runner/work/keepling/keepling/node_modules/siginfo
desktop-promote	Generate the Hex and npm bills of materials from source	2026-09-13T03:31:24.7194010Z   npm error extraneous: signal-exit@3.0.7 /Users/runner/work/keepling/keepling/node_modules/signal-exit
desktop-promote	Generate the Hex and npm bills of materials from source	2026-09-13T03:31:24.7285920Z   npm error extraneous: sisteransi@1.0.5 /Users/runner/work/keepling/keepling/node_modules/sisteransi
desktop-promote	Generate the Hex and npm bills of materials from source	2026-09-13T03:31:24.7405350Z   npm error extraneous: slice-ansi@5.0.0 /Users/runner/work/keepling/keepling/node_modules/slice-ansi
desktop-promote	Generate the Hex and npm bills of materials from source	2026-09-13T03:31:24.7458210Z   npm error extraneous: smart-buffer@4.2.0 /Users/runner/work/keepling/keepling/node_modules/smart-buffer
desktop-promote	Generate the Hex and npm bills of materials from source	2026-09-13T03:31:24.7560950Z   npm error extraneous: socks-proxy-agent@7.0.0 /Users/runner/work/keepling/keepling/node_modules/socks-proxy-agent
desktop-promote	Generate the Hex and npm bills of materials from source	2026-09-13T03:31:24.7653750Z   npm error extraneous: socks@2.8.9 /Users/runner/work/keepling/keepling/node_modules/socks
desktop-promote	Generate the Hex and npm bills of materials from source	2026-09-13T03:31:24.7755240Z   npm error extraneous: source-map-js@1.2.1 /Users/runner/work/keepling/keepling/node_modules/source-map-js
desktop-promote	Generate the Hex and npm bills of materials from source	2026-09-13T03:31:24.7850090Z   npm error extraneous: source-map-support@0.5.21 /Users/runner/work/keepling/keepling/node_modules/source-map-support
desktop-promote	Generate the Hex and npm bills of materials from source	2026-09-13T03:31:24.7899180Z   npm error extraneous: source-map@0.6.1 /Users/runner/work/keepling/keepling/node_modules/source-map
desktop-promote	Generate the Hex and npm bills of materials from source	2026-09-13T03:31:24.7914400Z   npm error extraneous: spdx-correct@3.2.0 /Users/runner/work/keepling/keepling/node_modules/spdx-correct
desktop-promote	Generate the Hex and npm bills of materials from source	2026-09-13T03:31:24.7939000Z   npm error extraneous: spdx-exceptions@2.5.0 /Users/runner/work/keepling/keepling/node_modules/spdx-exceptions
desktop-promote	Generate the Hex and npm bills of materials from source	2026-09-13T03:31:24.8042000Z   npm error extraneous: spdx-expression-parse@3.0.1 /Users/runner/work/keepling/keepling/node_modules/spdx-expression-parse
desktop-promote	Generate the Hex and npm bills of materials from source	2026-09-13T03:31:24.8089920Z   npm error extraneous: spdx-license-ids@3.0.23 /Users/runner/work/keepling/keepling/node_modules/spdx-license-ids
desktop-promote	Generate the Hex and npm bills of materials from source	2026-09-13T03:31:24.8170420Z   npm error extraneous: sprintf-js@1.1.3 /Users/runner/work/keepling/keepling/node_modules/sprintf-js
desktop-promote	Generate the Hex and npm bills of materials from source	2026-09-13T03:31:24.8187210Z   npm error extraneous: ssri@9.0.1 /Users/runner/work/keepling/keepling/node_modules/ssri
desktop-promote	Generate the Hex and npm bills of materials from source	2026-09-13T03:31:24.8225120Z   npm error extraneous: stackback@0.0.2 /Users/runner/work/keepling/keepling/node_modules/stackback
desktop-promote	Generate the Hex and npm bills of materials from source	2026-09-13T03:31:24.8277740Z   npm error extraneous: statuses@2.0.2 /Users/runner/work/keepling/keepling/node_modules/statuses
desktop-promote	Generate the Hex and npm bills of materials from source	2026-09-13T03:31:24.8326470Z   npm error extraneous: std-env@4.2.0 /Users/runner/work/keepling/keepling/node_modules/std-env
desktop-promote	Generate the Hex and npm bills of materials from source	2026-09-13T03:31:24.8335000Z   npm error extraneous: stdin-discarder@0.2.2 /Users/runner/work/keepling/keepling/node_modules/stdin-discarder
desktop-promote	Generate the Hex and npm bills of materials from source	2026-09-13T03:31:24.8343550Z   npm error extraneous: string_decoder@1.3.0 /Users/runner/work/keepling/keepling/node_modules/string_decoder
desktop-promote	Generate the Hex and npm bills of materials from source	2026-09-13T03:31:24.8344620Z   npm error extraneous: string-width@4.2.3 /Users/runner/work/keepling/keepling/node_modules/string-width
desktop-promote	Generate the Hex and npm bills of materials from source	2026-09-13T03:31:24.8345430Z   npm error extraneous: stringify-object@5.0.0 /Users/runner/work/keepling/keepling/node_modules/stringify-object
desktop-promote	Generate the Hex and npm bills of materials from source	2026-09-13T03:31:24.8347370Z   npm error extraneous: strip-ansi@6.0.1 /Users/runner/work/keepling/keepling/node_modules/strip-ansi
desktop-promote	Generate the Hex and npm bills of materials from source	2026-09-13T03:31:24.8348220Z   npm error extraneous: strip-bom@3.0.0 /Users/runner/work/keepling/keepling/node_modules/strip-bom
desktop-promote	Generate the Hex and npm bills of materials from source	2026-09-13T03:31:24.8348970Z   npm error extraneous: strip-eof@1.0.0 /Users/runner/work/keepling/keepling/node_modules/strip-eof
desktop-promote	Generate the Hex and npm bills of materials from source	2026-09-13T03:31:24.8349750Z   npm error extraneous: strip-final-newline@2.0.0 /Users/runner/work/keepling/keepling/node_modules/strip-final-newline
desktop-promote	Generate the Hex and npm bills of materials from source	2026-09-13T03:31:24.8357050Z   npm error extraneous: strip-indent@3.0.0 /Users/runner/work/keepling/keepling/node_modules/strip-indent
desktop-promote	Generate the Hex and npm bills of materials from source	2026-09-13T03:31:24.8369170Z   npm error extraneous: strip-outer@1.0.1 /Users/runner/work/keepling/keepling/node_modules/strip-outer
desktop-promote	Generate the Hex and npm bills of materials from source	2026-09-13T03:31:24.8370640Z   npm error extraneous: sumchecker@3.0.1 /Users/runner/work/keepling/keepling/node_modules/sumchecker
desktop-promote	Generate the Hex and npm bills of materials from source	2026-09-13T03:31:24.8384380Z   npm error extraneous: supports-preserve-symlinks-flag@1.0.0 /Users/runner/work/keepling/keepling/node_modules/supports-preserve-symlinks-flag
desktop-promote	Generate the Hex and npm bills of materials from source	2026-09-13T03:31:24.8520240Z   npm error extraneous: symbol-tree@3.2.4 /Users/runner/work/keepling/keepling/node_modules/symbol-tree
desktop-promote	Generate the Hex and npm bills of materials from source	2026-09-13T03:31:24.8666880Z   npm error extraneous: systeminformation@5.33.7 /Users/runner/work/keepling/keepling/node_modules/systeminformation
desktop-promote	Generate the Hex and npm bills of materials from source	2026-09-13T03:31:24.8953400Z   npm error extraneous: tailwind-merge@3.6.0 /Users/runner/work/keepling/keepling/node_modules/tailwind-merge
desktop-promote	Generate the Hex and npm bills of materials from source	2026-09-13T03:31:24.9054860Z   npm error extraneous: tailwindcss@4.3.3 /Users/runner/work/keepling/keepling/node_modules/tailwindcss
desktop-promote	Generate the Hex and npm bills of materials from source	2026-09-13T03:31:24.9087430Z   npm error extraneous: tapable@2.3.3 /Users/runner/work/keepling/keepling/node_modules/tapable
desktop-promote	Generate the Hex and npm bills of materials from source	2026-09-13T03:31:24.9132890Z   npm error extraneous: tar@6.2.1 /Users/runner/work/keepling/keepling/node_modules/tar
desktop-promote	Generate the Hex and npm bills of materials from source	2026-09-13T03:31:24.9133690Z   npm error extraneous: terser@5.51.2 /Users/runner/work/keepling/keepling/node_modules/terser
desktop-promote	Generate the Hex and npm bills of materials from source	2026-09-13T03:31:24.9134430Z   npm error extraneous: tiny-invariant@1.3.3 /Users/runner/work/keepling/keepling/node_modules/tiny-invariant
desktop-promote	Generate the Hex and npm bills of materials from source	2026-09-13T03:31:24.9135180Z   npm error extraneous: tinybench@2.9.0 /Users/runner/work/keepling/keepling/node_modules/tinybench
desktop-promote	Generate the Hex and npm bills of materials from source	2026-09-13T03:31:24.9135920Z   npm error extraneous: tinyexec@1.3.0 /Users/runner/work/keepling/keepling/node_modules/tinyexec
desktop-promote	Generate the Hex and npm bills of materials from source	2026-09-13T03:31:24.9136620Z   npm error extraneous: tinyglobby@0.2.17 /Users/runner/work/keepling/keepling/node_modules/tinyglobby
desktop-promote	Generate the Hex and npm bills of materials from source	2026-09-13T03:31:24.9137330Z   npm error extraneous: tinyrainbow@3.1.1 /Users/runner/work/keepling/keepling/node_modules/tinyrainbow
desktop-promote	Generate the Hex and npm bills of materials from source	2026-09-13T03:31:24.9138050Z   npm error extraneous: tldts-core@7.4.11 /Users/runner/work/keepling/keepling/node_modules/tldts-core
desktop-promote	Generate the Hex and npm bills of materials from source	2026-09-13T03:31:24.9138720Z   npm error extraneous: tldts@7.4.11 /Users/runner/work/keepling/keepling/node_modules/tldts
desktop-promote	Generate the Hex and npm bills of materials from source	2026-09-13T03:31:24.9139360Z   npm error extraneous: tmp@0.0.33 /Users/runner/work/keepling/keepling/node_modules/tmp
desktop-promote	Generate the Hex and npm bills of materials from source	2026-09-13T03:31:24.9140050Z   npm error extraneous: to-regex-range@5.0.1 /Users/runner/work/keepling/keepling/node_modules/to-regex-range
desktop-promote	Generate the Hex and npm bills of materials from source	2026-09-13T03:31:24.9141280Z   npm error extraneous: toidentifier@1.0.1 /Users/runner/work/keepling/keepling/node_modules/toidentifier
desktop-promote	Generate the Hex and npm bills of materials from source	2026-09-13T03:31:24.9142010Z   npm error extraneous: tough-cookie@6.0.2 /Users/runner/work/keepling/keepling/node_modules/tough-cookie
desktop-promote	Generate the Hex and npm bills of materials from source	2026-09-13T03:31:24.9142680Z   npm error extraneous: tr46@6.0.0 /Users/runner/work/keepling/keepling/node_modules/tr46
desktop-promote	Generate the Hex and npm bills of materials from source	2026-09-13T03:31:24.9143370Z   npm error extraneous: trim-repeated@1.0.0 /Users/runner/work/keepling/keepling/node_modules/trim-repeated
desktop-promote	Generate the Hex and npm bills of materials from source	2026-09-13T03:31:24.9144110Z   npm error extraneous: ts-api-utils@2.5.0 /Users/runner/work/keepling/keepling/node_modules/ts-api-utils
desktop-promote	Generate the Hex and npm bills of materials from source	2026-09-13T03:31:24.9150320Z   npm error extraneous: ts-morph@26.0.0 /Users/runner/work/keepling/keepling/node_modules/ts-morph
desktop-promote	Generate the Hex and npm bills of materials from source	2026-09-13T03:31:24.9151230Z   npm error extraneous: tsconfig-paths@4.2.0 /Users/runner/work/keepling/keepling/node_modules/tsconfig-paths
desktop-promote	Generate the Hex and npm bills of materials from source	2026-09-13T03:31:24.9151930Z   npm error extraneous: tslib@2.8.1 /Users/runner/work/keepling/keepling/node_modules/tslib
desktop-promote	Generate the Hex and npm bills of materials from source	2026-09-13T03:31:24.9152610Z   npm error extraneous: tw-animate-css@1.4.0 /Users/runner/work/keepling/keepling/node_modules/tw-animate-css
desktop-promote	Generate the Hex and npm bills of materials from source	2026-09-13T03:31:24.9153320Z   npm error extraneous: type-check@0.4.0 /Users/runner/work/keepling/keepling/node_modules/type-check
desktop-promote	Generate the Hex and npm bills of materials from source	2026-09-13T03:31:24.9153990Z   npm error extraneous: type-is@2.1.0 /Users/runner/work/keepling/keepling/node_modules/type-is
desktop-promote	Generate the Hex and npm bills of materials from source	2026-09-13T03:31:24.9154810Z   npm error extraneous: typescript-eslint@8.69.0 /Users/runner/work/keepling/keepling/node_modules/typescript-eslint
desktop-promote	Generate the Hex and npm bills of materials from source	2026-09-13T03:31:24.9158230Z   npm error extraneous: undici-types@7.18.2 /Users/runner/work/keepling/keepling/node_modules/undici-types
desktop-promote	Generate the Hex and npm bills of materials from source	2026-09-13T03:31:24.9162250Z   npm error extraneous: undici@7.29.0 /Users/runner/work/keepling/keepling/node_modules/undici
desktop-promote	Generate the Hex and npm bills of materials from source	2026-09-13T03:31:24.9256450Z   npm error extraneous: unicorn-magic@0.3.0 /Users/runner/work/keepling/keepling/node_modules/unicorn-magic
desktop-promote	Generate the Hex and npm bills of materials from source	2026-09-13T03:31:24.9281950Z   npm error extraneous: unique-filename@2.0.1 /Users/runner/work/keepling/keepling/node_modules/unique-filename
desktop-promote	Generate the Hex and npm bills of materials from source	2026-09-13T03:31:24.9284330Z   npm error extraneous: unique-slug@3.0.0 /Users/runner/work/keepling/keepling/node_modules/unique-slug
desktop-promote	Generate the Hex and npm bills of materials from source	2026-09-13T03:31:24.9285250Z   npm error extraneous: universalify@2.0.1 /Users/runner/work/keepling/keepling/node_modules/universalify
desktop-promote	Generate the Hex and npm bills of materials from source	2026-09-13T03:31:24.9286260Z   npm error extraneous: unpipe@1.0.0 /Users/runner/work/keepling/keepling/node_modules/unpipe
desktop-promote	Generate the Hex and npm bills of materials from source	2026-09-13T03:31:24.9287050Z   npm error extraneous: update-browserslist-db@1.3.2 /Users/runner/work/keepling/keepling/node_modules/update-browserslist-db
desktop-promote	Generate the Hex and npm bills of materials from source	2026-09-13T03:31:24.9288420Z   npm error extraneous: uri-js@4.4.1 /Users/runner/work/keepling/keepling/node_modules/uri-js
desktop-promote	Generate the Hex and npm bills of materials from source	2026-09-13T03:31:24.9289340Z   npm error extraneous: use-sync-external-store@1.6.0 /Users/runner/work/keepling/keepling/node_modules/use-sync-external-store
desktop-promote	Generate the Hex and npm bills of materials from source	2026-09-13T03:31:24.9290290Z   npm error extraneous: username@5.1.0 /Users/runner/work/keepling/keepling/node_modules/username
desktop-promote	Generate the Hex and npm bills of materials from source	2026-09-13T03:31:24.9290970Z   npm error extraneous: util-deprecate@1.0.2 /Users/runner/work/keepling/keepling/node_modules/util-deprecate
desktop-promote	Generate the Hex and npm bills of materials from source	2026-09-13T03:31:24.9292010Z   npm error extraneous: validate-npm-package-license@3.0.4 /Users/runner/work/keepling/keepling/node_modules/validate-npm-package-license
desktop-promote	Generate the Hex and npm bills of materials from source	2026-09-13T03:31:24.9293400Z   npm error extraneous: validate-npm-package-name@7.0.2 /Users/runner/work/keepling/keepling/node_modules/validate-npm-package-name
desktop-promote	Generate the Hex and npm bills of materials from source	2026-09-13T03:31:24.9294330Z   npm error extraneous: vary@1.1.2 /Users/runner/work/keepling/keepling/node_modules/vary
desktop-promote	Generate the Hex and npm bills of materials from source	2026-09-13T03:31:24.9294960Z   npm error extraneous: vite@8.2.2 /Users/runner/work/keepling/keepling/node_modules/vite
desktop-promote	Generate the Hex and npm bills of materials from source	2026-09-13T03:31:24.9295670Z   npm error extraneous: vitest@4.1.11 /Users/runner/work/keepling/keepling/node_modules/vitest
desktop-promote	Generate the Hex and npm bills of materials from source	2026-09-13T03:31:24.9296450Z   npm error extraneous: w3c-xmlserializer@5.0.0 /Users/runner/work/keepling/keepling/node_modules/w3c-xmlserializer
desktop-promote	Generate the Hex and npm bills of materials from source	2026-09-13T03:31:24.9298060Z   npm error extraneous: watchpack@2.5.2 /Users/runner/work/keepling/keepling/node_modules/watchpack
desktop-promote	Generate the Hex and npm bills of materials from source	2026-09-13T03:31:24.9298770Z   npm error extraneous: wcwidth@1.0.1 /Users/runner/work/keepling/keepling/node_modules/wcwidth
desktop-promote	Generate the Hex and npm bills of materials from source	2026-09-13T03:31:24.9299480Z   npm error extraneous: webidl-conversions@8.0.1 /Users/runner/work/keepling/keepling/node_modules/webidl-conversions
desktop-promote	Generate the Hex and npm bills of materials from source	2026-09-13T03:31:24.9300280Z   npm error extraneous: webpack-sources@3.5.1 /Users/runner/work/keepling/keepling/node_modules/webpack-sources
desktop-promote	Generate the Hex and npm bills of materials from source	2026-09-13T03:31:24.9300980Z   npm error extraneous: webpack@5.110.3 /Users/runner/work/keepling/keepling/node_modules/webpack
desktop-promote	Generate the Hex and npm bills of materials from source	2026-09-13T03:31:24.9301740Z   npm error extraneous: whatwg-mimetype@5.0.0 /Users/runner/work/keepling/keepling/node_modules/whatwg-mimetype
desktop-promote	Generate the Hex and npm bills of materials from source	2026-09-13T03:31:24.9302500Z   npm error extraneous: whatwg-url@5.0.0 /Users/runner/work/keepling/keepling/node_modules/whatwg-url
desktop-promote	Generate the Hex and npm bills of materials from source	2026-09-13T03:31:24.9303600Z   npm error extraneous: which@2.0.2 /Users/runner/work/keepling/keepling/node_modules/which
desktop-promote	Generate the Hex and npm bills of materials from source	2026-09-13T03:31:24.9304330Z   npm error extraneous: why-is-node-running@2.3.0 /Users/runner/work/keepling/keepling/node_modules/why-is-node-running
desktop-promote	Generate the Hex and npm bills of materials from source	2026-09-13T03:31:24.9305110Z   npm error extraneous: word-wrap@1.2.5 /Users/runner/work/keepling/keepling/node_modules/word-wrap
desktop-promote	Generate the Hex and npm bills of materials from source	2026-09-13T03:31:24.9305780Z   npm error extraneous: wrap-ansi@8.1.0 /Users/runner/work/keepling/keepling/node_modules/wrap-ansi
desktop-promote	Generate the Hex and npm bills of materials from source	2026-09-13T03:31:24.9306470Z   npm error extraneous: wrappy@1.0.2 /Users/runner/work/keepling/keepling/node_modules/wrappy
desktop-promote	Generate the Hex and npm bills of materials from source	2026-09-13T03:31:24.9307130Z   npm error extraneous: wsl-utils@1.0.0 /Users/runner/work/keepling/keepling/node_modules/wsl-utils
desktop-promote	Generate the Hex and npm bills of materials from source	2026-09-13T03:31:24.9307870Z   npm error extraneous: xml-name-validator@5.0.0 /Users/runner/work/keepling/keepling/node_modules/xml-name-validator
desktop-promote	Generate the Hex and npm bills of materials from source	2026-09-13T03:31:24.9308830Z   npm error extraneous: xmlbuilder@15.1.1 /Users/runner/work/keepling/keepling/node_modules/xmlbuilder
desktop-promote	Generate the Hex and npm bills of materials from source	2026-09-13T03:31:24.9309510Z   npm error extraneous: xmlchars@2.2.0 /Users/runner/work/keepling/keepling/node_modules/xmlchars
desktop-promote	Generate the Hex and npm bills of materials from source	2026-09-13T03:31:24.9310070Z   npm error extraneous: y18n@5.0.8 /Users/runner/work/keepling/keepling/node_modules/y18n
desktop-promote	Generate the Hex and npm bills of materials from source	2026-09-13T03:31:24.9310610Z   npm error extraneous: yallist@4.0.0 /Users/runner/work/keepling/keepling/node_modules/yallist
desktop-promote	Generate the Hex and npm bills of materials from source	2026-09-13T03:31:24.9311160Z   npm error extraneous: yargs@17.7.3 /Users/runner/work/keepling/keepling/node_modules/yargs
desktop-promote	Generate the Hex and npm bills of materials from source	2026-09-13T03:31:24.9311700Z   npm error extraneous: yauzl@2.10.0 /Users/runner/work/keepling/keepling/node_modules/yauzl
desktop-promote	Generate the Hex and npm bills of materials from source	2026-09-13T03:31:24.9312290Z   npm error extraneous: yocto-queue@0.1.0 /Users/runner/work/keepling/keepling/node_modules/yocto-queue
desktop-promote	Generate the Hex and npm bills of materials from source	2026-09-13T03:31:24.9312930Z   npm error extraneous: yocto-spinner@1.2.2 /Users/runner/work/keepling/keepling/node_modules/yocto-spinner
desktop-promote	Generate the Hex and npm bills of materials from source	2026-09-13T03:31:24.9313610Z   npm error extraneous: yoctocolors-cjs@2.1.3 /Users/runner/work/keepling/keepling/node_modules/yoctocolors-cjs
desktop-promote	Generate the Hex and npm bills of materials from source	2026-09-13T03:31:24.9314320Z   npm error extraneous: yoctocolors@2.2.0 /Users/runner/work/keepling/keepling/node_modules/yoctocolors
desktop-promote	Generate the Hex and npm bills of materials from source	2026-09-13T03:31:24.9315780Z   npm error extraneous: zod-to-json-schema@3.25.2 /Users/runner/work/keepling/keepling/node_modules/zod-to-json-schema
desktop-promote	Generate the Hex and npm bills of materials from source	2026-09-13T03:31:24.9318460Z   npm error extraneous: zod-validation-error@4.0.2 /Users/runner/work/keepling/keepling/node_modules/zod-validation-error
desktop-promote	Generate the Hex and npm bills of materials from source	2026-09-13T03:31:24.9320850Z   npm error extraneous: zod@4.5.4 /Users/runner/work/keepling/keepling/node_modules/zod
desktop-promote	Generate the Hex and npm bills of materials from source	2026-09-13T03:31:24.9321660Z   npm error extraneous: semver@6.3.1 /Users/runner/work/keepling/keepling/node_modules/@babel/core/node_modules/semver
desktop-promote	Generate the Hex and npm bills of materials from source	2026-09-13T03:31:24.9322530Z   npm error extraneous: lru-cache@5.1.1 /Users/runner/work/keepling/keepling/node_modules/@babel/helper-compilation-targets/node_modules/lru-cache
desktop-promote	Generate the Hex and npm bills of materials from source	2026-09-13T03:31:24.9323460Z   npm error extraneous: semver@6.3.1 /Users/runner/work/keepling/keepling/node_modules/@babel/helper-compilation-targets/node_modules/semver
desktop-promote	Generate the Hex and npm bills of materials from source	2026-09-13T03:31:24.9324640Z   npm error extraneous: yallist@3.1.1 /Users/runner/work/keepling/keepling/node_modules/@babel/helper-compilation-targets/node_modules/yallist
desktop-promote	Generate the Hex and npm bills of materials from source	2026-09-13T03:31:24.9325650Z   npm error extraneous: semver@6.3.1 /Users/runner/work/keepling/keepling/node_modules/@babel/helper-create-class-features-plugin/node_modules/semver
desktop-promote	Generate the Hex and npm bills of materials from source	2026-09-13T03:31:24.9326480Z   npm error extraneous: execa@5.1.1 /Users/runner/work/keepling/keepling/node_modules/@dotenvx/dotenvx/node_modules/execa
desktop-promote	Generate the Hex and npm bills of materials from source	2026-09-13T03:31:24.9327250Z   npm error extraneous: get-stream@6.0.1 /Users/runner/work/keepling/keepling/node_modules/@dotenvx/dotenvx/node_modules/get-stream
desktop-promote	Generate the Hex and npm bills of materials from source	2026-09-13T03:31:24.9328150Z   npm error extraneous: is-stream@2.0.1 /Users/runner/work/keepling/keepling/node_modules/@dotenvx/dotenvx/node_modules/is-stream
desktop-promote	Generate the Hex and npm bills of materials from source	2026-09-13T03:31:24.9328920Z   npm error extraneous: isexe@3.1.5 /Users/runner/work/keepling/keepling/node_modules/@dotenvx/dotenvx/node_modules/isexe
desktop-promote	Generate the Hex and npm bills of materials from source	2026-09-13T03:31:24.9329870Z   npm error extraneous: npm-run-path@4.0.1 /Users/runner/work/keepling/keepling/node_modules/@dotenvx/dotenvx/node_modules/npm-run-path
desktop-promote	Generate the Hex and npm bills of materials from source	2026-09-13T03:31:24.9330730Z   npm error extraneous: which@4.0.0 /Users/runner/work/keepling/keepling/node_modules/@dotenvx/dotenvx/node_modules/which
desktop-promote	Generate the Hex and npm bills of materials from source	2026-09-13T03:31:24.9331620Z   npm error extraneous: typescript@5.4.5 /Users/runner/work/keepling/keepling/node_modules/@electron-forge/template-webpack-typescript/node_modules/typescript
desktop-promote	Generate the Hex and npm bills of materials from source	2026-09-13T03:31:24.9333230Z   npm error extraneous: brace-expansion@1.1.18 /Users/runner/work/keepling/keepling/node_modules/@electron/asar/node_modules/brace-expansion
desktop-promote	Generate the Hex and npm bills of materials from source	2026-09-13T03:31:24.9334200Z   npm error extraneous: commander@5.1.0 /Users/runner/work/keepling/keepling/node_modules/@electron/asar/node_modules/commander
desktop-promote	Generate the Hex and npm bills of materials from source	2026-09-13T03:31:24.9334980Z   npm error extraneous: minimatch@3.1.5 /Users/runner/work/keepling/keepling/node_modules/@electron/asar/node_modules/minimatch
desktop-promote	Generate the Hex and npm bills of materials from source	2026-09-13T03:31:24.9336350Z   npm error extraneous: fs-extra@8.1.0 /Users/runner/work/keepling/keepling/node_modules/@electron/get/node_modules/fs-extra
desktop-promote	Generate the Hex and npm bills of materials from source	2026-09-13T03:31:24.9337170Z   npm error extraneous: jsonfile@4.0.0 /Users/runner/work/keepling/keepling/node_modules/@electron/get/node_modules/jsonfile
desktop-promote	Generate the Hex and npm bills of materials from source	2026-09-13T03:31:24.9338040Z   npm error extraneous: semver@6.3.1 /Users/runner/work/keepling/keepling/node_modules/@electron/get/node_modules/semver
desktop-promote	Generate the Hex and npm bills of materials from source	2026-09-13T03:31:24.9338850Z   npm error extraneous: universalify@0.1.2 /Users/runner/work/keepling/keepling/node_modules/@electron/get/node_modules/universalify
desktop-promote	Generate the Hex and npm bills of materials from source	2026-09-13T03:31:24.9339620Z   npm error extraneous: glob@8.1.0 /Users/runner/work/keepling/keepling/node_modules/@electron/node-gyp/node_modules/glob
desktop-promote	Generate the Hex and npm bills of materials from source	2026-09-13T03:31:24.9340790Z   npm error extraneous: minimatch@5.1.9 /Users/runner/work/keepling/keepling/node_modules/@electron/node-gyp/node_modules/minimatch
desktop-promote	Generate the Hex and npm bills of materials from source	2026-09-13T03:31:24.9341740Z   npm error extraneous: fs-extra@9.1.0 /Users/runner/work/keepling/keepling/node_modules/@electron/notarize/node_modules/fs-extra
desktop-promote	Generate the Hex and npm bills of materials from source	2026-09-13T03:31:24.9342570Z   npm error extraneous: fs-extra@11.4.0 /Users/runner/work/keepling/keepling/node_modules/@electron/packager/node_modules/fs-extra
desktop-promote	Generate the Hex and npm bills of materials from source	2026-09-13T03:31:24.9343370Z   npm error invalid: @electron/node-gyp@10.2.0-electron.1 /Users/runner/work/keepling/keepling/node_modules/@electron/node-gyp
desktop-promote	Generate the Hex and npm bills of materials from source	2026-09-13T03:31:24.9344210Z   npm error extraneous: fs-extra@11.4.0 /Users/runner/work/keepling/keepling/node_modules/@electron/universal/node_modules/fs-extra
desktop-promote	Generate the Hex and npm bills of materials from source	2026-09-13T03:31:24.9345790Z   npm error extraneous: minimatch@9.0.9 /Users/runner/work/keepling/keepling/node_modules/@electron/universal/node_modules/minimatch
desktop-promote	Generate the Hex and npm bills of materials from source	2026-09-13T03:31:24.9346650Z   npm error extraneous: fs-extra@11.4.0 /Users/runner/work/keepling/keepling/node_modules/@electron/windows-sign/node_modules/fs-extra
desktop-promote	Generate the Hex and npm bills of materials from source	2026-09-13T03:31:24.9347690Z   npm error extraneous: eslint-visitor-keys@3.4.3 /Users/runner/work/keepling/keepling/node_modules/@eslint-community/eslint-utils/node_modules/eslint-visitor-keys
desktop-promote	Generate the Hex and npm bills of materials from source	2026-09-13T03:31:24.9349850Z   npm error extraneous: @types/node@22.20.1 /Users/runner/work/keepling/keepling/node_modules/@inquirer/core/node_modules/@types/node
desktop-promote	Generate the Hex and npm bills of materials from source	2026-09-13T03:31:24.9350700Z   npm error extraneous: signal-exit@4.1.0 /Users/runner/work/keepling/keepling/node_modules/@inquirer/core/node_modules/signal-exit
desktop-promote	Generate the Hex and npm bills of materials from source	2026-09-13T03:31:24.9351620Z   npm error extraneous: undici-types@6.21.0 /Users/runner/work/keepling/keepling/node_modules/@inquirer/core/node_modules/undici-types
desktop-promote	Generate the Hex and npm bills of materials from source	2026-09-13T03:31:24.9352420Z   npm error extraneous: wrap-ansi@6.2.0 /Users/runner/work/keepling/keepling/node_modules/@inquirer/core/node_modules/wrap-ansi
desktop-promote	Generate the Hex and npm bills of materials from source	2026-09-13T03:31:24.9353300Z   npm error extraneous: @inquirer/type@1.5.5 /Users/runner/work/keepling/keepling/node_modules/@listr2/prompt-adapter-inquirer/node_modules/@inquirer/type
desktop-promote	Generate the Hex and npm bills of materials from source	2026-09-13T03:31:24.9354280Z   npm error extraneous: ajv-formats@3.0.1 /Users/runner/work/keepling/keepling/node_modules/@modelcontextprotocol/sdk/node_modules/ajv-formats
desktop-promote	Generate the Hex and npm bills of materials from source	2026-09-13T03:31:24.9355220Z   npm error extraneous: content-type@1.0.5 /Users/runner/work/keepling/keepling/node_modules/@modelcontextprotocol/sdk/node_modules/content-type
desktop-promote	Generate the Hex and npm bills of materials from source	2026-09-13T03:31:24.9356280Z   npm error extraneous: json-schema-typed@8.0.2 /Users/runner/work/keepling/keepling/node_modules/@modelcontextprotocol/sdk/node_modules/json-schema-typed
desktop-promote	Generate the Hex and npm bills of materials from source	2026-09-13T03:31:24.9357150Z   npm error extraneous: zod@3.25.76 /Users/runner/work/keepling/keepling/node_modules/@modelcontextprotocol/sdk/node_modules/zod
desktop-promote	Generate the Hex and npm bills of materials from source	2026-09-13T03:31:24.9358100Z   npm error extraneous: lightningcss-darwin-arm64@1.32.0 /Users/runner/work/keepling/keepling/node_modules/@tailwindcss/node/node_modules/lightningcss-darwin-arm64
desktop-promote	Generate the Hex and npm bills of materials from source	2026-09-13T03:31:24.9359060Z   npm error extraneous: lightningcss@1.32.0 /Users/runner/work/keepling/keepling/node_modules/@tailwindcss/node/node_modules/lightningcss
desktop-promote	Generate the Hex and npm bills of materials from source	2026-09-13T03:31:24.9359920Z   npm error extraneous: aria-query@5.3.2 /Users/runner/work/keepling/keepling/node_modules/@testing-library/jest-dom/node_modules/aria-query
desktop-promote	Generate the Hex and npm bills of materials from source	2026-09-13T03:31:24.9361280Z   npm error extraneous: dom-accessibility-api@0.6.3 /Users/runner/work/keepling/keepling/node_modules/@testing-library/jest-dom/node_modules/dom-accessibility-api
desktop-promote	Generate the Hex and npm bills of materials from source	2026-09-13T03:31:24.9362300Z   npm error extraneous: ignore@7.0.8 /Users/runner/work/keepling/keepling/node_modules/@typescript-eslint/eslint-plugin/node_modules/ignore
desktop-promote	Generate the Hex and npm bills of materials from source	2026-09-13T03:31:24.9363220Z   npm error extraneous: typescript@6.0.3 /Users/runner/work/keepling/keepling/node_modules/@typescript-eslint/eslint-plugin/node_modules/typescript
desktop-promote	Generate the Hex and npm bills of materials from source	2026-09-13T03:31:24.9364210Z   npm error extraneous: typescript@6.0.3 /Users/runner/work/keepling/keepling/node_modules/@typescript-eslint/parser/node_modules/typescript
desktop-promote	Generate the Hex and npm bills of materials from source	2026-09-13T03:31:24.9365150Z   npm error extraneous: typescript@6.0.3 /Users/runner/work/keepling/keepling/node_modules/@typescript-eslint/project-service/node_modules/typescript
desktop-promote	Generate the Hex and npm bills of materials from source	2026-09-13T03:31:24.9366340Z   npm error extraneous: typescript@6.0.3 /Users/runner/work/keepling/keepling/node_modules/@typescript-eslint/tsconfig-utils/node_modules/typescript
desktop-promote	Generate the Hex and npm bills of materials from source	2026-09-13T03:31:24.9367330Z   npm error extraneous: typescript@6.0.3 /Users/runner/work/keepling/keepling/node_modules/@typescript-eslint/type-utils/node_modules/typescript
desktop-promote	Generate the Hex and npm bills of materials from source	2026-09-13T03:31:24.9368260Z   npm error extraneous: typescript@6.0.3 /Users/runner/work/keepling/keepling/node_modules/@typescript-eslint/typescript-estree/node_modules/typescript
desktop-promote	Generate the Hex and npm bills of materials from source	2026-09-13T03:31:24.9369180Z   npm error extraneous: typescript@6.0.3 /Users/runner/work/keepling/keepling/node_modules/@typescript-eslint/utils/node_modules/typescript
desktop-promote	Generate the Hex and npm bills of materials from source	2026-09-13T03:31:24.9369980Z   npm error extraneous: negotiator@1.1.0 /Users/runner/work/keepling/keepling/node_modules/accepts/node_modules/negotiator
desktop-promote	Generate the Hex and npm bills of materials from source	2026-09-13T03:31:24.9372690Z   npm error extraneous: type-fest@0.21.3 /Users/runner/work/keepling/keepling/node_modules/ansi-escapes/node_modules/type-fest
desktop-promote	Generate the Hex and npm bills of materials from source	2026-09-13T03:31:24.9374920Z   npm error extraneous: glob@8.1.0 /Users/runner/work/keepling/keepling/node_modules/cacache/node_modules/glob
desktop-promote	Generate the Hex and npm bills of materials from source	2026-09-13T03:31:24.9376940Z   npm error extraneous: lru-cache@7.18.3 /Users/runner/work/keepling/keepling/node_modules/cacache/node_modules/lru-cache
desktop-promote	Generate the Hex and npm bills of materials from source	2026-09-13T03:31:24.9378250Z   npm error extraneous: minimatch@5.1.9 /Users/runner/work/keepling/keepling/node_modules/cacache/node_modules/minimatch
desktop-promote	Generate the Hex and npm bills of materials from source	2026-09-13T03:31:24.9379010Z   npm error extraneous: supports-color@7.2.0 /Users/runner/work/keepling/keepling/node_modules/chalk/node_modules/supports-color
desktop-promote	Generate the Hex and npm bills of materials from source	2026-09-13T03:31:24.9379790Z   npm error extraneous: ansi-regex@6.3.0 /Users/runner/work/keepling/keepling/node_modules/cli-truncate/node_modules/ansi-regex
desktop-promote	Generate the Hex and npm bills of materials from source	2026-09-13T03:31:24.9380660Z   npm error extraneous: emoji-regex@9.2.2 /Users/runner/work/keepling/keepling/node_modules/cli-truncate/node_modules/emoji-regex
desktop-promote	Generate the Hex and npm bills of materials from source	2026-09-13T03:31:24.9381470Z   npm error extraneous: string-width@5.1.2 /Users/runner/work/keepling/keepling/node_modules/cli-truncate/node_modules/string-width
desktop-promote	Generate the Hex and npm bills of materials from source	2026-09-13T03:31:24.9382340Z   npm error extraneous: strip-ansi@7.2.0 /Users/runner/work/keepling/keepling/node_modules/cli-truncate/node_modules/strip-ansi
desktop-promote	Generate the Hex and npm bills of materials from source	2026-09-13T03:31:24.9383120Z   npm error extraneous: wrap-ansi@7.0.0 /Users/runner/work/keepling/keepling/node_modules/cliui/node_modules/wrap-ansi
desktop-promote	Generate the Hex and npm bills of materials from source	2026-09-13T03:31:24.9383850Z   npm error extraneous: js-yaml@4.3.2 /Users/runner/work/keepling/keepling/node_modules/cosmiconfig/node_modules/js-yaml
desktop-promote	Generate the Hex and npm bills of materials from source	2026-09-13T03:31:24.9384600Z   npm error extraneous: parse-json@5.2.0 /Users/runner/work/keepling/keepling/node_modules/cosmiconfig/node_modules/parse-json
desktop-promote	Generate the Hex and npm bills of materials from source	2026-09-13T03:31:24.9385370Z   npm error extraneous: typescript@6.0.3 /Users/runner/work/keepling/keepling/node_modules/cosmiconfig/node_modules/typescript
desktop-promote	Generate the Hex and npm bills of materials from source	2026-09-13T03:31:24.9386250Z   npm error extraneous: whatwg-url@16.0.1 /Users/runner/work/keepling/keepling/node_modules/data-urls/node_modules/whatwg-url
desktop-promote	Generate the Hex and npm bills of materials from source	2026-09-13T03:31:24.9387060Z   npm error extraneous: mimic-fn@3.1.0 /Users/runner/work/keepling/keepling/node_modules/debounce-fn/node_modules/mimic-fn
desktop-promote	Generate the Hex and npm bills of materials from source	2026-09-13T03:31:24.9388260Z   npm error extraneous: mimic-response@3.1.0 /Users/runner/work/keepling/keepling/node_modules/decompress-response/node_modules/mimic-response
desktop-promote	Generate the Hex and npm bills of materials from source	2026-09-13T03:31:24.9389260Z   npm error extraneous: brace-expansion@1.1.18 /Users/runner/work/keepling/keepling/node_modules/dir-compare/node_modules/brace-expansion
desktop-promote	Generate the Hex and npm bills of materials from source	2026-09-13T03:31:24.9390090Z   npm error extraneous: minimatch@3.1.5 /Users/runner/work/keepling/keepling/node_modules/dir-compare/node_modules/minimatch
desktop-promote	Generate the Hex and npm bills of materials from source	2026-09-13T03:31:24.9390860Z   npm error extraneous: @electron/get@5.1.0 /Users/runner/work/keepling/keepling/node_modules/electron/node_modules/@electron/get
desktop-promote	Generate the Hex and npm bills of materials from source	2026-09-13T03:31:24.9395050Z   npm error extraneous: env-paths@3.0.0 /Users/runner/work/keepling/keepling/node_modules/electron/node_modules/env-paths
desktop-promote	Generate the Hex and npm bills of materials from source	2026-09-13T03:31:24.9396240Z   npm error extraneous: iconv-lite@0.6.3 /Users/runner/work/keepling/keepling/node_modules/encoding/node_modules/iconv-lite
desktop-promote	Generate the Hex and npm bills of materials from source	2026-09-13T03:31:24.9397050Z   npm error extraneous: ajv@6.15.0 /Users/runner/work/keepling/keepling/node_modules/eslint/node_modules/ajv
desktop-promote	Generate the Hex and npm bills of materials from source	2026-09-13T03:31:24.9397820Z   npm error extraneous: glob-parent@6.0.2 /Users/runner/work/keepling/keepling/node_modules/eslint/node_modules/glob-parent
desktop-promote	Generate the Hex and npm bills of materials from source	2026-09-13T03:31:24.9399350Z   npm error extraneous: json-schema-traverse@0.4.1 /Users/runner/work/keepling/keepling/node_modules/eslint/node_modules/json-schema-traverse
desktop-promote	Generate the Hex and npm bills of materials from source	2026-09-13T03:31:24.9402430Z   npm error extraneous: cross-spawn@6.0.6 /Users/runner/work/keepling/keepling/node_modules/execa/node_modules/cross-spawn
desktop-promote	Generate the Hex and npm bills of materials from source	2026-09-13T03:31:24.9403260Z   npm error extraneous: get-stream@4.1.0 /Users/runner/work/keepling/keepling/node_modules/execa/node_modules/get-stream
desktop-promote	Generate the Hex and npm bills of materials from source	2026-09-13T03:31:24.9404050Z   npm error extraneous: is-stream@1.1.0 /Users/runner/work/keepling/keepling/node_modules/execa/node_modules/is-stream
desktop-promote	Generate the Hex and npm bills of materials from source	2026-09-13T03:31:24.9404810Z   npm error extraneous: path-key@2.0.1 /Users/runner/work/keepling/keepling/node_modules/execa/node_modules/path-key
desktop-promote	Generate the Hex and npm bills of materials from source	2026-09-13T03:31:24.9405580Z   npm error extraneous: semver@5.7.2 /Users/runner/work/keepling/keepling/node_modules/execa/node_modules/semver
desktop-promote	Generate the Hex and npm bills of materials from source	2026-09-13T03:31:24.9406900Z   npm error extraneous: shebang-command@1.2.0 /Users/runner/work/keepling/keepling/node_modules/execa/node_modules/shebang-command
desktop-promote	Generate the Hex and npm bills of materials from source	2026-09-13T03:31:24.9407710Z   npm error extraneous: shebang-regex@1.0.0 /Users/runner/work/keepling/keepling/node_modules/execa/node_modules/shebang-regex
desktop-promote	Generate the Hex and npm bills of materials from source	2026-09-13T03:31:24.9408530Z   npm error extraneous: which@1.3.1 /Users/runner/work/keepling/keepling/node_modules/execa/node_modules/which
desktop-promote	Generate the Hex and npm bills of materials from source	2026-09-13T03:31:24.9409290Z   npm error extraneous: content-type@1.0.5 /Users/runner/work/keepling/keepling/node_modules/express/node_modules/content-type
desktop-promote	Generate the Hex and npm bills of materials from source	2026-09-13T03:31:24.9410110Z   npm error extraneous: iconv-lite@0.4.24 /Users/runner/work/keepling/keepling/node_modules/external-editor/node_modules/iconv-lite
desktop-promote	Generate the Hex and npm bills of materials from source	2026-09-13T03:31:24.9411010Z   npm error extraneous: is-unicode-supported@2.1.0 /Users/runner/work/keepling/keepling/node_modules/figures/node_modules/is-unicode-supported
desktop-promote	Generate the Hex and npm bills of materials from source	2026-09-13T03:31:24.9411890Z   npm error extraneous: locate-path@6.0.0 /Users/runner/work/keepling/keepling/node_modules/find-up/node_modules/locate-path
desktop-promote	Generate the Hex and npm bills of materials from source	2026-09-13T03:31:24.9412690Z   npm error extraneous: p-locate@5.0.0 /Users/runner/work/keepling/keepling/node_modules/find-up/node_modules/p-locate
desktop-promote	Generate the Hex and npm bills of materials from source	2026-09-13T03:31:24.9413460Z   npm error extraneous: path-exists@4.0.0 /Users/runner/work/keepling/keepling/node_modules/find-up/node_modules/path-exists
desktop-promote	Generate the Hex and npm bills of materials from source	2026-09-13T03:31:24.9414220Z   npm error extraneous: debug@2.6.9 /Users/runner/work/keepling/keepling/node_modules/get-package-info/node_modules/debug
desktop-promote	Generate the Hex and npm bills of materials from source	2026-09-13T03:31:24.9415030Z   npm error extraneous: ms@2.0.0 /Users/runner/work/keepling/keepling/node_modules/get-package-info/node_modules/ms
desktop-promote	Generate the Hex and npm bills of materials from source	2026-09-13T03:31:24.9415810Z   npm error extraneous: brace-expansion@1.1.18 /Users/runner/work/keepling/keepling/node_modules/glob/node_modules/brace-expansion
desktop-promote	Generate the Hex and npm bills of materials from source	2026-09-13T03:31:24.9417200Z   npm error extraneous: minimatch@3.1.5 /Users/runner/work/keepling/keepling/node_modules/glob/node_modules/minimatch
desktop-promote	Generate the Hex and npm bills of materials from source	2026-09-13T03:31:24.9418000Z   npm error extraneous: is-docker@3.0.0 /Users/runner/work/keepling/keepling/node_modules/is-inside-container/node_modules/is-docker
desktop-promote	Generate the Hex and npm bills of materials from source	2026-09-13T03:31:24.9418840Z   npm error extraneous: supports-color@8.1.1 /Users/runner/work/keepling/keepling/node_modules/jest-worker/node_modules/supports-color
desktop-promote	Generate the Hex and npm bills of materials from source	2026-09-13T03:31:24.9421650Z   npm error extraneous: undici@8.10.1 /Users/runner/work/keepling/keepling/node_modules/jsdom/node_modules/undici
desktop-promote	Generate the Hex and npm bills of materials from source	2026-09-13T03:31:24.9423750Z   npm error extraneous: whatwg-url@17.1.0 /Users/runner/work/keepling/keepling/node_modules/jsdom/node_modules/whatwg-url
desktop-promote	Generate the Hex and npm bills of materials from source	2026-09-13T03:31:24.9425830Z   npm error extraneous: colorette@2.0.20 /Users/runner/work/keepling/keepling/node_modules/listr2/node_modules/colorette
desktop-promote	Generate the Hex and npm bills of materials from source	2026-09-13T03:31:24.9428310Z   npm error extraneous: parse-json@2.2.0 /Users/runner/work/keepling/keepling/node_modules/load-json-file/node_modules/parse-json
desktop-promote	Generate the Hex and npm bills of materials from source	2026-09-13T03:31:24.9430750Z   npm error extraneous: ansi-escapes@5.0.0 /Users/runner/work/keepling/keepling/node_modules/log-update/node_modules/ansi-escapes
desktop-promote	Generate the Hex and npm bills of materials from source	2026-09-13T03:31:24.9433150Z   npm error extraneous: ansi-regex@6.3.0 /Users/runner/work/keepling/keepling/node_modules/log-update/node_modules/ansi-regex
desktop-promote	Generate the Hex and npm bills of materials from source	2026-09-13T03:31:24.9435410Z   npm error extraneous: cli-cursor@4.0.0 /Users/runner/work/keepling/keepling/node_modules/log-update/node_modules/cli-cursor
desktop-promote	Generate the Hex and npm bills of materials from source	2026-09-13T03:31:24.9441260Z   npm error extraneous: restore-cursor@4.0.0 /Users/runner/work/keepling/keepling/node_modules/log-update/node_modules/restore-cursor
desktop-promote	Generate the Hex and npm bills of materials from source	2026-09-13T03:31:24.9442490Z   npm error extraneous: strip-ansi@7.2.0 /Users/runner/work/keepling/keepling/node_modules/log-update/node_modules/strip-ansi
desktop-promote	Generate the Hex and npm bills of materials from source	2026-09-13T03:31:24.9443320Z   npm error extraneous: type-fest@1.4.0 /Users/runner/work/keepling/keepling/node_modules/log-update/node_modules/type-fest
desktop-promote	Generate the Hex and npm bills of materials from source	2026-09-13T03:31:24.9444220Z   npm error extraneous: https-proxy-agent@5.0.1 /Users/runner/work/keepling/keepling/node_modules/make-fetch-happen/node_modules/https-proxy-agent
desktop-promote	Generate the Hex and npm bills of materials from source	2026-09-13T03:31:24.9445530Z   npm error extraneous: lru-cache@7.18.3 /Users/runner/work/keepling/keepling/node_modules/make-fetch-happen/node_modules/lru-cache
desktop-promote	Generate the Hex and npm bills of materials from source	2026-09-13T03:31:24.9446370Z   npm error extraneous: picomatch@2.3.2 /Users/runner/work/keepling/keepling/node_modules/micromatch/node_modules/picomatch
desktop-promote	Generate the Hex and npm bills of materials from source	2026-09-13T03:31:24.9447230Z   npm error extraneous: balanced-match@4.0.4 /Users/runner/work/keepling/keepling/node_modules/minimatch/node_modules/balanced-match
desktop-promote	Generate the Hex and npm bills of materials from source	2026-09-13T03:31:24.9448110Z   npm error extraneous: brace-expansion@5.0.9 /Users/runner/work/keepling/keepling/node_modules/minimatch/node_modules/brace-expansion
desktop-promote	Generate the Hex and npm bills of materials from source	2026-09-13T03:31:24.9448950Z   npm error extraneous: semver@5.7.2 /Users/runner/work/keepling/keepling/node_modules/normalize-package-data/node_modules/semver
desktop-promote	Generate the Hex and npm bills of materials from source	2026-09-13T03:31:24.9449740Z   npm error extraneous: path-key@2.0.1 /Users/runner/work/keepling/keepling/node_modules/npm-run-path/node_modules/path-key
desktop-promote	Generate the Hex and npm bills of materials from source	2026-09-13T03:31:24.9450490Z   npm error extraneous: p-limit@1.3.0 /Users/runner/work/keepling/keepling/node_modules/p-locate/node_modules/p-limit
desktop-promote	Generate the Hex and npm bills of materials from source	2026-09-13T03:31:24.9451210Z   npm error extraneous: find-up@3.0.0 /Users/runner/work/keepling/keepling/node_modules/pkg-up/node_modules/find-up
desktop-promote	Generate the Hex and npm bills of materials from source	2026-09-13T03:31:24.9451950Z   npm error extraneous: locate-path@3.0.0 /Users/runner/work/keepling/keepling/node_modules/pkg-up/node_modules/locate-path
desktop-promote	Generate the Hex and npm bills of materials from source	2026-09-13T03:31:24.9452690Z   npm error extraneous: p-limit@2.3.0 /Users/runner/work/keepling/keepling/node_modules/pkg-up/node_modules/p-limit
desktop-promote	Generate the Hex and npm bills of materials from source	2026-09-13T03:31:24.9453440Z   npm error extraneous: p-locate@3.0.0 /Users/runner/work/keepling/keepling/node_modules/pkg-up/node_modules/p-locate
desktop-promote	Generate the Hex and npm bills of materials from source	2026-09-13T03:31:24.9454140Z   npm error extraneous: p-try@2.2.0 /Users/runner/work/keepling/keepling/node_modules/pkg-up/node_modules/p-try
desktop-promote	Generate the Hex and npm bills of materials from source	2026-09-13T03:31:24.9454870Z   npm error extraneous: commander@9.5.0 /Users/runner/work/keepling/keepling/node_modules/postject/node_modules/commander
desktop-promote	Generate the Hex and npm bills of materials from source	2026-09-13T03:31:24.9455850Z   npm error extraneous: ansi-styles@5.2.0 /Users/runner/work/keepling/keepling/node_modules/pretty-format/node_modules/ansi-styles
desktop-promote	Generate the Hex and npm bills of materials from source	2026-09-13T03:31:24.9456600Z   npm error extraneous: kleur@3.0.3 /Users/runner/work/keepling/keepling/node_modules/prompts/node_modules/kleur
desktop-promote	Generate the Hex and npm bills of materials from source	2026-09-13T03:31:24.9457320Z   npm error extraneous: find-up@2.1.0 /Users/runner/work/keepling/keepling/node_modules/read-pkg-up/node_modules/find-up
desktop-promote	Generate the Hex and npm bills of materials from source	2026-09-13T03:31:24.9458140Z   npm error extraneous: type-fest@0.13.1 /Users/runner/work/keepling/keepling/node_modules/serialize-error/node_modules/type-fest
desktop-promote	Generate the Hex and npm bills of materials from source	2026-09-13T03:31:24.9458980Z   npm error extraneous: ansi-regex@6.3.0 /Users/runner/work/keepling/keepling/node_modules/shadcn/node_modules/ansi-regex
desktop-promote	Generate the Hex and npm bills of materials from source	2026-09-13T03:31:24.9459730Z   npm error extraneous: chalk@5.6.2 /Users/runner/work/keepling/keepling/node_modules/shadcn/node_modules/chalk
desktop-promote	Generate the Hex and npm bills of materials from source	2026-09-13T03:31:24.9460440Z   npm error extraneous: cli-cursor@5.0.0 /Users/runner/work/keepling/keepling/node_modules/shadcn/node_modules/cli-cursor
desktop-promote	Generate the Hex and npm bills of materials from source	2026-09-13T03:31:24.9461190Z   npm error extraneous: commander@14.0.3 /Users/runner/work/keepling/keepling/node_modules/shadcn/node_modules/commander
desktop-promote	Generate the Hex and npm bills of materials from source	2026-09-13T03:31:24.9462340Z   npm error extraneous: define-lazy-prop@3.0.0 /Users/runner/work/keepling/keepling/node_modules/shadcn/node_modules/define-lazy-prop
desktop-promote	Generate the Hex and npm bills of materials from source	2026-09-13T03:31:24.9463230Z   npm error extraneous: emoji-regex@10.6.0 /Users/runner/work/keepling/keepling/node_modules/shadcn/node_modules/emoji-regex
desktop-promote	Generate the Hex and npm bills of materials from source	2026-09-13T03:31:24.9463970Z   npm error extraneous: execa@9.6.1 /Users/runner/work/keepling/keepling/node_modules/shadcn/node_modules/execa
desktop-promote	Generate the Hex and npm bills of materials from source	2026-09-13T03:31:24.9464680Z   npm error extraneous: fs-extra@11.4.0 /Users/runner/work/keepling/keepling/node_modules/shadcn/node_modules/fs-extra
desktop-promote	Generate the Hex and npm bills of materials from source	2026-09-13T03:31:24.9465430Z   npm error extraneous: get-stream@9.0.1 /Users/runner/work/keepling/keepling/node_modules/shadcn/node_modules/get-stream
desktop-promote	Generate the Hex and npm bills of materials from source	2026-09-13T03:31:24.9466210Z   npm error extraneous: human-signals@8.0.1 /Users/runner/work/keepling/keepling/node_modules/shadcn/node_modules/human-signals
desktop-promote	Generate the Hex and npm bills of materials from source	2026-09-13T03:31:24.9468670Z   npm error extraneous: is-interactive@2.0.0 /Users/runner/work/keepling/keepling/node_modules/shadcn/node_modules/is-interactive
desktop-promote	Generate the Hex and npm bills of materials from source	2026-09-13T03:31:24.9469580Z   npm error extraneous: is-unicode-supported@2.1.0 /Users/runner/work/keepling/keepling/node_modules/shadcn/node_modules/is-unicode-supported
desktop-promote	Generate the Hex and npm bills of materials from source	2026-09-13T03:31:24.9470390Z   npm error extraneous: log-symbols@6.0.0 /Users/runner/work/keepling/keepling/node_modules/shadcn/node_modules/log-symbols
desktop-promote	Generate the Hex and npm bills of materials from source	2026-09-13T03:31:24.9471150Z   npm error extraneous: npm-run-path@6.0.0 /Users/runner/work/keepling/keepling/node_modules/shadcn/node_modules/npm-run-path
desktop-promote	Generate the Hex and npm bills of materials from source	2026-09-13T03:31:24.9471880Z   npm error extraneous: onetime@7.0.0 /Users/runner/work/keepling/keepling/node_modules/shadcn/node_modules/onetime
desktop-promote	Generate the Hex and npm bills of materials from source	2026-09-13T03:31:24.9472580Z   npm error extraneous: open@11.0.2 /Users/runner/work/keepling/keepling/node_modules/shadcn/node_modules/open
desktop-promote	Generate the Hex and npm bills of materials from source	2026-09-13T03:31:24.9473260Z   npm error extraneous: ora@8.2.0 /Users/runner/work/keepling/keepling/node_modules/shadcn/node_modules/ora
desktop-promote	Generate the Hex and npm bills of materials from source	2026-09-13T03:31:24.9473950Z   npm error extraneous: path-key@4.0.0 /Users/runner/work/keepling/keepling/node_modules/shadcn/node_modules/path-key
desktop-promote	Generate the Hex and npm bills of materials from source	2026-09-13T03:31:24.9474720Z   npm error extraneous: restore-cursor@5.1.0 /Users/runner/work/keepling/keepling/node_modules/shadcn/node_modules/restore-cursor
desktop-promote	Generate the Hex and npm bills of materials from source	2026-09-13T03:31:24.9475500Z   npm error extraneous: signal-exit@4.1.0 /Users/runner/work/keepling/keepling/node_modules/shadcn/node_modules/signal-exit
desktop-promote	Generate the Hex and npm bills of materials from source	2026-09-13T03:31:24.9476280Z   npm error extraneous: string-width@7.2.0 /Users/runner/work/keepling/keepling/node_modules/shadcn/node_modules/string-width
desktop-promote	Generate the Hex and npm bills of materials from source	2026-09-13T03:31:24.9477040Z   npm error extraneous: strip-ansi@7.2.0 /Users/runner/work/keepling/keepling/node_modules/shadcn/node_modules/strip-ansi
desktop-promote	Generate the Hex and npm bills of materials from source	2026-09-13T03:31:24.9477960Z   npm error extraneous: strip-final-newline@4.0.0 /Users/runner/work/keepling/keepling/node_modules/shadcn/node_modules/strip-final-newline
desktop-promote	Generate the Hex and npm bills of materials from source	2026-09-13T03:31:24.9479050Z   npm error extraneous: zod@3.25.76 /Users/runner/work/keepling/keepling/node_modules/shadcn/node_modules/zod
desktop-promote	Generate the Hex and npm bills of materials from source	2026-09-13T03:31:24.9479860Z   npm error extraneous: ansi-styles@6.2.3 /Users/runner/work/keepling/keepling/node_modules/slice-ansi/node_modules/ansi-styles
desktop-promote	Generate the Hex and npm bills of materials from source	2026-09-13T03:31:24.9480780Z   npm error extraneous: is-fullwidth-code-point@4.0.0 /Users/runner/work/keepling/keepling/node_modules/slice-ansi/node_modules/is-fullwidth-code-point
desktop-promote	Generate the Hex and npm bills of materials from source	2026-09-13T03:31:24.9481630Z   npm error extraneous: is-obj@3.0.0 /Users/runner/work/keepling/keepling/node_modules/stringify-object/node_modules/is-obj
desktop-promote	Generate the Hex and npm bills of materials from source	2026-09-13T03:31:24.9482620Z   npm error extraneous: escape-string-regexp@1.0.5 /Users/runner/work/keepling/keepling/node_modules/strip-outer/node_modules/escape-string-regexp
desktop-promote	Generate the Hex and npm bills of materials from source	2026-09-13T03:31:24.9483460Z   npm error extraneous: minipass@5.0.0 /Users/runner/work/keepling/keepling/node_modules/tar/node_modules/minipass
desktop-promote	Generate the Hex and npm bills of materials from source	2026-09-13T03:31:24.9484210Z   npm error extraneous: commander@2.20.3 /Users/runner/work/keepling/keepling/node_modules/terser/node_modules/commander
desktop-promote	Generate the Hex and npm bills of materials from source	2026-09-13T03:31:24.9485460Z   npm error extraneous: escape-string-regexp@1.0.5 /Users/runner/work/keepling/keepling/node_modules/trim-repeated/node_modules/escape-string-regexp
desktop-promote	Generate the Hex and npm bills of materials from source	2026-09-13T03:31:24.9486360Z   npm error extraneous: typescript@6.0.3 /Users/runner/work/keepling/keepling/node_modules/ts-api-utils/node_modules/typescript
desktop-promote	Generate the Hex and npm bills of materials from source	2026-09-13T03:31:24.9489400Z   npm error extraneous: typescript@6.0.3 /Users/runner/work/keepling/keepling/node_modules/typescript-eslint/node_modules/typescript
desktop-promote	Generate the Hex and npm bills of materials from source	2026-09-13T03:31:24.9490290Z   npm error extraneous: fsevents@2.3.3 /Users/runner/work/keepling/keepling/node_modules/vite/node_modules/fsevents
desktop-promote	Generate the Hex and npm bills of materials from source	2026-09-13T03:31:24.9491020Z   npm error extraneous: tr46@0.0.3 /Users/runner/work/keepling/keepling/node_modules/whatwg-url/node_modules/tr46
desktop-promote	Generate the Hex and npm bills of materials from source	2026-09-13T03:31:24.9491840Z   npm error extraneous: webidl-conversions@3.0.1 /Users/runner/work/keepling/keepling/node_modules/whatwg-url/node_modules/webidl-conversions
desktop-promote	Generate the Hex and npm bills of materials from source	2026-09-13T03:31:24.9492750Z   npm error extraneous: ansi-regex@6.3.0 /Users/runner/work/keepling/keepling/node_modules/wrap-ansi/node_modules/ansi-regex
desktop-promote	Generate the Hex and npm bills of materials from source	2026-09-13T03:31:24.9494000Z   npm error extraneous: ansi-styles@6.2.3 /Users/runner/work/keepling/keepling/node_modules/wrap-ansi/node_modules/ansi-styles
desktop-promote	Generate the Hex and npm bills of materials from source	2026-09-13T03:31:24.9494780Z   npm error extraneous: emoji-regex@9.2.2 /Users/runner/work/keepling/keepling/node_modules/wrap-ansi/node_modules/emoji-regex
desktop-promote	Generate the Hex and npm bills of materials from source	2026-09-13T03:31:24.9495590Z   npm error extraneous: string-width@5.1.2 /Users/runner/work/keepling/keepling/node_modules/wrap-ansi/node_modules/string-width
desktop-promote	Generate the Hex and npm bills of materials from source	2026-09-13T03:31:24.9496400Z   npm error extraneous: strip-ansi@7.2.0 /Users/runner/work/keepling/keepling/node_modules/wrap-ansi/node_modules/strip-ansi
desktop-promote	Generate the Hex and npm bills of materials from source	2026-09-13T03:31:24.9497150Z   npm error extraneous: is-wsl@3.1.1 /Users/runner/work/keepling/keepling/node_modules/wsl-utils/node_modules/is-wsl
desktop-promote	Generate the Hex and npm bills of materials from source	2026-09-13T03:31:24.9517430Z   npm error extraneous: powershell-utils@0.1.0 /Users/runner/work/keepling/keepling/node_modules/wsl-utils/node_modules/powershell-utils
desktop-promote	Generate the Hex and npm bills of materials from source	2026-09-13T03:31:24.9518320Z   npm error extraneous: zod@3.25.76 /Users/runner/work/keepling/keepling/node_modules/zod-to-json-schema/node_modules/zod
desktop-promote	Generate the Hex and npm bills of materials from source	2026-09-13T03:31:24.9519320Z   npm error extraneous: is-unicode-supported@1.3.0 /Users/runner/work/keepling/keepling/node_modules/shadcn/node_modules/log-symbols/node_modules/is-unicode-supported
desktop-promote	Generate the Hex and npm bills of materials from source	2026-09-13T03:31:24.9520780Z   npm error A complete log of this run can be found in: /Users/runner/.npm/_logs/2026-09-13T03_31_22_623Z-debug-0.log
desktop-promote	Generate the Hex and npm bills of materials from source	2026-09-13T03:31:24.9521310Z   
desktop-promote	Generate the Hex and npm bills of materials from source	2026-09-13T03:31:24.9521690Z   npm warn Unknown env config "node-linker". This will stop working in the next major version of npm.
desktop-promote	Generate the Hex and npm bills of materials from source	2026-09-13T03:31:24.9522330Z   npm warn Unknown project config "node-linker". This will stop working in the next major version of npm.
desktop-promote	Generate the Hex and npm bills of materials from source	2026-09-13T03:31:24.9522770Z   npm error code ELSPROBLEMS
desktop-promote	Generate the Hex and npm bills of materials from source	2026-09-13T03:31:24.9523670Z   npm error extraneous: @adobe/css-tools@4.5.0 /Users/runner/work/keepling/keepling/node_modules/@adobe/css-tools
desktop-promote	Generate the Hex and npm bills of materials from source	2026-09-13T03:31:24.9524480Z   npm error extraneous: @asamuzakjp/css-color@6.0.7 /Users/runner/work/keepling/keepling/node_modules/@asamuzakjp/css-color
desktop-promote	Generate the Hex and npm bills of materials from source	2026-09-13T03:31:24.9525300Z   npm error extraneous: @asamuzakjp/dom-selector@8.3.2 /Users/runner/work/keepling/keepling/node_modules/@asamuzakjp/dom-selector
desktop-promote	Generate the Hex and npm bills of materials from source	2026-09-13T03:31:24.9526120Z   npm error extraneous: @axe-core/playwright@4.13.0 /Users/runner/work/keepling/keepling/node_modules/@axe-core/playwright
desktop-promote	Generate the Hex and npm bills of materials from source	2026-09-13T03:31:24.9526850Z   npm error extraneous: @babel/compat-data@7.29.7 /Users/runner/work/keepling/keepling/node_modules/@babel/compat-data
desktop-promote	Generate the Hex and npm bills of materials from source	2026-09-13T03:31:24.9527550Z   npm error extraneous: @babel/core@7.29.7 /Users/runner/work/keepling/keepling/node_modules/@babel/core
desktop-promote	Generate the Hex and npm bills of materials from source	2026-09-13T03:31:24.9528240Z   npm error extraneous: @babel/generator@7.29.8 /Users/runner/work/keepling/keepling/node_modules/@babel/generator
desktop-promote	Generate the Hex and npm bills of materials from source	2026-09-13T03:31:24.9529040Z   npm error extraneous: @babel/helper-annotate-as-pure@7.29.7 /Users/runner/work/keepling/keepling/node_modules/@babel/helper-annotate-as-pure
desktop-promote	Generate the Hex and npm bills of materials from source	2026-09-13T03:31:24.9530010Z   npm error extraneous: @babel/helper-compilation-targets@7.29.7 /Users/runner/work/keepling/keepling/node_modules/@babel/helper-compilation-targets
desktop-promote	Generate the Hex and npm bills of materials from source	2026-09-13T03:31:24.9531020Z   npm error extraneous: @babel/helper-create-class-features-plugin@7.29.7 /Users/runner/work/keepling/keepling/node_modules/@babel/helper-create-class-features-plugin
desktop-promote	Generate the Hex and npm bills of materials from source	2026-09-13T03:31:24.9531920Z   npm error extraneous: @babel/helper-globals@7.29.7 /Users/runner/work/keepling/keepling/node_modules/@babel/helper-globals
desktop-promote	Generate the Hex and npm bills of materials from source	2026-09-13T03:31:24.9532870Z   npm error extraneous: @babel/helper-member-expression-to-functions@7.29.7 /Users/runner/work/keepling/keepling/node_modules/@babel/helper-member-expression-to-functions
desktop-promote	Generate the Hex and npm bills of materials from source	2026-09-13T03:31:24.9534070Z   npm error extraneous: @babel/helper-module-imports@7.29.7 /Users/runner/work/keepling/keepling/node_modules/@babel/helper-module-imports
desktop-promote	Generate the Hex and npm bills of materials from source	2026-09-13T03:31:24.9535020Z   npm error extraneous: @babel/helper-module-transforms@7.29.7 /Users/runner/work/keepling/keepling/node_modules/@babel/helper-module-transforms
desktop-promote	Generate the Hex and npm bills of materials from source	2026-09-13T03:31:24.9536200Z   npm error extraneous: @babel/helper-optimise-call-expression@7.29.7 /Users/runner/work/keepling/keepling/node_modules/@babel/helper-optimise-call-expression
desktop-promote	Generate the Hex and npm bills of materials from source	2026-09-13T03:31:24.9537140Z   npm error extraneous: @babel/helper-plugin-utils@7.29.7 /Users/runner/work/keepling/keepling/node_modules/@babel/helper-plugin-utils
desktop-promote	Generate the Hex and npm bills of materials from source	2026-09-13T03:31:24.9538030Z   npm error extraneous: @babel/helper-replace-supers@7.29.7 /Users/runner/work/keepling/keepling/node_modules/@babel/helper-replace-supers
desktop-promote	Generate the Hex and npm bills of materials from source	2026-09-13T03:31:24.9539110Z   npm error extraneous: @babel/helper-skip-transparent-expression-wrappers@7.29.7 /Users/runner/work/keepling/keepling/node_modules/@babel/helper-skip-transparent-expression-wrappers
desktop-promote	Generate the Hex and npm bills of materials from source	2026-09-13T03:31:24.9540160Z   npm error extraneous: @babel/helper-string-parser@7.29.7 /Users/runner/work/keepling/keepling/node_modules/@babel/helper-string-parser
desktop-promote	Generate the Hex and npm bills of materials from source	2026-09-13T03:31:24.9541080Z   npm error extraneous: @babel/helper-validator-option@7.29.7 /Users/runner/work/keepling/keepling/node_modules/@babel/helper-validator-option
desktop-promote	Generate the Hex and npm bills of materials from source	2026-09-13T03:31:24.9541840Z   npm error extraneous: @babel/helpers@7.29.7 /Users/runner/work/keepling/keepling/node_modules/@babel/helpers
desktop-promote	Generate the Hex and npm bills of materials from source	2026-09-13T03:31:24.9542520Z   npm error extraneous: @babel/parser@7.29.8 /Users/runner/work/keepling/keepling/node_modules/@babel/parser
desktop-promote	Generate the Hex and npm bills of materials from source	2026-09-13T03:31:24.9543300Z   npm error extraneous: @babel/plugin-syntax-jsx@7.29.7 /Users/runner/work/keepling/keepling/node_modules/@babel/plugin-syntax-jsx
desktop-promote	Generate the Hex and npm bills of materials from source	2026-09-13T03:31:24.9544190Z   npm error extraneous: @babel/plugin-syntax-typescript@7.29.7 /Users/runner/work/keepling/keepling/node_modules/@babel/plugin-syntax-typescript
desktop-promote	Generate the Hex and npm bills of materials from source	2026-09-13T03:31:24.9545160Z   npm error extraneous: @babel/plugin-transform-modules-commonjs@7.29.7 /Users/runner/work/keepling/keepling/node_modules/@babel/plugin-transform-modules-commonjs
desktop-promote	Generate the Hex and npm bills of materials from source	2026-09-13T03:31:24.9546510Z   npm error extraneous: @babel/plugin-transform-typescript@7.29.7 /Users/runner/work/keepling/keepling/node_modules/@babel/plugin-transform-typescript
desktop-promote	Generate the Hex and npm bills of materials from source	2026-09-13T03:31:24.9547440Z   npm error extraneous: @babel/preset-typescript@7.29.7 /Users/runner/work/keepling/keepling/node_modules/@babel/preset-typescript
desktop-promote	Generate the Hex and npm bills of materials from source	2026-09-13T03:31:24.9548210Z   npm error extraneous: @babel/runtime@7.29.7 /Users/runner/work/keepling/keepling/node_modules/@babel/runtime
desktop-promote	Generate the Hex and npm bills of materials from source	2026-09-13T03:31:24.9548920Z   npm error extraneous: @babel/template@7.29.7 /Users/runner/work/keepling/keepling/node_modules/@babel/template
desktop-promote	Generate the Hex and npm bills of materials from source	2026-09-13T03:31:24.9549640Z   npm error extraneous: @babel/traverse@7.29.8 /Users/runner/work/keepling/keepling/node_modules/@babel/traverse
desktop-promote	Generate the Hex and npm bills of materials from source	2026-09-13T03:31:24.9550330Z   npm error extraneous: @babel/types@7.29.8 /Users/runner/work/keepling/keepling/node_modules/@babel/types
desktop-promote	Generate the Hex and npm bills of materials from source	2026-09-13T03:31:24.9551810Z   npm error extraneous: @base-ui/react@1.7.0 /Users/runner/work/keepling/keepling/node_modules/@base-ui/react
desktop-promote	Generate the Hex and npm bills of materials from source	2026-09-13T03:31:24.9552570Z   npm error extraneous: @base-ui/utils@0.3.2 /Users/runner/work/keepling/keepling/node_modules/@base-ui/utils
desktop-promote	Generate the Hex and npm bills of materials from source	2026-09-13T03:31:24.9553320Z   npm error extraneous: @bramus/specificity@2.4.2 /Users/runner/work/keepling/keepling/node_modules/@bramus/specificity
desktop-promote	Generate the Hex and npm bills of materials from source	2026-09-13T03:31:24.9554120Z   npm error extraneous: @csstools/color-helpers@6.1.1 /Users/runner/work/keepling/keepling/node_modules/@csstools/color-helpers
desktop-promote	Generate the Hex and npm bills of materials from source	2026-09-13T03:31:24.9554910Z   npm error extraneous: @csstools/css-calc@3.3.0 /Users/runner/work/keepling/keepling/node_modules/@csstools/css-calc
desktop-promote	Generate the Hex and npm bills of materials from source	2026-09-13T03:31:24.9555740Z   npm error extraneous: @csstools/css-color-parser@4.2.2 /Users/runner/work/keepling/keepling/node_modules/@csstools/css-color-parser
desktop-promote	Generate the Hex and npm bills of materials from source	2026-09-13T03:31:24.9556660Z   npm error extraneous: @csstools/css-parser-algorithms@4.0.0 /Users/runner/work/keepling/keepling/node_modules/@csstools/css-parser-algorithms
desktop-promote	Generate the Hex and npm bills of materials from source	2026-09-13T03:31:24.9557700Z   npm error extraneous: @csstools/css-syntax-patches-for-csstree@1.1.12 /Users/runner/work/keepling/keepling/node_modules/@csstools/css-syntax-patches-for-csstree
desktop-promote	Generate the Hex and npm bills of materials from source	2026-09-13T03:31:24.9558810Z   npm error extraneous: @csstools/css-tokenizer@4.0.0 /Users/runner/work/keepling/keepling/node_modules/@csstools/css-tokenizer
desktop-promote	Generate the Hex and npm bills of materials from source	2026-09-13T03:31:24.9560180Z   npm error extraneous: @dotenvx/dotenvx@1.75.1 /Users/runner/work/keepling/keepling/node_modules/@dotenvx/dotenvx
desktop-promote	Generate the Hex and npm bills of materials from source	2026-09-13T03:31:24.9560920Z   npm error extraneous: @dotenvx/primitives@0.8.0 /Users/runner/work/keepling/keepling/node_modules/@dotenvx/primitives
desktop-promote	Generate the Hex and npm bills of materials from source	2026-09-13T03:31:24.9561670Z   npm error extraneous: @electron-forge/cli@7.11.2 /Users/runner/work/keepling/keepling/node_modules/@electron-forge/cli
desktop-promote	Generate the Hex and npm bills of materials from source	2026-09-13T03:31:24.9562470Z   npm error extraneous: @electron-forge/core-utils@7.11.2 /Users/runner/work/keepling/keepling/node_modules/@electron-forge/core-utils
desktop-promote	Generate the Hex and npm bills of materials from source	2026-09-13T03:31:24.9563270Z   npm error extraneous: @electron-forge/core@7.11.2 /Users/runner/work/keepling/keepling/node_modules/@electron-forge/core
desktop-promote	Generate the Hex and npm bills of materials from source	2026-09-13T03:31:24.9564270Z   npm error extraneous: @electron-forge/maker-base@7.11.2 /Users/runner/work/keepling/keepling/node_modules/@electron-forge/maker-base
desktop-promote	Generate the Hex and npm bills of materials from source	2026-09-13T03:31:24.9565120Z   npm error extraneous: @electron-forge/maker-zip@7.11.2 /Users/runner/work/keepling/keepling/node_modules/@electron-forge/maker-zip
desktop-promote	Generate the Hex and npm bills of materials from source	2026-09-13T03:31:24.9565980Z   npm error extraneous: @electron-forge/plugin-base@7.11.2 /Users/runner/work/keepling/keepling/node_modules/@electron-forge/plugin-base
desktop-promote	Generate the Hex and npm bills of materials from source	2026-09-13T03:31:24.9567280Z   npm error extraneous: @electron-forge/publisher-base@7.11.2 /Users/runner/work/keepling/keepling/node_modules/@electron-forge/publisher-base
desktop-promote	Generate the Hex and npm bills of materials from source	2026-09-13T03:31:24.9568220Z   npm error extraneous: @electron-forge/shared-types@7.11.2 /Users/runner/work/keepling/keepling/node_modules/@electron-forge/shared-types
desktop-promote	Generate the Hex and npm bills of materials from source	2026-09-13T03:31:24.9569130Z   npm error extraneous: @electron-forge/template-base@7.11.2 /Users/runner/work/keepling/keepling/node_modules/@electron-forge/template-base
desktop-promote	Generate the Hex and npm bills of materials from source	2026-09-13T03:31:24.9570280Z   npm error extraneous: @electron-forge/template-vite-typescript@7.11.2 /Users/runner/work/keepling/keepling/node_modules/@electron-forge/template-vite-typescript
desktop-promote	Generate the Hex and npm bills of materials from source	2026-09-13T03:31:24.9571260Z   npm error extraneous: @electron-forge/template-vite@7.11.2 /Users/runner/work/keepling/keepling/node_modules/@electron-forge/template-vite
desktop-promote	Generate the Hex and npm bills of materials from source	2026-09-13T03:31:24.9572410Z   npm error extraneous: @electron-forge/template-webpack-typescript@7.11.2 /Users/runner/work/keepling/keepling/node_modules/@electron-forge/template-webpack-typescript
desktop-promote	Generate the Hex and npm bills of materials from source	2026-09-13T03:31:24.9573440Z   npm error extraneous: @electron-forge/template-webpack@7.11.2 /Users/runner/work/keepling/keepling/node_modules/@electron-forge/template-webpack
desktop-promote	Generate the Hex and npm bills of materials from source	2026-09-13T03:31:24.9574330Z   npm error extraneous: @electron-forge/tracer@7.11.2 /Users/runner/work/keepling/keepling/node_modules/@electron-forge/tracer
desktop-promote	Generate the Hex and npm bills of materials from source	2026-09-13T03:31:24.9575190Z   npm error extraneous: @electron-internal/extract-zip@1.0.5 /Users/runner/work/keepling/keepling/node_modules/@electron-internal/extract-zip
desktop-promote	Generate the Hex and npm bills of materials from source	2026-09-13T03:31:24.9575950Z   npm error extraneous: @electron/asar@3.4.1 /Users/runner/work/keepling/keepling/node_modules/@electron/asar
desktop-promote	Generate the Hex and npm bills of materials from source	2026-09-13T03:31:24.9576620Z   npm error extraneous: @electron/get@3.1.0 /Users/runner/work/keepling/keepling/node_modules/@electron/get
desktop-promote	Generate the Hex and npm bills of materials from source	2026-09-13T03:31:24.9577370Z   npm error extraneous: @electron/node-gyp@10.2.0-electron.1 /Users/runner/work/keepling/keepling/node_modules/@electron/node-gyp
desktop-promote	Generate the Hex and npm bills of materials from source	2026-09-13T03:31:24.9578130Z   npm error extraneous: @electron/notarize@2.5.0 /Users/runner/work/keepling/keepling/node_modules/@electron/notarize
desktop-promote	Generate the Hex and npm bills of materials from source	2026-09-13T03:31:24.9578830Z   npm error extraneous: @electron/osx-sign@1.3.3 /Users/runner/work/keepling/keepling/node_modules/@electron/osx-sign
desktop-promote	Generate the Hex and npm bills of materials from source	2026-09-13T03:31:24.9579530Z   npm error extraneous: @electron/packager@18.4.4 /Users/runner/work/keepling/keepling/node_modules/@electron/packager
desktop-promote	Generate the Hex and npm bills of materials from source	2026-09-13T03:31:24.9580230Z   npm error extraneous: @electron/rebuild@3.7.2 /Users/runner/work/keepling/keepling/node_modules/@electron/rebuild
desktop-promote	Generate the Hex and npm bills of materials from source	2026-09-13T03:31:24.9580930Z   npm error extraneous: @electron/universal@2.0.3 /Users/runner/work/keepling/keepling/node_modules/@electron/universal
desktop-promote	Generate the Hex and npm bills of materials from source	2026-09-13T03:31:24.9582070Z   npm error extraneous: @electron/windows-sign@1.2.2 /Users/runner/work/keepling/keepling/node_modules/@electron/windows-sign
desktop-promote	Generate the Hex and npm bills of materials from source	2026-09-13T03:31:24.9582910Z   npm error extraneous: @eslint-community/eslint-utils@4.10.1 /Users/runner/work/keepling/keepling/node_modules/@eslint-community/eslint-utils
desktop-promote	Generate the Hex and npm bills of materials from source	2026-09-13T03:31:24.9583770Z   npm error extraneous: @eslint-community/regexpp@4.12.2 /Users/runner/work/keepling/keepling/node_modules/@eslint-community/regexpp
desktop-promote	Generate the Hex and npm bills of materials from source	2026-09-13T03:31:24.9584590Z   npm error extraneous: @eslint/config-array@0.23.5 /Users/runner/work/keepling/keepling/node_modules/@eslint/config-array
desktop-promote	Generate the Hex and npm bills of materials from source	2026-09-13T03:31:24.9585380Z   npm error extraneous: @eslint/config-helpers@0.7.0 /Users/runner/work/keepling/keepling/node_modules/@eslint/config-helpers
desktop-promote	Generate the Hex and npm bills of materials from source	2026-09-13T03:31:24.9586210Z   npm error extraneous: @eslint/core@1.2.1 /Users/runner/work/keepling/keepling/node_modules/@eslint/core
desktop-promote	Generate the Hex and npm bills of materials from source	2026-09-13T03:31:24.9586840Z   npm error extraneous: @eslint/js@10.0.1 /Users/runner/work/keepling/keepling/node_modules/@eslint/js
desktop-promote	Generate the Hex and npm bills of materials from source	2026-09-13T03:31:24.9587600Z   npm error extraneous: @eslint/object-schema@3.0.5 /Users/runner/work/keepling/keepling/node_modules/@eslint/object-schema
desktop-promote	Generate the Hex and npm bills of materials from source	2026-09-13T03:31:24.9588350Z   npm error extraneous: @eslint/plugin-kit@0.7.2 /Users/runner/work/keepling/keepling/node_modules/@eslint/plugin-kit
desktop-promote	Generate the Hex and npm bills of materials from source	2026-09-13T03:31:24.9589050Z   npm error extraneous: @exodus/bytes@1.15.1 /Users/runner/work/keepling/keepling/node_modules/@exodus/bytes
desktop-promote	Generate the Hex and npm bills of materials from source	2026-09-13T03:31:24.9589760Z   npm error extraneous: @floating-ui/core@1.8.0 /Users/runner/work/keepling/keepling/node_modules/@floating-ui/core
desktop-promote	Generate the Hex and npm bills of materials from source	2026-09-13T03:31:24.9590520Z   npm error extraneous: @floating-ui/dom@1.8.0 /Users/runner/work/keepling/keepling/node_modules/@floating-ui/dom
desktop-promote	Generate the Hex and npm bills of materials from source	2026-09-13T03:31:24.9591270Z   npm error extraneous: @floating-ui/react-dom@2.1.9 /Users/runner/work/keepling/keepling/node_modules/@floating-ui/react-dom
desktop-promote	Generate the Hex and npm bills of materials from source	2026-09-13T03:31:24.9592240Z   npm error extraneous: @floating-ui/utils@0.2.12 /Users/runner/work/keepling/keepling/node_modules/@floating-ui/utils
desktop-promote	Generate the Hex and npm bills of materials from source	2026-09-13T03:31:24.9592940Z   npm error extraneous: @gar/promisify@1.1.3 /Users/runner/work/keepling/keepling/node_modules/@gar/promisify
desktop-promote	Generate the Hex and npm bills of materials from source	2026-09-13T03:31:24.9593620Z   npm error extraneous: @hono/node-server@2.1.1 /Users/runner/work/keepling/keepling/node_modules/@hono/node-server
desktop-promote	Generate the Hex and npm bills of materials from source	2026-09-13T03:31:24.9594310Z   npm error extraneous: @humanfs/core@0.19.2 /Users/runner/work/keepling/keepling/node_modules/@humanfs/core
desktop-promote	Generate the Hex and npm bills of materials from source	2026-09-13T03:31:24.9594960Z   npm error extraneous: @humanfs/node@0.16.8 /Users/runner/work/keepling/keepling/node_modules/@humanfs/node
desktop-promote	Generate the Hex and npm bills of materials from source	2026-09-13T03:31:24.9595650Z   npm error extraneous: @humanfs/types@0.15.0 /Users/runner/work/keepling/keepling/node_modules/@humanfs/types
desktop-promote	Generate the Hex and npm bills of materials from source	2026-09-13T03:31:24.9596430Z   npm error extraneous: @humanwhocodes/module-importer@1.0.1 /Users/runner/work/keepling/keepling/node_modules/@humanwhocodes/module-importer
desktop-promote	Generate the Hex and npm bills of materials from source	2026-09-13T03:31:24.9597230Z   npm error extraneous: @humanwhocodes/retry@0.4.3 /Users/runner/work/keepling/keepling/node_modules/@humanwhocodes/retry
desktop-promote	Generate the Hex and npm bills of materials from source	2026-09-13T03:31:24.9597950Z   npm error extraneous: @inquirer/checkbox@3.0.1 /Users/runner/work/keepling/keepling/node_modules/@inquirer/checkbox
desktop-promote	Generate the Hex and npm bills of materials from source	2026-09-13T03:31:24.9598650Z   npm error extraneous: @inquirer/confirm@4.0.1 /Users/runner/work/keepling/keepling/node_modules/@inquirer/confirm
desktop-promote	Generate the Hex and npm bills of materials from source	2026-09-13T03:31:24.9599320Z   npm error extraneous: @inquirer/core@9.2.1 /Users/runner/work/keepling/keepling/node_modules/@inquirer/core
desktop-promote	Generate the Hex and npm bills of materials from source	2026-09-13T03:31:24.9600020Z   npm error extraneous: @inquirer/editor@3.0.1 /Users/runner/work/keepling/keepling/node_modules/@inquirer/editor
desktop-promote	Generate the Hex and npm bills of materials from source	2026-09-13T03:31:24.9600710Z   npm error extraneous: @inquirer/expand@3.0.1 /Users/runner/work/keepling/keepling/node_modules/@inquirer/expand
desktop-promote	Generate the Hex and npm bills of materials from source	2026-09-13T03:31:24.9601420Z   npm error extraneous: @inquirer/figures@1.0.15 /Users/runner/work/keepling/keepling/node_modules/@inquirer/figures
desktop-promote	Generate the Hex and npm bills of materials from source	2026-09-13T03:31:24.9602130Z   npm error extraneous: @inquirer/input@3.0.1 /Users/runner/work/keepling/keepling/node_modules/@inquirer/input
desktop-promote	Generate the Hex and npm bills of materials from source	2026-09-13T03:31:24.9602960Z   npm error extraneous: @inquirer/number@2.0.1 /Users/runner/work/keepling/keepling/node_modules/@inquirer/number
desktop-promote	Generate the Hex and npm bills of materials from source	2026-09-13T03:31:24.9603770Z   npm error extraneous: @inquirer/password@3.0.1 /Users/runner/work/keepling/keepling/node_modules/@inquirer/password
desktop-promote	Generate the Hex and npm bills of materials from source	2026-09-13T03:31:24.9604500Z   npm error extraneous: @inquirer/prompts@6.0.1 /Users/runner/work/keepling/keepling/node_modules/@inquirer/prompts
desktop-promote	Generate the Hex and npm bills of materials from source	2026-09-13T03:31:24.9605210Z   npm error extraneous: @inquirer/rawlist@3.0.1 /Users/runner/work/keepling/keepling/node_modules/@inquirer/rawlist
desktop-promote	Generate the Hex and npm bills of materials from source	2026-09-13T03:31:24.9605900Z   npm error extraneous: @inquirer/search@2.0.1 /Users/runner/work/keepling/keepling/node_modules/@inquirer/search
desktop-promote	Generate the Hex and npm bills of materials from source	2026-09-13T03:31:24.9606630Z   npm error extraneous: @inquirer/select@3.0.1 /Users/runner/work/keepling/keepling/node_modules/@inquirer/select
desktop-promote	Generate the Hex and npm bills of materials from source	2026-09-13T03:31:24.9607340Z   npm error extraneous: @inquirer/type@2.0.0 /Users/runner/work/keepling/keepling/node_modules/@inquirer/type
desktop-promote	Generate the Hex and npm bills of materials from source	2026-09-13T03:31:24.9608210Z   npm error extraneous: @jridgewell/gen-mapping@0.3.13 /Users/runner/work/keepling/keepling/node_modules/@jridgewell/gen-mapping
desktop-promote	Generate the Hex and npm bills of materials from source	2026-09-13T03:31:24.9608990Z   npm error extraneous: @jridgewell/remapping@2.3.5 /Users/runner/work/keepling/keepling/node_modules/@jridgewell/remapping
desktop-promote	Generate the Hex and npm bills of materials from source	2026-09-13T03:31:24.9609760Z   npm error extraneous: @jridgewell/resolve-uri@3.1.2 /Users/runner/work/keepling/keepling/node_modules/@jridgewell/resolve-uri
desktop-promote	Generate the Hex and npm bills of materials from source	2026-09-13T03:31:24.9610530Z   npm error extraneous: @jridgewell/source-map@0.3.11 /Users/runner/work/keepling/keepling/node_modules/@jridgewell/source-map
desktop-promote	Generate the Hex and npm bills of materials from source	2026-09-13T03:31:24.9611340Z   npm error extraneous: @jridgewell/sourcemap-codec@1.6.0 /Users/runner/work/keepling/keepling/node_modules/@jridgewell/sourcemap-codec
desktop-promote	Generate the Hex and npm bills of materials from source	2026-09-13T03:31:24.9638270Z   npm error extraneous: @jridgewell/trace-mapping@0.3.31 /Users/runner/work/keepling/keepling/node_modules/@jridgewell/trace-mapping
desktop-promote	Generate the Hex and npm bills of materials from source	2026-09-13T03:31:24.9640790Z   npm error extraneous: @listr2/prompt-adapter-inquirer@2.0.22 /Users/runner/work/keepling/keepling/node_modules/@listr2/prompt-adapter-inquirer
desktop-promote	Generate the Hex and npm bills of materials from source	2026-09-13T03:31:24.9643130Z   npm error extraneous: @malept/cross-spawn-promise@2.0.0 /Users/runner/work/keepling/keepling/node_modules/@malept/cross-spawn-promise
desktop-promote	Generate the Hex and npm bills of materials from source	2026-09-13T03:31:24.9645360Z   npm error extraneous: @modelcontextprotocol/sdk@1.30.0 /Users/runner/work/keepling/keepling/node_modules/@modelcontextprotocol/sdk
desktop-promote	Generate the Hex and npm bills of materials from source	2026-09-13T03:31:24.9647440Z   npm error extraneous: @nodelib/fs.scandir@2.1.5 /Users/runner/work/keepling/keepling/node_modules/@nodelib/fs.scandir
desktop-promote	Generate the Hex and npm bills of materials from source	2026-09-13T03:31:24.9649300Z   npm error extraneous: @nodelib/fs.stat@2.0.5 /Users/runner/work/keepling/keepling/node_modules/@nodelib/fs.stat
desktop-promote	Generate the Hex and npm bills of materials from source	2026-09-13T03:31:24.9651110Z   npm error extraneous: @nodelib/fs.walk@1.2.8 /Users/runner/work/keepling/keepling/node_modules/@nodelib/fs.walk
desktop-promote	Generate the Hex and npm bills of materials from source	2026-09-13T03:31:24.9652840Z   npm error extraneous: @npmcli/fs@2.1.2 /Users/runner/work/keepling/keepling/node_modules/@npmcli/fs
desktop-promote	Generate the Hex and npm bills of materials from source	2026-09-13T03:31:24.9654950Z   npm error extraneous: @npmcli/move-file@2.0.1 /Users/runner/work/keepling/keepling/node_modules/@npmcli/move-file
desktop-promote	Generate the Hex and npm bills of materials from source	2026-09-13T03:31:24.9656970Z   npm error extraneous: @oxc-project/types@0.147.0 /Users/runner/work/keepling/keepling/node_modules/@oxc-project/types
desktop-promote	Generate the Hex and npm bills of materials from source	2026-09-13T03:31:24.9660300Z   npm error extraneous: @playwright/test@1.62.1 /Users/runner/work/keepling/keepling/node_modules/@playwright/test
desktop-promote	Generate the Hex and npm bills of materials from source	2026-09-13T03:31:24.9662790Z   npm error extraneous: @rolldown/binding-darwin-arm64@1.2.6 /Users/runner/work/keepling/keepling/node_modules/@rolldown/binding-darwin-arm64
desktop-promote	Generate the Hex and npm bills of materials from source	2026-09-13T03:31:24.9665070Z   npm error extraneous: @rolldown/pluginutils@1.0.1 /Users/runner/work/keepling/keepling/node_modules/@rolldown/pluginutils
desktop-promote	Generate the Hex and npm bills of materials from source	2026-09-13T03:31:24.9667210Z   npm error extraneous: @sec-ant/readable-stream@0.4.1 /Users/runner/work/keepling/keepling/node_modules/@sec-ant/readable-stream
desktop-promote	Generate the Hex and npm bills of materials from source	2026-09-13T03:31:24.9669870Z   npm error extraneous: @sindresorhus/is@4.6.0 /Users/runner/work/keepling/keepling/node_modules/@sindresorhus/is
desktop-promote	Generate the Hex and npm bills of materials from source	2026-09-13T03:31:24.9672810Z   npm error extraneous: @sindresorhus/merge-streams@4.0.0 /Users/runner/work/keepling/keepling/node_modules/@sindresorhus/merge-streams
desktop-promote	Generate the Hex and npm bills of materials from source	2026-09-13T03:31:24.9675060Z   npm error extraneous: @standard-schema/spec@1.1.0 /Users/runner/work/keepling/keepling/node_modules/@standard-schema/spec
desktop-promote	Generate the Hex and npm bills of materials from source	2026-09-13T03:31:24.9677200Z   npm error extraneous: @szmarczak/http-timer@4.0.6 /Users/runner/work/keepling/keepling/node_modules/@szmarczak/http-timer
desktop-promote	Generate the Hex and npm bills of materials from source	2026-09-13T03:31:24.9679160Z   npm error extraneous: @tailwindcss/node@4.3.3 /Users/runner/work/keepling/keepling/node_modules/@tailwindcss/node
desktop-promote	Generate the Hex and npm bills of materials from source	2026-09-13T03:31:24.9681530Z   npm error extraneous: @tailwindcss/oxide-darwin-arm64@4.3.3 /Users/runner/work/keepling/keepling/node_modules/@tailwindcss/oxide-darwin-arm64
desktop-promote	Generate the Hex and npm bills of materials from source	2026-09-13T03:31:24.9684710Z   npm error extraneous: @tailwindcss/oxide@4.3.3 /Users/runner/work/keepling/keepling/node_modules/@tailwindcss/oxide
desktop-promote	Generate the Hex and npm bills of materials from source	2026-09-13T03:31:24.9687540Z   npm error extraneous: @tailwindcss/vite@4.3.3 /Users/runner/work/keepling/keepling/node_modules/@tailwindcss/vite
desktop-promote	Generate the Hex and npm bills of materials from source	2026-09-13T03:31:24.9689790Z   npm error extraneous: @testing-library/dom@10.4.1 /Users/runner/work/keepling/keepling/node_modules/@testing-library/dom
desktop-promote	Generate the Hex and npm bills of materials from source	2026-09-13T03:31:24.9691050Z   npm error extraneous: @testing-library/jest-dom@7.0.1 /Users/runner/work/keepling/keepling/node_modules/@testing-library/jest-dom
desktop-promote	Generate the Hex and npm bills of materials from source	2026-09-13T03:31:24.9691850Z   npm error extraneous: @testing-library/react@16.3.3 /Users/runner/work/keepling/keepling/node_modules/@testing-library/react
desktop-promote	Generate the Hex and npm bills of materials from source	2026-09-13T03:31:24.9692670Z   npm error extraneous: @testing-library/user-event@14.6.6 /Users/runner/work/keepling/keepling/node_modules/@testing-library/user-event
desktop-promote	Generate the Hex and npm bills of materials from source	2026-09-13T03:31:24.9693440Z   npm error extraneous: @tootallnate/once@2.0.1 /Users/runner/work/keepling/keepling/node_modules/@tootallnate/once
desktop-promote	Generate the Hex and npm bills of materials from source	2026-09-13T03:31:24.9694720Z   npm error extraneous: @ts-morph/common@0.27.0 /Users/runner/work/keepling/keepling/node_modules/@ts-morph/common
desktop-promote	Generate the Hex and npm bills of materials from source	2026-09-13T03:31:24.9695420Z   npm error extraneous: @types/aria-query@5.0.4 /Users/runner/work/keepling/keepling/node_modules/@types/aria-query
desktop-promote	Generate the Hex and npm bills of materials from source	2026-09-13T03:31:24.9696190Z   npm error extraneous: @types/cacheable-request@6.0.3 /Users/runner/work/keepling/keepling/node_modules/@types/cacheable-request
desktop-promote	Generate the Hex and npm bills of materials from source	2026-09-13T03:31:24.9696900Z   npm error extraneous: @types/chai@5.2.3 /Users/runner/work/keepling/keepling/node_modules/@types/chai
desktop-promote	Generate the Hex and npm bills of materials from source	2026-09-13T03:31:24.9697540Z   npm error extraneous: @types/deep-eql@4.0.2 /Users/runner/work/keepling/keepling/node_modules/@types/deep-eql
desktop-promote	Generate the Hex and npm bills of materials from source	2026-09-13T03:31:24.9698260Z   npm error extraneous: @types/esrecurse@4.3.1 /Users/runner/work/keepling/keepling/node_modules/@types/esrecurse
desktop-promote	Generate the Hex and npm bills of materials from source	2026-09-13T03:31:24.9699060Z   npm error extraneous: @types/estree@1.0.9 /Users/runner/work/keepling/keepling/node_modules/@types/estree
desktop-promote	Generate the Hex and npm bills of materials from source	2026-09-13T03:31:24.9699820Z   npm error extraneous: @types/http-cache-semantics@4.2.0 /Users/runner/work/keepling/keepling/node_modules/@types/http-cache-semantics
desktop-promote	Generate the Hex and npm bills of materials from source	2026-09-13T03:31:24.9700600Z   npm error extraneous: @types/json-schema@7.0.15 /Users/runner/work/keepling/keepling/node_modules/@types/json-schema
desktop-promote	Generate the Hex and npm bills of materials from source	2026-09-13T03:31:24.9701260Z   npm error extraneous: @types/keyv@3.1.4 /Users/runner/work/keepling/keepling/node_modules/@types/keyv
desktop-promote	Generate the Hex and npm bills of materials from source	2026-09-13T03:31:24.9701930Z   npm error extraneous: @types/mute-stream@0.0.4 /Users/runner/work/keepling/keepling/node_modules/@types/mute-stream
desktop-promote	Generate the Hex and npm bills of materials from source	2026-09-13T03:31:24.9702600Z   npm error extraneous: @types/node@24.13.3 /Users/runner/work/keepling/keepling/node_modules/@types/node
desktop-promote	Generate the Hex and npm bills of materials from source	2026-09-13T03:31:24.9703270Z   npm error extraneous: @types/react-dom@19.2.5 /Users/runner/work/keepling/keepling/node_modules/@types/react-dom
desktop-promote	Generate the Hex and npm bills of materials from source	2026-09-13T03:31:24.9703930Z   npm error extraneous: @types/react@19.2.18 /Users/runner/work/keepling/keepling/node_modules/@types/react
desktop-promote	Generate the Hex and npm bills of materials from source	2026-09-13T03:31:24.9704630Z   npm error extraneous: @types/responselike@1.0.3 /Users/runner/work/keepling/keepling/node_modules/@types/responselike
desktop-promote	Generate the Hex and npm bills of materials from source	2026-09-13T03:31:24.9705710Z   npm error extraneous: @types/validate-npm-package-name@4.0.2 /Users/runner/work/keepling/keepling/node_modules/@types/validate-npm-package-name
desktop-promote	Generate the Hex and npm bills of materials from source	2026-09-13T03:31:24.9706590Z   npm error extraneous: @types/wrap-ansi@3.0.0 /Users/runner/work/keepling/keepling/node_modules/@types/wrap-ansi
desktop-promote	Generate the Hex and npm bills of materials from source	2026-09-13T03:31:24.9707250Z   npm error extraneous: @types/yauzl@2.10.3 /Users/runner/work/keepling/keepling/node_modules/@types/yauzl
desktop-promote	Generate the Hex and npm bills of materials from source	2026-09-13T03:31:24.9709440Z   npm error extraneous: @typescript-eslint/eslint-plugin@8.69.0 /Users/runner/work/keepling/keepling/node_modules/@typescript-eslint/eslint-plugin
desktop-promote	Generate the Hex and npm bills of materials from source	2026-09-13T03:31:24.9710380Z   npm error extraneous: @typescript-eslint/parser@8.69.0 /Users/runner/work/keepling/keepling/node_modules/@typescript-eslint/parser
desktop-promote	Generate the Hex and npm bills of materials from source	2026-09-13T03:31:24.9711270Z   npm error extraneous: @typescript-eslint/project-service@8.69.0 /Users/runner/work/keepling/keepling/node_modules/@typescript-eslint/project-service
desktop-promote	Generate the Hex and npm bills of materials from source	2026-09-13T03:31:24.9712210Z   npm error extraneous: @typescript-eslint/scope-manager@8.69.0 /Users/runner/work/keepling/keepling/node_modules/@typescript-eslint/scope-manager
desktop-promote	Generate the Hex and npm bills of materials from source	2026-09-13T03:31:24.9713150Z   npm error extraneous: @typescript-eslint/tsconfig-utils@8.69.0 /Users/runner/work/keepling/keepling/node_modules/@typescript-eslint/tsconfig-utils
desktop-promote	Generate the Hex and npm bills of materials from source	2026-09-13T03:31:24.9714040Z   npm error extraneous: @typescript-eslint/type-utils@8.69.0 /Users/runner/work/keepling/keepling/node_modules/@typescript-eslint/type-utils
desktop-promote	Generate the Hex and npm bills of materials from source	2026-09-13T03:31:24.9714880Z   npm error extraneous: @typescript-eslint/types@8.69.0 /Users/runner/work/keepling/keepling/node_modules/@typescript-eslint/types
desktop-promote	Generate the Hex and npm bills of materials from source	2026-09-13T03:31:24.9715850Z   npm error extraneous: @typescript-eslint/typescript-estree@8.69.0 /Users/runner/work/keepling/keepling/node_modules/@typescript-eslint/typescript-estree
desktop-promote	Generate the Hex and npm bills of materials from source	2026-09-13T03:31:24.9716740Z   npm error extraneous: @typescript-eslint/utils@8.69.0 /Users/runner/work/keepling/keepling/node_modules/@typescript-eslint/utils
desktop-promote	Generate the Hex and npm bills of materials from source	2026-09-13T03:31:24.9717940Z   npm error extraneous: @typescript-eslint/visitor-keys@8.69.0 /Users/runner/work/keepling/keepling/node_modules/@typescript-eslint/visitor-keys
desktop-promote	Generate the Hex and npm bills of materials from source	2026-09-13T03:31:24.9718750Z   npm error extraneous: @vitejs/plugin-react@6.1.1 /Users/runner/work/keepling/keepling/node_modules/@vitejs/plugin-react
desktop-promote	Generate the Hex and npm bills of materials from source	2026-09-13T03:31:24.9719470Z   npm error extraneous: @vitest/expect@4.1.11 /Users/runner/work/keepling/keepling/node_modules/@vitest/expect
desktop-promote	Generate the Hex and npm bills of materials from source	2026-09-13T03:31:24.9720130Z   npm error extraneous: @vitest/mocker@4.1.11 /Users/runner/work/keepling/keepling/node_modules/@vitest/mocker
desktop-promote	Generate the Hex and npm bills of materials from source	2026-09-13T03:31:24.9720840Z   npm error extraneous: @vitest/pretty-format@4.1.11 /Users/runner/work/keepling/keepling/node_modules/@vitest/pretty-format
desktop-promote	Generate the Hex and npm bills of materials from source	2026-09-13T03:31:24.9721590Z   npm error extraneous: @vitest/runner@4.1.11 /Users/runner/work/keepling/keepling/node_modules/@vitest/runner
desktop-promote	Generate the Hex and npm bills of materials from source	2026-09-13T03:31:24.9722290Z   npm error extraneous: @vitest/snapshot@4.1.11 /Users/runner/work/keepling/keepling/node_modules/@vitest/snapshot
desktop-promote	Generate the Hex and npm bills of materials from source	2026-09-13T03:31:24.9722940Z   npm error extraneous: @vitest/spy@4.1.11 /Users/runner/work/keepling/keepling/node_modules/@vitest/spy
desktop-promote	Generate the Hex and npm bills of materials from source	2026-09-13T03:31:24.9723590Z   npm error extraneous: @vitest/utils@4.1.11 /Users/runner/work/keepling/keepling/node_modules/@vitest/utils
desktop-promote	Generate the Hex and npm bills of materials from source	2026-09-13T03:31:24.9724280Z   npm error extraneous: @vscode/sudo-prompt@9.3.2 /Users/runner/work/keepling/keepling/node_modules/@vscode/sudo-prompt
desktop-promote	Generate the Hex and npm bills of materials from source	2026-09-13T03:31:24.9725000Z   npm error extraneous: @webassemblyjs/ast@1.14.1 /Users/runner/work/keepling/keepling/node_modules/@webassemblyjs/ast
desktop-promote	Generate the Hex and npm bills of materials from source	2026-09-13T03:31:24.9725890Z   npm error extraneous: @webassemblyjs/floating-point-hex-parser@1.13.2 /Users/runner/work/keepling/keepling/node_modules/@webassemblyjs/floating-point-hex-parser
desktop-promote	Generate the Hex and npm bills of materials from source	2026-09-13T03:31:24.9726900Z   npm error extraneous: @webassemblyjs/helper-api-error@1.13.2 /Users/runner/work/keepling/keepling/node_modules/@webassemblyjs/helper-api-error
desktop-promote	Generate the Hex and npm bills of materials from source	2026-09-13T03:31:24.9727790Z   npm error extraneous: @webassemblyjs/helper-buffer@1.14.1 /Users/runner/work/keepling/keepling/node_modules/@webassemblyjs/helper-buffer
desktop-promote	Generate the Hex and npm bills of materials from source	2026-09-13T03:31:24.9735960Z   npm error extraneous: @webassemblyjs/helper-numbers@1.13.2 /Users/runner/work/keepling/keepling/node_modules/@webassemblyjs/helper-numbers
desktop-promote	Generate the Hex and npm bills of materials from source	2026-09-13T03:31:24.9738070Z   npm error extraneous: @webassemblyjs/helper-wasm-bytecode@1.13.2 /Users/runner/work/keepling/keepling/node_modules/@webassemblyjs/helper-wasm-bytecode
desktop-promote	Generate the Hex and npm bills of materials from source	2026-09-13T03:31:24.9740350Z   npm error extraneous: @webassemblyjs/helper-wasm-section@1.14.1 /Users/runner/work/keepling/keepling/node_modules/@webassemblyjs/helper-wasm-section
desktop-promote	Generate the Hex and npm bills of materials from source	2026-09-13T03:31:24.9741230Z   npm error extraneous: @webassemblyjs/ieee754@1.13.2 /Users/runner/work/keepling/keepling/node_modules/@webassemblyjs/ieee754
desktop-promote	Generate the Hex and npm bills of materials from source	2026-09-13T03:31:24.9742010Z   npm error extraneous: @webassemblyjs/leb128@1.13.2 /Users/runner/work/keepling/keepling/node_modules/@webassemblyjs/leb128
desktop-promote	Generate the Hex and npm bills of materials from source	2026-09-13T03:31:24.9743420Z   npm error extraneous: @webassemblyjs/utf8@1.13.2 /Users/runner/work/keepling/keepling/node_modules/@webassemblyjs/utf8
desktop-promote	Generate the Hex and npm bills of materials from source	2026-09-13T03:31:24.9744190Z   npm error extraneous: @webassemblyjs/wasm-edit@1.14.1 /Users/runner/work/keepling/keepling/node_modules/@webassemblyjs/wasm-edit
desktop-promote	Generate the Hex and npm bills of materials from source	2026-09-13T03:31:24.9744980Z   npm error extraneous: @webassemblyjs/wasm-gen@1.14.1 /Users/runner/work/keepling/keepling/node_modules/@webassemblyjs/wasm-gen
desktop-promote	Generate the Hex and npm bills of materials from source	2026-09-13T03:31:24.9745760Z   npm error extraneous: @webassemblyjs/wasm-opt@1.14.1 /Users/runner/work/keepling/keepling/node_modules/@webassemblyjs/wasm-opt
desktop-promote	Generate the Hex and npm bills of materials from source	2026-09-13T03:31:24.9748880Z   npm error extraneous: @webassemblyjs/wasm-parser@1.14.1 /Users/runner/work/keepling/keepling/node_modules/@webassemblyjs/wasm-parser
desktop-promote	Generate the Hex and npm bills of materials from source	2026-09-13T03:31:24.9749790Z   npm error extraneous: @webassemblyjs/wast-printer@1.14.1 /Users/runner/work/keepling/keepling/node_modules/@webassemblyjs/wast-printer
desktop-promote	Generate the Hex and npm bills of materials from source	2026-09-13T03:31:24.9750550Z   npm error extraneous: @xmldom/xmldom@0.9.12 /Users/runner/work/keepling/keepling/node_modules/@xmldom/xmldom
desktop-promote	Generate the Hex and npm bills of materials from source	2026-09-13T03:31:24.9751430Z   npm error extraneous: @xtuc/ieee754@1.2.0 /Users/runner/work/keepling/keepling/node_modules/@xtuc/ieee754
desktop-promote	Generate the Hex and npm bills of materials from source	2026-09-13T03:31:24.9752070Z   npm error extraneous: @xtuc/long@4.2.2 /Users/runner/work/keepling/keepling/node_modules/@xtuc/long
desktop-promote	Generate the Hex and npm bills of materials from source	2026-09-13T03:31:24.9752660Z   npm error extraneous: abbrev@1.1.1 /Users/runner/work/keepling/keepling/node_modules/abbrev
desktop-promote	Generate the Hex and npm bills of materials from source	2026-09-13T03:31:24.9753220Z   npm error extraneous: accepts@2.0.0 /Users/runner/work/keepling/keepling/node_modules/accepts
desktop-promote	Generate the Hex and npm bills of materials from source	2026-09-13T03:31:24.9753880Z   npm error extraneous: acorn-jsx@5.3.2 /Users/runner/work/keepling/keepling/node_modules/acorn-jsx
desktop-promote	Generate the Hex and npm bills of materials from source	2026-09-13T03:31:24.9754460Z   npm error extraneous: acorn@8.18.0 /Users/runner/work/keepling/keepling/node_modules/acorn
desktop-promote	Generate the Hex and npm bills of materials from source	2026-09-13T03:31:24.9755050Z   npm error extraneous: agent-base@6.0.2 /Users/runner/work/keepling/keepling/node_modules/agent-base
desktop-promote	Generate the Hex and npm bills of materials from source	2026-09-13T03:31:24.9755720Z   npm error extraneous: agentkeepalive@4.6.0 /Users/runner/work/keepling/keepling/node_modules/agentkeepalive
desktop-promote	Generate the Hex and npm bills of materials from source	2026-09-13T03:31:24.9758750Z   npm error extraneous: aggregate-error@3.1.0 /Users/runner/work/keepling/keepling/node_modules/aggregate-error
desktop-promote	Generate the Hex and npm bills of materials from source	2026-09-13T03:31:24.9759430Z   npm error extraneous: ajv-formats@2.1.1 /Users/runner/work/keepling/keepling/node_modules/ajv-formats
desktop-promote	Generate the Hex and npm bills of materials from source	2026-09-13T03:31:24.9760130Z   npm error extraneous: ajv-keywords@5.1.0 /Users/runner/work/keepling/keepling/node_modules/ajv-keywords
desktop-promote	Generate the Hex and npm bills of materials from source	2026-09-13T03:31:24.9760710Z   npm error extraneous: ajv@8.20.0 /Users/runner/work/keepling/keepling/node_modules/ajv
desktop-promote	Generate the Hex and npm bills of materials from source	2026-09-13T03:31:24.9761300Z   npm error extraneous: ansi-escapes@4.3.2 /Users/runner/work/keepling/keepling/node_modules/ansi-escapes
desktop-promote	Generate the Hex and npm bills of materials from source	2026-09-13T03:31:24.9761910Z   npm error extraneous: ansi-regex@5.0.1 /Users/runner/work/keepling/keepling/node_modules/ansi-regex
desktop-promote	Generate the Hex and npm bills of materials from source	2026-09-13T03:31:24.9762550Z   npm error extraneous: ansi-styles@4.3.0 /Users/runner/work/keepling/keepling/node_modules/ansi-styles
desktop-promote	Generate the Hex and npm bills of materials from source	2026-09-13T03:31:24.9763180Z   npm error extraneous: aria-query@5.3.0 /Users/runner/work/keepling/keepling/node_modules/aria-query
desktop-promote	Generate the Hex and npm bills of materials from source	2026-09-13T03:31:24.9764060Z   npm error extraneous: assertion-error@2.0.1 /Users/runner/work/keepling/keepling/node_modules/assertion-error
desktop-promote	Generate the Hex and npm bills of materials from source	2026-09-13T03:31:24.9764750Z   npm error extraneous: ast-types@0.16.3 /Users/runner/work/keepling/keepling/node_modules/ast-types
desktop-promote	Generate the Hex and npm bills of materials from source	2026-09-13T03:31:24.9765400Z   npm error extraneous: at-least-node@1.0.0 /Users/runner/work/keepling/keepling/node_modules/at-least-node
desktop-promote	Generate the Hex and npm bills of materials from source	2026-09-13T03:31:24.9766110Z   npm error extraneous: atomically@1.7.0 /Users/runner/work/keepling/keepling/node_modules/atomically
desktop-promote	Generate the Hex and npm bills of materials from source	2026-09-13T03:31:24.9766740Z   npm error extraneous: author-regex@1.0.0 /Users/runner/work/keepling/keepling/node_modules/author-regex
desktop-promote	Generate the Hex and npm bills of materials from source	2026-09-13T03:31:24.9767360Z   npm error extraneous: axe-core@4.13.0 /Users/runner/work/keepling/keepling/node_modules/axe-core
desktop-promote	Generate the Hex and npm bills of materials from source	2026-09-13T03:31:24.9767960Z   npm error extraneous: base64-js@1.5.1 /Users/runner/work/keepling/keepling/node_modules/base64-js
desktop-promote	Generate the Hex and npm bills of materials from source	2026-09-13T03:31:24.9768690Z   npm error extraneous: baseline-browser-mapping@2.11.20 /Users/runner/work/keepling/keepling/node_modules/baseline-browser-mapping
desktop-promote	Generate the Hex and npm bills of materials from source	2026-09-13T03:31:24.9769390Z   npm error extraneous: bidi-js@1.0.3 /Users/runner/work/keepling/keepling/node_modules/bidi-js
desktop-promote	Generate the Hex and npm bills of materials from source	2026-09-13T03:31:24.9769920Z   npm error extraneous: bl@4.1.0 /Users/runner/work/keepling/keepling/node_modules/bl
desktop-promote	Generate the Hex and npm bills of materials from source	2026-09-13T03:31:24.9770550Z   npm error extraneous: bluebird@3.7.2 /Users/runner/work/keepling/keepling/node_modules/bluebird
desktop-promote	Generate the Hex and npm bills of materials from source	2026-09-13T03:31:24.9771160Z   npm error extraneous: body-parser@2.3.0 /Users/runner/work/keepling/keepling/node_modules/body-parser
desktop-promote	Generate the Hex and npm bills of materials from source	2026-09-13T03:31:24.9779030Z   npm error extraneous: boolean@3.2.0 /Users/runner/work/keepling/keepling/node_modules/boolean
desktop-promote	Generate the Hex and npm bills of materials from source	2026-09-13T03:31:24.9779650Z   npm error extraneous: braces@3.0.3 /Users/runner/work/keepling/keepling/node_modules/braces
desktop-promote	Generate the Hex and npm bills of materials from source	2026-09-13T03:31:24.9780310Z   npm error extraneous: browserslist@4.28.8 /Users/runner/work/keepling/keepling/node_modules/browserslist
desktop-promote	Generate the Hex and npm bills of materials from source	2026-09-13T03:31:24.9781190Z   npm error extraneous: buffer-crc32@0.2.13 /Users/runner/work/keepling/keepling/node_modules/buffer-crc32
desktop-promote	Generate the Hex and npm bills of materials from source	2026-09-13T03:31:24.9782010Z   npm error extraneous: buffer-from@1.1.2 /Users/runner/work/keepling/keepling/node_modules/buffer-from
desktop-promote	Generate the Hex and npm bills of materials from source	2026-09-13T03:31:24.9782720Z   npm error extraneous: buffer@5.7.1 /Users/runner/work/keepling/keepling/node_modules/buffer
desktop-promote	Generate the Hex and npm bills of materials from source	2026-09-13T03:31:24.9783360Z   npm error extraneous: bundle-name@4.1.0 /Users/runner/work/keepling/keepling/node_modules/bundle-name
desktop-promote	Generate the Hex and npm bills of materials from source	2026-09-13T03:31:24.9783940Z   npm error extraneous: bytes@3.1.2 /Users/runner/work/keepling/keepling/node_modules/bytes
desktop-promote	Generate the Hex and npm bills of materials from source	2026-09-13T03:31:24.9784510Z   npm error extraneous: cacache@16.1.3 /Users/runner/work/keepling/keepling/node_modules/cacache
desktop-promote	Generate the Hex and npm bills of materials from source	2026-09-13T03:31:24.9785150Z   npm error extraneous: cacheable-lookup@5.0.4 /Users/runner/work/keepling/keepling/node_modules/cacheable-lookup
desktop-promote	Generate the Hex and npm bills of materials from source	2026-09-13T03:31:24.9785890Z   npm error extraneous: cacheable-request@7.0.4 /Users/runner/work/keepling/keepling/node_modules/cacheable-request
desktop-promote	Generate the Hex and npm bills of materials from source	2026-09-13T03:31:24.9786660Z   npm error extraneous: call-bind-apply-helpers@1.0.2 /Users/runner/work/keepling/keepling/node_modules/call-bind-apply-helpers
desktop-promote	Generate the Hex and npm bills of materials from source	2026-09-13T03:31:24.9787390Z   npm error extraneous: call-bound@1.0.4 /Users/runner/work/keepling/keepling/node_modules/call-bound
desktop-promote	Generate the Hex and npm bills of materials from source	2026-09-13T03:31:24.9787990Z   npm error extraneous: callsites@3.1.0 /Users/runner/work/keepling/keepling/node_modules/callsites
desktop-promote	Generate the Hex and npm bills of materials from source	2026-09-13T03:31:24.9788640Z   npm error extraneous: caniuse-lite@1.0.30001810 /Users/runner/work/keepling/keepling/node_modules/caniuse-lite
desktop-promote	Generate the Hex and npm bills of materials from source	2026-09-13T03:31:24.9789270Z   npm error extraneous: chai@6.2.2 /Users/runner/work/keepling/keepling/node_modules/chai
desktop-promote	Generate the Hex and npm bills of materials from source	2026-09-13T03:31:24.9789850Z   npm error extraneous: chalk@4.1.2 /Users/runner/work/keepling/keepling/node_modules/chalk
desktop-promote	Generate the Hex and npm bills of materials from source	2026-09-13T03:31:24.9790470Z   npm error extraneous: chardet@0.7.0 /Users/runner/work/keepling/keepling/node_modules/chardet
desktop-promote	Generate the Hex and npm bills of materials from source	2026-09-13T03:31:24.9791150Z   npm error extraneous: chownr@2.0.0 /Users/runner/work/keepling/keepling/node_modules/chownr
desktop-promote	Generate the Hex and npm bills of materials from source	2026-09-13T03:31:24.9791950Z   npm error extraneous: chrome-trace-event@1.0.4 /Users/runner/work/keepling/keepling/node_modules/chrome-trace-event
desktop-promote	Generate the Hex and npm bills of materials from source	2026-09-13T03:31:24.9792990Z   npm error extraneous: class-variance-authority@0.7.1 /Users/runner/work/keepling/keepling/node_modules/class-variance-authority
desktop-promote	Generate the Hex and npm bills of materials from source	2026-09-13T03:31:24.9793700Z   npm error extraneous: clean-stack@2.2.0 /Users/runner/work/keepling/keepling/node_modules/clean-stack
desktop-promote	Generate the Hex and npm bills of materials from source	2026-09-13T03:31:24.9794310Z   npm error extraneous: cli-cursor@3.1.0 /Users/runner/work/keepling/keepling/node_modules/cli-cursor
desktop-promote	Generate the Hex and npm bills of materials from source	2026-09-13T03:31:24.9794970Z   npm error extraneous: cli-spinners@2.9.2 /Users/runner/work/keepling/keepling/node_modules/cli-spinners
desktop-promote	Generate the Hex and npm bills of materials from source	2026-09-13T03:31:24.9795660Z   npm error extraneous: cli-truncate@3.1.0 /Users/runner/work/keepling/keepling/node_modules/cli-truncate
desktop-promote	Generate the Hex and npm bills of materials from source	2026-09-13T03:31:24.9796280Z   npm error extraneous: cli-width@4.1.0 /Users/runner/work/keepling/keepling/node_modules/cli-width
desktop-promote	Generate the Hex and npm bills of materials from source	2026-09-13T03:31:24.9796870Z   npm error extraneous: cliui@8.0.1 /Users/runner/work/keepling/keepling/node_modules/cliui
desktop-promote	Generate the Hex and npm bills of materials from source	2026-09-13T03:31:24.9797540Z   npm error extraneous: clone-response@1.0.3 /Users/runner/work/keepling/keepling/node_modules/clone-response
desktop-promote	Generate the Hex and npm bills of materials from source	2026-09-13T03:31:24.9798200Z   npm error extraneous: clone@1.0.4 /Users/runner/work/keepling/keepling/node_modules/clone
desktop-promote	Generate the Hex and npm bills of materials from source	2026-09-13T03:31:24.9798900Z   npm error extraneous: clsx@2.1.1 /Users/runner/work/keepling/keepling/node_modules/clsx
desktop-promote	Generate the Hex and npm bills of materials from source	2026-09-13T03:31:24.9799580Z   npm error extraneous: code-block-writer@13.0.3 /Users/runner/work/keepling/keepling/node_modules/code-block-writer
desktop-promote	Generate the Hex and npm bills of materials from source	2026-09-13T03:31:24.9800320Z   npm error extraneous: color-convert@2.0.1 /Users/runner/work/keepling/keepling/node_modules/color-convert
desktop-promote	Generate the Hex and npm bills of materials from source	2026-09-13T03:31:24.9801000Z   npm error extraneous: color-name@1.1.4 /Users/runner/work/keepling/keepling/node_modules/color-name
desktop-promote	Generate the Hex and npm bills of materials from source	2026-09-13T03:31:24.9801640Z   npm error extraneous: commander@11.1.0 /Users/runner/work/keepling/keepling/node_modules/commander
desktop-promote	Generate the Hex and npm bills of materials from source	2026-09-13T03:31:24.9802660Z   npm error extraneous: compare-version@0.1.2 /Users/runner/work/keepling/keepling/node_modules/compare-version
desktop-promote	Generate the Hex and npm bills of materials from source	2026-09-13T03:31:24.9803320Z   npm error extraneous: concat-map@0.0.1 /Users/runner/work/keepling/keepling/node_modules/concat-map
desktop-promote	Generate the Hex and npm bills of materials from source	2026-09-13T03:31:24.9803940Z   npm error extraneous: conf@10.2.0 /Users/runner/work/keepling/keepling/node_modules/conf
desktop-promote	Generate the Hex and npm bills of materials from source	2026-09-13T03:31:24.9804590Z   npm error extraneous: content-disposition@1.1.0 /Users/runner/work/keepling/keepling/node_modules/content-disposition
desktop-promote	Generate the Hex and npm bills of materials from source	2026-09-13T03:31:24.9805260Z   npm error extraneous: content-type@2.1.0 /Users/runner/work/keepling/keepling/node_modules/content-type
desktop-promote	Generate the Hex and npm bills of materials from source	2026-09-13T03:31:24.9806110Z   npm error extraneous: convert-source-map@2.0.0 /Users/runner/work/keepling/keepling/node_modules/convert-source-map
desktop-promote	Generate the Hex and npm bills of materials from source	2026-09-13T03:31:24.9806830Z   npm error extraneous: cookie-signature@1.2.2 /Users/runner/work/keepling/keepling/node_modules/cookie-signature
desktop-promote	Generate the Hex and npm bills of materials from source	2026-09-13T03:31:24.9807450Z   npm error extraneous: cookie@0.7.2 /Users/runner/work/keepling/keepling/node_modules/cookie
desktop-promote	Generate the Hex and npm bills of materials from source	2026-09-13T03:31:24.9808020Z   npm error extraneous: cors@2.8.6 /Users/runner/work/keepling/keepling/node_modules/cors
desktop-promote	Generate the Hex and npm bills of materials from source	2026-09-13T03:31:24.9808650Z   npm error extraneous: cosmiconfig@9.0.2 /Users/runner/work/keepling/keepling/node_modules/cosmiconfig
desktop-promote	Generate the Hex and npm bills of materials from source	2026-09-13T03:31:24.9809300Z   npm error extraneous: cross-dirname@0.1.0 /Users/runner/work/keepling/keepling/node_modules/cross-dirname
desktop-promote	Generate the Hex and npm bills of materials from source	2026-09-13T03:31:24.9809960Z   npm error extraneous: cross-spawn@7.0.6 /Users/runner/work/keepling/keepling/node_modules/cross-spawn
desktop-promote	Generate the Hex and npm bills of materials from source	2026-09-13T03:31:24.9810610Z   npm error extraneous: cross-zip@4.0.1 /Users/runner/work/keepling/keepling/node_modules/cross-zip
desktop-promote	Generate the Hex and npm bills of materials from source	2026-09-13T03:31:24.9811200Z   npm error extraneous: css-tree@3.2.1 /Users/runner/work/keepling/keepling/node_modules/css-tree
desktop-promote	Generate the Hex and npm bills of materials from source	2026-09-13T03:31:24.9811830Z   npm error extraneous: css.escape@1.5.1 /Users/runner/work/keepling/keepling/node_modules/css.escape
desktop-promote	Generate the Hex and npm bills of materials from source	2026-09-13T03:31:24.9812470Z   npm error extraneous: cssesc@3.0.0 /Users/runner/work/keepling/keepling/node_modules/cssesc
desktop-promote	Generate the Hex and npm bills of materials from source	2026-09-13T03:31:24.9813260Z   npm error extraneous: csstype@3.2.3 /Users/runner/work/keepling/keepling/node_modules/csstype
desktop-promote	Generate the Hex and npm bills of materials from source	2026-09-13T03:31:24.9813840Z   npm error extraneous: data-urls@7.0.0 /Users/runner/work/keepling/keepling/node_modules/data-urls
desktop-promote	Generate the Hex and npm bills of materials from source	2026-09-13T03:31:24.9814450Z   npm error extraneous: debounce-fn@4.0.0 /Users/runner/work/keepling/keepling/node_modules/debounce-fn
desktop-promote	Generate the Hex and npm bills of materials from source	2026-09-13T03:31:24.9815060Z   npm error extraneous: decimal.js@10.6.0 /Users/runner/work/keepling/keepling/node_modules/decimal.js
desktop-promote	Generate the Hex and npm bills of materials from source	2026-09-13T03:31:24.9815750Z   npm error extraneous: decompress-response@6.0.0 /Users/runner/work/keepling/keepling/node_modules/decompress-response
desktop-promote	Generate the Hex and npm bills of materials from source	2026-09-13T03:31:24.9816380Z   npm error extraneous: dedent@1.7.2 /Users/runner/work/keepling/keepling/node_modules/dedent
desktop-promote	Generate the Hex and npm bills of materials from source	2026-09-13T03:31:24.9816950Z   npm error extraneous: deep-is@0.1.4 /Users/runner/work/keepling/keepling/node_modules/deep-is
desktop-promote	Generate the Hex and npm bills of materials from source	2026-09-13T03:31:24.9817710Z   npm error extraneous: deepmerge@4.3.1 /Users/runner/work/keepling/keepling/node_modules/deepmerge
desktop-promote	Generate the Hex and npm bills of materials from source	2026-09-13T03:31:24.9818430Z   npm error extraneous: default-browser-id@5.0.1 /Users/runner/work/keepling/keepling/node_modules/default-browser-id
desktop-promote	Generate the Hex and npm bills of materials from source	2026-09-13T03:31:24.9819160Z   npm error extraneous: default-browser@5.5.1 /Users/runner/work/keepling/keepling/node_modules/default-browser
desktop-promote	Generate the Hex and npm bills of materials from source	2026-09-13T03:31:24.9819810Z   npm error extraneous: defaults@1.0.4 /Users/runner/work/keepling/keepling/node_modules/defaults
desktop-promote	Generate the Hex and npm bills of materials from source	2026-09-13T03:31:24.9820490Z   npm error extraneous: defer-to-connect@2.0.1 /Users/runner/work/keepling/keepling/node_modules/defer-to-connect
desktop-promote	Generate the Hex and npm bills of materials from source	2026-09-13T03:31:24.9821220Z   npm error extraneous: define-data-property@1.1.4 /Users/runner/work/keepling/keepling/node_modules/define-data-property
desktop-promote	Generate the Hex and npm bills of materials from source	2026-09-13T03:31:24.9821940Z   npm error extraneous: define-lazy-prop@2.0.0 /Users/runner/work/keepling/keepling/node_modules/define-lazy-prop
desktop-promote	Generate the Hex and npm bills of materials from source	2026-09-13T03:31:24.9822880Z   npm error extraneous: define-properties@1.2.1 /Users/runner/work/keepling/keepling/node_modules/define-properties
desktop-promote	Generate the Hex and npm bills of materials from source	2026-09-13T03:31:24.9823490Z   npm error extraneous: depd@2.0.0 /Users/runner/work/keepling/keepling/node_modules/depd
desktop-promote	Generate the Hex and npm bills of materials from source	2026-09-13T03:31:24.9824030Z   npm error extraneous: dequal@2.0.3 /Users/runner/work/keepling/keepling/node_modules/dequal
desktop-promote	Generate the Hex and npm bills of materials from source	2026-09-13T03:31:24.9824620Z   npm error extraneous: detect-libc@2.1.2 /Users/runner/work/keepling/keepling/node_modules/detect-libc
desktop-promote	Generate the Hex and npm bills of materials from source	2026-09-13T03:31:24.9825240Z   npm error extraneous: detect-node@2.1.0 /Users/runner/work/keepling/keepling/node_modules/detect-node
desktop-promote	Generate the Hex and npm bills of materials from source	2026-09-13T03:31:24.9825800Z   npm error extraneous: diff@8.0.4 /Users/runner/work/keepling/keepling/node_modules/diff
desktop-promote	Generate the Hex and npm bills of materials from source	2026-09-13T03:31:24.9826800Z   npm error extraneous: dir-compare@4.2.0 /Users/runner/work/keepling/keepling/node_modules/dir-compare
desktop-promote	Generate the Hex and npm bills of materials from source	2026-09-13T03:31:24.9827710Z   npm error extraneous: dom-accessibility-api@0.5.16 /Users/runner/work/keepling/keepling/node_modules/dom-accessibility-api
desktop-promote	Generate the Hex and npm bills of materials from source	2026-09-13T03:31:24.9828410Z   npm error extraneous: dot-prop@6.0.1 /Users/runner/work/keepling/keepling/node_modules/dot-prop
desktop-promote	Generate the Hex and npm bills of materials from source	2026-09-13T03:31:24.9829010Z   npm error extraneous: dotenv@17.4.2 /Users/runner/work/keepling/keepling/node_modules/dotenv
desktop-promote	Generate the Hex and npm bills of materials from source	2026-09-13T03:31:24.9829630Z   npm error extraneous: dunder-proto@1.0.1 /Users/runner/work/keepling/keepling/node_modules/dunder-proto
desktop-promote	Generate the Hex and npm bills of materials from source	2026-09-13T03:31:24.9830340Z   npm error extraneous: eastasianwidth@0.2.0 /Users/runner/work/keepling/keepling/node_modules/eastasianwidth
desktop-promote	Generate the Hex and npm bills of materials from source	2026-09-13T03:31:24.9831000Z   npm error extraneous: ee-first@1.1.1 /Users/runner/work/keepling/keepling/node_modules/ee-first
desktop-promote	Generate the Hex and npm bills of materials from source	2026-09-13T03:31:24.9831740Z   npm error extraneous: electron-to-chromium@1.5.420 /Users/runner/work/keepling/keepling/node_modules/electron-to-chromium
desktop-promote	Generate the Hex and npm bills of materials from source	2026-09-13T03:31:24.9832500Z   npm error extraneous: electron@44.1.1 /Users/runner/work/keepling/keepling/node_modules/electron
desktop-promote	Generate the Hex and npm bills of materials from source	2026-09-13T03:31:24.9833340Z   npm error extraneous: emoji-regex@8.0.0 /Users/runner/work/keepling/keepling/node_modules/emoji-regex
desktop-promote	Generate the Hex and npm bills of materials from source	2026-09-13T03:31:24.9834240Z   npm error extraneous: encodeurl@2.0.0 /Users/runner/work/keepling/keepling/node_modules/encodeurl
desktop-promote	Generate the Hex and npm bills of materials from source	2026-09-13T03:31:24.9835200Z   npm error extraneous: encoding@0.1.13 /Users/runner/work/keepling/keepling/node_modules/encoding
desktop-promote	Generate the Hex and npm bills of materials from source	2026-09-13T03:31:24.9842780Z   npm error extraneous: end-of-stream@1.4.5 /Users/runner/work/keepling/keepling/node_modules/end-of-stream
desktop-promote	Generate the Hex and npm bills of materials from source	2026-09-13T03:31:24.9845060Z   npm error extraneous: enhanced-resolve@5.24.5 /Users/runner/work/keepling/keepling/node_modules/enhanced-resolve
desktop-promote	Generate the Hex and npm bills of materials from source	2026-09-13T03:31:24.9846780Z   npm error extraneous: enquirer@2.4.1 /Users/runner/work/keepling/keepling/node_modules/enquirer
desktop-promote	Generate the Hex and npm bills of materials from source	2026-09-13T03:31:24.9848420Z   npm error extraneous: entities@8.0.0 /Users/runner/work/keepling/keepling/node_modules/entities
desktop-promote	Generate the Hex and npm bills of materials from source	2026-09-13T03:31:24.9850080Z   npm error extraneous: env-paths@2.2.1 /Users/runner/work/keepling/keepling/node_modules/env-paths
desktop-promote	Generate the Hex and npm bills of materials from source	2026-09-13T03:31:24.9851730Z   npm error extraneous: err-code@2.0.3 /Users/runner/work/keepling/keepling/node_modules/err-code
desktop-promote	Generate the Hex and npm bills of materials from source	2026-09-13T03:31:24.9853420Z   npm error extraneous: error-ex@1.3.4 /Users/runner/work/keepling/keepling/node_modules/error-ex
desktop-promote	Generate the Hex and npm bills of materials from source	2026-09-13T03:31:24.9857020Z   npm error extraneous: es-define-property@1.0.1 /Users/runner/work/keepling/keepling/node_modules/es-define-property
desktop-promote	Generate the Hex and npm bills of materials from source	2026-09-13T03:31:24.9858800Z   npm error extraneous: es-errors@1.3.0 /Users/runner/work/keepling/keepling/node_modules/es-errors
desktop-promote	Generate the Hex and npm bills of materials from source	2026-09-13T03:31:24.9860510Z   npm error extraneous: es-module-lexer@2.3.2 /Users/runner/work/keepling/keepling/node_modules/es-module-lexer
desktop-promote	Generate the Hex and npm bills of materials from source	2026-09-13T03:31:24.9862430Z   npm error extraneous: es-object-atoms@1.1.2 /Users/runner/work/keepling/keepling/node_modules/es-object-atoms
desktop-promote	Generate the Hex and npm bills of materials from source	2026-09-13T03:31:24.9864110Z   npm error extraneous: es6-error@4.1.1 /Users/runner/work/keepling/keepling/node_modules/es6-error
desktop-promote	Generate the Hex and npm bills of materials from source	2026-09-13T03:31:24.9867210Z   npm error extraneous: escalade@3.2.0 /Users/runner/work/keepling/keepling/node_modules/escalade
desktop-promote	Generate the Hex and npm bills of materials from source	2026-09-13T03:31:24.9869430Z   npm error extraneous: escape-html@1.0.3 /Users/runner/work/keepling/keepling/node_modules/escape-html
desktop-promote	Generate the Hex and npm bills of materials from source	2026-09-13T03:31:24.9871340Z   npm error extraneous: escape-string-regexp@4.0.0 /Users/runner/work/keepling/keepling/node_modules/escape-string-regexp
desktop-promote	Generate the Hex and npm bills of materials from source	2026-09-13T03:31:24.9872970Z   npm error extraneous: eslint-plugin-react-hooks@7.1.1 /Users/runner/work/keepling/keepling/node_modules/eslint-plugin-react-hooks
desktop-promote	Generate the Hex and npm bills of materials from source	2026-09-13T03:31:24.9873870Z   npm error extraneous: eslint-plugin-react-refresh@0.5.5 /Users/runner/work/keepling/keepling/node_modules/eslint-plugin-react-refresh
desktop-promote	Generate the Hex and npm bills of materials from source	2026-09-13T03:31:24.9874640Z   npm error extraneous: eslint-scope@9.1.2 /Users/runner/work/keepling/keepling/node_modules/eslint-scope
desktop-promote	Generate the Hex and npm bills of materials from source	2026-09-13T03:31:24.9875350Z   npm error extraneous: eslint-visitor-keys@5.0.1 /Users/runner/work/keepling/keepling/node_modules/eslint-visitor-keys
desktop-promote	Generate the Hex and npm bills of materials from source	2026-09-13T03:31:24.9876020Z   npm error extraneous: eslint@10.9.1 /Users/runner/work/keepling/keepling/node_modules/eslint
desktop-promote	Generate the Hex and npm bills of materials from source	2026-09-13T03:31:24.9876610Z   npm error extraneous: espree@11.2.0 /Users/runner/work/keepling/keepling/node_modules/espree
desktop-promote	Generate the Hex and npm bills of materials from source	2026-09-13T03:31:24.9877220Z   npm error extraneous: esprima@4.0.1 /Users/runner/work/keepling/keepling/node_modules/esprima
desktop-promote	Generate the Hex and npm bills of materials from source	2026-09-13T03:31:24.9877780Z   npm error extraneous: esquery@1.7.0 /Users/runner/work/keepling/keepling/node_modules/esquery
desktop-promote	Generate the Hex and npm bills of materials from source	2026-09-13T03:31:24.9878470Z   npm error extraneous: esrecurse@4.3.0 /Users/runner/work/keepling/keepling/node_modules/esrecurse
desktop-promote	Generate the Hex and npm bills of materials from source	2026-09-13T03:31:24.9879090Z   npm error extraneous: estraverse@5.3.0 /Users/runner/work/keepling/keepling/node_modules/estraverse
desktop-promote	Generate the Hex and npm bills of materials from source	2026-09-13T03:31:24.9879720Z   npm error extraneous: estree-walker@3.0.3 /Users/runner/work/keepling/keepling/node_modules/estree-walker
desktop-promote	Generate the Hex and npm bills of materials from source	2026-09-13T03:31:24.9880450Z   npm error extraneous: esutils@2.0.3 /Users/runner/work/keepling/keepling/node_modules/esutils
desktop-promote	Generate the Hex and npm bills of materials from source	2026-09-13T03:31:24.9880990Z   npm error extraneous: eta@3.5.0 /Users/runner/work/keepling/keepling/node_modules/eta
desktop-promote	Generate the Hex and npm bills of materials from source	2026-09-13T03:31:24.9881520Z   npm error extraneous: etag@1.8.1 /Users/runner/work/keepling/keepling/node_modules/etag
desktop-promote	Generate the Hex and npm bills of materials from source	2026-09-13T03:31:24.9882120Z   npm error extraneous: eventemitter3@5.0.4 /Users/runner/work/keepling/keepling/node_modules/eventemitter3
desktop-promote	Generate the Hex and npm bills of materials from source	2026-09-13T03:31:24.9882910Z   npm error extraneous: events@3.3.0 /Users/runner/work/keepling/keepling/node_modules/events
desktop-promote	Generate the Hex and npm bills of materials from source	2026-09-13T03:31:24.9883590Z   npm error extraneous: eventsource-parser@3.1.1 /Users/runner/work/keepling/keepling/node_modules/eventsource-parser
desktop-promote	Generate the Hex and npm bills of materials from source	2026-09-13T03:31:24.9884260Z   npm error extraneous: eventsource@3.0.7 /Users/runner/work/keepling/keepling/node_modules/eventsource
desktop-promote	Generate the Hex and npm bills of materials from source	2026-09-13T03:31:24.9884830Z   npm error extraneous: execa@1.0.0 /Users/runner/work/keepling/keepling/node_modules/execa
desktop-promote	Generate the Hex and npm bills of materials from source	2026-09-13T03:31:24.9885420Z   npm error extraneous: expect-type@1.4.0 /Users/runner/work/keepling/keepling/node_modules/expect-type
desktop-promote	Generate the Hex and npm bills of materials from source	2026-09-13T03:31:24.9886110Z   npm error extraneous: exponential-backoff@3.1.3 /Users/runner/work/keepling/keepling/node_modules/exponential-backoff
desktop-promote	Generate the Hex and npm bills of materials from source	2026-09-13T03:31:24.9888070Z   npm error extraneous: express-rate-limit@8.7.0 /Users/runner/work/keepling/keepling/node_modules/express-rate-limit
desktop-promote	Generate the Hex and npm bills of materials from source	2026-09-13T03:31:24.9889210Z   npm error extraneous: express@5.2.1 /Users/runner/work/keepling/keepling/node_modules/express
desktop-promote	Generate the Hex and npm bills of materials from source	2026-09-13T03:31:24.9891250Z   npm error extraneous: external-editor@3.1.0 /Users/runner/work/keepling/keepling/node_modules/external-editor
desktop-promote	Generate the Hex and npm bills of materials from source	2026-09-13T03:31:24.9893070Z   npm error extraneous: extract-zip@2.0.1 /Users/runner/work/keepling/keepling/node_modules/extract-zip
desktop-promote	Generate the Hex and npm bills of materials from source	2026-09-13T03:31:24.9894860Z   npm error extraneous: fast-glob@3.3.3 /Users/runner/work/keepling/keepling/node_modules/fast-glob
desktop-promote	Generate the Hex and npm bills of materials from source	2026-09-13T03:31:24.9896900Z   npm error extraneous: fast-json-stable-stringify@2.1.0 /Users/runner/work/keepling/keepling/node_modules/fast-json-stable-stringify
desktop-promote	Generate the Hex and npm bills of materials from source	2026-09-13T03:31:24.9899090Z   npm error extraneous: fast-levenshtein@2.0.6 /Users/runner/work/keepling/keepling/node_modules/fast-levenshtein
desktop-promote	Generate the Hex and npm bills of materials from source	2026-09-13T03:31:24.9901370Z   npm error extraneous: fast-uri@3.1.6 /Users/runner/work/keepling/keepling/node_modules/fast-uri
desktop-promote	Generate the Hex and npm bills of materials from source	2026-09-13T03:31:24.9902930Z   npm error extraneous: fastq@1.20.3 /Users/runner/work/keepling/keepling/node_modules/fastq
desktop-promote	Generate the Hex and npm bills of materials from source	2026-09-13T03:31:24.9904810Z   npm error extraneous: fd-slicer@1.1.0 /Users/runner/work/keepling/keepling/node_modules/fd-slicer
desktop-promote	Generate the Hex and npm bills of materials from source	2026-09-13T03:31:24.9906380Z   npm error extraneous: fdir@6.5.0 /Users/runner/work/keepling/keepling/node_modules/fdir
desktop-promote	Generate the Hex and npm bills of materials from source	2026-09-13T03:31:24.9907900Z   npm error extraneous: figures@6.1.0 /Users/runner/work/keepling/keepling/node_modules/figures
desktop-promote	Generate the Hex and npm bills of materials from source	2026-09-13T03:31:24.9909620Z   npm error extraneous: file-entry-cache@8.0.0 /Users/runner/work/keepling/keepling/node_modules/file-entry-cache
desktop-promote	Generate the Hex and npm bills of materials from source	2026-09-13T03:31:24.9911680Z   npm error extraneous: filename-reserved-regex@2.0.0 /Users/runner/work/keepling/keepling/node_modules/filename-reserved-regex
desktop-promote	Generate the Hex and npm bills of materials from source	2026-09-13T03:31:24.9913590Z   npm error extraneous: filenamify@4.3.0 /Users/runner/work/keepling/keepling/node_modules/filenamify
desktop-promote	Generate the Hex and npm bills of materials from source	2026-09-13T03:31:24.9915570Z   npm error extraneous: fill-range@7.1.1 /Users/runner/work/keepling/keepling/node_modules/fill-range
desktop-promote	Generate the Hex and npm bills of materials from source	2026-09-13T03:31:24.9917310Z   npm error extraneous: finalhandler@2.1.1 /Users/runner/work/keepling/keepling/node_modules/finalhandler
desktop-promote	Generate the Hex and npm bills of materials from source	2026-09-13T03:31:24.9918940Z   npm error extraneous: find-up@5.0.0 /Users/runner/work/keepling/keepling/node_modules/find-up
desktop-promote	Generate the Hex and npm bills of materials from source	2026-09-13T03:31:24.9920530Z   npm error extraneous: flat-cache@4.0.1 /Users/runner/work/keepling/keepling/node_modules/flat-cache
desktop-promote	Generate the Hex and npm bills of materials from source	2026-09-13T03:31:24.9922110Z   npm error extraneous: flatted@3.4.4 /Users/runner/work/keepling/keepling/node_modules/flatted
desktop-promote	Generate the Hex and npm bills of materials from source	2026-09-13T03:31:24.9925780Z   npm error extraneous: flora-colossus@2.0.0 /Users/runner/work/keepling/keepling/node_modules/flora-colossus
desktop-promote	Generate the Hex and npm bills of materials from source	2026-09-13T03:31:24.9927630Z   npm error extraneous: forwarded@0.2.0 /Users/runner/work/keepling/keepling/node_modules/forwarded
desktop-promote	Generate the Hex and npm bills of materials from source	2026-09-13T03:31:24.9955740Z   npm error extraneous: fresh@2.0.0 /Users/runner/work/keepling/keepling/node_modules/fresh
desktop-promote	Generate the Hex and npm bills of materials from source	2026-09-13T03:31:24.9985600Z   npm error extraneous: fs-extra@10.1.0 /Users/runner/work/keepling/keepling/node_modules/fs-extra
desktop-promote	Generate the Hex and npm bills of materials from source	2026-09-13T03:31:24.9988670Z   npm error extraneous: fs-minipass@2.1.0 /Users/runner/work/keepling/keepling/node_modules/fs-minipass
desktop-promote	Generate the Hex and npm bills of materials from source	2026-09-13T03:31:24.9990350Z   npm error extraneous: fs.realpath@1.0.0 /Users/runner/work/keepling/keepling/node_modules/fs.realpath
desktop-promote	Generate the Hex and npm bills of materials from source	2026-09-13T03:31:24.9992140Z   npm error extraneous: fsevents@2.3.2 /Users/runner/work/keepling/keepling/node_modules/fsevents
desktop-promote	Generate the Hex and npm bills of materials from source	2026-09-13T03:31:24.9993800Z   npm error extraneous: function-bind@1.1.2 /Users/runner/work/keepling/keepling/node_modules/function-bind
desktop-promote	Generate the Hex and npm bills of materials from source	2026-09-13T03:31:24.9995490Z   npm error extraneous: fuzzysort@3.1.0 /Users/runner/work/keepling/keepling/node_modules/fuzzysort
desktop-promote	Generate the Hex and npm bills of materials from source	2026-09-13T03:31:25.0006990Z   npm error extraneous: galactus@1.0.0 /Users/runner/work/keepling/keepling/node_modules/galactus
desktop-promote	Generate the Hex and npm bills of materials from source	2026-09-13T03:31:25.0015540Z   npm error extraneous: gensync@1.0.0-beta.2 /Users/runner/work/keepling/keepling/node_modules/gensync
desktop-promote	Generate the Hex and npm bills of materials from source	2026-09-13T03:31:25.0016300Z   npm error extraneous: get-caller-file@2.0.5 /Users/runner/work/keepling/keepling/node_modules/get-caller-file
desktop-promote	Generate the Hex and npm bills of materials from source	2026-09-13T03:31:25.0017090Z   npm error extraneous: get-east-asian-width@1.6.0 /Users/runner/work/keepling/keepling/node_modules/get-east-asian-width
desktop-promote	Generate the Hex and npm bills of materials from source	2026-09-13T03:31:25.0017800Z   npm error extraneous: get-intrinsic@1.3.0 /Users/runner/work/keepling/keepling/node_modules/get-intrinsic
desktop-promote	Generate the Hex and npm bills of materials from source	2026-09-13T03:31:25.0018550Z   npm error extraneous: get-own-enumerable-keys@1.0.0 /Users/runner/work/keepling/keepling/node_modules/get-own-enumerable-keys
desktop-promote	Generate the Hex and npm bills of materials from source	2026-09-13T03:31:25.0019310Z   npm error extraneous: get-package-info@1.0.0 /Users/runner/work/keepling/keepling/node_modules/get-package-info
desktop-promote	Generate the Hex and npm bills of materials from source	2026-09-13T03:31:25.0019960Z   npm error extraneous: get-proto@1.0.1 /Users/runner/work/keepling/keepling/node_modules/get-proto
desktop-promote	Generate the Hex and npm bills of materials from source	2026-09-13T03:31:25.0020580Z   npm error extraneous: get-stream@5.2.0 /Users/runner/work/keepling/keepling/node_modules/get-stream
desktop-promote	Generate the Hex and npm bills of materials from source	2026-09-13T03:31:25.0021800Z   npm error extraneous: glob-parent@5.1.2 /Users/runner/work/keepling/keepling/node_modules/glob-parent
desktop-promote	Generate the Hex and npm bills of materials from source	2026-09-13T03:31:25.0022380Z   npm error extraneous: glob@7.2.3 /Users/runner/work/keepling/keepling/node_modules/glob
desktop-promote	Generate the Hex and npm bills of materials from source	2026-09-13T03:31:25.0022970Z   npm error extraneous: global-agent@3.0.0 /Users/runner/work/keepling/keepling/node_modules/global-agent
desktop-promote	Generate the Hex and npm bills of materials from source	2026-09-13T03:31:25.0023600Z   npm error extraneous: global-dirs@3.0.1 /Users/runner/work/keepling/keepling/node_modules/global-dirs
desktop-promote	Generate the Hex and npm bills of materials from source	2026-09-13T03:31:25.0024190Z   npm error extraneous: globals@17.12.0 /Users/runner/work/keepling/keepling/node_modules/globals
desktop-promote	Generate the Hex and npm bills of materials from source	2026-09-13T03:31:25.0024780Z   npm error extraneous: globalthis@1.0.4 /Users/runner/work/keepling/keepling/node_modules/globalthis
desktop-promote	Generate the Hex and npm bills of materials from source	2026-09-13T03:31:25.0025430Z   npm error extraneous: gopd@1.2.0 /Users/runner/work/keepling/keepling/node_modules/gopd
desktop-promote	Generate the Hex and npm bills of materials from source	2026-09-13T03:31:25.0025970Z   npm error extraneous: got@11.8.6 /Users/runner/work/keepling/keepling/node_modules/got
desktop-promote	Generate the Hex and npm bills of materials from source	2026-09-13T03:31:25.0026560Z   npm error extraneous: graceful-fs@4.2.11 /Users/runner/work/keepling/keepling/node_modules/graceful-fs
desktop-promote	Generate the Hex and npm bills of materials from source	2026-09-13T03:31:25.0027170Z   npm error extraneous: has-flag@4.0.0 /Users/runner/work/keepling/keepling/node_modules/has-flag
desktop-promote	Generate the Hex and npm bills of materials from source	2026-09-13T03:31:25.0027880Z   npm error extraneous: has-property-descriptors@1.0.2 /Users/runner/work/keepling/keepling/node_modules/has-property-descriptors
desktop-promote	Generate the Hex and npm bills of materials from source	2026-09-13T03:31:25.0028590Z   npm error extraneous: has-symbols@1.1.0 /Users/runner/work/keepling/keepling/node_modules/has-symbols
desktop-promote	Generate the Hex and npm bills of materials from source	2026-09-13T03:31:25.0029720Z   npm error extraneous: hasown@2.0.4 /Users/runner/work/keepling/keepling/node_modules/hasown
desktop-promote	Generate the Hex and npm bills of materials from source	2026-09-13T03:31:25.0030360Z   npm error extraneous: hermes-estree@0.25.1 /Users/runner/work/keepling/keepling/node_modules/hermes-estree
desktop-promote	Generate the Hex and npm bills of materials from source	2026-09-13T03:31:25.0031080Z   npm error extraneous: hermes-parser@0.25.1 /Users/runner/work/keepling/keepling/node_modules/hermes-parser
desktop-promote	Generate the Hex and npm bills of materials from source	2026-09-13T03:31:25.0031710Z   npm error extraneous: hono@4.13.5 /Users/runner/work/keepling/keepling/node_modules/hono
desktop-promote	Generate the Hex and npm bills of materials from source	2026-09-13T03:31:25.0032350Z   npm error extraneous: hosted-git-info@2.8.9 /Users/runner/work/keepling/keepling/node_modules/hosted-git-info
desktop-promote	Generate the Hex and npm bills of materials from source	2026-09-13T03:31:25.0033350Z   npm error extraneous: html-encoding-sniffer@6.0.0 /Users/runner/work/keepling/keepling/node_modules/html-encoding-sniffer
desktop-promote	Generate the Hex and npm bills of materials from source	2026-09-13T03:31:25.0034120Z   npm error extraneous: http-cache-semantics@4.2.0 /Users/runner/work/keepling/keepling/node_modules/http-cache-semantics
desktop-promote	Generate the Hex and npm bills of materials from source	2026-09-13T03:31:25.0034830Z   npm error extraneous: http-errors@2.0.1 /Users/runner/work/keepling/keepling/node_modules/http-errors
desktop-promote	Generate the Hex and npm bills of materials from source	2026-09-13T03:31:25.0035500Z   npm error extraneous: http-proxy-agent@5.0.0 /Users/runner/work/keepling/keepling/node_modules/http-proxy-agent
desktop-promote	Generate the Hex and npm bills of materials from source	2026-09-13T03:31:25.0036180Z   npm error extraneous: http2-wrapper@1.0.3 /Users/runner/work/keepling/keepling/node_modules/http2-wrapper
desktop-promote	Generate the Hex and npm bills of materials from source	2026-09-13T03:31:25.0036830Z   npm error extraneous: human-signals@2.1.0 /Users/runner/work/keepling/keepling/node_modules/human-signals
desktop-promote	Generate the Hex and npm bills of materials from source	2026-09-13T03:31:25.0037460Z   npm error extraneous: humanize-ms@1.2.1 /Users/runner/work/keepling/keepling/node_modules/humanize-ms
desktop-promote	Generate the Hex and npm bills of materials from source	2026-09-13T03:31:25.0038070Z   npm error extraneous: iconv-lite@0.7.3 /Users/runner/work/keepling/keepling/node_modules/iconv-lite
desktop-promote	Generate the Hex and npm bills of materials from source	2026-09-13T03:31:25.0038690Z   npm error extraneous: ieee754@1.2.1 /Users/runner/work/keepling/keepling/node_modules/ieee754
desktop-promote	Generate the Hex and npm bills of materials from source	2026-09-13T03:31:25.0039250Z   npm error extraneous: ignore@5.3.2 /Users/runner/work/keepling/keepling/node_modules/ignore
desktop-promote	Generate the Hex and npm bills of materials from source	2026-09-13T03:31:25.0039850Z   npm error extraneous: import-fresh@3.3.1 /Users/runner/work/keepling/keepling/node_modules/import-fresh
desktop-promote	Generate the Hex and npm bills of materials from source	2026-09-13T03:31:25.0040490Z   npm error extraneous: imurmurhash@0.1.4 /Users/runner/work/keepling/keepling/node_modules/imurmurhash
desktop-promote	Generate the Hex and npm bills of materials from source	2026-09-13T03:31:25.0041130Z   npm error extraneous: indent-string@4.0.0 /Users/runner/work/keepling/keepling/node_modules/indent-string
desktop-promote	Generate the Hex and npm bills of materials from source	2026-09-13T03:31:25.0041780Z   npm error extraneous: infer-owner@1.0.4 /Users/runner/work/keepling/keepling/node_modules/infer-owner
desktop-promote	Generate the Hex and npm bills of materials from source	2026-09-13T03:31:25.0042670Z   npm error extraneous: inflight@1.0.6 /Users/runner/work/keepling/keepling/node_modules/inflight
desktop-promote	Generate the Hex and npm bills of materials from source	2026-09-13T03:31:25.0043260Z   npm error extraneous: inherits@2.0.4 /Users/runner/work/keepling/keepling/node_modules/inherits
desktop-promote	Generate the Hex and npm bills of materials from source	2026-09-13T03:31:25.0043810Z   npm error extraneous: ini@2.0.0 /Users/runner/work/keepling/keepling/node_modules/ini
desktop-promote	Generate the Hex and npm bills of materials from source	2026-09-13T03:31:25.0044390Z   npm error extraneous: interpret@3.1.1 /Users/runner/work/keepling/keepling/node_modules/interpret
desktop-promote	Generate the Hex and npm bills of materials from source	2026-09-13T03:31:25.0045000Z   npm error extraneous: ip-address@10.7.0 /Users/runner/work/keepling/keepling/node_modules/ip-address
desktop-promote	Generate the Hex and npm bills of materials from source	2026-09-13T03:31:25.0045600Z   npm error extraneous: ipaddr.js@1.9.1 /Users/runner/work/keepling/keepling/node_modules/ipaddr.js
desktop-promote	Generate the Hex and npm bills of materials from source	2026-09-13T03:31:25.0046210Z   npm error extraneous: is-arrayish@0.2.1 /Users/runner/work/keepling/keepling/node_modules/is-arrayish
desktop-promote	Generate the Hex and npm bills of materials from source	2026-09-13T03:31:25.0046850Z   npm error extraneous: is-core-module@2.16.2 /Users/runner/work/keepling/keepling/node_modules/is-core-module
desktop-promote	Generate the Hex and npm bills of materials from source	2026-09-13T03:31:25.0047470Z   npm error extraneous: is-docker@2.2.1 /Users/runner/work/keepling/keepling/node_modules/is-docker
desktop-promote	Generate the Hex and npm bills of materials from source	2026-09-13T03:31:25.0048070Z   npm error extraneous: is-extglob@2.1.1 /Users/runner/work/keepling/keepling/node_modules/is-extglob
desktop-promote	Generate the Hex and npm bills of materials from source	2026-09-13T03:31:25.0055570Z   npm error extraneous: is-fullwidth-code-point@3.0.0 /Users/runner/work/keepling/keepling/node_modules/is-fullwidth-code-point
desktop-promote	Generate the Hex and npm bills of materials from source	2026-09-13T03:31:25.0062320Z   npm error extraneous: is-glob@4.0.3 /Users/runner/work/keepling/keepling/node_modules/is-glob
desktop-promote	Generate the Hex and npm bills of materials from source	2026-09-13T03:31:25.0080700Z   npm error extraneous: is-in-ssh@1.0.0 /Users/runner/work/keepling/keepling/node_modules/is-in-ssh
desktop-promote	Generate the Hex and npm bills of materials from source	2026-09-13T03:31:25.0101000Z   npm error extraneous: is-inside-container@1.0.0 /Users/runner/work/keepling/keepling/node_modules/is-inside-container
desktop-promote	Generate the Hex and npm bills of materials from source	2026-09-13T03:31:25.0103290Z   npm error extraneous: is-interactive@1.0.0 /Users/runner/work/keepling/keepling/node_modules/is-interactive
desktop-promote	Generate the Hex and npm bills of materials from source	2026-09-13T03:31:25.0105030Z   npm error extraneous: is-lambda@1.0.1 /Users/runner/work/keepling/keepling/node_modules/is-lambda
desktop-promote	Generate the Hex and npm bills of materials from source	2026-09-13T03:31:25.0107360Z   npm error extraneous: is-number@7.0.0 /Users/runner/work/keepling/keepling/node_modules/is-number
desktop-promote	Generate the Hex and npm bills of materials from source	2026-09-13T03:31:25.0108890Z   npm error extraneous: is-obj@2.0.0 /Users/runner/work/keepling/keepling/node_modules/is-obj
desktop-promote	Generate the Hex and npm bills of materials from source	2026-09-13T03:31:25.0110480Z   npm error extraneous: is-plain-obj@4.1.0 /Users/runner/work/keepling/keepling/node_modules/is-plain-obj
desktop-promote	Generate the Hex and npm bills of materials from source	2026-09-13T03:31:25.0113470Z   npm error extraneous: is-potential-custom-element-name@1.0.1 /Users/runner/work/keepling/keepling/node_modules/is-potential-custom-element-name
desktop-promote	Generate the Hex and npm bills of materials from source	2026-09-13T03:31:25.0114270Z   npm error extraneous: is-promise@4.0.0 /Users/runner/work/keepling/keepling/node_modules/is-promise
desktop-promote	Generate the Hex and npm bills of materials from source	2026-09-13T03:31:25.0114900Z   npm error extraneous: is-regexp@3.1.0 /Users/runner/work/keepling/keepling/node_modules/is-regexp
desktop-promote	Generate the Hex and npm bills of materials from source	2026-09-13T03:31:25.0115500Z   npm error extraneous: is-stream@4.0.1 /Users/runner/work/keepling/keepling/node_modules/is-stream
desktop-promote	Generate the Hex and npm bills of materials from source	2026-09-13T03:31:25.0116200Z   npm error extraneous: is-unicode-supported@0.1.0 /Users/runner/work/keepling/keepling/node_modules/is-unicode-supported
desktop-promote	Generate the Hex and npm bills of materials from source	2026-09-13T03:31:25.0116890Z   npm error extraneous: is-wsl@2.2.0 /Users/runner/work/keepling/keepling/node_modules/is-wsl
desktop-promote	Generate the Hex and npm bills of materials from source	2026-09-13T03:31:25.0117520Z   npm error extraneous: isbinaryfile@4.0.10 /Users/runner/work/keepling/keepling/node_modules/isbinaryfile
desktop-promote	Generate the Hex and npm bills of materials from source	2026-09-13T03:31:25.0118110Z   npm error extraneous: isexe@2.0.0 /Users/runner/work/keepling/keepling/node_modules/isexe
desktop-promote	Generate the Hex and npm bills of materials from source	2026-09-13T03:31:25.0118710Z   npm error extraneous: jest-worker@27.5.1 /Users/runner/work/keepling/keepling/node_modules/jest-worker
desktop-promote	Generate the Hex and npm bills of materials from source	2026-09-13T03:31:25.0119280Z   npm error extraneous: jiti@2.7.0 /Users/runner/work/keepling/keepling/node_modules/jiti
desktop-promote	Generate the Hex and npm bills of materials from source	2026-09-13T03:31:25.0119820Z   npm error extraneous: jose@6.2.10 /Users/runner/work/keepling/keepling/node_modules/jose
desktop-promote	Generate the Hex and npm bills of materials from source	2026-09-13T03:31:25.0120360Z   npm error extraneous: jsdom@30.0.1 /Users/runner/work/keepling/keepling/node_modules/jsdom
desktop-promote	Generate the Hex and npm bills of materials from source	2026-09-13T03:31:25.0121210Z   npm error extraneous: jsesc@3.1.0 /Users/runner/work/keepling/keepling/node_modules/jsesc
desktop-promote	Generate the Hex and npm bills of materials from source	2026-09-13T03:31:25.0121810Z   npm error extraneous: json-buffer@3.0.1 /Users/runner/work/keepling/keepling/node_modules/json-buffer
desktop-promote	Generate the Hex and npm bills of materials from source	2026-09-13T03:31:25.0122570Z   npm error extraneous: json-parse-even-better-errors@2.3.1 /Users/runner/work/keepling/keepling/node_modules/json-parse-even-better-errors
desktop-promote	Generate the Hex and npm bills of materials from source	2026-09-13T03:31:25.0129980Z   npm error extraneous: json-schema-typed@7.0.3 /Users/runner/work/keepling/keepling/node_modules/json-schema-typed
desktop-promote	Generate the Hex and npm bills of materials from source	2026-09-13T03:31:25.0130890Z   npm error extraneous: json-stable-stringify-without-jsonify@1.0.1 /Users/runner/work/keepling/keepling/node_modules/json-stable-stringify-without-jsonify
desktop-promote	Generate the Hex and npm bills of materials from source	2026-09-13T03:31:25.0131760Z   npm error extraneous: json-stringify-safe@5.0.1 /Users/runner/work/keepling/keepling/node_modules/json-stringify-safe
desktop-promote	Generate the Hex and npm bills of materials from source	2026-09-13T03:31:25.0132400Z   npm error extraneous: json5@2.2.3 /Users/runner/work/keepling/keepling/node_modules/json5
desktop-promote	Generate the Hex and npm bills of materials from source	2026-09-13T03:31:25.0133000Z   npm error extraneous: jsonfile@6.2.1 /Users/runner/work/keepling/keepling/node_modules/jsonfile
desktop-promote	Generate the Hex and npm bills of materials from source	2026-09-13T03:31:25.0133560Z   npm error extraneous: junk@3.1.0 /Users/runner/work/keepling/keepling/node_modules/junk
desktop-promote	Generate the Hex and npm bills of materials from source	2026-09-13T03:31:25.0134090Z   npm error extraneous: keyv@4.5.4 /Users/runner/work/keepling/keepling/node_modules/keyv
desktop-promote	Generate the Hex and npm bills of materials from source	2026-09-13T03:31:25.0134630Z   npm error extraneous: kleur@4.1.5 /Users/runner/work/keepling/keepling/node_modules/kleur
desktop-promote	Generate the Hex and npm bills of materials from source	2026-09-13T03:31:25.0135150Z   npm error extraneous: levn@0.4.1 /Users/runner/work/keepling/keepling/node_modules/levn
desktop-promote	Generate the Hex and npm bills of materials from source	2026-09-13T03:31:25.0135850Z   npm error extraneous: lightningcss-darwin-arm64@1.33.0 /Users/runner/work/keepling/keepling/node_modules/lightningcss-darwin-arm64
desktop-promote	Generate the Hex and npm bills of materials from source	2026-09-13T03:31:25.0137820Z   npm error extraneous: lightningcss@1.33.0 /Users/runner/work/keepling/keepling/node_modules/lightningcss
desktop-promote	Generate the Hex and npm bills of materials from source	2026-09-13T03:31:25.0138520Z   npm error extraneous: lines-and-columns@1.2.4 /Users/runner/work/keepling/keepling/node_modules/lines-and-columns
desktop-promote	Generate the Hex and npm bills of materials from source	2026-09-13T03:31:25.0139170Z   npm error extraneous: listr2@7.0.2 /Users/runner/work/keepling/keepling/node_modules/listr2
desktop-promote	Generate the Hex and npm bills of materials from source	2026-09-13T03:31:25.0140100Z   npm error extraneous: load-json-file@2.0.0 /Users/runner/work/keepling/keepling/node_modules/load-json-file
desktop-promote	Generate the Hex and npm bills of materials from source	2026-09-13T03:31:25.0140750Z   npm error extraneous: locate-path@2.0.0 /Users/runner/work/keepling/keepling/node_modules/locate-path
desktop-promote	Generate the Hex and npm bills of materials from source	2026-09-13T03:31:25.0141380Z   npm error extraneous: lodash.get@4.4.2 /Users/runner/work/keepling/keepling/node_modules/lodash.get
desktop-promote	Generate the Hex and npm bills of materials from source	2026-09-13T03:31:25.0142010Z   npm error extraneous: log-symbols@4.1.0 /Users/runner/work/keepling/keepling/node_modules/log-symbols
desktop-promote	Generate the Hex and npm bills of materials from source	2026-09-13T03:31:25.0142660Z   npm error extraneous: log-update@5.0.1 /Users/runner/work/keepling/keepling/node_modules/log-update
desktop-promote	Generate the Hex and npm bills of materials from source	2026-09-13T03:31:25.0143420Z   npm error extraneous: lowercase-keys@2.0.0 /Users/runner/work/keepling/keepling/node_modules/lowercase-keys
desktop-promote	Generate the Hex and npm bills of materials from source	2026-09-13T03:31:25.0144100Z   npm error extraneous: lru-cache@11.5.2 /Users/runner/work/keepling/keepling/node_modules/lru-cache
desktop-promote	Generate the Hex and npm bills of materials from source	2026-09-13T03:31:25.0144730Z   npm error extraneous: lucide-react@1.39.0 /Users/runner/work/keepling/keepling/node_modules/lucide-react
desktop-promote	Generate the Hex and npm bills of materials from source	2026-09-13T03:31:25.0145340Z   npm error extraneous: lz-string@1.5.0 /Users/runner/work/keepling/keepling/node_modules/lz-string
desktop-promote	Generate the Hex and npm bills of materials from source	2026-09-13T03:31:25.0145960Z   npm error extraneous: magic-string@0.30.21 /Users/runner/work/keepling/keepling/node_modules/magic-string
desktop-promote	Generate the Hex and npm bills of materials from source	2026-09-13T03:31:25.0146640Z   npm error extraneous: make-fetch-happen@10.2.1 /Users/runner/work/keepling/keepling/node_modules/make-fetch-happen
desktop-promote	Generate the Hex and npm bills of materials from source	2026-09-13T03:31:25.0147330Z   npm error extraneous: map-age-cleaner@0.1.3 /Users/runner/work/keepling/keepling/node_modules/map-age-cleaner
desktop-promote	Generate the Hex and npm bills of materials from source	2026-09-13T03:31:25.0147940Z   npm error extraneous: matcher@3.0.0 /Users/runner/work/keepling/keepling/node_modules/matcher
desktop-promote	Generate the Hex and npm bills of materials from source	2026-09-13T03:31:25.0148560Z   npm error extraneous: math-intrinsics@1.1.0 /Users/runner/work/keepling/keepling/node_modules/math-intrinsics
desktop-promote	Generate the Hex and npm bills of materials from source	2026-09-13T03:31:25.0149360Z   npm error extraneous: mdn-data@2.27.1 /Users/runner/work/keepling/keepling/node_modules/mdn-data
desktop-promote	Generate the Hex and npm bills of materials from source	2026-09-13T03:31:25.0149990Z   npm error extraneous: media-typer@1.1.1 /Users/runner/work/keepling/keepling/node_modules/media-typer
desktop-promote	Generate the Hex and npm bills of materials from source	2026-09-13T03:31:25.0151690Z   npm error extraneous: mem@4.3.0 /Users/runner/work/keepling/keepling/node_modules/mem
desktop-promote	Generate the Hex and npm bills of materials from source	2026-09-13T03:31:25.0152340Z   npm error extraneous: merge-descriptors@2.0.0 /Users/runner/work/keepling/keepling/node_modules/merge-descriptors
desktop-promote	Generate the Hex and npm bills of materials from source	2026-09-13T03:31:25.0153640Z   npm error extraneous: merge-stream@2.0.0 /Users/runner/work/keepling/keepling/node_modules/merge-stream
desktop-promote	Generate the Hex and npm bills of materials from source	2026-09-13T03:31:25.0154330Z   npm error extraneous: merge2@1.4.1 /Users/runner/work/keepling/keepling/node_modules/merge2
desktop-promote	Generate the Hex and npm bills of materials from source	2026-09-13T03:31:25.0154930Z   npm error extraneous: micromatch@4.0.8 /Users/runner/work/keepling/keepling/node_modules/micromatch
desktop-promote	Generate the Hex and npm bills of materials from source	2026-09-13T03:31:25.0155540Z   npm error extraneous: mime-db@1.54.0 /Users/runner/work/keepling/keepling/node_modules/mime-db
desktop-promote	Generate the Hex and npm bills of materials from source	2026-09-13T03:31:25.0156160Z   npm error extraneous: mime-types@3.0.2 /Users/runner/work/keepling/keepling/node_modules/mime-types
desktop-promote	Generate the Hex and npm bills of materials from source	2026-09-13T03:31:25.0156760Z   npm error extraneous: mimic-fn@2.1.0 /Users/runner/work/keepling/keepling/node_modules/mimic-fn
desktop-promote	Generate the Hex and npm bills of materials from source	2026-09-13T03:31:25.0157380Z   npm error extraneous: mimic-function@5.0.1 /Users/runner/work/keepling/keepling/node_modules/mimic-function
desktop-promote	Generate the Hex and npm bills of materials from source	2026-09-13T03:31:25.0158050Z   npm error extraneous: mimic-response@1.0.1 /Users/runner/work/keepling/keepling/node_modules/mimic-response
desktop-promote	Generate the Hex and npm bills of materials from source	2026-09-13T03:31:25.0158690Z   npm error extraneous: min-indent@1.0.1 /Users/runner/work/keepling/keepling/node_modules/min-indent
desktop-promote	Generate the Hex and npm bills of materials from source	2026-09-13T03:31:25.0159290Z   npm error extraneous: minimatch@10.2.6 /Users/runner/work/keepling/keepling/node_modules/minimatch
desktop-promote	Generate the Hex and npm bills of materials from source	2026-09-13T03:31:25.0159890Z   npm error extraneous: minimist@1.2.8 /Users/runner/work/keepling/keepling/node_modules/minimist
desktop-promote	Generate the Hex and npm bills of materials from source	2026-09-13T03:31:25.0160610Z   npm error extraneous: minimizer-webpack-plugin@5.8.0 /Users/runner/work/keepling/keepling/node_modules/minimizer-webpack-plugin
desktop-promote	Generate the Hex and npm bills of materials from source	2026-09-13T03:31:25.0161700Z   npm error extraneous: minipass-collect@1.0.2 /Users/runner/work/keepling/keepling/node_modules/minipass-collect
desktop-promote	Generate the Hex and npm bills of materials from source	2026-09-13T03:31:25.0162390Z   npm error extraneous: minipass-fetch@2.1.2 /Users/runner/work/keepling/keepling/node_modules/minipass-fetch
desktop-promote	Generate the Hex and npm bills of materials from source	2026-09-13T03:31:25.0163060Z   npm error extraneous: minipass-flush@1.0.7 /Users/runner/work/keepling/keepling/node_modules/minipass-flush
desktop-promote	Generate the Hex and npm bills of materials from source	2026-09-13T03:31:25.0163750Z   npm error extraneous: minipass-pipeline@1.2.4 /Users/runner/work/keepling/keepling/node_modules/minipass-pipeline
desktop-promote	Generate the Hex and npm bills of materials from source	2026-09-13T03:31:25.0164430Z   npm error extraneous: minipass-sized@1.0.3 /Users/runner/work/keepling/keepling/node_modules/minipass-sized
desktop-promote	Generate the Hex and npm bills of materials from source	2026-09-13T03:31:25.0165050Z   npm error extraneous: minipass@3.3.6 /Users/runner/work/keepling/keepling/node_modules/minipass
desktop-promote	Generate the Hex and npm bills of materials from source	2026-09-13T03:31:25.0165620Z   npm error extraneous: minizlib@2.1.2 /Users/runner/work/keepling/keepling/node_modules/minizlib
desktop-promote	Generate the Hex and npm bills of materials from source	2026-09-13T03:31:25.0166190Z   npm error extraneous: mkdirp@1.0.4 /Users/runner/work/keepling/keepling/node_modules/mkdirp
desktop-promote	Generate the Hex and npm bills of materials from source	2026-09-13T03:31:25.0166790Z   npm error extraneous: mute-stream@1.0.0 /Users/runner/work/keepling/keepling/node_modules/mute-stream
desktop-promote	Generate the Hex and npm bills of materials from source	2026-09-13T03:31:25.0167380Z   npm error extraneous: nanoid@3.3.18 /Users/runner/work/keepling/keepling/node_modules/nanoid
desktop-promote	Generate the Hex and npm bills of materials from source	2026-09-13T03:31:25.0168010Z   npm error extraneous: natural-compare@1.4.0 /Users/runner/work/keepling/keepling/node_modules/natural-compare
desktop-promote	Generate the Hex and npm bills of materials from source	2026-09-13T03:31:25.0168770Z   npm error extraneous: negotiator@0.6.4 /Users/runner/work/keepling/keepling/node_modules/negotiator
desktop-promote	Generate the Hex and npm bills of materials from source	2026-09-13T03:31:25.0169390Z   npm error extraneous: neo-async@2.6.2 /Users/runner/work/keepling/keepling/node_modules/neo-async
desktop-promote	Generate the Hex and npm bills of materials from source	2026-09-13T03:31:25.0169990Z   npm error extraneous: nice-try@1.0.5 /Users/runner/work/keepling/keepling/node_modules/nice-try
desktop-promote	Generate the Hex and npm bills of materials from source	2026-09-13T03:31:25.0170570Z   npm error extraneous: node-abi@3.96.0 /Users/runner/work/keepling/keepling/node_modules/node-abi
desktop-promote	Generate the Hex and npm bills of materials from source	2026-09-13T03:31:25.0171650Z   npm error extraneous: node-api-version@0.2.1 /Users/runner/work/keepling/keepling/node_modules/node-api-version
desktop-promote	Generate the Hex and npm bills of materials from source	2026-09-13T03:31:25.0172300Z   npm error extraneous: node-fetch@2.7.0 /Users/runner/work/keepling/keepling/node_modules/node-fetch
desktop-promote	Generate the Hex and npm bills of materials from source	2026-09-13T03:31:25.0172930Z   npm error extraneous: node-releases@2.0.54 /Users/runner/work/keepling/keepling/node_modules/node-releases
desktop-promote	Generate the Hex and npm bills of materials from source	2026-09-13T03:31:25.0173560Z   npm error extraneous: nopt@6.0.0 /Users/runner/work/keepling/keepling/node_modules/nopt
desktop-promote	Generate the Hex and npm bills of materials from source	2026-09-13T03:31:25.0174230Z   npm error extraneous: normalize-package-data@2.5.0 /Users/runner/work/keepling/keepling/node_modules/normalize-package-data
desktop-promote	Generate the Hex and npm bills of materials from source	2026-09-13T03:31:25.0174930Z   npm error extraneous: normalize-url@6.1.0 /Users/runner/work/keepling/keepling/node_modules/normalize-url
desktop-promote	Generate the Hex and npm bills of materials from source	2026-09-13T03:31:25.0175580Z   npm error extraneous: npm-run-path@2.0.2 /Users/runner/work/keepling/keepling/node_modules/npm-run-path
desktop-promote	Generate the Hex and npm bills of materials from source	2026-09-13T03:31:25.0176230Z   npm error extraneous: object-assign@4.1.1 /Users/runner/work/keepling/keepling/node_modules/object-assign
desktop-promote	Generate the Hex and npm bills of materials from source	2026-09-13T03:31:25.0176900Z   npm error extraneous: object-inspect@1.13.4 /Users/runner/work/keepling/keepling/node_modules/object-inspect
desktop-promote	Generate the Hex and npm bills of materials from source	2026-09-13T03:31:25.0177550Z   npm error extraneous: object-keys@1.1.1 /Users/runner/work/keepling/keepling/node_modules/object-keys
desktop-promote	Generate the Hex and npm bills of materials from source	2026-09-13T03:31:25.0178210Z   npm error extraneous: object-treeify@1.1.33 /Users/runner/work/keepling/keepling/node_modules/object-treeify
desktop-promote	Generate the Hex and npm bills of materials from source	2026-09-13T03:31:25.0178810Z   npm error extraneous: obug@2.1.4 /Users/runner/work/keepling/keepling/node_modules/obug
desktop-promote	Generate the Hex and npm bills of materials from source	2026-09-13T03:31:25.0179400Z   npm error extraneous: on-finished@2.4.1 /Users/runner/work/keepling/keepling/node_modules/on-finished
desktop-promote	Generate the Hex and npm bills of materials from source	2026-09-13T03:31:25.0179960Z   npm error extraneous: once@1.4.0 /Users/runner/work/keepling/keepling/node_modules/once
desktop-promote	Generate the Hex and npm bills of materials from source	2026-09-13T03:31:25.0180510Z   npm error extraneous: onetime@5.1.2 /Users/runner/work/keepling/keepling/node_modules/onetime
desktop-promote	Generate the Hex and npm bills of materials from source	2026-09-13T03:31:25.0181160Z   npm error extraneous: open@8.4.2 /Users/runner/work/keepling/keepling/node_modules/open
desktop-promote	Generate the Hex and npm bills of materials from source	2026-09-13T03:31:25.0181940Z   npm error extraneous: optionator@0.9.4 /Users/runner/work/keepling/keepling/node_modules/optionator
desktop-promote	Generate the Hex and npm bills of materials from source	2026-09-13T03:31:25.0182790Z   npm error extraneous: ora@5.4.1 /Users/runner/work/keepling/keepling/node_modules/ora
desktop-promote	Generate the Hex and npm bills of materials from source	2026-09-13T03:31:25.0183350Z   npm error extraneous: os-tmpdir@1.0.2 /Users/runner/work/keepling/keepling/node_modules/os-tmpdir
desktop-promote	Generate the Hex and npm bills of materials from source	2026-09-13T03:31:25.0183970Z   npm error extraneous: p-cancelable@2.1.1 /Users/runner/work/keepling/keepling/node_modules/p-cancelable
desktop-promote	Generate the Hex and npm bills of materials from source	2026-09-13T03:31:25.0184570Z   npm error extraneous: p-defer@1.0.0 /Users/runner/work/keepling/keepling/node_modules/p-defer
desktop-promote	Generate the Hex and npm bills of materials from source	2026-09-13T03:31:25.0185150Z   npm error extraneous: p-finally@1.0.0 /Users/runner/work/keepling/keepling/node_modules/p-finally
desktop-promote	Generate the Hex and npm bills of materials from source	2026-09-13T03:31:25.0185760Z   npm error extraneous: p-is-promise@2.1.0 /Users/runner/work/keepling/keepling/node_modules/p-is-promise
desktop-promote	Generate the Hex and npm bills of materials from source	2026-09-13T03:31:25.0186470Z   npm error extraneous: p-limit@3.1.0 /Users/runner/work/keepling/keepling/node_modules/p-limit
desktop-promote	Generate the Hex and npm bills of materials from source	2026-09-13T03:31:25.0187070Z   npm error extraneous: p-locate@2.0.0 /Users/runner/work/keepling/keepling/node_modules/p-locate
desktop-promote	Generate the Hex and npm bills of materials from source	2026-09-13T03:31:25.0187650Z   npm error extraneous: p-map@4.0.0 /Users/runner/work/keepling/keepling/node_modules/p-map
desktop-promote	Generate the Hex and npm bills of materials from source	2026-09-13T03:31:25.0188200Z   npm error extraneous: p-try@1.0.0 /Users/runner/work/keepling/keepling/node_modules/p-try
desktop-promote	Generate the Hex and npm bills of materials from source	2026-09-13T03:31:25.0188800Z   npm error extraneous: parent-module@1.0.1 /Users/runner/work/keepling/keepling/node_modules/parent-module
desktop-promote	Generate the Hex and npm bills of materials from source	2026-09-13T03:31:25.0189450Z   npm error extraneous: parse-author@2.0.0 /Users/runner/work/keepling/keepling/node_modules/parse-author
desktop-promote	Generate the Hex and npm bills of materials from source	2026-09-13T03:31:25.0190050Z   npm error extraneous: parse-ms@4.0.0 /Users/runner/work/keepling/keepling/node_modules/parse-ms
desktop-promote	Generate the Hex and npm bills of materials from source	2026-09-13T03:31:25.0190690Z   npm error extraneous: parse5@8.0.1 /Users/runner/work/keepling/keepling/node_modules/parse5
desktop-promote	Generate the Hex and npm bills of materials from source	2026-09-13T03:31:25.0191680Z   npm error extraneous: parseurl@1.3.3 /Users/runner/work/keepling/keepling/node_modules/parseurl
desktop-promote	Generate the Hex and npm bills of materials from source	2026-09-13T03:31:25.0192420Z   npm error extraneous: path-browserify@1.0.1 /Users/runner/work/keepling/keepling/node_modules/path-browserify
desktop-promote	Generate the Hex and npm bills of materials from source	2026-09-13T03:31:25.0193160Z   npm error extraneous: path-exists@3.0.0 /Users/runner/work/keepling/keepling/node_modules/path-exists
desktop-promote	Generate the Hex and npm bills of materials from source	2026-09-13T03:31:25.0193930Z   npm error extraneous: path-is-absolute@1.0.1 /Users/runner/work/keepling/keepling/node_modules/path-is-absolute
desktop-promote	Generate the Hex and npm bills of materials from source	2026-09-13T03:31:25.0194690Z   npm error extraneous: path-key@3.1.1 /Users/runner/work/keepling/keepling/node_modules/path-key
desktop-promote	Generate the Hex and npm bills of materials from source	2026-09-13T03:31:25.0195450Z   npm error extraneous: path-parse@1.0.7 /Users/runner/work/keepling/keepling/node_modules/path-parse
desktop-promote	Generate the Hex and npm bills of materials from source	2026-09-13T03:31:25.0196200Z   npm error extraneous: path-to-regexp@8.4.2 /Users/runner/work/keepling/keepling/node_modules/path-to-regexp
desktop-promote	Generate the Hex and npm bills of materials from source	2026-09-13T03:31:25.0197040Z   npm error extraneous: path-type@2.0.0 /Users/runner/work/keepling/keepling/node_modules/path-type
desktop-promote	Generate the Hex and npm bills of materials from source	2026-09-13T03:31:25.0197780Z   npm error extraneous: pathe@2.0.3 /Users/runner/work/keepling/keepling/node_modules/pathe
desktop-promote	Generate the Hex and npm bills of materials from source	2026-09-13T03:31:25.0198530Z   npm error extraneous: pe-library@1.0.1 /Users/runner/work/keepling/keepling/node_modules/pe-library
desktop-promote	Generate the Hex and npm bills of materials from source	2026-09-13T03:31:25.0200500Z   npm error extraneous: pend@1.2.0 /Users/runner/work/keepling/keepling/node_modules/pend
desktop-promote	Generate the Hex and npm bills of materials from source	2026-09-13T03:31:25.0202420Z   npm error extraneous: picomatch@4.0.7 /Users/runner/work/keepling/keepling/node_modules/picomatch
desktop-promote	Generate the Hex and npm bills of materials from source	2026-09-13T03:31:25.0205060Z   npm error extraneous: pify@2.3.0 /Users/runner/work/keepling/keepling/node_modules/pify
desktop-promote	Generate the Hex and npm bills of materials from source	2026-09-13T03:31:25.0208460Z   npm error extraneous: pkce-challenge@5.0.1 /Users/runner/work/keepling/keepling/node_modules/pkce-challenge
desktop-promote	Generate the Hex and npm bills of materials from source	2026-09-13T03:31:25.0210420Z   npm error extraneous: pkg-up@3.1.0 /Users/runner/work/keepling/keepling/node_modules/pkg-up
desktop-promote	Generate the Hex and npm bills of materials from source	2026-09-13T03:31:25.0211170Z   npm error extraneous: playwright-core@1.62.1 /Users/runner/work/keepling/keepling/node_modules/playwright-core
desktop-promote	Generate the Hex and npm bills of materials from source	2026-09-13T03:31:25.0211900Z   npm error extraneous: playwright@1.62.1 /Users/runner/work/keepling/keepling/node_modules/playwright
desktop-promote	Generate the Hex and npm bills of materials from source	2026-09-13T03:31:25.0213260Z   npm error extraneous: plist@3.1.1 /Users/runner/work/keepling/keepling/node_modules/plist
desktop-promote	Generate the Hex and npm bills of materials from source	2026-09-13T03:31:25.0214000Z   npm error extraneous: postcss-selector-parser@7.1.5 /Users/runner/work/keepling/keepling/node_modules/postcss-selector-parser
desktop-promote	Generate the Hex and npm bills of materials from source	2026-09-13T03:31:25.0214760Z   npm error extraneous: postcss@8.5.26 /Users/runner/work/keepling/keepling/node_modules/postcss
desktop-promote	Generate the Hex and npm bills of materials from source	2026-09-13T03:31:25.0215440Z   npm error extraneous: postject@1.0.0-alpha.6 /Users/runner/work/keepling/keepling/node_modules/postject
desktop-promote	Generate the Hex and npm bills of materials from source	2026-09-13T03:31:25.0216170Z   npm error extraneous: powershell-utils@0.2.1 /Users/runner/work/keepling/keepling/node_modules/powershell-utils
desktop-promote	Generate the Hex and npm bills of materials from source	2026-09-13T03:31:25.0216910Z   npm error extraneous: prelude-ls@1.2.1 /Users/runner/work/keepling/keepling/node_modules/prelude-ls
desktop-promote	Generate the Hex and npm bills of materials from source	2026-09-13T03:31:25.0217520Z   npm error extraneous: prettier@3.9.6 /Users/runner/work/keepling/keepling/node_modules/prettier
desktop-promote	Generate the Hex and npm bills of materials from source	2026-09-13T03:31:25.0218170Z   npm error extraneous: pretty-format@27.5.1 /Users/runner/work/keepling/keepling/node_modules/pretty-format
desktop-promote	Generate the Hex and npm bills of materials from source	2026-09-13T03:31:25.0218800Z   npm error extraneous: pretty-ms@9.3.1 /Users/runner/work/keepling/keepling/node_modules/pretty-ms
desktop-promote	Generate the Hex and npm bills of materials from source	2026-09-13T03:31:25.0219380Z   npm error extraneous: proc-log@2.0.1 /Users/runner/work/keepling/keepling/node_modules/proc-log
desktop-promote	Generate the Hex and npm bills of materials from source	2026-09-13T03:31:25.0219960Z   npm error extraneous: progress@2.0.3 /Users/runner/work/keepling/keepling/node_modules/progress
desktop-promote	Generate the Hex and npm bills of materials from source	2026-09-13T03:31:25.0220690Z   npm error extraneous: promise-inflight@1.0.1 /Users/runner/work/keepling/keepling/node_modules/promise-inflight
desktop-promote	Generate the Hex and npm bills of materials from source	2026-09-13T03:31:25.0221360Z   npm error extraneous: promise-retry@2.0.1 /Users/runner/work/keepling/keepling/node_modules/promise-retry
desktop-promote	Generate the Hex and npm bills of materials from source	2026-09-13T03:31:25.0221960Z   npm error extraneous: prompts@2.4.2 /Users/runner/work/keepling/keepling/node_modules/prompts
desktop-promote	Generate the Hex and npm bills of materials from source	2026-09-13T03:31:25.0222730Z   npm error extraneous: proxy-addr@2.0.7 /Users/runner/work/keepling/keepling/node_modules/proxy-addr
desktop-promote	Generate the Hex and npm bills of materials from source	2026-09-13T03:31:25.0223290Z   npm error extraneous: pump@3.0.4 /Users/runner/work/keepling/keepling/node_modules/pump
desktop-promote	Generate the Hex and npm bills of materials from source	2026-09-13T03:31:25.0223860Z   npm error extraneous: punycode@2.3.1 /Users/runner/work/keepling/keepling/node_modules/punycode
desktop-promote	Generate the Hex and npm bills of materials from source	2026-09-13T03:31:25.0224410Z   npm error extraneous: qs@6.16.0 /Users/runner/work/keepling/keepling/node_modules/qs
desktop-promote	Generate the Hex and npm bills of materials from source	2026-09-13T03:31:25.0225010Z   npm error extraneous: queue-microtask@1.2.3 /Users/runner/work/keepling/keepling/node_modules/queue-microtask
desktop-promote	Generate the Hex and npm bills of materials from source	2026-09-13T03:31:25.0225670Z   npm error extraneous: quick-lru@5.1.1 /Users/runner/work/keepling/keepling/node_modules/quick-lru
desktop-promote	Generate the Hex and npm bills of materials from source	2026-09-13T03:31:25.0226360Z   npm error extraneous: range-parser@1.3.0 /Users/runner/work/keepling/keepling/node_modules/range-parser
desktop-promote	Generate the Hex and npm bills of materials from source	2026-09-13T03:31:25.0227050Z   npm error extraneous: raw-body@3.0.2 /Users/runner/work/keepling/keepling/node_modules/raw-body
desktop-promote	Generate the Hex and npm bills of materials from source	2026-09-13T03:31:25.0227790Z   npm error extraneous: react-dom@19.2.8 /Users/runner/work/keepling/keepling/node_modules/react-dom
desktop-promote	Generate the Hex and npm bills of materials from source	2026-09-13T03:31:25.0228500Z   npm error extraneous: react-is@17.0.2 /Users/runner/work/keepling/keepling/node_modules/react-is
desktop-promote	Generate the Hex and npm bills of materials from source	2026-09-13T03:31:25.0229160Z   npm error extraneous: react@19.2.8 /Users/runner/work/keepling/keepling/node_modules/react
desktop-promote	Generate the Hex and npm bills of materials from source	2026-09-13T03:31:25.0229970Z   npm error extraneous: read-binary-file-arch@1.0.6 /Users/runner/work/keepling/keepling/node_modules/read-binary-file-arch
desktop-promote	Generate the Hex and npm bills of materials from source	2026-09-13T03:31:25.0230770Z   npm error extraneous: read-pkg-up@2.0.0 /Users/runner/work/keepling/keepling/node_modules/read-pkg-up
desktop-promote	Generate the Hex and npm bills of materials from source	2026-09-13T03:31:25.0231450Z   npm error extraneous: read-pkg@2.0.0 /Users/runner/work/keepling/keepling/node_modules/read-pkg
desktop-promote	Generate the Hex and npm bills of materials from source	2026-09-13T03:31:25.0232110Z   npm error extraneous: readable-stream@3.6.2 /Users/runner/work/keepling/keepling/node_modules/readable-stream
desktop-promote	Generate the Hex and npm bills of materials from source	2026-09-13T03:31:25.0232720Z   npm error extraneous: recast@0.23.21 /Users/runner/work/keepling/keepling/node_modules/recast
desktop-promote	Generate the Hex and npm bills of materials from source	2026-09-13T03:31:25.0233320Z   npm error extraneous: rechoir@0.8.0 /Users/runner/work/keepling/keepling/node_modules/rechoir
desktop-promote	Generate the Hex and npm bills of materials from source	2026-09-13T03:31:25.0234020Z   npm error extraneous: redent@3.0.0 /Users/runner/work/keepling/keepling/node_modules/redent
desktop-promote	Generate the Hex and npm bills of materials from source	2026-09-13T03:31:25.0234670Z   npm error extraneous: require-directory@2.1.1 /Users/runner/work/keepling/keepling/node_modules/require-directory
desktop-promote	Generate the Hex and npm bills of materials from source	2026-09-13T03:31:25.0235300Z   npm error extraneous: resedit@2.0.3 /Users/runner/work/keepling/keepling/node_modules/resedit
desktop-promote	Generate the Hex and npm bills of materials from source	2026-09-13T03:31:25.0235860Z   npm error extraneous: reselect@5.3.0 /Users/runner/work/keepling/keepling/node_modules/reselect
desktop-promote	Generate the Hex and npm bills of materials from source	2026-09-13T03:31:25.0236470Z   npm error extraneous: resolve-alpn@1.2.1 /Users/runner/work/keepling/keepling/node_modules/resolve-alpn
desktop-promote	Generate the Hex and npm bills of materials from source	2026-09-13T03:31:25.0237090Z   npm error extraneous: resolve-from@4.0.0 /Users/runner/work/keepling/keepling/node_modules/resolve-from
desktop-promote	Generate the Hex and npm bills of materials from source	2026-09-13T03:31:25.0237740Z   npm error extraneous: resolve@1.22.12 /Users/runner/work/keepling/keepling/node_modules/resolve
desktop-promote	Generate the Hex and npm bills of materials from source	2026-09-13T03:31:25.0238470Z   npm error extraneous: responselike@2.0.1 /Users/runner/work/keepling/keepling/node_modules/responselike
desktop-promote	Generate the Hex and npm bills of materials from source	2026-09-13T03:31:25.0239150Z   npm error extraneous: restore-cursor@3.1.0 /Users/runner/work/keepling/keepling/node_modules/restore-cursor
desktop-promote	Generate the Hex and npm bills of materials from source	2026-09-13T03:31:25.0239770Z   npm error extraneous: retry@0.12.0 /Users/runner/work/keepling/keepling/node_modules/retry
desktop-promote	Generate the Hex and npm bills of materials from source	2026-09-13T03:31:25.0240370Z   npm error extraneous: reusify@1.1.0 /Users/runner/work/keepling/keepling/node_modules/reusify
desktop-promote	Generate the Hex and npm bills of materials from source	2026-09-13T03:31:25.0240930Z   npm error extraneous: rfdc@1.4.1 /Users/runner/work/keepling/keepling/node_modules/rfdc
desktop-promote	Generate the Hex and npm bills of materials from source	2026-09-13T03:31:25.0241490Z   npm error extraneous: rimraf@3.0.2 /Users/runner/work/keepling/keepling/node_modules/rimraf
desktop-promote	Generate the Hex and npm bills of materials from source	2026-09-13T03:31:25.0242060Z   npm error extraneous: roarr@2.15.4 /Users/runner/work/keepling/keepling/node_modules/roarr
desktop-promote	Generate the Hex and npm bills of materials from source	2026-09-13T03:31:25.0242630Z   npm error extraneous: rolldown@1.2.6 /Users/runner/work/keepling/keepling/node_modules/rolldown
desktop-promote	Generate the Hex and npm bills of materials from source	2026-09-13T03:31:25.0243340Z   npm error extraneous: router@2.2.0 /Users/runner/work/keepling/keepling/node_modules/router
desktop-promote	Generate the Hex and npm bills of materials from source	2026-09-13T03:31:25.0243960Z   npm error extraneous: run-applescript@7.1.0 /Users/runner/work/keepling/keepling/node_modules/run-applescript
desktop-promote	Generate the Hex and npm bills of materials from source	2026-09-13T03:31:25.0244640Z   npm error extraneous: run-parallel@1.2.0 /Users/runner/work/keepling/keepling/node_modules/run-parallel
desktop-promote	Generate the Hex and npm bills of materials from source	2026-09-13T03:31:25.0245270Z   npm error extraneous: safe-buffer@5.2.1 /Users/runner/work/keepling/keepling/node_modules/safe-buffer
desktop-promote	Generate the Hex and npm bills of materials from source	2026-09-13T03:31:25.0245900Z   npm error extraneous: safer-buffer@2.1.2 /Users/runner/work/keepling/keepling/node_modules/safer-buffer
desktop-promote	Generate the Hex and npm bills of materials from source	2026-09-13T03:31:25.0246480Z   npm error extraneous: saxes@6.0.0 /Users/runner/work/keepling/keepling/node_modules/saxes
desktop-promote	Generate the Hex and npm bills of materials from source	2026-09-13T03:31:25.0247050Z   npm error extraneous: scheduler@0.27.0 /Users/runner/work/keepling/keepling/node_modules/scheduler
desktop-promote	Generate the Hex and npm bills of materials from source	2026-09-13T03:31:25.0247690Z   npm error extraneous: schema-utils@4.3.3 /Users/runner/work/keepling/keepling/node_modules/schema-utils
desktop-promote	Generate the Hex and npm bills of materials from source	2026-09-13T03:31:25.0248380Z   npm error extraneous: semver-compare@1.0.0 /Users/runner/work/keepling/keepling/node_modules/semver-compare
desktop-promote	Generate the Hex and npm bills of materials from source	2026-09-13T03:31:25.0249010Z   npm error extraneous: semver@7.8.5 /Users/runner/work/keepling/keepling/node_modules/semver
desktop-promote	Generate the Hex and npm bills of materials from source	2026-09-13T03:31:25.0249560Z   npm error extraneous: send@1.2.1 /Users/runner/work/keepling/keepling/node_modules/send
desktop-promote	Generate the Hex and npm bills of materials from source	2026-09-13T03:31:25.0250440Z   npm error extraneous: serialize-error@7.0.1 /Users/runner/work/keepling/keepling/node_modules/serialize-error
desktop-promote	Generate the Hex and npm bills of materials from source	2026-09-13T03:31:25.0251170Z   npm error extraneous: serve-static@2.2.1 /Users/runner/work/keepling/keepling/node_modules/serve-static
desktop-promote	Generate the Hex and npm bills of materials from source	2026-09-13T03:31:25.0252610Z   npm error extraneous: setprototypeof@1.2.0 /Users/runner/work/keepling/keepling/node_modules/setprototypeof
desktop-promote	Generate the Hex and npm bills of materials from source	2026-09-13T03:31:25.0253260Z   npm error extraneous: shadcn@4.19.1 /Users/runner/work/keepling/keepling/node_modules/shadcn
desktop-promote	Generate the Hex and npm bills of materials from source	2026-09-13T03:31:25.0253900Z   npm error extraneous: shebang-command@2.0.0 /Users/runner/work/keepling/keepling/node_modules/shebang-command
desktop-promote	Generate the Hex and npm bills of materials from source	2026-09-13T03:31:25.0254580Z   npm error extraneous: shebang-regex@3.0.0 /Users/runner/work/keepling/keepling/node_modules/shebang-regex
desktop-promote	Generate the Hex and npm bills of materials from source	2026-09-13T03:31:25.0255460Z   npm error extraneous: side-channel-list@1.0.1 /Users/runner/work/keepling/keepling/node_modules/side-channel-list
desktop-promote	Generate the Hex and npm bills of materials from source	2026-09-13T03:31:25.0256190Z   npm error extraneous: side-channel-map@1.0.1 /Users/runner/work/keepling/keepling/node_modules/side-channel-map
desktop-promote	Generate the Hex and npm bills of materials from source	2026-09-13T03:31:25.0256940Z   npm error extraneous: side-channel-weakmap@1.0.2 /Users/runner/work/keepling/keepling/node_modules/side-channel-weakmap
desktop-promote	Generate the Hex and npm bills of materials from source	2026-09-13T03:31:25.0257670Z   npm error extraneous: side-channel@1.1.1 /Users/runner/work/keepling/keepling/node_modules/side-channel
desktop-promote	Generate the Hex and npm bills of materials from source	2026-09-13T03:31:25.0258320Z   npm error extraneous: siginfo@2.0.0 /Users/runner/work/keepling/keepling/node_modules/siginfo
desktop-promote	Generate the Hex and npm bills of materials from source	2026-09-13T03:31:25.0258940Z   npm error extraneous: signal-exit@3.0.7 /Users/runner/work/keepling/keepling/node_modules/signal-exit
desktop-promote	Generate the Hex and npm bills of materials from source	2026-09-13T03:31:25.0259640Z   npm error extraneous: sisteransi@1.0.5 /Users/runner/work/keepling/keepling/node_modules/sisteransi
desktop-promote	Generate the Hex and npm bills of materials from source	2026-09-13T03:31:25.0260340Z   npm error extraneous: slice-ansi@5.0.0 /Users/runner/work/keepling/keepling/node_modules/slice-ansi
desktop-promote	Generate the Hex and npm bills of materials from source	2026-09-13T03:31:25.0261000Z   npm error extraneous: smart-buffer@4.2.0 /Users/runner/work/keepling/keepling/node_modules/smart-buffer
desktop-promote	Generate the Hex and npm bills of materials from source	2026-09-13T03:31:25.0261730Z   npm error extraneous: socks-proxy-agent@7.0.0 /Users/runner/work/keepling/keepling/node_modules/socks-proxy-agent
desktop-promote	Generate the Hex and npm bills of materials from source	2026-09-13T03:31:25.0262350Z   npm error extraneous: socks@2.8.9 /Users/runner/work/keepling/keepling/node_modules/socks
desktop-promote	Generate the Hex and npm bills of materials from source	2026-09-13T03:31:25.0264070Z   npm error extraneous: source-map-js@1.2.1 /Users/runner/work/keepling/keepling/node_modules/source-map-js
desktop-promote	Generate the Hex and npm bills of materials from source	2026-09-13T03:31:25.0264850Z   npm error extraneous: source-map-support@0.5.21 /Users/runner/work/keepling/keepling/node_modules/source-map-support
desktop-promote	Generate the Hex and npm bills of materials from source	2026-09-13T03:31:25.0265840Z   npm error extraneous: source-map@0.6.1 /Users/runner/work/keepling/keepling/node_modules/source-map
desktop-promote	Generate the Hex and npm bills of materials from source	2026-09-13T03:31:25.0266490Z   npm error extraneous: spdx-correct@3.2.0 /Users/runner/work/keepling/keepling/node_modules/spdx-correct
desktop-promote	Generate the Hex and npm bills of materials from source	2026-09-13T03:31:25.0267250Z   npm error extraneous: spdx-exceptions@2.5.0 /Users/runner/work/keepling/keepling/node_modules/spdx-exceptions
desktop-promote	Generate the Hex and npm bills of materials from source	2026-09-13T03:31:25.0268020Z   npm error extraneous: spdx-expression-parse@3.0.1 /Users/runner/work/keepling/keepling/node_modules/spdx-expression-parse
desktop-promote	Generate the Hex and npm bills of materials from source	2026-09-13T03:31:25.0268800Z   npm error extraneous: spdx-license-ids@3.0.23 /Users/runner/work/keepling/keepling/node_modules/spdx-license-ids
desktop-promote	Generate the Hex and npm bills of materials from source	2026-09-13T03:31:25.0269470Z   npm error extraneous: sprintf-js@1.1.3 /Users/runner/work/keepling/keepling/node_modules/sprintf-js
desktop-promote	Generate the Hex and npm bills of materials from source	2026-09-13T03:31:25.0270070Z   npm error extraneous: ssri@9.0.1 /Users/runner/work/keepling/keepling/node_modules/ssri
desktop-promote	Generate the Hex and npm bills of materials from source	2026-09-13T03:31:25.0270670Z   npm error extraneous: stackback@0.0.2 /Users/runner/work/keepling/keepling/node_modules/stackback
desktop-promote	Generate the Hex and npm bills of materials from source	2026-09-13T03:31:25.0271300Z   npm error extraneous: statuses@2.0.2 /Users/runner/work/keepling/keepling/node_modules/statuses
desktop-promote	Generate the Hex and npm bills of materials from source	2026-09-13T03:31:25.0271900Z   npm error extraneous: std-env@4.2.0 /Users/runner/work/keepling/keepling/node_modules/std-env
desktop-promote	Generate the Hex and npm bills of materials from source	2026-09-13T03:31:25.0273180Z   npm error extraneous: stdin-discarder@0.2.2 /Users/runner/work/keepling/keepling/node_modules/stdin-discarder
desktop-promote	Generate the Hex and npm bills of materials from source	2026-09-13T03:31:25.0274030Z   npm error extraneous: string_decoder@1.3.0 /Users/runner/work/keepling/keepling/node_modules/string_decoder
desktop-promote	Generate the Hex and npm bills of materials from source	2026-09-13T03:31:25.0274830Z   npm error extraneous: string-width@4.2.3 /Users/runner/work/keepling/keepling/node_modules/string-width
desktop-promote	Generate the Hex and npm bills of materials from source	2026-09-13T03:31:25.0275530Z   npm error extraneous: stringify-object@5.0.0 /Users/runner/work/keepling/keepling/node_modules/stringify-object
desktop-promote	Generate the Hex and npm bills of materials from source	2026-09-13T03:31:25.0277320Z   npm error extraneous: strip-ansi@6.0.1 /Users/runner/work/keepling/keepling/node_modules/strip-ansi
desktop-promote	Generate the Hex and npm bills of materials from source	2026-09-13T03:31:25.0277990Z   npm error extraneous: strip-bom@3.0.0 /Users/runner/work/keepling/keepling/node_modules/strip-bom
desktop-promote	Generate the Hex and npm bills of materials from source	2026-09-13T03:31:25.0278770Z   npm error extraneous: strip-eof@1.0.0 /Users/runner/work/keepling/keepling/node_modules/strip-eof
desktop-promote	Generate the Hex and npm bills of materials from source	2026-09-13T03:31:25.0279610Z   npm error extraneous: strip-final-newline@2.0.0 /Users/runner/work/keepling/keepling/node_modules/strip-final-newline
desktop-promote	Generate the Hex and npm bills of materials from source	2026-09-13T03:31:25.0282000Z   npm error extraneous: strip-indent@3.0.0 /Users/runner/work/keepling/keepling/node_modules/strip-indent
desktop-promote	Generate the Hex and npm bills of materials from source	2026-09-13T03:31:25.0282650Z   npm error extraneous: strip-outer@1.0.1 /Users/runner/work/keepling/keepling/node_modules/strip-outer
desktop-promote	Generate the Hex and npm bills of materials from source	2026-09-13T03:31:25.0283450Z   npm error extraneous: sumchecker@3.0.1 /Users/runner/work/keepling/keepling/node_modules/sumchecker
desktop-promote	Generate the Hex and npm bills of materials from source	2026-09-13T03:31:25.0284270Z   npm error extraneous: supports-preserve-symlinks-flag@1.0.0 /Users/runner/work/keepling/keepling/node_modules/supports-preserve-symlinks-flag
desktop-promote	Generate the Hex and npm bills of materials from source	2026-09-13T03:31:25.0285060Z   npm error extraneous: symbol-tree@3.2.4 /Users/runner/work/keepling/keepling/node_modules/symbol-tree
desktop-promote	Generate the Hex and npm bills of materials from source	2026-09-13T03:31:25.0285820Z   npm error extraneous: systeminformation@5.33.7 /Users/runner/work/keepling/keepling/node_modules/systeminformation
desktop-promote	Generate the Hex and npm bills of materials from source	2026-09-13T03:31:25.0286780Z   npm error extraneous: tailwind-merge@3.6.0 /Users/runner/work/keepling/keepling/node_modules/tailwind-merge
desktop-promote	Generate the Hex and npm bills of materials from source	2026-09-13T03:31:25.0287530Z   npm error extraneous: tailwindcss@4.3.3 /Users/runner/work/keepling/keepling/node_modules/tailwindcss
desktop-promote	Generate the Hex and npm bills of materials from source	2026-09-13T03:31:25.0288250Z   npm error extraneous: tapable@2.3.3 /Users/runner/work/keepling/keepling/node_modules/tapable
desktop-promote	Generate the Hex and npm bills of materials from source	2026-09-13T03:31:25.0288820Z   npm error extraneous: tar@6.2.1 /Users/runner/work/keepling/keepling/node_modules/tar
desktop-promote	Generate the Hex and npm bills of materials from source	2026-09-13T03:31:25.0289360Z   npm error extraneous: terser@5.51.2 /Users/runner/work/keepling/keepling/node_modules/terser
desktop-promote	Generate the Hex and npm bills of materials from source	2026-09-13T03:31:25.0290200Z   npm error extraneous: tiny-invariant@1.3.3 /Users/runner/work/keepling/keepling/node_modules/tiny-invariant
desktop-promote	Generate the Hex and npm bills of materials from source	2026-09-13T03:31:25.0290920Z   npm error extraneous: tinybench@2.9.0 /Users/runner/work/keepling/keepling/node_modules/tinybench
desktop-promote	Generate the Hex and npm bills of materials from source	2026-09-13T03:31:25.0291780Z   npm error extraneous: tinyexec@1.3.0 /Users/runner/work/keepling/keepling/node_modules/tinyexec
desktop-promote	Generate the Hex and npm bills of materials from source	2026-09-13T03:31:25.0292500Z   npm error extraneous: tinyglobby@0.2.17 /Users/runner/work/keepling/keepling/node_modules/tinyglobby
desktop-promote	Generate the Hex and npm bills of materials from source	2026-09-13T03:31:25.0293360Z   npm error extraneous: tinyrainbow@3.1.1 /Users/runner/work/keepling/keepling/node_modules/tinyrainbow
desktop-promote	Generate the Hex and npm bills of materials from source	2026-09-13T03:31:25.0294070Z   npm error extraneous: tldts-core@7.4.11 /Users/runner/work/keepling/keepling/node_modules/tldts-core
desktop-promote	Generate the Hex and npm bills of materials from source	2026-09-13T03:31:25.0294660Z   npm error extraneous: tldts@7.4.11 /Users/runner/work/keepling/keepling/node_modules/tldts
desktop-promote	Generate the Hex and npm bills of materials from source	2026-09-13T03:31:25.0295180Z   npm error extraneous: tmp@0.0.33 /Users/runner/work/keepling/keepling/node_modules/tmp
desktop-promote	Generate the Hex and npm bills of materials from source	2026-09-13T03:31:25.0295940Z   npm error extraneous: to-regex-range@5.0.1 /Users/runner/work/keepling/keepling/node_modules/to-regex-range
desktop-promote	Generate the Hex and npm bills of materials from source	2026-09-13T03:31:25.0296600Z   npm error extraneous: toidentifier@1.0.1 /Users/runner/work/keepling/keepling/node_modules/toidentifier
desktop-promote	Generate the Hex and npm bills of materials from source	2026-09-13T03:31:25.0297400Z   npm error extraneous: tough-cookie@6.0.2 /Users/runner/work/keepling/keepling/node_modules/tough-cookie
desktop-promote	Generate the Hex and npm bills of materials from source	2026-09-13T03:31:25.0310390Z   npm error extraneous: tr46@6.0.0 /Users/runner/work/keepling/keepling/node_modules/tr46
desktop-promote	Generate the Hex and npm bills of materials from source	2026-09-13T03:31:25.0312410Z   npm error extraneous: trim-repeated@1.0.0 /Users/runner/work/keepling/keepling/node_modules/trim-repeated
desktop-promote	Generate the Hex and npm bills of materials from source	2026-09-13T03:31:25.0314150Z   npm error extraneous: ts-api-utils@2.5.0 /Users/runner/work/keepling/keepling/node_modules/ts-api-utils
desktop-promote	Generate the Hex and npm bills of materials from source	2026-09-13T03:31:25.0316630Z   npm error extraneous: ts-morph@26.0.0 /Users/runner/work/keepling/keepling/node_modules/ts-morph
desktop-promote	Generate the Hex and npm bills of materials from source	2026-09-13T03:31:25.0318750Z   npm error extraneous: tsconfig-paths@4.2.0 /Users/runner/work/keepling/keepling/node_modules/tsconfig-paths
desktop-promote	Generate the Hex and npm bills of materials from source	2026-09-13T03:31:25.0320440Z   npm error extraneous: tslib@2.8.1 /Users/runner/work/keepling/keepling/node_modules/tslib
desktop-promote	Generate the Hex and npm bills of materials from source	2026-09-13T03:31:25.0322390Z   npm error extraneous: tw-animate-css@1.4.0 /Users/runner/work/keepling/keepling/node_modules/tw-animate-css
desktop-promote	Generate the Hex and npm bills of materials from source	2026-09-13T03:31:25.0325160Z   npm error extraneous: type-check@0.4.0 /Users/runner/work/keepling/keepling/node_modules/type-check
desktop-promote	Generate the Hex and npm bills of materials from source	2026-09-13T03:31:25.0326740Z   npm error extraneous: type-is@2.1.0 /Users/runner/work/keepling/keepling/node_modules/type-is
desktop-promote	Generate the Hex and npm bills of materials from source	2026-09-13T03:31:25.0328540Z   npm error extraneous: typescript-eslint@8.69.0 /Users/runner/work/keepling/keepling/node_modules/typescript-eslint
desktop-promote	Generate the Hex and npm bills of materials from source	2026-09-13T03:31:25.0330430Z   npm error extraneous: undici-types@7.18.2 /Users/runner/work/keepling/keepling/node_modules/undici-types
desktop-promote	Generate the Hex and npm bills of materials from source	2026-09-13T03:31:25.0332280Z   npm error extraneous: undici@7.29.0 /Users/runner/work/keepling/keepling/node_modules/undici
desktop-promote	Generate the Hex and npm bills of materials from source	2026-09-13T03:31:25.0333950Z   npm error extraneous: unicorn-magic@0.3.0 /Users/runner/work/keepling/keepling/node_modules/unicorn-magic
desktop-promote	Generate the Hex and npm bills of materials from source	2026-09-13T03:31:25.0335780Z   npm error extraneous: unique-filename@2.0.1 /Users/runner/work/keepling/keepling/node_modules/unique-filename
desktop-promote	Generate the Hex and npm bills of materials from source	2026-09-13T03:31:25.0337580Z   npm error extraneous: unique-slug@3.0.0 /Users/runner/work/keepling/keepling/node_modules/unique-slug
desktop-promote	Generate the Hex and npm bills of materials from source	2026-09-13T03:31:25.0340040Z   npm error extraneous: universalify@2.0.1 /Users/runner/work/keepling/keepling/node_modules/universalify
desktop-promote	Generate the Hex and npm bills of materials from source	2026-09-13T03:31:25.0340780Z   npm error extraneous: unpipe@1.0.0 /Users/runner/work/keepling/keepling/node_modules/unpipe
desktop-promote	Generate the Hex and npm bills of materials from source	2026-09-13T03:31:25.0341470Z   npm error extraneous: update-browserslist-db@1.3.2 /Users/runner/work/keepling/keepling/node_modules/update-browserslist-db
desktop-promote	Generate the Hex and npm bills of materials from source	2026-09-13T03:31:25.0342130Z   npm error extraneous: uri-js@4.4.1 /Users/runner/work/keepling/keepling/node_modules/uri-js
desktop-promote	Generate the Hex and npm bills of materials from source	2026-09-13T03:31:25.0342820Z   npm error extraneous: use-sync-external-store@1.6.0 /Users/runner/work/keepling/keepling/node_modules/use-sync-external-store
desktop-promote	Generate the Hex and npm bills of materials from source	2026-09-13T03:31:25.0343490Z   npm error extraneous: username@5.1.0 /Users/runner/work/keepling/keepling/node_modules/username
desktop-promote	Generate the Hex and npm bills of materials from source	2026-09-13T03:31:25.0344380Z   npm error extraneous: util-deprecate@1.0.2 /Users/runner/work/keepling/keepling/node_modules/util-deprecate
desktop-promote	Generate the Hex and npm bills of materials from source	2026-09-13T03:31:25.0345250Z   npm error extraneous: validate-npm-package-license@3.0.4 /Users/runner/work/keepling/keepling/node_modules/validate-npm-package-license
desktop-promote	Generate the Hex and npm bills of materials from source	2026-09-13T03:31:25.0346120Z   npm error extraneous: validate-npm-package-name@7.0.2 /Users/runner/work/keepling/keepling/node_modules/validate-npm-package-name
desktop-promote	Generate the Hex and npm bills of materials from source	2026-09-13T03:31:25.0346800Z   npm error extraneous: vary@1.1.2 /Users/runner/work/keepling/keepling/node_modules/vary
desktop-promote	Generate the Hex and npm bills of materials from source	2026-09-13T03:31:25.0347330Z   npm error extraneous: vite@8.2.2 /Users/runner/work/keepling/keepling/node_modules/vite
desktop-promote	Generate the Hex and npm bills of materials from source	2026-09-13T03:31:25.0347870Z   npm error extraneous: vitest@4.1.11 /Users/runner/work/keepling/keepling/node_modules/vitest
desktop-promote	Generate the Hex and npm bills of materials from source	2026-09-13T03:31:25.0348510Z   npm error extraneous: w3c-xmlserializer@5.0.0 /Users/runner/work/keepling/keepling/node_modules/w3c-xmlserializer
desktop-promote	Generate the Hex and npm bills of materials from source	2026-09-13T03:31:25.0349170Z   npm error extraneous: watchpack@2.5.2 /Users/runner/work/keepling/keepling/node_modules/watchpack
desktop-promote	Generate the Hex and npm bills of materials from source	2026-09-13T03:31:25.0349840Z   npm error extraneous: wcwidth@1.0.1 /Users/runner/work/keepling/keepling/node_modules/wcwidth
desktop-promote	Generate the Hex and npm bills of materials from source	2026-09-13T03:31:25.0350830Z   npm error extraneous: webidl-conversions@8.0.1 /Users/runner/work/keepling/keepling/node_modules/webidl-conversions
desktop-promote	Generate the Hex and npm bills of materials from source	2026-09-13T03:31:25.0351620Z   npm error extraneous: webpack-sources@3.5.1 /Users/runner/work/keepling/keepling/node_modules/webpack-sources
desktop-promote	Generate the Hex and npm bills of materials from source	2026-09-13T03:31:25.0352310Z   npm error extraneous: webpack@5.110.3 /Users/runner/work/keepling/keepling/node_modules/webpack
desktop-promote	Generate the Hex and npm bills of materials from source	2026-09-13T03:31:25.0352970Z   npm error extraneous: whatwg-mimetype@5.0.0 /Users/runner/work/keepling/keepling/node_modules/whatwg-mimetype
desktop-promote	Generate the Hex and npm bills of materials from source	2026-09-13T03:31:25.0353620Z   npm error extraneous: whatwg-url@5.0.0 /Users/runner/work/keepling/keepling/node_modules/whatwg-url
desktop-promote	Generate the Hex and npm bills of materials from source	2026-09-13T03:31:25.0354230Z   npm error extraneous: which@2.0.2 /Users/runner/work/keepling/keepling/node_modules/which
desktop-promote	Generate the Hex and npm bills of materials from source	2026-09-13T03:31:25.0354890Z   npm error extraneous: why-is-node-running@2.3.0 /Users/runner/work/keepling/keepling/node_modules/why-is-node-running
desktop-promote	Generate the Hex and npm bills of materials from source	2026-09-13T03:31:25.0355610Z   npm error extraneous: word-wrap@1.2.5 /Users/runner/work/keepling/keepling/node_modules/word-wrap
desktop-promote	Generate the Hex and npm bills of materials from source	2026-09-13T03:31:25.0356390Z   npm error extraneous: wrap-ansi@8.1.0 /Users/runner/work/keepling/keepling/node_modules/wrap-ansi
desktop-promote	Generate the Hex and npm bills of materials from source	2026-09-13T03:31:25.0356980Z   npm error extraneous: wrappy@1.0.2 /Users/runner/work/keepling/keepling/node_modules/wrappy
desktop-promote	Generate the Hex and npm bills of materials from source	2026-09-13T03:31:25.0357560Z   npm error extraneous: wsl-utils@1.0.0 /Users/runner/work/keepling/keepling/node_modules/wsl-utils
desktop-promote	Generate the Hex and npm bills of materials from source	2026-09-13T03:31:25.0358230Z   npm error extraneous: xml-name-validator@5.0.0 /Users/runner/work/keepling/keepling/node_modules/xml-name-validator
desktop-promote	Generate the Hex and npm bills of materials from source	2026-09-13T03:31:25.0358890Z   npm error extraneous: xmlbuilder@15.1.1 /Users/runner/work/keepling/keepling/node_modules/xmlbuilder
desktop-promote	Generate the Hex and npm bills of materials from source	2026-09-13T03:31:25.0359490Z   npm error extraneous: xmlchars@2.2.0 /Users/runner/work/keepling/keepling/node_modules/xmlchars
desktop-promote	Generate the Hex and npm bills of materials from source	2026-09-13T03:31:25.0360050Z   npm error extraneous: y18n@5.0.8 /Users/runner/work/keepling/keepling/node_modules/y18n
desktop-promote	Generate the Hex and npm bills of materials from source	2026-09-13T03:31:25.0360600Z   npm error extraneous: yallist@4.0.0 /Users/runner/work/keepling/keepling/node_modules/yallist
desktop-promote	Generate the Hex and npm bills of materials from source	2026-09-13T03:31:25.0361170Z   npm error extraneous: yargs@17.7.3 /Users/runner/work/keepling/keepling/node_modules/yargs
desktop-promote	Generate the Hex and npm bills of materials from source	2026-09-13T03:31:25.0361720Z   npm error extraneous: yauzl@2.10.0 /Users/runner/work/keepling/keepling/node_modules/yauzl
desktop-promote	Generate the Hex and npm bills of materials from source	2026-09-13T03:31:25.0362310Z   npm error extraneous: yocto-queue@0.1.0 /Users/runner/work/keepling/keepling/node_modules/yocto-queue
desktop-promote	Generate the Hex and npm bills of materials from source	2026-09-13T03:31:25.0362950Z   npm error extraneous: yocto-spinner@1.2.2 /Users/runner/work/keepling/keepling/node_modules/yocto-spinner
desktop-promote	Generate the Hex and npm bills of materials from source	2026-09-13T03:31:25.0363620Z   npm error extraneous: yoctocolors-cjs@2.1.3 /Users/runner/work/keepling/keepling/node_modules/yoctocolors-cjs
desktop-promote	Generate the Hex and npm bills of materials from source	2026-09-13T03:31:25.0364260Z   npm error extraneous: yoctocolors@2.2.0 /Users/runner/work/keepling/keepling/node_modules/yoctocolors
desktop-promote	Generate the Hex and npm bills of materials from source	2026-09-13T03:31:25.0366000Z   npm error extraneous: zod-to-json-schema@3.25.2 /Users/runner/work/keepling/keepling/node_modules/zod-to-json-schema
desktop-promote	Generate the Hex and npm bills of materials from source	2026-09-13T03:31:25.0366790Z   npm error extraneous: zod-validation-error@4.0.2 /Users/runner/work/keepling/keepling/node_modules/zod-validation-error
desktop-promote	Generate the Hex and npm bills of materials from source	2026-09-13T03:31:25.0367410Z   npm error extraneous: zod@4.5.4 /Users/runner/work/keepling/keepling/node_modules/zod
desktop-promote	Generate the Hex and npm bills of materials from source	2026-09-13T03:31:25.0368050Z   npm error extraneous: semver@6.3.1 /Users/runner/work/keepling/keepling/node_modules/@babel/core/node_modules/semver
desktop-promote	Generate the Hex and npm bills of materials from source	2026-09-13T03:31:25.0368880Z   npm error extraneous: lru-cache@5.1.1 /Users/runner/work/keepling/keepling/node_modules/@babel/helper-compilation-targets/node_modules/lru-cache
desktop-promote	Generate the Hex and npm bills of materials from source	2026-09-13T03:31:25.0369780Z   npm error extraneous: semver@6.3.1 /Users/runner/work/keepling/keepling/node_modules/@babel/helper-compilation-targets/node_modules/semver
desktop-promote	Generate the Hex and npm bills of materials from source	2026-09-13T03:31:25.0370670Z   npm error extraneous: yallist@3.1.1 /Users/runner/work/keepling/keepling/node_modules/@babel/helper-compilation-targets/node_modules/yallist
desktop-promote	Generate the Hex and npm bills of materials from source	2026-09-13T03:31:25.0371610Z   npm error extraneous: semver@6.3.1 /Users/runner/work/keepling/keepling/node_modules/@babel/helper-create-class-features-plugin/node_modules/semver
desktop-promote	Generate the Hex and npm bills of materials from source	2026-09-13T03:31:25.0372450Z   npm error extraneous: execa@5.1.1 /Users/runner/work/keepling/keepling/node_modules/@dotenvx/dotenvx/node_modules/execa
desktop-promote	Generate the Hex and npm bills of materials from source	2026-09-13T03:31:25.0373220Z   npm error extraneous: get-stream@6.0.1 /Users/runner/work/keepling/keepling/node_modules/@dotenvx/dotenvx/node_modules/get-stream
desktop-promote	Generate the Hex and npm bills of materials from source	2026-09-13T03:31:25.0374020Z   npm error extraneous: is-stream@2.0.1 /Users/runner/work/keepling/keepling/node_modules/@dotenvx/dotenvx/node_modules/is-stream
desktop-promote	Generate the Hex and npm bills of materials from source	2026-09-13T03:31:25.0374780Z   npm error extraneous: isexe@3.1.5 /Users/runner/work/keepling/keepling/node_modules/@dotenvx/dotenvx/node_modules/isexe
desktop-promote	Generate the Hex and npm bills of materials from source	2026-09-13T03:31:25.0375560Z   npm error extraneous: npm-run-path@4.0.1 /Users/runner/work/keepling/keepling/node_modules/@dotenvx/dotenvx/node_modules/npm-run-path
desktop-promote	Generate the Hex and npm bills of materials from source	2026-09-13T03:31:25.0376340Z   npm error extraneous: which@4.0.0 /Users/runner/work/keepling/keepling/node_modules/@dotenvx/dotenvx/node_modules/which
desktop-promote	Generate the Hex and npm bills of materials from source	2026-09-13T03:31:25.0377390Z   npm error extraneous: typescript@5.4.5 /Users/runner/work/keepling/keepling/node_modules/@electron-forge/template-webpack-typescript/node_modules/typescript
desktop-promote	Generate the Hex and npm bills of materials from source	2026-09-13T03:31:25.0378300Z   npm error extraneous: brace-expansion@1.1.18 /Users/runner/work/keepling/keepling/node_modules/@electron/asar/node_modules/brace-expansion
desktop-promote	Generate the Hex and npm bills of materials from source	2026-09-13T03:31:25.0379140Z   npm error extraneous: commander@5.1.0 /Users/runner/work/keepling/keepling/node_modules/@electron/asar/node_modules/commander
desktop-promote	Generate the Hex and npm bills of materials from source	2026-09-13T03:31:25.0379930Z   npm error extraneous: minimatch@3.1.5 /Users/runner/work/keepling/keepling/node_modules/@electron/asar/node_modules/minimatch
desktop-promote	Generate the Hex and npm bills of materials from source	2026-09-13T03:31:25.0380720Z   npm error extraneous: fs-extra@8.1.0 /Users/runner/work/keepling/keepling/node_modules/@electron/get/node_modules/fs-extra
desktop-promote	Generate the Hex and npm bills of materials from source	2026-09-13T03:31:25.0381570Z   npm error extraneous: jsonfile@4.0.0 /Users/runner/work/keepling/keepling/node_modules/@electron/get/node_modules/jsonfile
desktop-promote	Generate the Hex and npm bills of materials from source	2026-09-13T03:31:25.0382310Z   npm error extraneous: semver@6.3.1 /Users/runner/work/keepling/keepling/node_modules/@electron/get/node_modules/semver
desktop-promote	Generate the Hex and npm bills of materials from source	2026-09-13T03:31:25.0382730Z   npm error extraneous: universalify@0.1.2 /Users/runner/work/keepling/keepling/node_modules/@electron/get/node_modules/universalify
desktop-promote	Generate the Hex and npm bills of materials from source	2026-09-13T03:31:25.0383120Z   npm error extraneous: glob@8.1.0 /Users/runner/work/keepling/keepling/node_modules/@electron/node-gyp/node_modules/glob
desktop-promote	Generate the Hex and npm bills of materials from source	2026-09-13T03:31:25.0383540Z   npm error extraneous: minimatch@5.1.9 /Users/runner/work/keepling/keepling/node_modules/@electron/node-gyp/node_modules/minimatch
desktop-promote	Generate the Hex and npm bills of materials from source	2026-09-13T03:31:25.0383950Z   npm error extraneous: fs-extra@9.1.0 /Users/runner/work/keepling/keepling/node_modules/@electron/notarize/node_modules/fs-extra
desktop-promote	Generate the Hex and npm bills of materials from source	2026-09-13T03:31:25.0384350Z   npm error extraneous: fs-extra@11.4.0 /Users/runner/work/keepling/keepling/node_modules/@electron/packager/node_modules/fs-extra
desktop-promote	Generate the Hex and npm bills of materials from source	2026-09-13T03:31:25.0384910Z   npm error invalid: @electron/node-gyp@10.2.0-electron.1 /Users/runner/work/keepling/keepling/node_modules/@electron/node-gyp
desktop-promote	Generate the Hex and npm bills of materials from source	2026-09-13T03:31:25.0385340Z   npm error extraneous: fs-extra@11.4.0 /Users/runner/work/keepling/keepling/node_modules/@electron/universal/node_modules/fs-extra
desktop-promote	Generate the Hex and npm bills of materials from source	2026-09-13T03:31:25.0385750Z   npm error extraneous: minimatch@9.0.9 /Users/runner/work/keepling/keepling/node_modules/@electron/universal/node_modules/minimatch
desktop-promote	Generate the Hex and npm bills of materials from source	2026-09-13T03:31:25.0386160Z   npm error extraneous: fs-extra@11.4.0 /Users/runner/work/keepling/keepling/node_modules/@electron/windows-sign/node_modules/fs-extra
desktop-promote	Generate the Hex and npm bills of materials from source	2026-09-13T03:31:25.0386690Z   npm error extraneous: eslint-visitor-keys@3.4.3 /Users/runner/work/keepling/keepling/node_modules/@eslint-community/eslint-utils/node_modules/eslint-visitor-keys
desktop-promote	Generate the Hex and npm bills of materials from source	2026-09-13T03:31:25.0387100Z   npm error extraneous: @types/node@22.20.1 /Users/runner/work/keepling/keepling/node_modules/@inquirer/core/node_modules/@types/node
desktop-promote	Generate the Hex and npm bills of materials from source	2026-09-13T03:31:25.0387510Z   npm error extraneous: signal-exit@4.1.0 /Users/runner/work/keepling/keepling/node_modules/@inquirer/core/node_modules/signal-exit
desktop-promote	Generate the Hex and npm bills of materials from source	2026-09-13T03:31:25.0387930Z   npm error extraneous: undici-types@6.21.0 /Users/runner/work/keepling/keepling/node_modules/@inquirer/core/node_modules/undici-types
desktop-promote	Generate the Hex and npm bills of materials from source	2026-09-13T03:31:25.0388400Z   npm error extraneous: wrap-ansi@6.2.0 /Users/runner/work/keepling/keepling/node_modules/@inquirer/core/node_modules/wrap-ansi
desktop-promote	Generate the Hex and npm bills of materials from source	2026-09-13T03:31:25.0388900Z   npm error extraneous: @inquirer/type@1.5.5 /Users/runner/work/keepling/keepling/node_modules/@listr2/prompt-adapter-inquirer/node_modules/@inquirer/type
desktop-promote	Generate the Hex and npm bills of materials from source	2026-09-13T03:31:25.0389350Z   npm error extraneous: ajv-formats@3.0.1 /Users/runner/work/keepling/keepling/node_modules/@modelcontextprotocol/sdk/node_modules/ajv-formats
desktop-promote	Generate the Hex and npm bills of materials from source	2026-09-13T03:31:25.0390170Z   npm error extraneous: content-type@1.0.5 /Users/runner/work/keepling/keepling/node_modules/@modelcontextprotocol/sdk/node_modules/content-type
desktop-promote	Generate the Hex and npm bills of materials from source	2026-09-13T03:31:25.0390760Z   npm error extraneous: json-schema-typed@8.0.2 /Users/runner/work/keepling/keepling/node_modules/@modelcontextprotocol/sdk/node_modules/json-schema-typed
desktop-promote	Generate the Hex and npm bills of materials from source	2026-09-13T03:31:25.0391260Z   npm error extraneous: zod@3.25.76 /Users/runner/work/keepling/keepling/node_modules/@modelcontextprotocol/sdk/node_modules/zod
desktop-promote	Generate the Hex and npm bills of materials from source	2026-09-13T03:31:25.0391820Z   npm error extraneous: lightningcss-darwin-arm64@1.32.0 /Users/runner/work/keepling/keepling/node_modules/@tailwindcss/node/node_modules/lightningcss-darwin-arm64
desktop-promote	Generate the Hex and npm bills of materials from source	2026-09-13T03:31:25.0392270Z   npm error extraneous: lightningcss@1.32.0 /Users/runner/work/keepling/keepling/node_modules/@tailwindcss/node/node_modules/lightningcss
desktop-promote	Generate the Hex and npm bills of materials from source	2026-09-13T03:31:25.0392720Z   npm error extraneous: aria-query@5.3.2 /Users/runner/work/keepling/keepling/node_modules/@testing-library/jest-dom/node_modules/aria-query
desktop-promote	Generate the Hex and npm bills of materials from source	2026-09-13T03:31:25.0393250Z   npm error extraneous: dom-accessibility-api@0.6.3 /Users/runner/work/keepling/keepling/node_modules/@testing-library/jest-dom/node_modules/dom-accessibility-api
desktop-promote	Generate the Hex and npm bills of materials from source	2026-09-13T03:31:25.0393690Z   npm error extraneous: ignore@7.0.8 /Users/runner/work/keepling/keepling/node_modules/@typescript-eslint/eslint-plugin/node_modules/ignore
desktop-promote	Generate the Hex and npm bills of materials from source	2026-09-13T03:31:25.0394160Z   npm error extraneous: typescript@6.0.3 /Users/runner/work/keepling/keepling/node_modules/@typescript-eslint/eslint-plugin/node_modules/typescript
desktop-promote	Generate the Hex and npm bills of materials from source	2026-09-13T03:31:25.0394610Z   npm error extraneous: typescript@6.0.3 /Users/runner/work/keepling/keepling/node_modules/@typescript-eslint/parser/node_modules/typescript
desktop-promote	Generate the Hex and npm bills of materials from source	2026-09-13T03:31:25.0395080Z   npm error extraneous: typescript@6.0.3 /Users/runner/work/keepling/keepling/node_modules/@typescript-eslint/project-service/node_modules/typescript
desktop-promote	Generate the Hex and npm bills of materials from source	2026-09-13T03:31:25.0395550Z   npm error extraneous: typescript@6.0.3 /Users/runner/work/keepling/keepling/node_modules/@typescript-eslint/tsconfig-utils/node_modules/typescript
desktop-promote	Generate the Hex and npm bills of materials from source	2026-09-13T03:31:25.0396010Z   npm error extraneous: typescript@6.0.3 /Users/runner/work/keepling/keepling/node_modules/@typescript-eslint/type-utils/node_modules/typescript
desktop-promote	Generate the Hex and npm bills of materials from source	2026-09-13T03:31:25.0396580Z   npm error extraneous: typescript@6.0.3 /Users/runner/work/keepling/keepling/node_modules/@typescript-eslint/typescript-estree/node_modules/typescript
desktop-promote	Generate the Hex and npm bills of materials from source	2026-09-13T03:31:25.0397020Z   npm error extraneous: typescript@6.0.3 /Users/runner/work/keepling/keepling/node_modules/@typescript-eslint/utils/node_modules/typescript
desktop-promote	Generate the Hex and npm bills of materials from source	2026-09-13T03:31:25.0397450Z   npm error extraneous: negotiator@1.1.0 /Users/runner/work/keepling/keepling/node_modules/accepts/node_modules/negotiator
desktop-promote	Generate the Hex and npm bills of materials from source	2026-09-13T03:31:25.0397850Z   npm error extraneous: type-fest@0.21.3 /Users/runner/work/keepling/keepling/node_modules/ansi-escapes/node_modules/type-fest
desktop-promote	Generate the Hex and npm bills of materials from source	2026-09-13T03:31:25.0398180Z   npm error extraneous: glob@8.1.0 /Users/runner/work/keepling/keepling/node_modules/cacache/node_modules/glob
desktop-promote	Generate the Hex and npm bills of materials from source	2026-09-13T03:31:25.0398550Z   npm error extraneous: lru-cache@7.18.3 /Users/runner/work/keepling/keepling/node_modules/cacache/node_modules/lru-cache
desktop-promote	Generate the Hex and npm bills of materials from source	2026-09-13T03:31:25.0398930Z   npm error extraneous: minimatch@5.1.9 /Users/runner/work/keepling/keepling/node_modules/cacache/node_modules/minimatch
desktop-promote	Generate the Hex and npm bills of materials from source	2026-09-13T03:31:25.0399350Z   npm error extraneous: supports-color@7.2.0 /Users/runner/work/keepling/keepling/node_modules/chalk/node_modules/supports-color
desktop-promote	Generate the Hex and npm bills of materials from source	2026-09-13T03:31:25.0399780Z   npm error extraneous: ansi-regex@6.3.0 /Users/runner/work/keepling/keepling/node_modules/cli-truncate/node_modules/ansi-regex
desktop-promote	Generate the Hex and npm bills of materials from source	2026-09-13T03:31:25.0400220Z   npm error extraneous: emoji-regex@9.2.2 /Users/runner/work/keepling/keepling/node_modules/cli-truncate/node_modules/emoji-regex
desktop-promote	Generate the Hex and npm bills of materials from source	2026-09-13T03:31:25.0400650Z   npm error extraneous: string-width@5.1.2 /Users/runner/work/keepling/keepling/node_modules/cli-truncate/node_modules/string-width
desktop-promote	Generate the Hex and npm bills of materials from source	2026-09-13T03:31:25.0401050Z   npm error extraneous: strip-ansi@7.2.0 /Users/runner/work/keepling/keepling/node_modules/cli-truncate/node_modules/strip-ansi
desktop-promote	Generate the Hex and npm bills of materials from source	2026-09-13T03:31:25.0401420Z   npm error extraneous: wrap-ansi@7.0.0 /Users/runner/work/keepling/keepling/node_modules/cliui/node_modules/wrap-ansi
desktop-promote	Generate the Hex and npm bills of materials from source	2026-09-13T03:31:25.0401810Z   npm error extraneous: js-yaml@4.3.2 /Users/runner/work/keepling/keepling/node_modules/cosmiconfig/node_modules/js-yaml
desktop-promote	Generate the Hex and npm bills of materials from source	2026-09-13T03:31:25.0402490Z   npm error extraneous: parse-json@5.2.0 /Users/runner/work/keepling/keepling/node_modules/cosmiconfig/node_modules/parse-json
desktop-promote	Generate the Hex and npm bills of materials from source	2026-09-13T03:31:25.0402880Z   npm error extraneous: typescript@6.0.3 /Users/runner/work/keepling/keepling/node_modules/cosmiconfig/node_modules/typescript
desktop-promote	Generate the Hex and npm bills of materials from source	2026-09-13T03:31:25.0403270Z   npm error extraneous: whatwg-url@16.0.1 /Users/runner/work/keepling/keepling/node_modules/data-urls/node_modules/whatwg-url
desktop-promote	Generate the Hex and npm bills of materials from source	2026-09-13T03:31:25.0403650Z   npm error extraneous: mimic-fn@3.1.0 /Users/runner/work/keepling/keepling/node_modules/debounce-fn/node_modules/mimic-fn
desktop-promote	Generate the Hex and npm bills of materials from source	2026-09-13T03:31:25.0404100Z   npm error extraneous: mimic-response@3.1.0 /Users/runner/work/keepling/keepling/node_modules/decompress-response/node_modules/mimic-response
desktop-promote	Generate the Hex and npm bills of materials from source	2026-09-13T03:31:25.0404540Z   npm error extraneous: brace-expansion@1.1.18 /Users/runner/work/keepling/keepling/node_modules/dir-compare/node_modules/brace-expansion
desktop-promote	Generate the Hex and npm bills of materials from source	2026-09-13T03:31:25.0404930Z   npm error extraneous: minimatch@3.1.5 /Users/runner/work/keepling/keepling/node_modules/dir-compare/node_modules/minimatch
desktop-promote	Generate the Hex and npm bills of materials from source	2026-09-13T03:31:25.0405600Z   npm error extraneous: @electron/get@5.1.0 /Users/runner/work/keepling/keepling/node_modules/electron/node_modules/@electron/get
desktop-promote	Generate the Hex and npm bills of materials from source	2026-09-13T03:31:25.0406030Z   npm error extraneous: env-paths@3.0.0 /Users/runner/work/keepling/keepling/node_modules/electron/node_modules/env-paths
desktop-promote	Generate the Hex and npm bills of materials from source	2026-09-13T03:31:25.0406430Z   npm error extraneous: iconv-lite@0.6.3 /Users/runner/work/keepling/keepling/node_modules/encoding/node_modules/iconv-lite
desktop-promote	Generate the Hex and npm bills of materials from source	2026-09-13T03:31:25.0406760Z   npm error extraneous: ajv@6.15.0 /Users/runner/work/keepling/keepling/node_modules/eslint/node_modules/ajv
desktop-promote	Generate the Hex and npm bills of materials from source	2026-09-13T03:31:25.0407150Z   npm error extraneous: glob-parent@6.0.2 /Users/runner/work/keepling/keepling/node_modules/eslint/node_modules/glob-parent
desktop-promote	Generate the Hex and npm bills of materials from source	2026-09-13T03:31:25.0407780Z   npm error extraneous: json-schema-traverse@0.4.1 /Users/runner/work/keepling/keepling/node_modules/eslint/node_modules/json-schema-traverse
desktop-promote	Generate the Hex and npm bills of materials from source	2026-09-13T03:31:25.0408170Z   npm error extraneous: cross-spawn@6.0.6 /Users/runner/work/keepling/keepling/node_modules/execa/node_modules/cross-spawn
desktop-promote	Generate the Hex and npm bills of materials from source	2026-09-13T03:31:25.0408540Z   npm error extraneous: get-stream@4.1.0 /Users/runner/work/keepling/keepling/node_modules/execa/node_modules/get-stream
desktop-promote	Generate the Hex and npm bills of materials from source	2026-09-13T03:31:25.0408970Z   npm error extraneous: is-stream@1.1.0 /Users/runner/work/keepling/keepling/node_modules/execa/node_modules/is-stream
desktop-promote	Generate the Hex and npm bills of materials from source	2026-09-13T03:31:25.0409340Z   npm error extraneous: path-key@2.0.1 /Users/runner/work/keepling/keepling/node_modules/execa/node_modules/path-key
desktop-promote	Generate the Hex and npm bills of materials from source	2026-09-13T03:31:25.0409700Z   npm error extraneous: semver@5.7.2 /Users/runner/work/keepling/keepling/node_modules/execa/node_modules/semver
desktop-promote	Generate the Hex and npm bills of materials from source	2026-09-13T03:31:25.0410110Z   npm error extraneous: shebang-command@1.2.0 /Users/runner/work/keepling/keepling/node_modules/execa/node_modules/shebang-command
desktop-promote	Generate the Hex and npm bills of materials from source	2026-09-13T03:31:25.0410570Z   npm error extraneous: shebang-regex@1.0.0 /Users/runner/work/keepling/keepling/node_modules/execa/node_modules/shebang-regex
desktop-promote	Generate the Hex and npm bills of materials from source	2026-09-13T03:31:25.0410920Z   npm error extraneous: which@1.3.1 /Users/runner/work/keepling/keepling/node_modules/execa/node_modules/which
desktop-promote	Generate the Hex and npm bills of materials from source	2026-09-13T03:31:25.0411300Z   npm error extraneous: content-type@1.0.5 /Users/runner/work/keepling/keepling/node_modules/express/node_modules/content-type
desktop-promote	Generate the Hex and npm bills of materials from source	2026-09-13T03:31:25.0411780Z   npm error extraneous: iconv-lite@0.4.24 /Users/runner/work/keepling/keepling/node_modules/external-editor/node_modules/iconv-lite
desktop-promote	Generate the Hex and npm bills of materials from source	2026-09-13T03:31:25.0412240Z   npm error extraneous: is-unicode-supported@2.1.0 /Users/runner/work/keepling/keepling/node_modules/figures/node_modules/is-unicode-supported
desktop-promote	Generate the Hex and npm bills of materials from source	2026-09-13T03:31:25.0412620Z   npm error extraneous: locate-path@6.0.0 /Users/runner/work/keepling/keepling/node_modules/find-up/node_modules/locate-path
desktop-promote	Generate the Hex and npm bills of materials from source	2026-09-13T03:31:25.0413050Z   npm error extraneous: p-locate@5.0.0 /Users/runner/work/keepling/keepling/node_modules/find-up/node_modules/p-locate
desktop-promote	Generate the Hex and npm bills of materials from source	2026-09-13T03:31:25.0414140Z   npm error extraneous: path-exists@4.0.0 /Users/runner/work/keepling/keepling/node_modules/find-up/node_modules/path-exists
desktop-promote	Generate the Hex and npm bills of materials from source	2026-09-13T03:31:25.0414620Z   npm error extraneous: debug@2.6.9 /Users/runner/work/keepling/keepling/node_modules/get-package-info/node_modules/debug
desktop-promote	Generate the Hex and npm bills of materials from source	2026-09-13T03:31:25.0414970Z   npm error extraneous: ms@2.0.0 /Users/runner/work/keepling/keepling/node_modules/get-package-info/node_modules/ms
desktop-promote	Generate the Hex and npm bills of materials from source	2026-09-13T03:31:25.0415400Z   npm error extraneous: brace-expansion@1.1.18 /Users/runner/work/keepling/keepling/node_modules/glob/node_modules/brace-expansion
desktop-promote	Generate the Hex and npm bills of materials from source	2026-09-13T03:31:25.0415760Z   npm error extraneous: minimatch@3.1.5 /Users/runner/work/keepling/keepling/node_modules/glob/node_modules/minimatch
desktop-promote	Generate the Hex and npm bills of materials from source	2026-09-13T03:31:25.0416260Z   npm error extraneous: is-docker@3.0.0 /Users/runner/work/keepling/keepling/node_modules/is-inside-container/node_modules/is-docker
desktop-promote	Generate the Hex and npm bills of materials from source	2026-09-13T03:31:25.0416700Z   npm error extraneous: supports-color@8.1.1 /Users/runner/work/keepling/keepling/node_modules/jest-worker/node_modules/supports-color
desktop-promote	Generate the Hex and npm bills of materials from source	2026-09-13T03:31:25.0417070Z   npm error extraneous: undici@8.10.1 /Users/runner/work/keepling/keepling/node_modules/jsdom/node_modules/undici
desktop-promote	Generate the Hex and npm bills of materials from source	2026-09-13T03:31:25.0417530Z   npm error extraneous: whatwg-url@17.1.0 /Users/runner/work/keepling/keepling/node_modules/jsdom/node_modules/whatwg-url
desktop-promote	Generate the Hex and npm bills of materials from source	2026-09-13T03:31:25.0417920Z   npm error extraneous: colorette@2.0.20 /Users/runner/work/keepling/keepling/node_modules/listr2/node_modules/colorette
desktop-promote	Generate the Hex and npm bills of materials from source	2026-09-13T03:31:25.0418340Z   npm error extraneous: parse-json@2.2.0 /Users/runner/work/keepling/keepling/node_modules/load-json-file/node_modules/parse-json
desktop-promote	Generate the Hex and npm bills of materials from source	2026-09-13T03:31:25.0418740Z   npm error extraneous: ansi-escapes@5.0.0 /Users/runner/work/keepling/keepling/node_modules/log-update/node_modules/ansi-escapes
desktop-promote	Generate the Hex and npm bills of materials from source	2026-09-13T03:31:25.0419230Z   npm error extraneous: ansi-regex@6.3.0 /Users/runner/work/keepling/keepling/node_modules/log-update/node_modules/ansi-regex
desktop-promote	Generate the Hex and npm bills of materials from source	2026-09-13T03:31:25.0419730Z   npm error extraneous: cli-cursor@4.0.0 /Users/runner/work/keepling/keepling/node_modules/log-update/node_modules/cli-cursor
desktop-promote	Generate the Hex and npm bills of materials from source	2026-09-13T03:31:25.0420160Z   npm error extraneous: restore-cursor@4.0.0 /Users/runner/work/keepling/keepling/node_modules/log-update/node_modules/restore-cursor
desktop-promote	Generate the Hex and npm bills of materials from source	2026-09-13T03:31:25.0420620Z   npm error extraneous: strip-ansi@7.2.0 /Users/runner/work/keepling/keepling/node_modules/log-update/node_modules/strip-ansi
desktop-promote	Generate the Hex and npm bills of materials from source	2026-09-13T03:31:25.0421000Z   npm error extraneous: type-fest@1.4.0 /Users/runner/work/keepling/keepling/node_modules/log-update/node_modules/type-fest
desktop-promote	Generate the Hex and npm bills of materials from source	2026-09-13T03:31:25.0421470Z   npm error extraneous: https-proxy-agent@5.0.1 /Users/runner/work/keepling/keepling/node_modules/make-fetch-happen/node_modules/https-proxy-agent
desktop-promote	Generate the Hex and npm bills of materials from source	2026-09-13T03:31:25.0422450Z   npm error extraneous: lru-cache@7.18.3 /Users/runner/work/keepling/keepling/node_modules/make-fetch-happen/node_modules/lru-cache
desktop-promote	Generate the Hex and npm bills of materials from source	2026-09-13T03:31:25.0422900Z   npm error extraneous: picomatch@2.3.2 /Users/runner/work/keepling/keepling/node_modules/micromatch/node_modules/picomatch
desktop-promote	Generate the Hex and npm bills of materials from source	2026-09-13T03:31:25.0423330Z   npm error extraneous: balanced-match@4.0.4 /Users/runner/work/keepling/keepling/node_modules/minimatch/node_modules/balanced-match
desktop-promote	Generate the Hex and npm bills of materials from source	2026-09-13T03:31:25.0423770Z   npm error extraneous: brace-expansion@5.0.9 /Users/runner/work/keepling/keepling/node_modules/minimatch/node_modules/brace-expansion
desktop-promote	Generate the Hex and npm bills of materials from source	2026-09-13T03:31:25.0424170Z   npm error extraneous: semver@5.7.2 /Users/runner/work/keepling/keepling/node_modules/normalize-package-data/node_modules/semver
desktop-promote	Generate the Hex and npm bills of materials from source	2026-09-13T03:31:25.0424550Z   npm error extraneous: path-key@2.0.1 /Users/runner/work/keepling/keepling/node_modules/npm-run-path/node_modules/path-key
desktop-promote	Generate the Hex and npm bills of materials from source	2026-09-13T03:31:25.0424910Z   npm error extraneous: p-limit@1.3.0 /Users/runner/work/keepling/keepling/node_modules/p-locate/node_modules/p-limit
desktop-promote	Generate the Hex and npm bills of materials from source	2026-09-13T03:31:25.0425260Z   npm error extraneous: find-up@3.0.0 /Users/runner/work/keepling/keepling/node_modules/pkg-up/node_modules/find-up
desktop-promote	Generate the Hex and npm bills of materials from source	2026-09-13T03:31:25.0425670Z   npm error extraneous: locate-path@3.0.0 /Users/runner/work/keepling/keepling/node_modules/pkg-up/node_modules/locate-path
desktop-promote	Generate the Hex and npm bills of materials from source	2026-09-13T03:31:25.0426130Z   npm error extraneous: p-limit@2.3.0 /Users/runner/work/keepling/keepling/node_modules/pkg-up/node_modules/p-limit
desktop-promote	Generate the Hex and npm bills of materials from source	2026-09-13T03:31:25.0426490Z   npm error extraneous: p-locate@3.0.0 /Users/runner/work/keepling/keepling/node_modules/pkg-up/node_modules/p-locate
desktop-promote	Generate the Hex and npm bills of materials from source	2026-09-13T03:31:25.0426830Z   npm error extraneous: p-try@2.2.0 /Users/runner/work/keepling/keepling/node_modules/pkg-up/node_modules/p-try
desktop-promote	Generate the Hex and npm bills of materials from source	2026-09-13T03:31:25.0427190Z   npm error extraneous: commander@9.5.0 /Users/runner/work/keepling/keepling/node_modules/postject/node_modules/commander
desktop-promote	Generate the Hex and npm bills of materials from source	2026-09-13T03:31:25.0427600Z   npm error extraneous: ansi-styles@5.2.0 /Users/runner/work/keepling/keepling/node_modules/pretty-format/node_modules/ansi-styles
desktop-promote	Generate the Hex and npm bills of materials from source	2026-09-13T03:31:25.0427960Z   npm error extraneous: kleur@3.0.3 /Users/runner/work/keepling/keepling/node_modules/prompts/node_modules/kleur
desktop-promote	Generate the Hex and npm bills of materials from source	2026-09-13T03:31:25.0428340Z   npm error extraneous: find-up@2.1.0 /Users/runner/work/keepling/keepling/node_modules/read-pkg-up/node_modules/find-up
desktop-promote	Generate the Hex and npm bills of materials from source	2026-09-13T03:31:25.0428760Z   npm error extraneous: type-fest@0.13.1 /Users/runner/work/keepling/keepling/node_modules/serialize-error/node_modules/type-fest
desktop-promote	Generate the Hex and npm bills of materials from source	2026-09-13T03:31:25.0429130Z   npm error extraneous: ansi-regex@6.3.0 /Users/runner/work/keepling/keepling/node_modules/shadcn/node_modules/ansi-regex
desktop-promote	Generate the Hex and npm bills of materials from source	2026-09-13T03:31:25.0429460Z   npm error extraneous: chalk@5.6.2 /Users/runner/work/keepling/keepling/node_modules/shadcn/node_modules/chalk
desktop-promote	Generate the Hex and npm bills of materials from source	2026-09-13T03:31:25.0429830Z   npm error extraneous: cli-cursor@5.0.0 /Users/runner/work/keepling/keepling/node_modules/shadcn/node_modules/cli-cursor
desktop-promote	Generate the Hex and npm bills of materials from source	2026-09-13T03:31:25.0430190Z   npm error extraneous: commander@14.0.3 /Users/runner/work/keepling/keepling/node_modules/shadcn/node_modules/commander
desktop-promote	Generate the Hex and npm bills of materials from source	2026-09-13T03:31:25.0431510Z   npm error extraneous: define-lazy-prop@3.0.0 /Users/runner/work/keepling/keepling/node_modules/shadcn/node_modules/define-lazy-prop
desktop-promote	Generate the Hex and npm bills of materials from source	2026-09-13T03:31:25.0431920Z   npm error extraneous: emoji-regex@10.6.0 /Users/runner/work/keepling/keepling/node_modules/shadcn/node_modules/emoji-regex
desktop-promote	Generate the Hex and npm bills of materials from source	2026-09-13T03:31:25.0432250Z   npm error extraneous: execa@9.6.1 /Users/runner/work/keepling/keepling/node_modules/shadcn/node_modules/execa
desktop-promote	Generate the Hex and npm bills of materials from source	2026-09-13T03:31:25.0432610Z   npm error extraneous: fs-extra@11.4.0 /Users/runner/work/keepling/keepling/node_modules/shadcn/node_modules/fs-extra
desktop-promote	Generate the Hex and npm bills of materials from source	2026-09-13T03:31:25.0432990Z   npm error extraneous: get-stream@9.0.1 /Users/runner/work/keepling/keepling/node_modules/shadcn/node_modules/get-stream
desktop-promote	Generate the Hex and npm bills of materials from source	2026-09-13T03:31:25.0433400Z   npm error extraneous: human-signals@8.0.1 /Users/runner/work/keepling/keepling/node_modules/shadcn/node_modules/human-signals
desktop-promote	Generate the Hex and npm bills of materials from source	2026-09-13T03:31:25.0433800Z   npm error extraneous: is-interactive@2.0.0 /Users/runner/work/keepling/keepling/node_modules/shadcn/node_modules/is-interactive
desktop-promote	Generate the Hex and npm bills of materials from source	2026-09-13T03:31:25.0434280Z   npm error extraneous: is-unicode-supported@2.1.0 /Users/runner/work/keepling/keepling/node_modules/shadcn/node_modules/is-unicode-supported
desktop-promote	Generate the Hex and npm bills of materials from source	2026-09-13T03:31:25.0434670Z   npm error extraneous: log-symbols@6.0.0 /Users/runner/work/keepling/keepling/node_modules/shadcn/node_modules/log-symbols
desktop-promote	Generate the Hex and npm bills of materials from source	2026-09-13T03:31:25.0435060Z   npm error extraneous: npm-run-path@6.0.0 /Users/runner/work/keepling/keepling/node_modules/shadcn/node_modules/npm-run-path
desktop-promote	Generate the Hex and npm bills of materials from source	2026-09-13T03:31:25.0435420Z   npm error extraneous: onetime@7.0.0 /Users/runner/work/keepling/keepling/node_modules/shadcn/node_modules/onetime
desktop-promote	Generate the Hex and npm bills of materials from source	2026-09-13T03:31:25.0435760Z   npm error extraneous: open@11.0.2 /Users/runner/work/keepling/keepling/node_modules/shadcn/node_modules/open
desktop-promote	Generate the Hex and npm bills of materials from source	2026-09-13T03:31:25.0436080Z   npm error extraneous: ora@8.2.0 /Users/runner/work/keepling/keepling/node_modules/shadcn/node_modules/ora
desktop-promote	Generate the Hex and npm bills of materials from source	2026-09-13T03:31:25.0436430Z   npm error extraneous: path-key@4.0.0 /Users/runner/work/keepling/keepling/node_modules/shadcn/node_modules/path-key
desktop-promote	Generate the Hex and npm bills of materials from source	2026-09-13T03:31:25.0436840Z   npm error extraneous: restore-cursor@5.1.0 /Users/runner/work/keepling/keepling/node_modules/shadcn/node_modules/restore-cursor
desktop-promote	Generate the Hex and npm bills of materials from source	2026-09-13T03:31:25.0437310Z   npm error extraneous: signal-exit@4.1.0 /Users/runner/work/keepling/keepling/node_modules/shadcn/node_modules/signal-exit
desktop-promote	Generate the Hex and npm bills of materials from source	2026-09-13T03:31:25.0437700Z   npm error extraneous: string-width@7.2.0 /Users/runner/work/keepling/keepling/node_modules/shadcn/node_modules/string-width
desktop-promote	Generate the Hex and npm bills of materials from source	2026-09-13T03:31:25.0438070Z   npm error extraneous: strip-ansi@7.2.0 /Users/runner/work/keepling/keepling/node_modules/shadcn/node_modules/strip-ansi
desktop-promote	Generate the Hex and npm bills of materials from source	2026-09-13T03:31:25.0438520Z   npm error extraneous: strip-final-newline@4.0.0 /Users/runner/work/keepling/keepling/node_modules/shadcn/node_modules/strip-final-newline
desktop-promote	Generate the Hex and npm bills of materials from source	2026-09-13T03:31:25.0439100Z   npm error extraneous: zod@3.25.76 /Users/runner/work/keepling/keepling/node_modules/shadcn/node_modules/zod
desktop-promote	Generate the Hex and npm bills of materials from source	2026-09-13T03:31:25.0439530Z   npm error extraneous: ansi-styles@6.2.3 /Users/runner/work/keepling/keepling/node_modules/slice-ansi/node_modules/ansi-styles
desktop-promote	Generate the Hex and npm bills of materials from source	2026-09-13T03:31:25.0440180Z   npm error extraneous: is-fullwidth-code-point@4.0.0 /Users/runner/work/keepling/keepling/node_modules/slice-ansi/node_modules/is-fullwidth-code-point
desktop-promote	Generate the Hex and npm bills of materials from source	2026-09-13T03:31:25.0440620Z   npm error extraneous: is-obj@3.0.0 /Users/runner/work/keepling/keepling/node_modules/stringify-object/node_modules/is-obj
desktop-promote	Generate the Hex and npm bills of materials from source	2026-09-13T03:31:25.0441100Z   npm error extraneous: escape-string-regexp@1.0.5 /Users/runner/work/keepling/keepling/node_modules/strip-outer/node_modules/escape-string-regexp
desktop-promote	Generate the Hex and npm bills of materials from source	2026-09-13T03:31:25.0441450Z   npm error extraneous: minipass@5.0.0 /Users/runner/work/keepling/keepling/node_modules/tar/node_modules/minipass
desktop-promote	Generate the Hex and npm bills of materials from source	2026-09-13T03:31:25.0441830Z   npm error extraneous: commander@2.20.3 /Users/runner/work/keepling/keepling/node_modules/terser/node_modules/commander
desktop-promote	Generate the Hex and npm bills of materials from source	2026-09-13T03:31:25.0442310Z   npm error extraneous: escape-string-regexp@1.0.5 /Users/runner/work/keepling/keepling/node_modules/trim-repeated/node_modules/escape-string-regexp
desktop-promote	Generate the Hex and npm bills of materials from source	2026-09-13T03:31:25.0442810Z   npm error extraneous: typescript@6.0.3 /Users/runner/work/keepling/keepling/node_modules/ts-api-utils/node_modules/typescript
desktop-promote	Generate the Hex and npm bills of materials from source	2026-09-13T03:31:25.0443240Z   npm error extraneous: typescript@6.0.3 /Users/runner/work/keepling/keepling/node_modules/typescript-eslint/node_modules/typescript
desktop-promote	Generate the Hex and npm bills of materials from source	2026-09-13T03:31:25.0443590Z   npm error extraneous: fsevents@2.3.3 /Users/runner/work/keepling/keepling/node_modules/vite/node_modules/fsevents
desktop-promote	Generate the Hex and npm bills of materials from source	2026-09-13T03:31:25.0443930Z   npm error extraneous: tr46@0.0.3 /Users/runner/work/keepling/keepling/node_modules/whatwg-url/node_modules/tr46
desktop-promote	Generate the Hex and npm bills of materials from source	2026-09-13T03:31:25.0444390Z   npm error extraneous: webidl-conversions@3.0.1 /Users/runner/work/keepling/keepling/node_modules/whatwg-url/node_modules/webidl-conversions
desktop-promote	Generate the Hex and npm bills of materials from source	2026-09-13T03:31:25.0444780Z   npm error extraneous: ansi-regex@6.3.0 /Users/runner/work/keepling/keepling/node_modules/wrap-ansi/node_modules/ansi-regex
desktop-promote	Generate the Hex and npm bills of materials from source	2026-09-13T03:31:25.0445170Z   npm error extraneous: ansi-styles@6.2.3 /Users/runner/work/keepling/keepling/node_modules/wrap-ansi/node_modules/ansi-styles
desktop-promote	Generate the Hex and npm bills of materials from source	2026-09-13T03:31:25.0445560Z   npm error extraneous: emoji-regex@9.2.2 /Users/runner/work/keepling/keepling/node_modules/wrap-ansi/node_modules/emoji-regex
desktop-promote	Generate the Hex and npm bills of materials from source	2026-09-13T03:31:25.0445950Z   npm error extraneous: string-width@5.1.2 /Users/runner/work/keepling/keepling/node_modules/wrap-ansi/node_modules/string-width
desktop-promote	Generate the Hex and npm bills of materials from source	2026-09-13T03:31:25.0446720Z   npm error extraneous: strip-ansi@7.2.0 /Users/runner/work/keepling/keepling/node_modules/wrap-ansi/node_modules/strip-ansi
desktop-promote	Generate the Hex and npm bills of materials from source	2026-09-13T03:31:25.0447080Z   npm error extraneous: is-wsl@3.1.1 /Users/runner/work/keepling/keepling/node_modules/wsl-utils/node_modules/is-wsl
desktop-promote	Generate the Hex and npm bills of materials from source	2026-09-13T03:31:25.0447510Z   npm error extraneous: powershell-utils@0.1.0 /Users/runner/work/keepling/keepling/node_modules/wsl-utils/node_modules/powershell-utils
desktop-promote	Generate the Hex and npm bills of materials from source	2026-09-13T03:31:25.0447890Z   npm error extraneous: zod@3.25.76 /Users/runner/work/keepling/keepling/node_modules/zod-to-json-schema/node_modules/zod
desktop-promote	Generate the Hex and npm bills of materials from source	2026-09-13T03:31:25.0448550Z   npm error extraneous: is-unicode-supported@1.3.0 /Users/runner/work/keepling/keepling/node_modules/shadcn/node_modules/log-symbols/node_modules/is-unicode-supported
desktop-promote	Generate the Hex and npm bills of materials from source	2026-09-13T03:31:25.0449000Z   npm error A complete log of this run can be found in: /Users/runner/.npm/_logs/2026-09-13T03_31_22_623Z-debug-0.log
desktop-promote	Generate the Hex and npm bills of materials from source	2026-09-13T03:31:25.0449060Z   
desktop-promote	Generate the Hex and npm bills of materials from source	2026-09-13T03:31:25.0993330Z SBOM generation complete: /Users/runner/work/_temp/keepling-desktop-package/sbom/sbom-hex.cdx.json, /Users/runner/work/_temp/keepling-desktop-package/sbom/sbom-npm.cdx.json. The Swift ecosystem (apps/ios/Package.resolved) is published as-is, gap declared in docs/security/SUPPLY-CHAIN.md -- not scanned here.
desktop-promote	Generate the release body checksum template	﻿2026-09-13T03:31:25.1534620Z ##[group]Run manifest="$RUNNER_TEMP/${KEEPLING_DESKTOP_ARTIFACT_ROOT}/package-manifest.json"
desktop-promote	Generate the release body checksum template	2026-09-13T03:31:25.1535680Z ^[[36;1mmanifest="$RUNNER_TEMP/${KEEPLING_DESKTOP_ARTIFACT_ROOT}/package-manifest.json"^[[0m
desktop-promote	Generate the release body checksum template	2026-09-13T03:31:25.1536150Z ^[[36;1mout="$RUNNER_TEMP/${KEEPLING_DESKTOP_ARTIFACT_ROOT}/RELEASE-BODY.md"^[[0m
desktop-promote	Generate the release body checksum template	2026-09-13T03:31:25.1536470Z ^[[36;1mnode -e "^[[0m
desktop-promote	Generate the release body checksum template	2026-09-13T03:31:25.1536650Z ^[[36;1m  const fs = require('node:fs');^[[0m
desktop-promote	Generate the release body checksum template	2026-09-13T03:31:25.1536990Z ^[[36;1m  const m = JSON.parse(fs.readFileSync(process.argv[1], 'utf8'));^[[0m
desktop-promote	Generate the release body checksum template	2026-09-13T03:31:25.1537290Z ^[[36;1m  const lines = [^[[0m
desktop-promote	Generate the release body checksum template	2026-09-13T03:31:25.1537470Z ^[[36;1m    '## Checksums',^[[0m
desktop-promote	Generate the release body checksum template	2026-09-13T03:31:25.1537640Z ^[[36;1m    '',^[[0m
desktop-promote	Generate the release body checksum template	2026-09-13T03:31:25.1537790Z ^[[36;1m    '| Artifact | SHA-256 |',^[[0m
desktop-promote	Generate the release body checksum template	2026-09-13T03:31:25.1537990Z ^[[36;1m    '|---|---|',^[[0m
desktop-promote	Generate the release body checksum template	2026-09-13T03:31:25.1538360Z ^[[36;1m    \`| Archive (\${require('node:path').basename(m.archivePath)}) | \\\`\${m.archiveDigestSha256}\\\` |\`,^[[0m
desktop-promote	Generate the release body checksum template	2026-09-13T03:31:25.1538770Z ^[[36;1m    m.codeDirectoryHash^[[0m
desktop-promote	Generate the release body checksum template	2026-09-13T03:31:25.1539160Z ^[[36;1m      ? \`| Stapled application (code directory hash) | \\\`\${m.codeDirectoryHash}\\\` |\`^[[0m
desktop-promote	Generate the release body checksum template	2026-09-13T03:31:25.1549700Z ^[[36;1m      : \`| Application digest (pre-signing; signing not yet wired) | \\\`\${m.applicationDigestSha256}\\\` |\`,^[[0m
desktop-promote	Generate the release body checksum template	2026-09-13T03:31:25.1550250Z ^[[36;1m    '',^[[0m
desktop-promote	Generate the release body checksum template	2026-09-13T03:31:25.1550520Z ^[[36;1m    'The load-bearing controls for this release are the packaging',^[[0m
desktop-promote	Generate the release body checksum template	2026-09-13T03:31:25.1550950Z ^[[36;1m    'reproducibility lane and the SLSA Build Level 2 provenance',^[[0m
desktop-promote	Generate the release body checksum template	2026-09-13T03:31:25.1551350Z ^[[36;1m    'attestation above, not these checksums -- almost nobody will',^[[0m
desktop-promote	Generate the release body checksum template	2026-09-13T03:31:25.1551850Z ^[[36;1m    'manually verify a hash. See docs/security/SUPPLY-CHAIN.md for',^[[0m
desktop-promote	Generate the release body checksum template	2026-09-13T03:31:25.1552240Z ^[[36;1m    'the full, separated signing/provenance/SBOM posture.',^[[0m
desktop-promote	Generate the release body checksum template	2026-09-13T03:31:25.1552590Z ^[[36;1m  ];^[[0m
desktop-promote	Generate the release body checksum template	2026-09-13T03:31:25.1552830Z ^[[36;1m  fs.writeFileSync(process.argv[2], lines.join('\n') + '\n');^[[0m
desktop-promote	Generate the release body checksum template	2026-09-13T03:31:25.1553140Z ^[[36;1m" "$manifest" "$out"^[[0m
desktop-promote	Generate the release body checksum template	2026-09-13T03:31:25.1553320Z ^[[36;1mcat "$out"^[[0m
desktop-promote	Generate the release body checksum template	2026-09-13T03:31:25.1906010Z shell: /bin/bash -e {0}
desktop-promote	Generate the release body checksum template	2026-09-13T03:31:25.1906260Z env:
desktop-promote	Generate the release body checksum template	2026-09-13T03:31:25.1906490Z   KEEPLING_DESKTOP_ARTIFACT_ROOT: keepling-desktop-package
desktop-promote	Generate the release body checksum template	2026-09-13T03:31:25.1906760Z ##[endgroup]
desktop-promote	Generate the release body checksum template	2026-09-13T03:31:25.3500310Z ## Checksums
desktop-promote	Generate the release body checksum template	2026-09-13T03:31:25.3501140Z 
desktop-promote	Generate the release body checksum template	2026-09-13T03:31:25.3503140Z | Artifact | SHA-256 |
desktop-promote	Generate the release body checksum template	2026-09-13T03:31:25.3503950Z |---|---|
desktop-promote	Generate the release body checksum template	2026-09-13T03:31:25.3507560Z | Archive (Keepling.ditto.zip) | `57f594657752182b21ee72b3b15a199af7481719ef64993fb4af3b187eb1704a` |
desktop-promote	Generate the release body checksum template	2026-09-13T03:31:25.3509360Z | Stapled application (code directory hash) | `7f4cf573116e0950a40388118ec9c7f64236f93f` |
desktop-promote	Generate the release body checksum template	2026-09-13T03:31:25.3510170Z 
desktop-promote	Generate the release body checksum template	2026-09-13T03:31:25.3510810Z The load-bearing controls for this release are the packaging
desktop-promote	Generate the release body checksum template	2026-09-13T03:31:25.3512000Z reproducibility lane and the SLSA Build Level 2 provenance
desktop-promote	Generate the release body checksum template	2026-09-13T03:31:25.3513150Z attestation above, not these checksums -- almost nobody will
desktop-promote	Generate the release body checksum template	2026-09-13T03:31:25.3514390Z manually verify a hash. See docs/security/SUPPLY-CHAIN.md for
desktop-promote	Generate the release body checksum template	2026-09-13T03:31:25.3515470Z the full, separated signing/provenance/SBOM posture.
desktop-promote	Run actions/upload-artifact@ea165f8d65b6e75b540449e92b4886f43607fa02	﻿2026-09-13T03:31:25.3640920Z Node 20 is being deprecated. This workflow is running with Node 24 by default. If you need to temporarily use Node 20, you can set the ACTIONS_ALLOW_USE_UNSECURE_NODE_VERSION=true environment variable. For more information see: https://github.blog/changelog/2025-09-19-deprecation-of-node-20-on-github-actions-runners/
desktop-promote	Run actions/upload-artifact@ea165f8d65b6e75b540449e92b4886f43607fa02	2026-09-13T03:31:25.3642400Z ##[group]Run actions/upload-artifact@ea165f8d65b6e75b540449e92b4886f43607fa02
desktop-promote	Run actions/upload-artifact@ea165f8d65b6e75b540449e92b4886f43607fa02	2026-09-13T03:31:25.3642790Z with:
desktop-promote	Run actions/upload-artifact@ea165f8d65b6e75b540449e92b4886f43607fa02	2026-09-13T03:31:25.3642980Z   name: keepling-release-evidence
desktop-promote	Run actions/upload-artifact@ea165f8d65b6e75b540449e92b4886f43607fa02	2026-09-13T03:31:25.3643510Z   path: /Users/runner/work/_temp/keepling-desktop-package/sbom
desktop-promote	Run actions/upload-artifact@ea165f8d65b6e75b540449e92b4886f43607fa02	/Users/runner/work/_temp/keepling-desktop-package/RELEASE-BODY.md
desktop-promote	Run actions/upload-artifact@ea165f8d65b6e75b540449e92b4886f43607fa02	
desktop-promote	Run actions/upload-artifact@ea165f8d65b6e75b540449e92b4886f43607fa02	2026-09-13T03:31:25.3644030Z   if-no-files-found: error
desktop-promote	Run actions/upload-artifact@ea165f8d65b6e75b540449e92b4886f43607fa02	2026-09-13T03:31:25.3644220Z   retention-days: 14
desktop-promote	Run actions/upload-artifact@ea165f8d65b6e75b540449e92b4886f43607fa02	2026-09-13T03:31:25.3644420Z   compression-level: 6
desktop-promote	Run actions/upload-artifact@ea165f8d65b6e75b540449e92b4886f43607fa02	2026-09-13T03:31:25.3644620Z   overwrite: false
desktop-promote	Run actions/upload-artifact@ea165f8d65b6e75b540449e92b4886f43607fa02	2026-09-13T03:31:25.3644800Z   include-hidden-files: false
desktop-promote	Run actions/upload-artifact@ea165f8d65b6e75b540449e92b4886f43607fa02	2026-09-13T03:31:25.3645010Z env:
desktop-promote	Run actions/upload-artifact@ea165f8d65b6e75b540449e92b4886f43607fa02	2026-09-13T03:31:25.3645260Z   KEEPLING_DESKTOP_ARTIFACT_ROOT: keepling-desktop-package
desktop-promote	Run actions/upload-artifact@ea165f8d65b6e75b540449e92b4886f43607fa02	2026-09-13T03:31:25.3645590Z ##[endgroup]
desktop-promote	Run actions/upload-artifact@ea165f8d65b6e75b540449e92b4886f43607fa02	2026-09-13T03:31:26.0096520Z (node:36814) [DEP0040] DeprecationWarning: The `punycode` module is deprecated. Please use a userland alternative instead.
desktop-promote	Run actions/upload-artifact@ea165f8d65b6e75b540449e92b4886f43607fa02	2026-09-13T03:31:26.0124600Z (Use `node --trace-deprecation ...` to show where the warning was created)
desktop-promote	Run actions/upload-artifact@ea165f8d65b6e75b540449e92b4886f43607fa02	2026-09-13T03:31:26.0196200Z Multiple search paths detected. Calculating the least common ancestor of all paths
desktop-promote	Run actions/upload-artifact@ea165f8d65b6e75b540449e92b4886f43607fa02	2026-09-13T03:31:26.0197740Z The least common ancestor is /Users/runner/work/_temp/keepling-desktop-package. This will be the root directory of the artifact
desktop-promote	Run actions/upload-artifact@ea165f8d65b6e75b540449e92b4886f43607fa02	2026-09-13T03:31:26.0198460Z With the provided path, there will be 3 files uploaded
desktop-promote	Run actions/upload-artifact@ea165f8d65b6e75b540449e92b4886f43607fa02	2026-09-13T03:31:26.0200890Z Artifact name is valid!
desktop-promote	Run actions/upload-artifact@ea165f8d65b6e75b540449e92b4886f43607fa02	2026-09-13T03:31:26.0201290Z Root directory input is valid!
desktop-promote	Run actions/upload-artifact@ea165f8d65b6e75b540449e92b4886f43607fa02	2026-09-13T03:31:26.4979840Z (node:36814) [DEP0169] DeprecationWarning: `url.parse()` behavior is not standardized and prone to errors that have security implications. Use the WHATWG URL API instead. CVEs are not issued for `url.parse()` vulnerabilities.
desktop-promote	Run actions/upload-artifact@ea165f8d65b6e75b540449e92b4886f43607fa02	2026-09-13T03:31:26.5083320Z Beginning upload of artifact content to blob storage
desktop-promote	Run actions/upload-artifact@ea165f8d65b6e75b540449e92b4886f43607fa02	2026-09-13T03:31:26.9686900Z Uploaded bytes 116960
desktop-promote	Run actions/upload-artifact@ea165f8d65b6e75b540449e92b4886f43607fa02	2026-09-13T03:31:27.0589940Z Finished uploading artifact content to blob storage!
desktop-promote	Run actions/upload-artifact@ea165f8d65b6e75b540449e92b4886f43607fa02	2026-09-13T03:31:27.0666610Z SHA256 digest of uploaded artifact zip is 214c18f990e385d06449a94cfa7940f1ebcb25ca1a447fa430b38c8c2ceceae6
desktop-promote	Run actions/upload-artifact@ea165f8d65b6e75b540449e92b4886f43607fa02	2026-09-13T03:31:27.0768690Z Finalizing artifact upload
desktop-promote	Run actions/upload-artifact@ea165f8d65b6e75b540449e92b4886f43607fa02	2026-09-13T03:31:27.3087190Z Artifact keepling-release-evidence.zip successfully finalized. Artifact ID 10310907428
desktop-promote	Run actions/upload-artifact@ea165f8d65b6e75b540449e92b4886f43607fa02	2026-09-13T03:31:27.3090350Z Artifact keepling-release-evidence has been successfully uploaded! Final size is 116960 bytes. Artifact ID is 10310907428
desktop-promote	Run actions/upload-artifact@ea165f8d65b6e75b540449e92b4886f43607fa02	2026-09-13T03:31:27.3161770Z Artifact download URL: https://github.com/szTheory/keepling/actions/runs/34735177060/artifacts/10310907428
desktop-promote	Post Run actions/setup-node@49933ea5288caeca8642d1e84afbd3f7d6820020	﻿2026-09-13T03:31:27.3466770Z Node 20 is being deprecated. This workflow is running with Node 24 by default. If you need to temporarily use Node 20, you can set the ACTIONS_ALLOW_USE_UNSECURE_NODE_VERSION=true environment variable. For more information see: https://github.blog/changelog/2025-09-19-deprecation-of-node-20-on-github-actions-runners/
desktop-promote	Post Run actions/setup-node@49933ea5288caeca8642d1e84afbd3f7d6820020	2026-09-13T03:31:27.3468230Z Post job cleanup.
desktop-promote	Post Run actions/setup-node@49933ea5288caeca8642d1e84afbd3f7d6820020	2026-09-13T03:31:27.5026940Z (node:36817) [DEP0040] DeprecationWarning: The `punycode` module is deprecated. Please use a userland alternative instead.
desktop-promote	Post Run actions/setup-node@49933ea5288caeca8642d1e84afbd3f7d6820020	2026-09-13T03:31:27.5029010Z (Use `node --trace-deprecation ...` to show where the warning was created)
desktop-promote	Post Run actions/checkout@34e114876b0b11c390a56381ad16ebd13914f8d5	﻿2026-09-13T03:31:27.5224470Z Node 20 is being deprecated. This workflow is running with Node 24 by default. If you need to temporarily use Node 20, you can set the ACTIONS_ALLOW_USE_UNSECURE_NODE_VERSION=true environment variable. For more information see: https://github.blog/changelog/2025-09-19-deprecation-of-node-20-on-github-actions-runners/
desktop-promote	Post Run actions/checkout@34e114876b0b11c390a56381ad16ebd13914f8d5	2026-09-13T03:31:27.5225570Z Post job cleanup.
desktop-promote	Post Run actions/checkout@34e114876b0b11c390a56381ad16ebd13914f8d5	2026-09-13T03:31:27.6512250Z [command]/opt/homebrew/bin/git version
desktop-promote	Post Run actions/checkout@34e114876b0b11c390a56381ad16ebd13914f8d5	2026-09-13T03:31:27.6690020Z git version 2.55.0
desktop-promote	Post Run actions/checkout@34e114876b0b11c390a56381ad16ebd13914f8d5	2026-09-13T03:31:27.6737110Z Copying '/Users/runner/.gitconfig' to '/Users/runner/work/_temp/8aae838a-e9c5-4c91-ba06-bee8bf2f2bfe/.gitconfig'
desktop-promote	Post Run actions/checkout@34e114876b0b11c390a56381ad16ebd13914f8d5	2026-09-13T03:31:27.6757190Z Temporarily overriding HOME='/Users/runner/work/_temp/8aae838a-e9c5-4c91-ba06-bee8bf2f2bfe' before making global git config changes
desktop-promote	Post Run actions/checkout@34e114876b0b11c390a56381ad16ebd13914f8d5	2026-09-13T03:31:27.6758980Z Adding repository directory to the temporary git global config as a safe directory
desktop-promote	Post Run actions/checkout@34e114876b0b11c390a56381ad16ebd13914f8d5	2026-09-13T03:31:27.6763800Z [command]/opt/homebrew/bin/git config --global --add safe.directory /Users/runner/work/keepling/keepling
desktop-promote	Post Run actions/checkout@34e114876b0b11c390a56381ad16ebd13914f8d5	2026-09-13T03:31:27.6943140Z [command]/opt/homebrew/bin/git config --local --name-only --get-regexp core\.sshCommand
desktop-promote	Post Run actions/checkout@34e114876b0b11c390a56381ad16ebd13914f8d5	2026-09-13T03:31:27.7048880Z [command]/opt/homebrew/bin/git submodule foreach --recursive sh -c "git config --local --name-only --get-regexp 'core\.sshCommand' && git config --local --unset-all 'core.sshCommand' || :"
desktop-promote	Post Run actions/checkout@34e114876b0b11c390a56381ad16ebd13914f8d5	2026-09-13T03:31:27.8460540Z [command]/opt/homebrew/bin/git config --local --name-only --get-regexp http\.https\:\/\/github\.com\/\.extraheader
desktop-promote	Post Run actions/checkout@34e114876b0b11c390a56381ad16ebd13914f8d5	2026-09-13T03:31:27.8545640Z http.https://github.com/.extraheader
desktop-promote	Post Run actions/checkout@34e114876b0b11c390a56381ad16ebd13914f8d5	2026-09-13T03:31:27.8564330Z [command]/opt/homebrew/bin/git config --local --unset-all http.https://github.com/.extraheader
desktop-promote	Post Run actions/checkout@34e114876b0b11c390a56381ad16ebd13914f8d5	2026-09-13T03:31:27.8664900Z [command]/opt/homebrew/bin/git submodule foreach --recursive sh -c "git config --local --name-only --get-regexp 'http\.https\:\/\/github\.com\/\.extraheader' && git config --local --unset-all 'http.https://github.com/.extraheader' || :"
desktop-promote	Post Run actions/checkout@34e114876b0b11c390a56381ad16ebd13914f8d5	2026-09-13T03:31:28.0665700Z [command]/opt/homebrew/bin/git config --local --name-only --get-regexp ^includeIf\.gitdir:
desktop-promote	Post Run actions/checkout@34e114876b0b11c390a56381ad16ebd13914f8d5	2026-09-13T03:31:28.0978040Z [command]/opt/homebrew/bin/git submodule foreach --recursive git config --local --show-origin --name-only --get-regexp remote.origin.url
desktop-promote	Complete job	﻿2026-09-13T03:31:28.2908450Z Cleaning up orphan processes
desktop-promote	Complete job	2026-09-13T03:31:31.6736350Z ##[warning]Node.js 20 is deprecated. The following actions target Node.js 20 but are being forced to run on Node.js 24: actions/checkout@34e114876b0b11c390a56381ad16ebd13914f8d5, actions/download-artifact@d3f86a106a0bac45b974a628896c90dbdf5c8093, actions/setup-node@49933ea5288caeca8642d1e84afbd3f7d6820020, actions/upload-artifact@ea165f8d65b6e75b540449e92b4886f43607fa02. For more information see: https://github.blog/changelog/2025-09-19-deprecation-of-node-20-on-github-actions-runners/
