phase2-privacy	UNKNOWN STEP	﻿2026-09-13T20:18:22.7009970Z Current runner version: '2.337.0'
phase2-privacy	UNKNOWN STEP	2026-09-13T20:18:22.7027710Z ##[group]Runner Image Provisioner
phase2-privacy	UNKNOWN STEP	2026-09-13T20:18:22.7028270Z Hosted Compute Agent
phase2-privacy	UNKNOWN STEP	2026-09-13T20:18:22.7028650Z Version: 20260828.587
phase2-privacy	UNKNOWN STEP	2026-09-13T20:18:22.7029060Z Commit: abac92662cab4cc7352de4f9f9d2e2419aad9c29
phase2-privacy	UNKNOWN STEP	2026-09-13T20:18:22.7029630Z Build Date: 2026-08-28T16:44:25Z
phase2-privacy	UNKNOWN STEP	2026-09-13T20:18:22.7030090Z Worker ID: {f051cf13-b1c0-44fd-a4cb-ce46d13b0849}
phase2-privacy	UNKNOWN STEP	2026-09-13T20:18:22.7030550Z Azure Region: westus
phase2-privacy	UNKNOWN STEP	2026-09-13T20:18:22.7030920Z ##[endgroup]
phase2-privacy	UNKNOWN STEP	2026-09-13T20:18:22.7031950Z ##[group]Operating System
phase2-privacy	UNKNOWN STEP	2026-09-13T20:18:22.7032360Z macOS
phase2-privacy	UNKNOWN STEP	2026-09-13T20:18:22.7032680Z 15.7.9
phase2-privacy	UNKNOWN STEP	2026-09-13T20:18:22.7033000Z 24G830
phase2-privacy	UNKNOWN STEP	2026-09-13T20:18:22.7033330Z ##[endgroup]
phase2-privacy	UNKNOWN STEP	2026-09-13T20:18:22.7033680Z ##[group]Runner Image
phase2-privacy	UNKNOWN STEP	2026-09-13T20:18:22.7034050Z Image: macos-15-arm64
phase2-privacy	UNKNOWN STEP	2026-09-13T20:18:22.7034420Z Version: 20260907.0337.1
phase2-privacy	UNKNOWN STEP	2026-09-13T20:18:22.7035280Z Included Software: https://github.com/actions/runner-images/blob/macos-15-arm64/20260907.0337/images/macos/macos-15-arm64-Readme.md
phase2-privacy	UNKNOWN STEP	2026-09-13T20:18:22.7036320Z Image Release: https://github.com/actions/runner-images/releases/tag/macos-15-arm64%2F20260907.0337
phase2-privacy	UNKNOWN STEP	2026-09-13T20:18:22.7036970Z ##[endgroup]
phase2-privacy	UNKNOWN STEP	2026-09-13T20:18:22.7037730Z ##[group]GITHUB_TOKEN Permissions
phase2-privacy	UNKNOWN STEP	2026-09-13T20:18:22.7039080Z Contents: read
phase2-privacy	UNKNOWN STEP	2026-09-13T20:18:22.7039510Z Metadata: read
phase2-privacy	UNKNOWN STEP	2026-09-13T20:18:22.7039910Z ##[endgroup]
phase2-privacy	UNKNOWN STEP	2026-09-13T20:18:22.7041770Z Secret source: Actions
phase2-privacy	UNKNOWN STEP	2026-09-13T20:18:22.7042350Z Cache mode: write
phase2-privacy	UNKNOWN STEP	2026-09-13T20:18:22.7042800Z Prepare workflow directory
phase2-privacy	UNKNOWN STEP	2026-09-13T20:18:22.7440530Z Prepare all required actions
phase2-privacy	UNKNOWN STEP	2026-09-13T20:18:22.7479010Z Getting action download info
phase2-privacy	UNKNOWN STEP	2026-09-13T20:18:22.9104320Z Download action repository 'actions/checkout@34e114876b0b11c390a56381ad16ebd13914f8d5' (SHA:34e114876b0b11c390a56381ad16ebd13914f8d5)
phase2-privacy	UNKNOWN STEP	2026-09-13T20:18:23.2233600Z Download action repository 'actions/setup-node@49933ea5288caeca8642d1e84afbd3f7d6820020' (SHA:49933ea5288caeca8642d1e84afbd3f7d6820020)
phase2-privacy	UNKNOWN STEP	2026-09-13T20:18:23.4076320Z Download action repository 'actions/cache@0400d5f644dc74513175e3cd8d07132dd4860809' (SHA:0400d5f644dc74513175e3cd8d07132dd4860809)
phase2-privacy	UNKNOWN STEP	2026-09-13T20:18:23.5000540Z Download action repository 'actions/upload-artifact@ea165f8d65b6e75b540449e92b4886f43607fa02' (SHA:ea165f8d65b6e75b540449e92b4886f43607fa02)
phase2-privacy	UNKNOWN STEP	2026-09-13T20:18:23.7296960Z Complete job name: phase2-privacy
phase2-privacy	UNKNOWN STEP	2026-09-13T20:18:23.7808940Z Node 20 is being deprecated. This workflow is running with Node 24 by default. If you need to temporarily use Node 20, you can set the ACTIONS_ALLOW_USE_UNSECURE_NODE_VERSION=true environment variable. For more information see: https://github.blog/changelog/2025-09-19-deprecation-of-node-20-on-github-actions-runners/
phase2-privacy	UNKNOWN STEP	2026-09-13T20:18:23.7816510Z ##[group]Run actions/checkout@34e114876b0b11c390a56381ad16ebd13914f8d5
phase2-privacy	UNKNOWN STEP	2026-09-13T20:18:23.7817170Z with:
phase2-privacy	UNKNOWN STEP	2026-09-13T20:18:23.7817530Z   repository: szTheory/keepling
phase2-privacy	UNKNOWN STEP	2026-09-13T20:18:23.7820390Z   token: ***
phase2-privacy	UNKNOWN STEP	2026-09-13T20:18:23.7820710Z   ssh-strict: true
phase2-privacy	UNKNOWN STEP	2026-09-13T20:18:23.7821040Z   ssh-user: git
phase2-privacy	UNKNOWN STEP	2026-09-13T20:18:23.7821600Z   persist-credentials: true
phase2-privacy	UNKNOWN STEP	2026-09-13T20:18:23.7821990Z   clean: true
phase2-privacy	UNKNOWN STEP	2026-09-13T20:18:23.7822340Z   sparse-checkout-cone-mode: true
phase2-privacy	UNKNOWN STEP	2026-09-13T20:18:23.7822740Z   fetch-depth: 1
phase2-privacy	UNKNOWN STEP	2026-09-13T20:18:23.7823220Z   fetch-tags: false
phase2-privacy	UNKNOWN STEP	2026-09-13T20:18:23.7823560Z   show-progress: true
phase2-privacy	UNKNOWN STEP	2026-09-13T20:18:23.7823940Z   lfs: false
phase2-privacy	UNKNOWN STEP	2026-09-13T20:18:23.7824260Z   submodules: false
phase2-privacy	UNKNOWN STEP	2026-09-13T20:18:23.7824600Z   set-safe-directory: true
phase2-privacy	UNKNOWN STEP	2026-09-13T20:18:23.7825350Z env:
phase2-privacy	UNKNOWN STEP	2026-09-13T20:18:23.7825710Z   KEEPLING_PHASE2_SEED: 20260901
phase2-privacy	UNKNOWN STEP	2026-09-13T20:18:23.7826260Z   KEEPLING_FLAKE_POLICY: no-retry; quarantine-requires-owner-issue-expiry
phase2-privacy	UNKNOWN STEP	2026-09-13T20:18:23.7826810Z ##[endgroup]
phase2-privacy	UNKNOWN STEP	2026-09-13T20:18:24.3397810Z Syncing repository: szTheory/keepling
phase2-privacy	UNKNOWN STEP	2026-09-13T20:18:24.3399740Z ##[group]Getting Git version info
phase2-privacy	UNKNOWN STEP	2026-09-13T20:18:24.3400350Z Working directory is '/Users/runner/work/keepling/keepling'
phase2-privacy	UNKNOWN STEP	2026-09-13T20:18:24.3401390Z [command]/opt/homebrew/bin/git version
phase2-privacy	UNKNOWN STEP	2026-09-13T20:18:24.4267280Z git version 2.55.0
phase2-privacy	UNKNOWN STEP	2026-09-13T20:18:24.4284760Z ##[endgroup]
phase2-privacy	UNKNOWN STEP	2026-09-13T20:18:24.4296900Z Copying '/Users/runner/.gitconfig' to '/Users/runner/work/_temp/ee0f7806-592c-46ad-97fc-7dd04de80250/.gitconfig'
phase2-privacy	UNKNOWN STEP	2026-09-13T20:18:24.4301040Z Temporarily overriding HOME='/Users/runner/work/_temp/ee0f7806-592c-46ad-97fc-7dd04de80250' before making global git config changes
phase2-privacy	UNKNOWN STEP	2026-09-13T20:18:24.4304500Z Adding repository directory to the temporary git global config as a safe directory
phase2-privacy	UNKNOWN STEP	2026-09-13T20:18:24.4307300Z [command]/opt/homebrew/bin/git config --global --add safe.directory /Users/runner/work/keepling/keepling
phase2-privacy	UNKNOWN STEP	2026-09-13T20:18:24.4435210Z Deleting the contents of '/Users/runner/work/keepling/keepling'
phase2-privacy	UNKNOWN STEP	2026-09-13T20:18:24.4438990Z ##[group]Initializing the repository
phase2-privacy	UNKNOWN STEP	2026-09-13T20:18:24.4443310Z [command]/opt/homebrew/bin/git init /Users/runner/work/keepling/keepling
phase2-privacy	UNKNOWN STEP	2026-09-13T20:18:24.4777940Z hint: Using 'master' as the name for the initial branch. This default branch name
phase2-privacy	UNKNOWN STEP	2026-09-13T20:18:24.4780610Z hint: will change to "main" in Git 3.0. To configure the initial branch name
phase2-privacy	UNKNOWN STEP	2026-09-13T20:18:24.4784730Z hint: to use in all of your new repositories, which will suppress this warning,
phase2-privacy	UNKNOWN STEP	2026-09-13T20:18:24.4785770Z hint: call:
phase2-privacy	UNKNOWN STEP	2026-09-13T20:18:24.4786140Z hint:
phase2-privacy	UNKNOWN STEP	2026-09-13T20:18:24.4786670Z hint: 	git config --global init.defaultBranch <name>
phase2-privacy	UNKNOWN STEP	2026-09-13T20:18:24.4788400Z hint:
phase2-privacy	UNKNOWN STEP	2026-09-13T20:18:24.4790270Z hint: Names commonly chosen instead of 'master' are 'main', 'trunk' and
phase2-privacy	UNKNOWN STEP	2026-09-13T20:18:24.4791210Z hint: 'development'. The just-created branch can be renamed via this command:
phase2-privacy	UNKNOWN STEP	2026-09-13T20:18:24.4793230Z hint:
phase2-privacy	UNKNOWN STEP	2026-09-13T20:18:24.4793620Z hint: 	git branch -m <name>
phase2-privacy	UNKNOWN STEP	2026-09-13T20:18:24.4794020Z hint:
phase2-privacy	UNKNOWN STEP	2026-09-13T20:18:24.4798740Z hint: Disable this message with "git config set advice.defaultBranchName false"
phase2-privacy	UNKNOWN STEP	2026-09-13T20:18:24.4799890Z Initialized empty Git repository in /Users/runner/work/keepling/keepling/.git/
phase2-privacy	UNKNOWN STEP	2026-09-13T20:18:24.4809170Z [command]/opt/homebrew/bin/git remote add origin https://github.com/szTheory/keepling
phase2-privacy	UNKNOWN STEP	2026-09-13T20:18:24.4905210Z ##[endgroup]
phase2-privacy	UNKNOWN STEP	2026-09-13T20:18:24.4907470Z ##[group]Disabling automatic garbage collection
phase2-privacy	UNKNOWN STEP	2026-09-13T20:18:24.4910640Z [command]/opt/homebrew/bin/git config --local gc.auto 0
phase2-privacy	UNKNOWN STEP	2026-09-13T20:18:24.5023490Z ##[endgroup]
phase2-privacy	UNKNOWN STEP	2026-09-13T20:18:24.5025480Z ##[group]Setting up auth
phase2-privacy	UNKNOWN STEP	2026-09-13T20:18:24.5029200Z [command]/opt/homebrew/bin/git config --local --name-only --get-regexp core\.sshCommand
phase2-privacy	UNKNOWN STEP	2026-09-13T20:18:24.5116270Z [command]/opt/homebrew/bin/git submodule foreach --recursive sh -c "git config --local --name-only --get-regexp 'core\.sshCommand' && git config --local --unset-all 'core.sshCommand' || :"
phase2-privacy	UNKNOWN STEP	2026-09-13T20:18:24.6548760Z [command]/opt/homebrew/bin/git config --local --name-only --get-regexp http\.https\:\/\/github\.com\/\.extraheader
phase2-privacy	UNKNOWN STEP	2026-09-13T20:18:24.6621840Z [command]/opt/homebrew/bin/git submodule foreach --recursive sh -c "git config --local --name-only --get-regexp 'http\.https\:\/\/github\.com\/\.extraheader' && git config --local --unset-all 'http.https://github.com/.extraheader' || :"
phase2-privacy	UNKNOWN STEP	2026-09-13T20:18:24.7556990Z [command]/opt/homebrew/bin/git config --local --name-only --get-regexp ^includeIf\.gitdir:
phase2-privacy	UNKNOWN STEP	2026-09-13T20:18:24.8621100Z [command]/opt/homebrew/bin/git submodule foreach --recursive git config --local --show-origin --name-only --get-regexp remote.origin.url
phase2-privacy	UNKNOWN STEP	2026-09-13T20:18:24.9222240Z [command]/opt/homebrew/bin/git config --local http.https://github.com/.extraheader AUTHORIZATION: basic ***
phase2-privacy	UNKNOWN STEP	2026-09-13T20:18:24.9301950Z ##[endgroup]
phase2-privacy	UNKNOWN STEP	2026-09-13T20:18:24.9302790Z ##[group]Fetching the repository
phase2-privacy	UNKNOWN STEP	2026-09-13T20:18:24.9307730Z [command]/opt/homebrew/bin/git -c protocol.version=2 fetch --no-tags --prune --no-recurse-submodules --depth=1 origin +069df06570f7bc65ccb646935fd637dcc83bbd9c:refs/remotes/origin/main
phase2-privacy	UNKNOWN STEP	2026-09-13T20:18:26.4451130Z From https://github.com/szTheory/keepling
phase2-privacy	UNKNOWN STEP	2026-09-13T20:18:26.4453260Z  * [new ref]         069df06570f7bc65ccb646935fd637dcc83bbd9c -> origin/main
phase2-privacy	UNKNOWN STEP	2026-09-13T20:18:26.4456220Z ##[endgroup]
phase2-privacy	UNKNOWN STEP	2026-09-13T20:18:26.4457490Z ##[group]Determining the checkout info
phase2-privacy	UNKNOWN STEP	2026-09-13T20:18:26.4458740Z ##[endgroup]
phase2-privacy	UNKNOWN STEP	2026-09-13T20:18:26.4467190Z [command]/opt/homebrew/bin/git sparse-checkout disable
phase2-privacy	UNKNOWN STEP	2026-09-13T20:18:26.4613730Z [command]/opt/homebrew/bin/git config --local --unset-all extensions.worktreeConfig
phase2-privacy	UNKNOWN STEP	2026-09-13T20:18:26.4654650Z ##[group]Checking out the ref
phase2-privacy	UNKNOWN STEP	2026-09-13T20:18:26.4656690Z [command]/opt/homebrew/bin/git checkout --progress --force -B main refs/remotes/origin/main
phase2-privacy	UNKNOWN STEP	2026-09-13T20:18:26.6621960Z Switched to a new branch 'main'
phase2-privacy	UNKNOWN STEP	2026-09-13T20:18:26.6637840Z branch 'main' set up to track 'origin/main'.
phase2-privacy	UNKNOWN STEP	2026-09-13T20:18:26.6645570Z ##[endgroup]
phase2-privacy	UNKNOWN STEP	2026-09-13T20:18:26.6773750Z [command]/opt/homebrew/bin/git log -1 --format=%H
phase2-privacy	UNKNOWN STEP	2026-09-13T20:18:26.6854830Z 069df06570f7bc65ccb646935fd637dcc83bbd9c
phase2-privacy	UNKNOWN STEP	2026-09-13T20:18:26.7209400Z Node 20 is being deprecated. This workflow is running with Node 24 by default. If you need to temporarily use Node 20, you can set the ACTIONS_ALLOW_USE_UNSECURE_NODE_VERSION=true environment variable. For more information see: https://github.blog/changelog/2025-09-19-deprecation-of-node-20-on-github-actions-runners/
phase2-privacy	UNKNOWN STEP	2026-09-13T20:18:26.7211550Z ##[group]Run actions/setup-node@49933ea5288caeca8642d1e84afbd3f7d6820020
phase2-privacy	UNKNOWN STEP	2026-09-13T20:18:26.7211980Z with:
phase2-privacy	UNKNOWN STEP	2026-09-13T20:18:26.7212240Z   node-version: 24.7.0
phase2-privacy	UNKNOWN STEP	2026-09-13T20:18:26.7212510Z   always-auth: false
phase2-privacy	UNKNOWN STEP	2026-09-13T20:18:26.7212780Z   check-latest: false
phase2-privacy	UNKNOWN STEP	2026-09-13T20:18:26.7215160Z   token: ***
phase2-privacy	UNKNOWN STEP	2026-09-13T20:18:26.7215410Z env:
phase2-privacy	UNKNOWN STEP	2026-09-13T20:18:26.7215670Z   KEEPLING_PHASE2_SEED: 20260901
phase2-privacy	UNKNOWN STEP	2026-09-13T20:18:26.7216090Z   KEEPLING_FLAKE_POLICY: no-retry; quarantine-requires-owner-issue-expiry
phase2-privacy	UNKNOWN STEP	2026-09-13T20:18:26.7216530Z ##[endgroup]
phase2-privacy	UNKNOWN STEP	2026-09-13T20:18:26.8790140Z Attempting to download 24.7.0...
phase2-privacy	UNKNOWN STEP	2026-09-13T20:18:26.8990810Z (node:4753) [DEP0040] DeprecationWarning: The `punycode` module is deprecated. Please use a userland alternative instead.
phase2-privacy	UNKNOWN STEP	2026-09-13T20:18:26.9031580Z (Use `node --trace-deprecation ...` to show where the warning was created)
phase2-privacy	UNKNOWN STEP	2026-09-13T20:18:27.8553650Z Acquiring 24.7.0 - arm64 from https://github.com/actions/node-versions/releases/download/24.7.0-17283839804/node-24.7.0-darwin-arm64.tar.gz
phase2-privacy	UNKNOWN STEP	2026-09-13T20:18:28.8019770Z Extracting ...
phase2-privacy	UNKNOWN STEP	2026-09-13T20:18:28.8134880Z [command]/usr/bin/tar xz --strip 1 -C /Users/runner/work/_temp/b2afe9e6-7223-4c9a-9f10-e74c203897c3 -f /Users/runner/work/_temp/8baf8181-16b7-4b61-bfcb-a4aeff868a8d
phase2-privacy	UNKNOWN STEP	2026-09-13T20:18:30.2600310Z Adding to the cache ...
phase2-privacy	UNKNOWN STEP	2026-09-13T20:18:33.4156900Z ##[group]Environment details
phase2-privacy	UNKNOWN STEP	2026-09-13T20:18:33.8818380Z node: v24.7.0
phase2-privacy	UNKNOWN STEP	2026-09-13T20:18:33.8848540Z npm: 11.5.1
phase2-privacy	UNKNOWN STEP	2026-09-13T20:18:33.8849560Z yarn: 1.22.22
phase2-privacy	UNKNOWN STEP	2026-09-13T20:18:33.8851110Z ##[endgroup]
phase2-privacy	UNKNOWN STEP	2026-09-13T20:18:34.3978810Z Node 20 is being deprecated. This workflow is running with Node 24 by default. If you need to temporarily use Node 20, you can set the ACTIONS_ALLOW_USE_UNSECURE_NODE_VERSION=true environment variable. For more information see: https://github.blog/changelog/2025-09-19-deprecation-of-node-20-on-github-actions-runners/
phase2-privacy	UNKNOWN STEP	2026-09-13T20:18:34.3980110Z ##[group]Run actions/cache@0400d5f644dc74513175e3cd8d07132dd4860809
phase2-privacy	UNKNOWN STEP	2026-09-13T20:18:34.3980630Z with:
phase2-privacy	UNKNOWN STEP	2026-09-13T20:18:34.3980890Z   path: ~/.asdf/installs
phase2-privacy	UNKNOWN STEP	apps/server/deps
phase2-privacy	UNKNOWN STEP	apps/server/_build
phase2-privacy	UNKNOWN STEP	node_modules
phase2-privacy	UNKNOWN STEP	
phase2-privacy	UNKNOWN STEP	2026-09-13T20:18:34.3981620Z   key: phase2-macOS-privacy-45b3b35ef45f5d65ae586b2b25dfb93049c099ec9870f23270bda4b35fe975d3
phase2-privacy	UNKNOWN STEP	2026-09-13T20:18:34.3982020Z   enableCrossOsArchive: false
phase2-privacy	UNKNOWN STEP	2026-09-13T20:18:34.3982370Z   fail-on-cache-miss: false
phase2-privacy	UNKNOWN STEP	2026-09-13T20:18:34.3982630Z   lookup-only: false
phase2-privacy	UNKNOWN STEP	2026-09-13T20:18:34.3982990Z   save-always: false
phase2-privacy	UNKNOWN STEP	2026-09-13T20:18:34.3983240Z env:
phase2-privacy	UNKNOWN STEP	2026-09-13T20:18:34.3983590Z   KEEPLING_PHASE2_SEED: 20260901
phase2-privacy	UNKNOWN STEP	2026-09-13T20:18:34.3984220Z   KEEPLING_FLAKE_POLICY: no-retry; quarantine-requires-owner-issue-expiry
phase2-privacy	UNKNOWN STEP	2026-09-13T20:18:34.3984740Z ##[endgroup]
phase2-privacy	UNKNOWN STEP	2026-09-13T20:18:34.5774580Z (node:4921) [DEP0040] DeprecationWarning: The `punycode` module is deprecated. Please use a userland alternative instead.
phase2-privacy	UNKNOWN STEP	2026-09-13T20:18:34.5777420Z (Use `node --trace-deprecation ...` to show where the warning was created)
phase2-privacy	UNKNOWN STEP	2026-09-13T20:18:34.6693830Z Cache hit for: phase2-macOS-privacy-45b3b35ef45f5d65ae586b2b25dfb93049c099ec9870f23270bda4b35fe975d3
phase2-privacy	UNKNOWN STEP	2026-09-13T20:18:34.6770030Z (node:4921) [DEP0169] DeprecationWarning: `url.parse()` behavior is not standardized and prone to errors that have security implications. Use the WHATWG URL API instead. CVEs are not issued for `url.parse()` vulnerabilities.
phase2-privacy	UNKNOWN STEP	2026-09-13T20:18:35.7510000Z Received 134217728 of 194499448 (69.0%), 122.7 MBs/sec
phase2-privacy	UNKNOWN STEP	2026-09-13T20:18:36.2572090Z Received 194499448 of 194499448 (100.0%), 119.7 MBs/sec
phase2-privacy	UNKNOWN STEP	2026-09-13T20:18:36.2674830Z Cache Size: ~185 MB (194499448 B)
phase2-privacy	UNKNOWN STEP	2026-09-13T20:18:36.2778150Z [command]/opt/homebrew/bin/gtar -xf /Users/runner/work/_temp/9f6ddaf1-2cf4-41f8-9c4c-a0eaa0a64923/cache.tzst -P -C /Users/runner/work/keepling/keepling --delay-directory-restore --use-compress-program unzstd
phase2-privacy	UNKNOWN STEP	2026-09-13T20:18:44.7401580Z Cache restored successfully
phase2-privacy	UNKNOWN STEP	2026-09-13T20:18:44.8010570Z Cache restored from key: phase2-macOS-privacy-45b3b35ef45f5d65ae586b2b25dfb93049c099ec9870f23270bda4b35fe975d3
phase2-privacy	UNKNOWN STEP	2026-09-13T20:18:44.8277710Z ##[group]Run brew list asdf >/dev/null 2>&1 || brew install asdf
phase2-privacy	UNKNOWN STEP	2026-09-13T20:18:44.8278490Z ^[[36;1mbrew list asdf >/dev/null 2>&1 || brew install asdf^[[0m
phase2-privacy	UNKNOWN STEP	2026-09-13T20:18:44.8279050Z ^[[36;1m./tooling/runtime-preflight.sh --provision^[[0m
phase2-privacy	UNKNOWN STEP	2026-09-13T20:18:44.8279530Z ^[[36;1mcorepack enable^[[0m
phase2-privacy	UNKNOWN STEP	2026-09-13T20:18:44.8279850Z ^[[36;1mpnpm install --frozen-lockfile^[[0m
phase2-privacy	UNKNOWN STEP	2026-09-13T20:18:44.8280400Z ^[[36;1m./tooling/runtime-preflight.sh --exec -- sh -c 'cd apps/server && mix deps.get --check-locked'^[[0m
phase2-privacy	UNKNOWN STEP	2026-09-13T20:18:44.8369470Z shell: /bin/bash -e {0}
phase2-privacy	UNKNOWN STEP	2026-09-13T20:18:44.8370970Z env:
phase2-privacy	UNKNOWN STEP	2026-09-13T20:18:44.8371580Z   KEEPLING_PHASE2_SEED: 20260901
phase2-privacy	UNKNOWN STEP	2026-09-13T20:18:44.8373190Z   KEEPLING_FLAKE_POLICY: no-retry; quarantine-requires-owner-issue-expiry
phase2-privacy	UNKNOWN STEP	2026-09-13T20:18:44.8373740Z ##[endgroup]
phase2-privacy	UNKNOWN STEP	2026-09-13T20:18:48.0668440Z ^[[32m==>^[[0m ^[[1mDownloading bottle manifests^[[0m
phase2-privacy	UNKNOWN STEP	2026-09-13T20:18:48.0848080Z ✔︎ Bottle Manifest asdf (0.20.0)
phase2-privacy	UNKNOWN STEP	2026-09-13T20:18:48.0849100Z ^[[34m==>^[[0m ^[[1mWould install 1 formula:^[[0m
phase2-privacy	UNKNOWN STEP	2026-09-13T20:18:48.0850050Z asdf
phase2-privacy	UNKNOWN STEP	2026-09-13T20:18:48.1343970Z ^[[32m==>^[[0m ^[[1mFetching downloads for: ^[[32masdf^[[39m^[[0m
phase2-privacy	UNKNOWN STEP	2026-09-13T20:18:48.4743980Z ✔︎ Bottle asdf (0.20.0)
phase2-privacy	UNKNOWN STEP	2026-09-13T20:18:48.4765120Z ^[[34m==>^[[0m ^[[1mPouring asdf--0.20.0.arm64_sequoia.bottle.tar.gz^[[0m
phase2-privacy	UNKNOWN STEP	2026-09-13T20:18:48.6166780Z 🍺  /opt/homebrew/Cellar/asdf/0.20.0: 10 files, 4.4MB
phase2-privacy	UNKNOWN STEP	2026-09-13T20:18:48.6172970Z ^[[32m==>^[[0m ^[[1mCaveats^[[0m
phase2-privacy	UNKNOWN STEP	2026-09-13T20:18:48.6174280Z Bash completion has been installed to:
phase2-privacy	UNKNOWN STEP	2026-09-13T20:18:48.6175490Z   /opt/homebrew/etc/bash_completion.d
phase2-privacy	UNKNOWN STEP	2026-09-13T20:18:51.7034620Z version 29.0.5 of erlang is already installed
phase2-privacy	UNKNOWN STEP	2026-09-13T20:18:51.7075670Z version 1.20.2-otp-29 of elixir is already installed
phase2-privacy	UNKNOWN STEP	2026-09-13T20:18:52.1448450Z ^[[32m==>^[[0m ^[[1mDownloading bottle manifests^[[0m
phase2-privacy	UNKNOWN STEP	2026-09-13T20:18:52.5784800Z ✔︎ Bottle Manifest postgresql@18 (18.6)
phase2-privacy	UNKNOWN STEP	2026-09-13T20:18:52.5785380Z ^[[34m==>^[[0m ^[[1mWould install 1 formula:^[[0m
phase2-privacy	UNKNOWN STEP	2026-09-13T20:18:52.5795140Z postgresql@18
phase2-privacy	UNKNOWN STEP	2026-09-13T20:18:52.6461130Z ^[[32m==>^[[0m ^[[1mFetching downloads for: ^[[32mpostgresql@18^[[39m^[[0m
phase2-privacy	UNKNOWN STEP	2026-09-13T20:18:54.0632030Z ✔︎ Bottle postgresql@18 (18.6)
phase2-privacy	UNKNOWN STEP	2026-09-13T20:18:54.1039910Z ^[[34m==>^[[0m ^[[1mPouring postgresql@18--18.6.arm64_sequoia.bottle.tar.gz^[[0m
phase2-privacy	UNKNOWN STEP	2026-09-13T20:18:56.6395840Z The files belonging to this database system will be owned by user "runner".
phase2-privacy	UNKNOWN STEP	2026-09-13T20:18:56.6421750Z This user must also own the server process.
phase2-privacy	UNKNOWN STEP	2026-09-13T20:18:56.6448400Z 
phase2-privacy	UNKNOWN STEP	2026-09-13T20:18:56.6454140Z The database cluster will be initialized with locale "en_US.UTF-8".
phase2-privacy	UNKNOWN STEP	2026-09-13T20:18:56.6460170Z The default text search configuration will be set to "english".
phase2-privacy	UNKNOWN STEP	2026-09-13T20:18:56.6460720Z 
phase2-privacy	UNKNOWN STEP	2026-09-13T20:18:56.6465270Z Data page checksums are enabled.
phase2-privacy	UNKNOWN STEP	2026-09-13T20:18:56.6465820Z 
phase2-privacy	UNKNOWN STEP	2026-09-13T20:18:56.6466280Z fixing permissions on existing directory /opt/homebrew/var/postgresql@18 ... ok
phase2-privacy	UNKNOWN STEP	2026-09-13T20:18:56.6475430Z creating subdirectories ... ok
phase2-privacy	UNKNOWN STEP	2026-09-13T20:18:56.6475900Z selecting dynamic shared memory implementation ... posix
phase2-privacy	UNKNOWN STEP	2026-09-13T20:18:56.6806370Z selecting default "max_connections" ... 100
phase2-privacy	UNKNOWN STEP	2026-09-13T20:18:56.6988400Z selecting default "shared_buffers" ... 128MB
phase2-privacy	UNKNOWN STEP	2026-09-13T20:18:56.7010910Z selecting default time zone ... UTC
phase2-privacy	UNKNOWN STEP	2026-09-13T20:18:56.7023180Z creating configuration files ... ok
phase2-privacy	UNKNOWN STEP	2026-09-13T20:18:56.8327830Z running bootstrap script ... ok
phase2-privacy	UNKNOWN STEP	2026-09-13T20:18:57.2331790Z performing post-bootstrap initialization ... ok
phase2-privacy	UNKNOWN STEP	2026-09-13T20:18:57.2436570Z syncing data to disk ... ok
phase2-privacy	UNKNOWN STEP	2026-09-13T20:18:57.2437030Z 
phase2-privacy	UNKNOWN STEP	2026-09-13T20:18:57.2437290Z 
phase2-privacy	UNKNOWN STEP	2026-09-13T20:18:57.2437990Z Success. You can now start the database server using:
phase2-privacy	UNKNOWN STEP	2026-09-13T20:18:57.2438300Z 
phase2-privacy	UNKNOWN STEP	2026-09-13T20:18:57.2438850Z     '/opt/homebrew/Cellar/postgresql@18/18.6/bin/pg_ctl' -D '/opt/homebrew/var/postgresql@18' -l logfile start
phase2-privacy	UNKNOWN STEP	2026-09-13T20:18:57.2439340Z 
phase2-privacy	UNKNOWN STEP	2026-09-13T20:18:57.2439690Z initdb: warning: enabling "trust" authentication for local connections
phase2-privacy	UNKNOWN STEP	2026-09-13T20:18:57.2441660Z initdb: hint: You can change this by editing pg_hba.conf or using the option -A, or --auth-local and --auth-host, the next time you run initdb.
phase2-privacy	UNKNOWN STEP	2026-09-13T20:18:57.9662840Z 🍺  /opt/homebrew/Cellar/postgresql@18/18.6: 3,873 files, 77.7MB
phase2-privacy	UNKNOWN STEP	2026-09-13T20:18:57.9666760Z ^[[32m==>^[[0m ^[[1mCaveats^[[0m
phase2-privacy	UNKNOWN STEP	2026-09-13T20:18:57.9667170Z ^[[34m==>^[[0m ^[[1mpostgresql@18^[[0m
phase2-privacy	UNKNOWN STEP	2026-09-13T20:18:57.9667620Z This formula has created a default database cluster with:
phase2-privacy	UNKNOWN STEP	2026-09-13T20:18:57.9668200Z   initdb --locale=en_US.UTF-8 -E UTF-8 /opt/homebrew/var/postgresql@18
phase2-privacy	UNKNOWN STEP	2026-09-13T20:18:57.9668530Z 
phase2-privacy	UNKNOWN STEP	2026-09-13T20:18:57.9668870Z When uninstalling, some dead symlinks are left behind so you may want to run:
phase2-privacy	UNKNOWN STEP	2026-09-13T20:18:57.9669400Z   brew cleanup --prune-prefix
phase2-privacy	UNKNOWN STEP	2026-09-13T20:18:57.9669660Z 
phase2-privacy	UNKNOWN STEP	2026-09-13T20:18:57.9670020Z To start postgresql@18 now and restart at login:
phase2-privacy	UNKNOWN STEP	2026-09-13T20:18:57.9670470Z   brew services start postgresql@18
phase2-privacy	UNKNOWN STEP	2026-09-13T20:18:57.9671050Z Or, if you don't want/need a background service you can just run:
phase2-privacy	UNKNOWN STEP	2026-09-13T20:18:57.9671670Z   LC_ALL="en_US.UTF-8" /opt/homebrew/opt/postgresql@18/bin/postgres -D /opt/homebrew/var/postgresql@18
phase2-privacy	UNKNOWN STEP	2026-09-13T20:18:58.9052530Z Runtime preflight passed: Elixir 1.20.2, OTP 29.0.5, PostgreSQL 18.6
phase2-privacy	UNKNOWN STEP	2026-09-13T20:18:59.2954450Z ! Corepack is about to download https://registry.npmjs.org/pnpm/-/pnpm-10.33.0.tgz
phase2-privacy	UNKNOWN STEP	2026-09-13T20:19:00.1482680Z Scope: all 4 workspace projects
phase2-privacy	UNKNOWN STEP	2026-09-13T20:19:00.1986750Z Lockfile is up to date, resolution step is skipped
phase2-privacy	UNKNOWN STEP	2026-09-13T20:19:00.9733570Z Progress: resolved 0, reused 0, downloaded 1, added 0
phase2-privacy	UNKNOWN STEP	2026-09-13T20:19:01.5211550Z Packages: +2 -45
phase2-privacy	UNKNOWN STEP	2026-09-13T20:19:01.5312960Z ++---------------------------------------------
phase2-privacy	UNKNOWN STEP	2026-09-13T20:19:01.9638510Z Progress: resolved 0, reused 0, downloaded 17, added 0
phase2-privacy	UNKNOWN STEP	2026-09-13T20:19:02.8028760Z Progress: resolved 0, reused 0, downloaded 46, added 2, done
phase2-privacy	UNKNOWN STEP	2026-09-13T20:19:02.9571290Z 
phase2-privacy	UNKNOWN STEP	2026-09-13T20:19:03.0098240Z Done in 3.1s using pnpm v10.33.0
phase2-privacy	UNKNOWN STEP	2026-09-13T20:19:03.4351450Z Runtime preflight passed: Elixir 1.20.2, OTP 29.0.5, PostgreSQL 18.6
phase2-privacy	UNKNOWN STEP	2026-09-13T20:19:04.3982180Z * creating /Users/runner/.mix/archives/hex-2.5.1
phase2-privacy	UNKNOWN STEP	2026-09-13T20:19:05.0969180Z Resolving Hex dependencies...
phase2-privacy	UNKNOWN STEP	2026-09-13T20:19:05.2056720Z Resolution completed in 0.096s
phase2-privacy	UNKNOWN STEP	2026-09-13T20:19:05.2190850Z Unchanged:
phase2-privacy	UNKNOWN STEP	2026-09-13T20:19:05.2191260Z   argon2_elixir 4.1.3
phase2-privacy	UNKNOWN STEP	2026-09-13T20:19:05.2200260Z   bandit 1.12.5
phase2-privacy	UNKNOWN STEP	2026-09-13T20:19:05.2200590Z   certifi 2.17.0
phase2-privacy	UNKNOWN STEP	2026-09-13T20:19:05.2200970Z   comeonin 5.5.1
phase2-privacy	UNKNOWN STEP	2026-09-13T20:19:05.2201330Z   db_connection 2.10.2
phase2-privacy	UNKNOWN STEP	2026-09-13T20:19:05.2201640Z   decimal 3.1.1
phase2-privacy	UNKNOWN STEP	2026-09-13T20:19:05.2202090Z   dns_cluster 0.2.0
phase2-privacy	UNKNOWN STEP	2026-09-13T20:19:05.2202360Z   ecto 3.14.2
phase2-privacy	UNKNOWN STEP	2026-09-13T20:19:05.2202670Z   ecto_sql 3.14.0
phase2-privacy	UNKNOWN STEP	2026-09-13T20:19:05.2202980Z   elixir_make 0.10.0
phase2-privacy	UNKNOWN STEP	2026-09-13T20:19:05.2203970Z   expo 1.1.1
phase2-privacy	UNKNOWN STEP	2026-09-13T20:19:05.2204290Z   gettext 1.0.2
phase2-privacy	UNKNOWN STEP	2026-09-13T20:19:05.2204600Z   h2 0.12.0
phase2-privacy	UNKNOWN STEP	2026-09-13T20:19:05.2204840Z   hackney 4.7.4
phase2-privacy	UNKNOWN STEP	2026-09-13T20:19:05.2205120Z   hammer 7.4.1
phase2-privacy	UNKNOWN STEP	2026-09-13T20:19:05.2205410Z   hex_core 0.15.0
phase2-privacy	UNKNOWN STEP	2026-09-13T20:19:05.2205640Z   hpax 1.0.4
phase2-privacy	UNKNOWN STEP	2026-09-13T20:19:05.2205940Z   idna 7.1.0
phase2-privacy	UNKNOWN STEP	2026-09-13T20:19:05.2207300Z   jason 1.4.5
phase2-privacy	UNKNOWN STEP	2026-09-13T20:19:05.2207580Z   mime 2.0.7
phase2-privacy	UNKNOWN STEP	2026-09-13T20:19:05.2207890Z   mimerl 1.5.0
phase2-privacy	UNKNOWN STEP	2026-09-13T20:19:05.2208230Z   optimus 0.6.1
phase2-privacy	UNKNOWN STEP	2026-09-13T20:19:05.2208470Z   parse_trans 3.4.2
phase2-privacy	UNKNOWN STEP	2026-09-13T20:19:05.2208800Z   phoenix 1.8.13
phase2-privacy	UNKNOWN STEP	2026-09-13T20:19:05.2209120Z   phoenix_ecto 4.7.0
phase2-privacy	UNKNOWN STEP	2026-09-13T20:19:05.2209480Z   phoenix_pubsub 2.3.0
phase2-privacy	UNKNOWN STEP	2026-09-13T20:19:05.2209740Z   phoenix_template 1.0.4
phase2-privacy	UNKNOWN STEP	2026-09-13T20:19:05.2210120Z   plug 1.20.3
phase2-privacy	UNKNOWN STEP	2026-09-13T20:19:05.2210350Z   plug_crypto 2.2.0
phase2-privacy	UNKNOWN STEP	2026-09-13T20:19:05.2210830Z   postgrex 0.22.4
phase2-privacy	UNKNOWN STEP	2026-09-13T20:19:05.2211230Z   protobuf 0.16.1
phase2-privacy	UNKNOWN STEP	2026-09-13T20:19:05.2211700Z   purl 0.3.0
phase2-privacy	UNKNOWN STEP	2026-09-13T20:19:05.2212140Z   quic 1.8.2
phase2-privacy	UNKNOWN STEP	2026-09-13T20:19:05.2212490Z   sbom 0.10.0
phase2-privacy	UNKNOWN STEP	2026-09-13T20:19:05.2212910Z   ssl_verify_fun 1.1.7
phase2-privacy	UNKNOWN STEP	2026-09-13T20:19:05.2213300Z   stream_data 1.4.0
phase2-privacy	UNKNOWN STEP	2026-09-13T20:19:05.2213640Z   telemetry 1.4.2
phase2-privacy	UNKNOWN STEP	2026-09-13T20:19:05.2214040Z   telemetry_metrics 1.2.0
phase2-privacy	UNKNOWN STEP	2026-09-13T20:19:05.2214520Z   telemetry_poller 1.3.0
phase2-privacy	UNKNOWN STEP	2026-09-13T20:19:05.2214850Z   thousand_island 1.5.0
phase2-privacy	UNKNOWN STEP	2026-09-13T20:19:05.2220140Z   tzdata 1.1.5
phase2-privacy	UNKNOWN STEP	2026-09-13T20:19:05.2220670Z   websock 0.5.3
phase2-privacy	UNKNOWN STEP	2026-09-13T20:19:05.2220930Z   websock_adapter 0.6.0
phase2-privacy	UNKNOWN STEP	2026-09-13T20:19:05.2221250Z   webtransport 0.4.5
phase2-privacy	UNKNOWN STEP	2026-09-13T20:19:06.0732440Z * creating /Users/runner/.mix/elixir/1-20-otp-29/rebar3
phase2-privacy	UNKNOWN STEP	2026-09-13T20:19:06.1347180Z All dependencies have been fetched
phase2-privacy	UNKNOWN STEP	2026-09-13T20:19:06.1648310Z ##[group]Run set -o pipefail
phase2-privacy	UNKNOWN STEP	2026-09-13T20:19:06.1649020Z ^[[36;1mset -o pipefail^[[0m
phase2-privacy	UNKNOWN STEP	2026-09-13T20:19:06.1649910Z ^[[36;1m./tooling/test-phase-2.sh --lane "privacy" | tee "$RUNNER_TEMP/privacy.txt"^[[0m
phase2-privacy	UNKNOWN STEP	2026-09-13T20:19:06.1650880Z ^[[36;1m./tooling/verify-privacy.sh "$RUNNER_TEMP/privacy.txt"^[[0m
phase2-privacy	UNKNOWN STEP	2026-09-13T20:19:06.1699590Z shell: /bin/bash -e {0}
phase2-privacy	UNKNOWN STEP	2026-09-13T20:19:06.1699910Z env:
phase2-privacy	UNKNOWN STEP	2026-09-13T20:19:06.1700290Z   KEEPLING_PHASE2_SEED: 20260901
phase2-privacy	UNKNOWN STEP	2026-09-13T20:19:06.1700830Z   KEEPLING_FLAKE_POLICY: no-retry; quarantine-requires-owner-issue-expiry
phase2-privacy	UNKNOWN STEP	2026-09-13T20:19:06.1701310Z ##[endgroup]
phase2-privacy	UNKNOWN STEP	2026-09-13T20:19:09.2078640Z Runtime preflight passed: Elixir 1.20.2, OTP 29.0.5, PostgreSQL 18.6
phase2-privacy	UNKNOWN STEP	2026-09-13T20:19:09.4392440Z lane=privacy status=RUNNING command=mix test telemetry_redaction_test.exs ops_redaction_test.exs && verify-privacy.sh --self-test cases=17 seed=20260901 inputs_sha256=c6edd21e23c46a55d10b4ef943b72e5aea08d99b5e79ddde03b4e4ec6720fa97
phase2-privacy	UNKNOWN STEP	2026-09-13T20:19:11.9097290Z lane=privacy status=PASS command=mix test telemetry_redaction_test.exs ops_redaction_test.exs && verify-privacy.sh --self-test cases=17 seed=20260901 elapsed_ms=2471 inputs_sha256=c6edd21e23c46a55d10b4ef943b72e5aea08d99b5e79ddde03b4e4ec6720fa97
phase2-privacy	UNKNOWN STEP	2026-09-13T20:19:12.8510050Z Privacy verification passed: artifacts=1 sentinels=7
phase2-privacy	UNKNOWN STEP	2026-09-13T20:19:12.8603350Z Node 20 is being deprecated. This workflow is running with Node 24 by default. If you need to temporarily use Node 20, you can set the ACTIONS_ALLOW_USE_UNSECURE_NODE_VERSION=true environment variable. For more information see: https://github.blog/changelog/2025-09-19-deprecation-of-node-20-on-github-actions-runners/
phase2-privacy	UNKNOWN STEP	2026-09-13T20:19:12.8604480Z ##[group]Run actions/upload-artifact@ea165f8d65b6e75b540449e92b4886f43607fa02
phase2-privacy	UNKNOWN STEP	2026-09-13T20:19:12.8604840Z with:
phase2-privacy	UNKNOWN STEP	2026-09-13T20:19:12.8605040Z   name: phase2-privacy-timing
phase2-privacy	UNKNOWN STEP	2026-09-13T20:19:12.8605360Z   path: /Users/runner/work/_temp/privacy.txt
phase2-privacy	UNKNOWN STEP	2026-09-13T20:19:12.8605660Z   if-no-files-found: error
phase2-privacy	UNKNOWN STEP	2026-09-13T20:19:12.8605950Z   retention-days: 14
phase2-privacy	UNKNOWN STEP	2026-09-13T20:19:12.8606190Z   compression-level: 6
phase2-privacy	UNKNOWN STEP	2026-09-13T20:19:12.8606460Z   overwrite: false
phase2-privacy	UNKNOWN STEP	2026-09-13T20:19:12.8606760Z   include-hidden-files: false
phase2-privacy	UNKNOWN STEP	2026-09-13T20:19:12.8606980Z env:
phase2-privacy	UNKNOWN STEP	2026-09-13T20:19:12.8607250Z   KEEPLING_PHASE2_SEED: 20260901
phase2-privacy	UNKNOWN STEP	2026-09-13T20:19:12.8607690Z   KEEPLING_FLAKE_POLICY: no-retry; quarantine-requires-owner-issue-expiry
phase2-privacy	UNKNOWN STEP	2026-09-13T20:19:12.8608120Z ##[endgroup]
phase2-privacy	UNKNOWN STEP	2026-09-13T20:19:13.0164610Z (node:6722) [DEP0040] DeprecationWarning: The `punycode` module is deprecated. Please use a userland alternative instead.
phase2-privacy	UNKNOWN STEP	2026-09-13T20:19:13.0165440Z (Use `node --trace-deprecation ...` to show where the warning was created)
phase2-privacy	UNKNOWN STEP	2026-09-13T20:19:13.0186790Z With the provided path, there will be 1 file uploaded
phase2-privacy	UNKNOWN STEP	2026-09-13T20:19:13.0189080Z Artifact name is valid!
phase2-privacy	UNKNOWN STEP	2026-09-13T20:19:13.0189460Z Root directory input is valid!
phase2-privacy	UNKNOWN STEP	2026-09-13T20:19:13.2255760Z Beginning upload of artifact content to blob storage
phase2-privacy	UNKNOWN STEP	2026-09-13T20:19:13.2278000Z (node:6722) [DEP0169] DeprecationWarning: `url.parse()` behavior is not standardized and prone to errors that have security implications. Use the WHATWG URL API instead. CVEs are not issued for `url.parse()` vulnerabilities.
phase2-privacy	UNKNOWN STEP	2026-09-13T20:19:13.2469650Z Uploaded bytes 389
phase2-privacy	UNKNOWN STEP	2026-09-13T20:19:13.2586430Z Finished uploading artifact content to blob storage!
phase2-privacy	UNKNOWN STEP	2026-09-13T20:19:13.2587280Z SHA256 digest of uploaded artifact zip is b5444ad78a7a9a01c46a65f135dd1d2a636a8a47fadf84a796ae4caa496dd903
phase2-privacy	UNKNOWN STEP	2026-09-13T20:19:13.2587840Z Finalizing artifact upload
phase2-privacy	UNKNOWN STEP	2026-09-13T20:19:13.4569640Z Artifact phase2-privacy-timing.zip successfully finalized. Artifact ID 10324622443
phase2-privacy	UNKNOWN STEP	2026-09-13T20:19:13.4570890Z Artifact phase2-privacy-timing has been successfully uploaded! Final size is 389 bytes. Artifact ID is 10324622443
phase2-privacy	UNKNOWN STEP	2026-09-13T20:19:13.4572400Z Artifact download URL: https://github.com/szTheory/keepling/actions/runs/34780345148/artifacts/10324622443
phase2-privacy	UNKNOWN STEP	2026-09-13T20:19:13.5525940Z Node 20 is being deprecated. This workflow is running with Node 24 by default. If you need to temporarily use Node 20, you can set the ACTIONS_ALLOW_USE_UNSECURE_NODE_VERSION=true environment variable. For more information see: https://github.blog/changelog/2025-09-19-deprecation-of-node-20-on-github-actions-runners/
phase2-privacy	UNKNOWN STEP	2026-09-13T20:19:13.5526920Z Post job cleanup.
phase2-privacy	UNKNOWN STEP	2026-09-13T20:19:13.6521090Z Cache hit occurred on the primary key phase2-macOS-privacy-45b3b35ef45f5d65ae586b2b25dfb93049c099ec9870f23270bda4b35fe975d3, not saving cache.
phase2-privacy	UNKNOWN STEP	2026-09-13T20:19:13.6522510Z (node:6727) [DEP0040] DeprecationWarning: The `punycode` module is deprecated. Please use a userland alternative instead.
phase2-privacy	UNKNOWN STEP	2026-09-13T20:19:13.6523350Z (Use `node --trace-deprecation ...` to show where the warning was created)
phase2-privacy	UNKNOWN STEP	2026-09-13T20:19:13.6610120Z Node 20 is being deprecated. This workflow is running with Node 24 by default. If you need to temporarily use Node 20, you can set the ACTIONS_ALLOW_USE_UNSECURE_NODE_VERSION=true environment variable. For more information see: https://github.blog/changelog/2025-09-19-deprecation-of-node-20-on-github-actions-runners/
phase2-privacy	UNKNOWN STEP	2026-09-13T20:19:13.6611050Z Post job cleanup.
phase2-privacy	UNKNOWN STEP	2026-09-13T20:19:13.7643270Z (node:6728) [DEP0040] DeprecationWarning: The `punycode` module is deprecated. Please use a userland alternative instead.
phase2-privacy	UNKNOWN STEP	2026-09-13T20:19:13.7644050Z (Use `node --trace-deprecation ...` to show where the warning was created)
phase2-privacy	UNKNOWN STEP	2026-09-13T20:19:13.7733970Z Node 20 is being deprecated. This workflow is running with Node 24 by default. If you need to temporarily use Node 20, you can set the ACTIONS_ALLOW_USE_UNSECURE_NODE_VERSION=true environment variable. For more information see: https://github.blog/changelog/2025-09-19-deprecation-of-node-20-on-github-actions-runners/
phase2-privacy	UNKNOWN STEP	2026-09-13T20:19:13.7734910Z Post job cleanup.
phase2-privacy	UNKNOWN STEP	2026-09-13T20:19:13.8537280Z [command]/opt/homebrew/bin/git version
phase2-privacy	UNKNOWN STEP	2026-09-13T20:19:13.8594080Z git version 2.55.0
phase2-privacy	UNKNOWN STEP	2026-09-13T20:19:13.8612260Z Copying '/Users/runner/.gitconfig' to '/Users/runner/work/_temp/238ee012-bcba-4689-95be-1104407bee94/.gitconfig'
phase2-privacy	UNKNOWN STEP	2026-09-13T20:19:13.8619050Z Temporarily overriding HOME='/Users/runner/work/_temp/238ee012-bcba-4689-95be-1104407bee94' before making global git config changes
phase2-privacy	UNKNOWN STEP	2026-09-13T20:19:13.8619950Z Adding repository directory to the temporary git global config as a safe directory
phase2-privacy	UNKNOWN STEP	2026-09-13T20:19:13.8623030Z [command]/opt/homebrew/bin/git config --global --add safe.directory /Users/runner/work/keepling/keepling
phase2-privacy	UNKNOWN STEP	2026-09-13T20:19:13.8688310Z [command]/opt/homebrew/bin/git config --local --name-only --get-regexp core\.sshCommand
phase2-privacy	UNKNOWN STEP	2026-09-13T20:19:13.8748500Z [command]/opt/homebrew/bin/git submodule foreach --recursive sh -c "git config --local --name-only --get-regexp 'core\.sshCommand' && git config --local --unset-all 'core.sshCommand' || :"
phase2-privacy	UNKNOWN STEP	2026-09-13T20:19:13.9414470Z [command]/opt/homebrew/bin/git config --local --name-only --get-regexp http\.https\:\/\/github\.com\/\.extraheader
phase2-privacy	UNKNOWN STEP	2026-09-13T20:19:13.9459170Z http.https://github.com/.extraheader
phase2-privacy	UNKNOWN STEP	2026-09-13T20:19:13.9465320Z [command]/opt/homebrew/bin/git config --local --unset-all http.https://github.com/.extraheader
phase2-privacy	UNKNOWN STEP	2026-09-13T20:19:13.9523060Z [command]/opt/homebrew/bin/git submodule foreach --recursive sh -c "git config --local --name-only --get-regexp 'http\.https\:\/\/github\.com\/\.extraheader' && git config --local --unset-all 'http.https://github.com/.extraheader' || :"
phase2-privacy	UNKNOWN STEP	2026-09-13T20:19:14.0139230Z [command]/opt/homebrew/bin/git config --local --name-only --get-regexp ^includeIf\.gitdir:
phase2-privacy	UNKNOWN STEP	2026-09-13T20:19:14.0189440Z [command]/opt/homebrew/bin/git submodule foreach --recursive git config --local --show-origin --name-only --get-regexp remote.origin.url
phase2-privacy	UNKNOWN STEP	2026-09-13T20:19:14.1278280Z Cleaning up orphan processes
phase2-privacy	UNKNOWN STEP	2026-09-13T20:19:14.9634830Z ##[warning]Node.js 20 is deprecated. The following actions target Node.js 20 but are being forced to run on Node.js 24: actions/cache@0400d5f644dc74513175e3cd8d07132dd4860809, actions/checkout@34e114876b0b11c390a56381ad16ebd13914f8d5, actions/setup-node@49933ea5288caeca8642d1e84afbd3f7d6820020, actions/upload-artifact@ea165f8d65b6e75b540449e92b4886f43607fa02. For more information see: https://github.blog/changelog/2025-09-19-deprecation-of-node-20-on-github-actions-runners/
repository-integrity	UNKNOWN STEP	﻿2026-09-13T20:19:20.0004733Z Current runner version: '2.337.0'
repository-integrity	UNKNOWN STEP	2026-09-13T20:19:20.0029578Z ##[group]Runner Image Provisioner
repository-integrity	UNKNOWN STEP	2026-09-13T20:19:20.0030471Z Hosted Compute Agent
repository-integrity	UNKNOWN STEP	2026-09-13T20:19:20.0031405Z Version: 20260828.587
repository-integrity	UNKNOWN STEP	2026-09-13T20:19:20.0032126Z Commit: abac92662cab4cc7352de4f9f9d2e2419aad9c29
repository-integrity	UNKNOWN STEP	2026-09-13T20:19:20.0032867Z Build Date: 2026-08-28T16:44:25Z
repository-integrity	UNKNOWN STEP	2026-09-13T20:19:20.0033670Z Worker ID: {626fd528-21c1-49ed-9e77-c9fb4661e244}
repository-integrity	UNKNOWN STEP	2026-09-13T20:19:20.0034396Z Azure Region: westus
repository-integrity	UNKNOWN STEP	2026-09-13T20:19:20.0035000Z ##[endgroup]
repository-integrity	UNKNOWN STEP	2026-09-13T20:19:20.0036650Z ##[group]Operating System
repository-integrity	UNKNOWN STEP	2026-09-13T20:19:20.0037360Z Ubuntu
repository-integrity	UNKNOWN STEP	2026-09-13T20:19:20.0038002Z 24.04.5
repository-integrity	UNKNOWN STEP	2026-09-13T20:19:20.0038507Z LTS
repository-integrity	UNKNOWN STEP	2026-09-13T20:19:20.0039071Z ##[endgroup]
repository-integrity	UNKNOWN STEP	2026-09-13T20:19:20.0039647Z ##[group]Runner Image
repository-integrity	UNKNOWN STEP	2026-09-13T20:19:20.0040278Z Image: ubuntu-24.04
repository-integrity	UNKNOWN STEP	2026-09-13T20:19:20.0041117Z Version: 20260907.300.1
repository-integrity	UNKNOWN STEP	2026-09-13T20:19:20.0042429Z Included Software: https://github.com/actions/runner-images/blob/ubuntu24/20260907.300/images/ubuntu/Ubuntu2404-Readme.md
repository-integrity	UNKNOWN STEP	2026-09-13T20:19:20.0044127Z Image Release: https://github.com/actions/runner-images/releases/tag/ubuntu24%2F20260907.300
repository-integrity	UNKNOWN STEP	2026-09-13T20:19:20.0045121Z ##[endgroup]
repository-integrity	UNKNOWN STEP	2026-09-13T20:19:20.0046717Z ##[group]GITHUB_TOKEN Permissions
repository-integrity	UNKNOWN STEP	2026-09-13T20:19:20.0048859Z Contents: read
repository-integrity	UNKNOWN STEP	2026-09-13T20:19:20.0049574Z Metadata: read
repository-integrity	UNKNOWN STEP	2026-09-13T20:19:20.0050170Z ##[endgroup]
repository-integrity	UNKNOWN STEP	2026-09-13T20:19:20.0052606Z Secret source: Actions
repository-integrity	UNKNOWN STEP	2026-09-13T20:19:20.0053693Z Cache mode: write
repository-integrity	UNKNOWN STEP	2026-09-13T20:19:20.0054426Z Prepare workflow directory
repository-integrity	UNKNOWN STEP	2026-09-13T20:19:20.0494739Z Prepare all required actions
repository-integrity	UNKNOWN STEP	2026-09-13T20:19:20.0544821Z Getting action download info
repository-integrity	UNKNOWN STEP	2026-09-13T20:19:20.4122293Z Download action repository 'actions/checkout@34e114876b0b11c390a56381ad16ebd13914f8d5' (SHA:34e114876b0b11c390a56381ad16ebd13914f8d5)
repository-integrity	UNKNOWN STEP	2026-09-13T20:19:20.5272478Z Download action repository 'actions/upload-artifact@ea165f8d65b6e75b540449e92b4886f43607fa02' (SHA:ea165f8d65b6e75b540449e92b4886f43607fa02)
repository-integrity	UNKNOWN STEP	2026-09-13T20:19:20.7296345Z Complete job name: repository-integrity
repository-integrity	UNKNOWN STEP	2026-09-13T20:19:20.8047032Z Node 20 is being deprecated. This workflow is running with Node 24 by default. If you need to temporarily use Node 20, you can set the ACTIONS_ALLOW_USE_UNSECURE_NODE_VERSION=true environment variable. For more information see: https://github.blog/changelog/2025-09-19-deprecation-of-node-20-on-github-actions-runners/
repository-integrity	UNKNOWN STEP	2026-09-13T20:19:20.8056242Z ##[group]Run actions/checkout@34e114876b0b11c390a56381ad16ebd13914f8d5
repository-integrity	UNKNOWN STEP	2026-09-13T20:19:20.8057195Z with:
repository-integrity	UNKNOWN STEP	2026-09-13T20:19:20.8057649Z   repository: szTheory/keepling
repository-integrity	UNKNOWN STEP	2026-09-13T20:19:20.8061627Z   token: ***
repository-integrity	UNKNOWN STEP	2026-09-13T20:19:20.8062076Z   ssh-strict: true
repository-integrity	UNKNOWN STEP	2026-09-13T20:19:20.8062520Z   ssh-user: git
repository-integrity	UNKNOWN STEP	2026-09-13T20:19:20.8062979Z   persist-credentials: true
repository-integrity	UNKNOWN STEP	2026-09-13T20:19:20.8063480Z   clean: true
repository-integrity	UNKNOWN STEP	2026-09-13T20:19:20.8064004Z   sparse-checkout-cone-mode: true
repository-integrity	UNKNOWN STEP	2026-09-13T20:19:20.8064544Z   fetch-depth: 1
repository-integrity	UNKNOWN STEP	2026-09-13T20:19:20.8064982Z   fetch-tags: false
repository-integrity	UNKNOWN STEP	2026-09-13T20:19:20.8065442Z   show-progress: true
repository-integrity	UNKNOWN STEP	2026-09-13T20:19:20.8065936Z   lfs: false
repository-integrity	UNKNOWN STEP	2026-09-13T20:19:20.8066365Z   submodules: false
repository-integrity	UNKNOWN STEP	2026-09-13T20:19:20.8066823Z   set-safe-directory: true
repository-integrity	UNKNOWN STEP	2026-09-13T20:19:20.8067564Z env:
repository-integrity	UNKNOWN STEP	2026-09-13T20:19:20.8068062Z   KEEPLING_PHASE2_SEED: 20260901
repository-integrity	UNKNOWN STEP	2026-09-13T20:19:20.8068824Z   KEEPLING_FLAKE_POLICY: no-retry; quarantine-requires-owner-issue-expiry
repository-integrity	UNKNOWN STEP	2026-09-13T20:19:20.8069571Z ##[endgroup]
repository-integrity	UNKNOWN STEP	2026-09-13T20:19:20.9041191Z Syncing repository: szTheory/keepling
repository-integrity	UNKNOWN STEP	2026-09-13T20:19:20.9043002Z ##[group]Getting Git version info
repository-integrity	UNKNOWN STEP	2026-09-13T20:19:20.9043751Z Working directory is '/home/runner/work/keepling/keepling'
repository-integrity	UNKNOWN STEP	2026-09-13T20:19:20.9044815Z [command]/usr/bin/git version
repository-integrity	UNKNOWN STEP	2026-09-13T20:19:20.9117253Z git version 2.55.0
repository-integrity	UNKNOWN STEP	2026-09-13T20:19:20.9137852Z ##[endgroup]
repository-integrity	UNKNOWN STEP	2026-09-13T20:19:20.9151754Z Temporarily overriding HOME='/home/runner/work/_temp/2d62eb1e-1e15-44c9-a0e5-a5bb5feccb90' before making global git config changes
repository-integrity	UNKNOWN STEP	2026-09-13T20:19:20.9153777Z Adding repository directory to the temporary git global config as a safe directory
repository-integrity	UNKNOWN STEP	2026-09-13T20:19:20.9156381Z [command]/usr/bin/git config --global --add safe.directory /home/runner/work/keepling/keepling
repository-integrity	UNKNOWN STEP	2026-09-13T20:19:20.9205632Z Deleting the contents of '/home/runner/work/keepling/keepling'
repository-integrity	UNKNOWN STEP	2026-09-13T20:19:20.9209512Z ##[group]Initializing the repository
repository-integrity	UNKNOWN STEP	2026-09-13T20:19:20.9215160Z [command]/usr/bin/git init /home/runner/work/keepling/keepling
repository-integrity	UNKNOWN STEP	2026-09-13T20:19:20.9318736Z hint: Using 'master' as the name for the initial branch. This default branch name
repository-integrity	UNKNOWN STEP	2026-09-13T20:19:20.9320067Z hint: will change to "main" in Git 3.0. To configure the initial branch name
repository-integrity	UNKNOWN STEP	2026-09-13T20:19:20.9321763Z hint: to use in all of your new repositories, which will suppress this warning,
repository-integrity	UNKNOWN STEP	2026-09-13T20:19:20.9322749Z hint: call:
repository-integrity	UNKNOWN STEP	2026-09-13T20:19:20.9323497Z hint:
repository-integrity	UNKNOWN STEP	2026-09-13T20:19:20.9324441Z hint: 	git config --global init.defaultBranch <name>
repository-integrity	UNKNOWN STEP	2026-09-13T20:19:20.9325619Z hint:
repository-integrity	UNKNOWN STEP	2026-09-13T20:19:20.9326744Z hint: Names commonly chosen instead of 'master' are 'main', 'trunk' and
repository-integrity	UNKNOWN STEP	2026-09-13T20:19:20.9328580Z hint: 'development'. The just-created branch can be renamed via this command:
repository-integrity	UNKNOWN STEP	2026-09-13T20:19:20.9329995Z hint:
repository-integrity	UNKNOWN STEP	2026-09-13T20:19:20.9330733Z hint: 	git branch -m <name>
repository-integrity	UNKNOWN STEP	2026-09-13T20:19:20.9331941Z hint:
repository-integrity	UNKNOWN STEP	2026-09-13T20:19:20.9333159Z hint: Disable this message with "git config set advice.defaultBranchName false"
repository-integrity	UNKNOWN STEP	2026-09-13T20:19:20.9335152Z Initialized empty Git repository in /home/runner/work/keepling/keepling/.git/
repository-integrity	UNKNOWN STEP	2026-09-13T20:19:20.9337951Z [command]/usr/bin/git remote add origin https://github.com/szTheory/keepling
repository-integrity	UNKNOWN STEP	2026-09-13T20:19:20.9380074Z ##[endgroup]
repository-integrity	UNKNOWN STEP	2026-09-13T20:19:20.9382014Z ##[group]Disabling automatic garbage collection
repository-integrity	UNKNOWN STEP	2026-09-13T20:19:20.9383907Z [command]/usr/bin/git config --local gc.auto 0
repository-integrity	UNKNOWN STEP	2026-09-13T20:19:20.9412916Z ##[endgroup]
repository-integrity	UNKNOWN STEP	2026-09-13T20:19:20.9413681Z ##[group]Setting up auth
repository-integrity	UNKNOWN STEP	2026-09-13T20:19:20.9418883Z [command]/usr/bin/git config --local --name-only --get-regexp core\.sshCommand
repository-integrity	UNKNOWN STEP	2026-09-13T20:19:20.9450176Z [command]/usr/bin/git submodule foreach --recursive sh -c "git config --local --name-only --get-regexp 'core\.sshCommand' && git config --local --unset-all 'core.sshCommand' || :"
repository-integrity	UNKNOWN STEP	2026-09-13T20:19:20.9807153Z [command]/usr/bin/git config --local --name-only --get-regexp http\.https\:\/\/github\.com\/\.extraheader
repository-integrity	UNKNOWN STEP	2026-09-13T20:19:20.9838287Z [command]/usr/bin/git submodule foreach --recursive sh -c "git config --local --name-only --get-regexp 'http\.https\:\/\/github\.com\/\.extraheader' && git config --local --unset-all 'http.https://github.com/.extraheader' || :"
repository-integrity	UNKNOWN STEP	2026-09-13T20:19:21.0057728Z [command]/usr/bin/git config --local --name-only --get-regexp ^includeIf\.gitdir:
repository-integrity	UNKNOWN STEP	2026-09-13T20:19:21.0087527Z [command]/usr/bin/git submodule foreach --recursive git config --local --show-origin --name-only --get-regexp remote.origin.url
repository-integrity	UNKNOWN STEP	2026-09-13T20:19:21.0306594Z [command]/usr/bin/git config --local http.https://github.com/.extraheader AUTHORIZATION: basic ***
repository-integrity	UNKNOWN STEP	2026-09-13T20:19:21.0341508Z ##[endgroup]
repository-integrity	UNKNOWN STEP	2026-09-13T20:19:21.0342378Z ##[group]Fetching the repository
repository-integrity	UNKNOWN STEP	2026-09-13T20:19:21.0350332Z [command]/usr/bin/git -c protocol.version=2 fetch --no-tags --prune --no-recurse-submodules --depth=1 origin +069df06570f7bc65ccb646935fd637dcc83bbd9c:refs/remotes/origin/main
repository-integrity	UNKNOWN STEP	2026-09-13T20:19:22.3042881Z From https://github.com/szTheory/keepling
repository-integrity	UNKNOWN STEP	2026-09-13T20:19:22.3044940Z  * [new ref]         069df06570f7bc65ccb646935fd637dcc83bbd9c -> origin/main
repository-integrity	UNKNOWN STEP	2026-09-13T20:19:22.3047763Z ##[endgroup]
repository-integrity	UNKNOWN STEP	2026-09-13T20:19:22.3048950Z ##[group]Determining the checkout info
repository-integrity	UNKNOWN STEP	2026-09-13T20:19:22.3050281Z ##[endgroup]
repository-integrity	UNKNOWN STEP	2026-09-13T20:19:22.3053319Z [command]/usr/bin/git sparse-checkout disable
repository-integrity	UNKNOWN STEP	2026-09-13T20:19:22.3098960Z [command]/usr/bin/git config --local --unset-all extensions.worktreeConfig
repository-integrity	UNKNOWN STEP	2026-09-13T20:19:22.3126630Z ##[group]Checking out the ref
repository-integrity	UNKNOWN STEP	2026-09-13T20:19:22.3137971Z [command]/usr/bin/git checkout --progress --force -B main refs/remotes/origin/main
repository-integrity	UNKNOWN STEP	2026-09-13T20:19:22.4515496Z Switched to a new branch 'main'
repository-integrity	UNKNOWN STEP	2026-09-13T20:19:22.4519210Z branch 'main' set up to track 'origin/main'.
repository-integrity	UNKNOWN STEP	2026-09-13T20:19:22.4533950Z ##[endgroup]
repository-integrity	UNKNOWN STEP	2026-09-13T20:19:22.4576904Z [command]/usr/bin/git log -1 --format=%H
repository-integrity	UNKNOWN STEP	2026-09-13T20:19:22.4601211Z 069df06570f7bc65ccb646935fd637dcc83bbd9c
repository-integrity	UNKNOWN STEP	2026-09-13T20:19:22.4914315Z ##[group]Run set -o pipefail
repository-integrity	UNKNOWN STEP	2026-09-13T20:19:22.4915735Z ^[[36;1mset -o pipefail^[[0m
repository-integrity	UNKNOWN STEP	2026-09-13T20:19:22.4918034Z ^[[36;1m./tooling/test-phase-2.sh --lane repository-integrity | tee "$RUNNER_TEMP/repository-integrity.txt"^[[0m
repository-integrity	UNKNOWN STEP	2026-09-13T20:19:22.4921272Z ^[[36;1m./tooling/verify-privacy.sh "$RUNNER_TEMP/repository-integrity.txt"^[[0m
repository-integrity	UNKNOWN STEP	2026-09-13T20:19:22.4962531Z shell: /usr/bin/bash -e {0}
repository-integrity	UNKNOWN STEP	2026-09-13T20:19:22.4963777Z env:
repository-integrity	UNKNOWN STEP	2026-09-13T20:19:22.4964769Z   KEEPLING_PHASE2_SEED: 20260901
repository-integrity	UNKNOWN STEP	2026-09-13T20:19:22.4966563Z   KEEPLING_FLAKE_POLICY: no-retry; quarantine-requires-owner-issue-expiry
repository-integrity	UNKNOWN STEP	2026-09-13T20:19:22.4968505Z ##[endgroup]
repository-integrity	UNKNOWN STEP	2026-09-13T20:19:22.7205663Z lane=repository-integrity status=RUNNING command=./tooling/check-repository-integrity.sh cases=3 seed=none inputs_sha256=39f25664f283d163c68ea163c3b95726abf70ab4d1de85ad6edd7099c632cbb1
repository-integrity	UNKNOWN STEP	2026-09-13T20:19:22.9460154Z lane=repository-integrity status=PASS command=./tooling/check-repository-integrity.sh cases=3 seed=none elapsed_ms=228 inputs_sha256=39f25664f283d163c68ea163c3b95726abf70ab4d1de85ad6edd7099c632cbb1
repository-integrity	UNKNOWN STEP	2026-09-13T20:19:22.9607911Z Privacy verification passed: artifacts=1 sentinels=7
repository-integrity	UNKNOWN STEP	2026-09-13T20:19:22.9716011Z Node 20 is being deprecated. This workflow is running with Node 24 by default. If you need to temporarily use Node 20, you can set the ACTIONS_ALLOW_USE_UNSECURE_NODE_VERSION=true environment variable. For more information see: https://github.blog/changelog/2025-09-19-deprecation-of-node-20-on-github-actions-runners/
repository-integrity	UNKNOWN STEP	2026-09-13T20:19:22.9717896Z ##[group]Run actions/upload-artifact@ea165f8d65b6e75b540449e92b4886f43607fa02
repository-integrity	UNKNOWN STEP	2026-09-13T20:19:22.9718345Z with:
repository-integrity	UNKNOWN STEP	2026-09-13T20:19:22.9718635Z   name: repository-integrity-timing
repository-integrity	UNKNOWN STEP	2026-09-13T20:19:22.9719053Z   path: /home/runner/work/_temp/repository-integrity.txt
repository-integrity	UNKNOWN STEP	2026-09-13T20:19:22.9719450Z   if-no-files-found: error
repository-integrity	UNKNOWN STEP	2026-09-13T20:19:22.9719743Z   retention-days: 14
repository-integrity	UNKNOWN STEP	2026-09-13T20:19:22.9720053Z   compression-level: 6
repository-integrity	UNKNOWN STEP	2026-09-13T20:19:22.9720327Z   overwrite: false
repository-integrity	UNKNOWN STEP	2026-09-13T20:19:22.9720602Z   include-hidden-files: false
repository-integrity	UNKNOWN STEP	2026-09-13T20:19:22.9721271Z env:
repository-integrity	UNKNOWN STEP	2026-09-13T20:19:22.9721545Z   KEEPLING_PHASE2_SEED: 20260901
repository-integrity	UNKNOWN STEP	2026-09-13T20:19:22.9722023Z   KEEPLING_FLAKE_POLICY: no-retry; quarantine-requires-owner-issue-expiry
repository-integrity	UNKNOWN STEP	2026-09-13T20:19:22.9722493Z ##[endgroup]
repository-integrity	UNKNOWN STEP	2026-09-13T20:19:23.1416645Z (node:2372) [DEP0040] DeprecationWarning: The `punycode` module is deprecated. Please use a userland alternative instead.
repository-integrity	UNKNOWN STEP	2026-09-13T20:19:23.1417632Z (Use `node --trace-deprecation ...` to show where the warning was created)
repository-integrity	UNKNOWN STEP	2026-09-13T20:19:23.1463298Z With the provided path, there will be 1 file uploaded
repository-integrity	UNKNOWN STEP	2026-09-13T20:19:23.1468239Z Artifact name is valid!
repository-integrity	UNKNOWN STEP	2026-09-13T20:19:23.1469264Z Root directory input is valid!
repository-integrity	UNKNOWN STEP	2026-09-13T20:19:23.5569935Z Beginning upload of artifact content to blob storage
repository-integrity	UNKNOWN STEP	2026-09-13T20:19:23.5736784Z (node:2372) [DEP0169] DeprecationWarning: `url.parse()` behavior is not standardized and prone to errors that have security implications. Use the WHATWG URL API instead. CVEs are not issued for `url.parse()` vulnerabilities.
repository-integrity	UNKNOWN STEP	2026-09-13T20:19:23.8636859Z Uploaded bytes 335
repository-integrity	UNKNOWN STEP	2026-09-13T20:19:23.9426780Z Finished uploading artifact content to blob storage!
repository-integrity	UNKNOWN STEP	2026-09-13T20:19:23.9428751Z SHA256 digest of uploaded artifact zip is e0655191f07b0f717f3bf6d90d8c8b6c885ef9d11adf52141aa1a06ed0161e2e
repository-integrity	UNKNOWN STEP	2026-09-13T20:19:23.9430408Z Finalizing artifact upload
repository-integrity	UNKNOWN STEP	2026-09-13T20:19:24.1798793Z Artifact repository-integrity-timing.zip successfully finalized. Artifact ID 10325600119
repository-integrity	UNKNOWN STEP	2026-09-13T20:19:24.1800521Z Artifact repository-integrity-timing has been successfully uploaded! Final size is 335 bytes. Artifact ID is 10325600119
repository-integrity	UNKNOWN STEP	2026-09-13T20:19:24.1806488Z Artifact download URL: https://github.com/szTheory/keepling/actions/runs/34780345148/artifacts/10325600119
repository-integrity	UNKNOWN STEP	2026-09-13T20:19:24.2023296Z Node 20 is being deprecated. This workflow is running with Node 24 by default. If you need to temporarily use Node 20, you can set the ACTIONS_ALLOW_USE_UNSECURE_NODE_VERSION=true environment variable. For more information see: https://github.blog/changelog/2025-09-19-deprecation-of-node-20-on-github-actions-runners/
repository-integrity	UNKNOWN STEP	2026-09-13T20:19:24.2024783Z Post job cleanup.
repository-integrity	UNKNOWN STEP	2026-09-13T20:19:24.2889795Z [command]/usr/bin/git version
repository-integrity	UNKNOWN STEP	2026-09-13T20:19:24.2927860Z git version 2.55.0
repository-integrity	UNKNOWN STEP	2026-09-13T20:19:24.2967843Z Temporarily overriding HOME='/home/runner/work/_temp/3ee64087-2687-4345-869b-54a0e6b76cd9' before making global git config changes
repository-integrity	UNKNOWN STEP	2026-09-13T20:19:24.2969383Z Adding repository directory to the temporary git global config as a safe directory
repository-integrity	UNKNOWN STEP	2026-09-13T20:19:24.2973922Z [command]/usr/bin/git config --global --add safe.directory /home/runner/work/keepling/keepling
repository-integrity	UNKNOWN STEP	2026-09-13T20:19:24.3010435Z [command]/usr/bin/git config --local --name-only --get-regexp core\.sshCommand
repository-integrity	UNKNOWN STEP	2026-09-13T20:19:24.3044457Z [command]/usr/bin/git submodule foreach --recursive sh -c "git config --local --name-only --get-regexp 'core\.sshCommand' && git config --local --unset-all 'core.sshCommand' || :"
repository-integrity	UNKNOWN STEP	2026-09-13T20:19:24.3267097Z [command]/usr/bin/git config --local --name-only --get-regexp http\.https\:\/\/github\.com\/\.extraheader
repository-integrity	UNKNOWN STEP	2026-09-13T20:19:24.3292812Z http.https://github.com/.extraheader
repository-integrity	UNKNOWN STEP	2026-09-13T20:19:24.3306036Z [command]/usr/bin/git config --local --unset-all http.https://github.com/.extraheader
repository-integrity	UNKNOWN STEP	2026-09-13T20:19:24.3337688Z [command]/usr/bin/git submodule foreach --recursive sh -c "git config --local --name-only --get-regexp 'http\.https\:\/\/github\.com\/\.extraheader' && git config --local --unset-all 'http.https://github.com/.extraheader' || :"
repository-integrity	UNKNOWN STEP	2026-09-13T20:19:24.3566965Z [command]/usr/bin/git config --local --name-only --get-regexp ^includeIf\.gitdir:
repository-integrity	UNKNOWN STEP	2026-09-13T20:19:24.3597552Z [command]/usr/bin/git submodule foreach --recursive git config --local --show-origin --name-only --get-regexp remote.origin.url
repository-integrity	UNKNOWN STEP	2026-09-13T20:19:24.3974832Z Cleaning up orphan processes
repository-integrity	UNKNOWN STEP	2026-09-13T20:19:24.4270455Z ##[warning]Node.js 20 is deprecated. The following actions target Node.js 20 but are being forced to run on Node.js 24: actions/checkout@34e114876b0b11c390a56381ad16ebd13914f8d5, actions/upload-artifact@ea165f8d65b6e75b540449e92b4886f43607fa02. For more information see: https://github.blog/changelog/2025-09-19-deprecation-of-node-20-on-github-actions-runners/
phase2-contracts-compatibility	UNKNOWN STEP	﻿2026-09-13T20:18:21.5222660Z Current runner version: '2.337.0'
phase2-contracts-compatibility	UNKNOWN STEP	2026-09-13T20:18:21.5236550Z ##[group]Runner Image Provisioner
phase2-contracts-compatibility	UNKNOWN STEP	2026-09-13T20:18:21.5237070Z Hosted Compute Agent
phase2-contracts-compatibility	UNKNOWN STEP	2026-09-13T20:18:21.5237450Z Version: 20260828.587
phase2-contracts-compatibility	UNKNOWN STEP	2026-09-13T20:18:21.5237870Z Commit: abac92662cab4cc7352de4f9f9d2e2419aad9c29
phase2-contracts-compatibility	UNKNOWN STEP	2026-09-13T20:18:21.5238350Z Build Date: 2026-08-28T16:44:25Z
phase2-contracts-compatibility	UNKNOWN STEP	2026-09-13T20:18:21.5238790Z Worker ID: {e1288085-865f-444e-ad66-9a1da1f8fa54}
phase2-contracts-compatibility	UNKNOWN STEP	2026-09-13T20:18:21.5239230Z Azure Region: westus
phase2-contracts-compatibility	UNKNOWN STEP	2026-09-13T20:18:21.5239590Z ##[endgroup]
phase2-contracts-compatibility	UNKNOWN STEP	2026-09-13T20:18:21.5240400Z ##[group]Operating System
phase2-contracts-compatibility	UNKNOWN STEP	2026-09-13T20:18:21.5240770Z macOS
phase2-contracts-compatibility	UNKNOWN STEP	2026-09-13T20:18:21.5241090Z 15.7.9
phase2-contracts-compatibility	UNKNOWN STEP	2026-09-13T20:18:21.5241410Z 24G830
phase2-contracts-compatibility	UNKNOWN STEP	2026-09-13T20:18:21.5241740Z ##[endgroup]
phase2-contracts-compatibility	UNKNOWN STEP	2026-09-13T20:18:21.5242090Z ##[group]Runner Image
phase2-contracts-compatibility	UNKNOWN STEP	2026-09-13T20:18:21.5242480Z Image: macos-15-arm64
phase2-contracts-compatibility	UNKNOWN STEP	2026-09-13T20:18:21.5242850Z Version: 20260907.0337.1
phase2-contracts-compatibility	UNKNOWN STEP	2026-09-13T20:18:21.5243660Z Included Software: https://github.com/actions/runner-images/blob/macos-15-arm64/20260907.0337/images/macos/macos-15-arm64-Readme.md
phase2-contracts-compatibility	UNKNOWN STEP	2026-09-13T20:18:21.5244690Z Image Release: https://github.com/actions/runner-images/releases/tag/macos-15-arm64%2F20260907.0337
phase2-contracts-compatibility	UNKNOWN STEP	2026-09-13T20:18:21.5245350Z ##[endgroup]
phase2-contracts-compatibility	UNKNOWN STEP	2026-09-13T20:18:21.5246060Z ##[group]GITHUB_TOKEN Permissions
phase2-contracts-compatibility	UNKNOWN STEP	2026-09-13T20:18:21.5247020Z Contents: read
phase2-contracts-compatibility	UNKNOWN STEP	2026-09-13T20:18:21.5247380Z Metadata: read
phase2-contracts-compatibility	UNKNOWN STEP	2026-09-13T20:18:21.5247730Z ##[endgroup]
phase2-contracts-compatibility	UNKNOWN STEP	2026-09-13T20:18:21.5248970Z Secret source: Actions
phase2-contracts-compatibility	UNKNOWN STEP	2026-09-13T20:18:21.5249530Z Cache mode: write
phase2-contracts-compatibility	UNKNOWN STEP	2026-09-13T20:18:21.5249950Z Prepare workflow directory
phase2-contracts-compatibility	UNKNOWN STEP	2026-09-13T20:18:21.5494730Z Prepare all required actions
phase2-contracts-compatibility	UNKNOWN STEP	2026-09-13T20:18:21.5527650Z Getting action download info
phase2-contracts-compatibility	UNKNOWN STEP	2026-09-13T20:18:21.6928460Z Download action repository 'actions/checkout@34e114876b0b11c390a56381ad16ebd13914f8d5' (SHA:34e114876b0b11c390a56381ad16ebd13914f8d5)
phase2-contracts-compatibility	UNKNOWN STEP	2026-09-13T20:18:22.0869390Z Download action repository 'actions/setup-node@49933ea5288caeca8642d1e84afbd3f7d6820020' (SHA:49933ea5288caeca8642d1e84afbd3f7d6820020)
phase2-contracts-compatibility	UNKNOWN STEP	2026-09-13T20:18:22.1911460Z Download action repository 'actions/cache@0400d5f644dc74513175e3cd8d07132dd4860809' (SHA:0400d5f644dc74513175e3cd8d07132dd4860809)
phase2-contracts-compatibility	UNKNOWN STEP	2026-09-13T20:18:22.2896350Z Download action repository 'actions/upload-artifact@ea165f8d65b6e75b540449e92b4886f43607fa02' (SHA:ea165f8d65b6e75b540449e92b4886f43607fa02)
phase2-contracts-compatibility	UNKNOWN STEP	2026-09-13T20:18:22.5038030Z Complete job name: phase2-contracts-compatibility
phase2-contracts-compatibility	UNKNOWN STEP	2026-09-13T20:18:22.5428360Z Node 20 is being deprecated. This workflow is running with Node 24 by default. If you need to temporarily use Node 20, you can set the ACTIONS_ALLOW_USE_UNSECURE_NODE_VERSION=true environment variable. For more information see: https://github.blog/changelog/2025-09-19-deprecation-of-node-20-on-github-actions-runners/
phase2-contracts-compatibility	UNKNOWN STEP	2026-09-13T20:18:22.5434380Z ##[group]Run actions/checkout@34e114876b0b11c390a56381ad16ebd13914f8d5
phase2-contracts-compatibility	UNKNOWN STEP	2026-09-13T20:18:22.5435000Z with:
phase2-contracts-compatibility	UNKNOWN STEP	2026-09-13T20:18:22.5435330Z   repository: szTheory/keepling
phase2-contracts-compatibility	UNKNOWN STEP	2026-09-13T20:18:22.5437970Z   token: ***
phase2-contracts-compatibility	UNKNOWN STEP	2026-09-13T20:18:22.5438300Z   ssh-strict: true
phase2-contracts-compatibility	UNKNOWN STEP	2026-09-13T20:18:22.5438640Z   ssh-user: git
phase2-contracts-compatibility	UNKNOWN STEP	2026-09-13T20:18:22.5439690Z   persist-credentials: true
phase2-contracts-compatibility	UNKNOWN STEP	2026-09-13T20:18:22.5440170Z   clean: true
phase2-contracts-compatibility	UNKNOWN STEP	2026-09-13T20:18:22.5440520Z   sparse-checkout-cone-mode: true
phase2-contracts-compatibility	UNKNOWN STEP	2026-09-13T20:18:22.5440910Z   fetch-depth: 1
phase2-contracts-compatibility	UNKNOWN STEP	2026-09-13T20:18:22.5441240Z   fetch-tags: false
phase2-contracts-compatibility	UNKNOWN STEP	2026-09-13T20:18:22.5441580Z   show-progress: true
phase2-contracts-compatibility	UNKNOWN STEP	2026-09-13T20:18:22.5441960Z   lfs: false
phase2-contracts-compatibility	UNKNOWN STEP	2026-09-13T20:18:22.5442280Z   submodules: false
phase2-contracts-compatibility	UNKNOWN STEP	2026-09-13T20:18:22.5442620Z   set-safe-directory: true
phase2-contracts-compatibility	UNKNOWN STEP	2026-09-13T20:18:22.5443240Z env:
phase2-contracts-compatibility	UNKNOWN STEP	2026-09-13T20:18:22.5443570Z   KEEPLING_PHASE2_SEED: 20260901
phase2-contracts-compatibility	UNKNOWN STEP	2026-09-13T20:18:22.5444110Z   KEEPLING_FLAKE_POLICY: no-retry; quarantine-requires-owner-issue-expiry
phase2-contracts-compatibility	UNKNOWN STEP	2026-09-13T20:18:22.5444660Z ##[endgroup]
phase2-contracts-compatibility	UNKNOWN STEP	2026-09-13T20:18:22.7291940Z Syncing repository: szTheory/keepling
phase2-contracts-compatibility	UNKNOWN STEP	2026-09-13T20:18:22.7293420Z ##[group]Getting Git version info
phase2-contracts-compatibility	UNKNOWN STEP	2026-09-13T20:18:22.7294060Z Working directory is '/Users/runner/work/keepling/keepling'
phase2-contracts-compatibility	UNKNOWN STEP	2026-09-13T20:18:22.7294920Z [command]/opt/homebrew/bin/git version
phase2-contracts-compatibility	UNKNOWN STEP	2026-09-13T20:18:22.7731250Z git version 2.55.0
phase2-contracts-compatibility	UNKNOWN STEP	2026-09-13T20:18:22.7742220Z ##[endgroup]
phase2-contracts-compatibility	UNKNOWN STEP	2026-09-13T20:18:22.7747510Z Copying '/Users/runner/.gitconfig' to '/Users/runner/work/_temp/533ed0d5-4289-46de-b7ef-241e39271507/.gitconfig'
phase2-contracts-compatibility	UNKNOWN STEP	2026-09-13T20:18:22.7753480Z Temporarily overriding HOME='/Users/runner/work/_temp/533ed0d5-4289-46de-b7ef-241e39271507' before making global git config changes
phase2-contracts-compatibility	UNKNOWN STEP	2026-09-13T20:18:22.7754600Z Adding repository directory to the temporary git global config as a safe directory
phase2-contracts-compatibility	UNKNOWN STEP	2026-09-13T20:18:22.7757030Z [command]/opt/homebrew/bin/git config --global --add safe.directory /Users/runner/work/keepling/keepling
phase2-contracts-compatibility	UNKNOWN STEP	2026-09-13T20:18:22.7849540Z Deleting the contents of '/Users/runner/work/keepling/keepling'
phase2-contracts-compatibility	UNKNOWN STEP	2026-09-13T20:18:22.7851690Z ##[group]Initializing the repository
phase2-contracts-compatibility	UNKNOWN STEP	2026-09-13T20:18:22.7855510Z [command]/opt/homebrew/bin/git init /Users/runner/work/keepling/keepling
phase2-contracts-compatibility	UNKNOWN STEP	2026-09-13T20:18:22.8036180Z hint: Using 'master' as the name for the initial branch. This default branch name
phase2-contracts-compatibility	UNKNOWN STEP	2026-09-13T20:18:22.8037300Z hint: will change to "main" in Git 3.0. To configure the initial branch name
phase2-contracts-compatibility	UNKNOWN STEP	2026-09-13T20:18:22.8038220Z hint: to use in all of your new repositories, which will suppress this warning,
phase2-contracts-compatibility	UNKNOWN STEP	2026-09-13T20:18:22.8039000Z hint: call:
phase2-contracts-compatibility	UNKNOWN STEP	2026-09-13T20:18:22.8039380Z hint:
phase2-contracts-compatibility	UNKNOWN STEP	2026-09-13T20:18:22.8039820Z hint: 	git config --global init.defaultBranch <name>
phase2-contracts-compatibility	UNKNOWN STEP	2026-09-13T20:18:22.8040330Z hint:
phase2-contracts-compatibility	UNKNOWN STEP	2026-09-13T20:18:22.8040840Z hint: Names commonly chosen instead of 'master' are 'main', 'trunk' and
phase2-contracts-compatibility	UNKNOWN STEP	2026-09-13T20:18:22.8041610Z hint: 'development'. The just-created branch can be renamed via this command:
phase2-contracts-compatibility	UNKNOWN STEP	2026-09-13T20:18:22.8042220Z hint:
phase2-contracts-compatibility	UNKNOWN STEP	2026-09-13T20:18:22.8042580Z hint: 	git branch -m <name>
phase2-contracts-compatibility	UNKNOWN STEP	2026-09-13T20:18:22.8042990Z hint:
phase2-contracts-compatibility	UNKNOWN STEP	2026-09-13T20:18:22.8043510Z hint: Disable this message with "git config set advice.defaultBranchName false"
phase2-contracts-compatibility	UNKNOWN STEP	2026-09-13T20:18:22.8044320Z Initialized empty Git repository in /Users/runner/work/keepling/keepling/.git/
phase2-contracts-compatibility	UNKNOWN STEP	2026-09-13T20:18:22.8048700Z [command]/opt/homebrew/bin/git remote add origin https://github.com/szTheory/keepling
phase2-contracts-compatibility	UNKNOWN STEP	2026-09-13T20:18:22.8105490Z ##[endgroup]
phase2-contracts-compatibility	UNKNOWN STEP	2026-09-13T20:18:22.8106180Z ##[group]Disabling automatic garbage collection
phase2-contracts-compatibility	UNKNOWN STEP	2026-09-13T20:18:22.8107630Z [command]/opt/homebrew/bin/git config --local gc.auto 0
phase2-contracts-compatibility	UNKNOWN STEP	2026-09-13T20:18:22.8154230Z ##[endgroup]
phase2-contracts-compatibility	UNKNOWN STEP	2026-09-13T20:18:22.8154940Z ##[group]Setting up auth
phase2-contracts-compatibility	UNKNOWN STEP	2026-09-13T20:18:22.8158850Z [command]/opt/homebrew/bin/git config --local --name-only --get-regexp core\.sshCommand
phase2-contracts-compatibility	UNKNOWN STEP	2026-09-13T20:18:22.8213110Z [command]/opt/homebrew/bin/git submodule foreach --recursive sh -c "git config --local --name-only --get-regexp 'core\.sshCommand' && git config --local --unset-all 'core.sshCommand' || :"
phase2-contracts-compatibility	UNKNOWN STEP	2026-09-13T20:18:22.9219050Z [command]/opt/homebrew/bin/git config --local --name-only --get-regexp http\.https\:\/\/github\.com\/\.extraheader
phase2-contracts-compatibility	UNKNOWN STEP	2026-09-13T20:18:22.9262650Z [command]/opt/homebrew/bin/git submodule foreach --recursive sh -c "git config --local --name-only --get-regexp 'http\.https\:\/\/github\.com\/\.extraheader' && git config --local --unset-all 'http.https://github.com/.extraheader' || :"
phase2-contracts-compatibility	UNKNOWN STEP	2026-09-13T20:18:22.9888500Z [command]/opt/homebrew/bin/git config --local --name-only --get-regexp ^includeIf\.gitdir:
phase2-contracts-compatibility	UNKNOWN STEP	2026-09-13T20:18:22.9936910Z [command]/opt/homebrew/bin/git submodule foreach --recursive git config --local --show-origin --name-only --get-regexp remote.origin.url
phase2-contracts-compatibility	UNKNOWN STEP	2026-09-13T20:18:23.0868900Z [command]/opt/homebrew/bin/git config --local http.https://github.com/.extraheader AUTHORIZATION: basic ***
phase2-contracts-compatibility	UNKNOWN STEP	2026-09-13T20:18:23.0871720Z ##[endgroup]
phase2-contracts-compatibility	UNKNOWN STEP	2026-09-13T20:18:23.0872670Z ##[group]Fetching the repository
phase2-contracts-compatibility	UNKNOWN STEP	2026-09-13T20:18:23.0874800Z [command]/opt/homebrew/bin/git -c protocol.version=2 fetch --no-tags --prune --no-recurse-submodules --depth=1 origin +069df06570f7bc65ccb646935fd637dcc83bbd9c:refs/remotes/origin/main
phase2-contracts-compatibility	UNKNOWN STEP	2026-09-13T20:18:24.5685790Z From https://github.com/szTheory/keepling
phase2-contracts-compatibility	UNKNOWN STEP	2026-09-13T20:18:24.5686300Z  * [new ref]         069df06570f7bc65ccb646935fd637dcc83bbd9c -> origin/main
phase2-contracts-compatibility	UNKNOWN STEP	2026-09-13T20:18:24.5688040Z ##[endgroup]
phase2-contracts-compatibility	UNKNOWN STEP	2026-09-13T20:18:24.5688460Z ##[group]Determining the checkout info
phase2-contracts-compatibility	UNKNOWN STEP	2026-09-13T20:18:24.5689320Z ##[endgroup]
phase2-contracts-compatibility	UNKNOWN STEP	2026-09-13T20:18:24.5693330Z [command]/opt/homebrew/bin/git sparse-checkout disable
phase2-contracts-compatibility	UNKNOWN STEP	2026-09-13T20:18:24.5759150Z [command]/opt/homebrew/bin/git config --local --unset-all extensions.worktreeConfig
phase2-contracts-compatibility	UNKNOWN STEP	2026-09-13T20:18:24.5811220Z ##[group]Checking out the ref
phase2-contracts-compatibility	UNKNOWN STEP	2026-09-13T20:18:24.5814040Z [command]/opt/homebrew/bin/git checkout --progress --force -B main refs/remotes/origin/main
phase2-contracts-compatibility	UNKNOWN STEP	2026-09-13T20:18:24.8413000Z Switched to a new branch 'main'
phase2-contracts-compatibility	UNKNOWN STEP	2026-09-13T20:18:24.8415350Z branch 'main' set up to track 'origin/main'.
phase2-contracts-compatibility	UNKNOWN STEP	2026-09-13T20:18:24.8422350Z ##[endgroup]
phase2-contracts-compatibility	UNKNOWN STEP	2026-09-13T20:18:24.8495560Z [command]/opt/homebrew/bin/git log -1 --format=%H
phase2-contracts-compatibility	UNKNOWN STEP	2026-09-13T20:18:24.8545340Z 069df06570f7bc65ccb646935fd637dcc83bbd9c
phase2-contracts-compatibility	UNKNOWN STEP	2026-09-13T20:18:24.8731720Z Node 20 is being deprecated. This workflow is running with Node 24 by default. If you need to temporarily use Node 20, you can set the ACTIONS_ALLOW_USE_UNSECURE_NODE_VERSION=true environment variable. For more information see: https://github.blog/changelog/2025-09-19-deprecation-of-node-20-on-github-actions-runners/
phase2-contracts-compatibility	UNKNOWN STEP	2026-09-13T20:18:24.8733220Z ##[group]Run actions/setup-node@49933ea5288caeca8642d1e84afbd3f7d6820020
phase2-contracts-compatibility	UNKNOWN STEP	2026-09-13T20:18:24.8733560Z with:
phase2-contracts-compatibility	UNKNOWN STEP	2026-09-13T20:18:24.8733740Z   node-version: 24.7.0
phase2-contracts-compatibility	UNKNOWN STEP	2026-09-13T20:18:24.8733940Z   always-auth: false
phase2-contracts-compatibility	UNKNOWN STEP	2026-09-13T20:18:24.8734140Z   check-latest: false
phase2-contracts-compatibility	UNKNOWN STEP	2026-09-13T20:18:24.8736070Z   token: ***
phase2-contracts-compatibility	UNKNOWN STEP	2026-09-13T20:18:24.8736250Z env:
phase2-contracts-compatibility	UNKNOWN STEP	2026-09-13T20:18:24.8736440Z   KEEPLING_PHASE2_SEED: 20260901
phase2-contracts-compatibility	UNKNOWN STEP	2026-09-13T20:18:24.8736770Z   KEEPLING_FLAKE_POLICY: no-retry; quarantine-requires-owner-issue-expiry
phase2-contracts-compatibility	UNKNOWN STEP	2026-09-13T20:18:24.8737110Z ##[endgroup]
phase2-contracts-compatibility	UNKNOWN STEP	2026-09-13T20:18:24.9983580Z Attempting to download 24.7.0...
phase2-contracts-compatibility	UNKNOWN STEP	2026-09-13T20:18:25.0082180Z (node:5877) [DEP0040] DeprecationWarning: The `punycode` module is deprecated. Please use a userland alternative instead.
phase2-contracts-compatibility	UNKNOWN STEP	2026-09-13T20:18:25.0083590Z (Use `node --trace-deprecation ...` to show where the warning was created)
phase2-contracts-compatibility	UNKNOWN STEP	2026-09-13T20:18:26.0231730Z Acquiring 24.7.0 - arm64 from https://github.com/actions/node-versions/releases/download/24.7.0-17283839804/node-24.7.0-darwin-arm64.tar.gz
phase2-contracts-compatibility	UNKNOWN STEP	2026-09-13T20:18:26.8284780Z Extracting ...
phase2-contracts-compatibility	UNKNOWN STEP	2026-09-13T20:18:26.8380100Z [command]/usr/bin/tar xz --strip 1 -C /Users/runner/work/_temp/3e7318a5-de8e-48ef-9818-3f0ae00e694f -f /Users/runner/work/_temp/be00264f-0866-4327-9177-7ce5cdc7391f
phase2-contracts-compatibility	UNKNOWN STEP	2026-09-13T20:18:28.2278660Z Adding to the cache ...
phase2-contracts-compatibility	UNKNOWN STEP	2026-09-13T20:18:30.1971410Z ##[group]Environment details
phase2-contracts-compatibility	UNKNOWN STEP	2026-09-13T20:18:30.4309020Z node: v24.7.0
phase2-contracts-compatibility	UNKNOWN STEP	2026-09-13T20:18:30.4309260Z npm: 11.5.1
phase2-contracts-compatibility	UNKNOWN STEP	2026-09-13T20:18:30.4309500Z yarn: 1.22.22
phase2-contracts-compatibility	UNKNOWN STEP	2026-09-13T20:18:30.4309950Z ##[endgroup]
phase2-contracts-compatibility	UNKNOWN STEP	2026-09-13T20:18:30.5627660Z Node 20 is being deprecated. This workflow is running with Node 24 by default. If you need to temporarily use Node 20, you can set the ACTIONS_ALLOW_USE_UNSECURE_NODE_VERSION=true environment variable. For more information see: https://github.blog/changelog/2025-09-19-deprecation-of-node-20-on-github-actions-runners/
phase2-contracts-compatibility	UNKNOWN STEP	2026-09-13T20:18:30.5628700Z ##[group]Run actions/cache@0400d5f644dc74513175e3cd8d07132dd4860809
phase2-contracts-compatibility	UNKNOWN STEP	2026-09-13T20:18:30.5628950Z with:
phase2-contracts-compatibility	UNKNOWN STEP	2026-09-13T20:18:30.5629170Z   path: ~/.asdf/installs
phase2-contracts-compatibility	UNKNOWN STEP	apps/server/deps
phase2-contracts-compatibility	UNKNOWN STEP	apps/server/_build
phase2-contracts-compatibility	UNKNOWN STEP	node_modules
phase2-contracts-compatibility	UNKNOWN STEP	
phase2-contracts-compatibility	UNKNOWN STEP	2026-09-13T20:18:30.5629690Z   key: phase2-macOS-contracts-compatibility-45b3b35ef45f5d65ae586b2b25dfb93049c099ec9870f23270bda4b35fe975d3
phase2-contracts-compatibility	UNKNOWN STEP	2026-09-13T20:18:30.5630120Z   enableCrossOsArchive: false
phase2-contracts-compatibility	UNKNOWN STEP	2026-09-13T20:18:30.5630310Z   fail-on-cache-miss: false
phase2-contracts-compatibility	UNKNOWN STEP	2026-09-13T20:18:30.5630470Z   lookup-only: false
phase2-contracts-compatibility	UNKNOWN STEP	2026-09-13T20:18:30.5630640Z   save-always: false
phase2-contracts-compatibility	UNKNOWN STEP	2026-09-13T20:18:30.5630780Z env:
phase2-contracts-compatibility	UNKNOWN STEP	2026-09-13T20:18:30.5630930Z   KEEPLING_PHASE2_SEED: 20260901
phase2-contracts-compatibility	UNKNOWN STEP	2026-09-13T20:18:30.5631220Z   KEEPLING_FLAKE_POLICY: no-retry; quarantine-requires-owner-issue-expiry
phase2-contracts-compatibility	UNKNOWN STEP	2026-09-13T20:18:30.5631500Z ##[endgroup]
phase2-contracts-compatibility	UNKNOWN STEP	2026-09-13T20:18:30.6541100Z (node:6150) [DEP0040] DeprecationWarning: The `punycode` module is deprecated. Please use a userland alternative instead.
phase2-contracts-compatibility	UNKNOWN STEP	2026-09-13T20:18:30.6541860Z (Use `node --trace-deprecation ...` to show where the warning was created)
phase2-contracts-compatibility	UNKNOWN STEP	2026-09-13T20:18:30.7210280Z Cache hit for: phase2-macOS-contracts-compatibility-45b3b35ef45f5d65ae586b2b25dfb93049c099ec9870f23270bda4b35fe975d3
phase2-contracts-compatibility	UNKNOWN STEP	2026-09-13T20:18:30.7271960Z (node:6150) [DEP0169] DeprecationWarning: `url.parse()` behavior is not standardized and prone to errors that have security implications. Use the WHATWG URL API instead. CVEs are not issued for `url.parse()` vulnerabilities.
phase2-contracts-compatibility	UNKNOWN STEP	2026-09-13T20:18:31.7791740Z Received 171966464 of 194532178 (88.4%), 163.8 MBs/sec
phase2-contracts-compatibility	UNKNOWN STEP	2026-09-13T20:18:31.9611160Z Received 194532178 of 194532178 (100.0%), 156.6 MBs/sec
phase2-contracts-compatibility	UNKNOWN STEP	2026-09-13T20:18:31.9700940Z Cache Size: ~186 MB (194532178 B)
phase2-contracts-compatibility	UNKNOWN STEP	2026-09-13T20:18:31.9702420Z [command]/opt/homebrew/bin/gtar -xf /Users/runner/work/_temp/d3180f7a-02ff-42e6-afc9-de52f9b71069/cache.tzst -P -C /Users/runner/work/keepling/keepling --delay-directory-restore --use-compress-program unzstd
phase2-contracts-compatibility	UNKNOWN STEP	2026-09-13T20:18:37.4949440Z Cache restored successfully
phase2-contracts-compatibility	UNKNOWN STEP	2026-09-13T20:18:37.5184530Z Cache restored from key: phase2-macOS-contracts-compatibility-45b3b35ef45f5d65ae586b2b25dfb93049c099ec9870f23270bda4b35fe975d3
phase2-contracts-compatibility	UNKNOWN STEP	2026-09-13T20:18:37.5270810Z ##[group]Run brew list asdf >/dev/null 2>&1 || brew install asdf
phase2-contracts-compatibility	UNKNOWN STEP	2026-09-13T20:18:37.5271200Z ^[[36;1mbrew list asdf >/dev/null 2>&1 || brew install asdf^[[0m
phase2-contracts-compatibility	UNKNOWN STEP	2026-09-13T20:18:37.5271500Z ^[[36;1m./tooling/runtime-preflight.sh --provision^[[0m
phase2-contracts-compatibility	UNKNOWN STEP	2026-09-13T20:18:37.5271770Z ^[[36;1mcorepack enable^[[0m
phase2-contracts-compatibility	UNKNOWN STEP	2026-09-13T20:18:37.5271960Z ^[[36;1mpnpm install --frozen-lockfile^[[0m
phase2-contracts-compatibility	UNKNOWN STEP	2026-09-13T20:18:37.5272340Z ^[[36;1m./tooling/runtime-preflight.sh --exec -- sh -c 'cd apps/server && mix deps.get --check-locked'^[[0m
phase2-contracts-compatibility	UNKNOWN STEP	2026-09-13T20:18:37.5318540Z shell: /bin/bash -e {0}
phase2-contracts-compatibility	UNKNOWN STEP	2026-09-13T20:18:37.5318730Z env:
phase2-contracts-compatibility	UNKNOWN STEP	2026-09-13T20:18:37.5318890Z   KEEPLING_PHASE2_SEED: 20260901
phase2-contracts-compatibility	UNKNOWN STEP	2026-09-13T20:18:37.5319210Z   KEEPLING_FLAKE_POLICY: no-retry; quarantine-requires-owner-issue-expiry
phase2-contracts-compatibility	UNKNOWN STEP	2026-09-13T20:18:37.5319590Z ##[endgroup]
phase2-contracts-compatibility	UNKNOWN STEP	2026-09-13T20:18:40.6133650Z ^[[32m==>^[[0m ^[[1mDownloading bottle manifests^[[0m
phase2-contracts-compatibility	UNKNOWN STEP	2026-09-13T20:18:40.6238060Z ✔︎ Bottle Manifest asdf (0.20.0)
phase2-contracts-compatibility	UNKNOWN STEP	2026-09-13T20:18:40.6238700Z ^[[34m==>^[[0m ^[[1mWould install 1 formula:^[[0m
phase2-contracts-compatibility	UNKNOWN STEP	2026-09-13T20:18:40.6345100Z asdf
phase2-contracts-compatibility	UNKNOWN STEP	2026-09-13T20:18:40.6854570Z ^[[32m==>^[[0m ^[[1mFetching downloads for: ^[[32masdf^[[39m^[[0m
phase2-contracts-compatibility	UNKNOWN STEP	2026-09-13T20:18:41.0814400Z ✔︎ Bottle asdf (0.20.0)
phase2-contracts-compatibility	UNKNOWN STEP	2026-09-13T20:18:41.0815030Z ^[[34m==>^[[0m ^[[1mPouring asdf--0.20.0.arm64_sequoia.bottle.tar.gz^[[0m
phase2-contracts-compatibility	UNKNOWN STEP	2026-09-13T20:18:41.1714440Z 🍺  /opt/homebrew/Cellar/asdf/0.20.0: 10 files, 4.4MB
phase2-contracts-compatibility	UNKNOWN STEP	2026-09-13T20:18:41.1725040Z ^[[32m==>^[[0m ^[[1mCaveats^[[0m
phase2-contracts-compatibility	UNKNOWN STEP	2026-09-13T20:18:41.1725780Z Bash completion has been installed to:
phase2-contracts-compatibility	UNKNOWN STEP	2026-09-13T20:18:41.1726100Z   /opt/homebrew/etc/bash_completion.d
phase2-contracts-compatibility	UNKNOWN STEP	2026-09-13T20:18:44.0873310Z version 29.0.5 of erlang is already installed
phase2-contracts-compatibility	UNKNOWN STEP	2026-09-13T20:18:44.0905410Z version 1.20.2-otp-29 of elixir is already installed
phase2-contracts-compatibility	UNKNOWN STEP	2026-09-13T20:18:44.4704500Z ^[[32m==>^[[0m ^[[1mDownloading bottle manifests^[[0m
phase2-contracts-compatibility	UNKNOWN STEP	2026-09-13T20:18:44.8984300Z ✔︎ Bottle Manifest postgresql@18 (18.6)
phase2-contracts-compatibility	UNKNOWN STEP	2026-09-13T20:18:44.8985050Z ^[[34m==>^[[0m ^[[1mWould install 1 formula:^[[0m
phase2-contracts-compatibility	UNKNOWN STEP	2026-09-13T20:18:44.8985480Z postgresql@18
phase2-contracts-compatibility	UNKNOWN STEP	2026-09-13T20:18:44.9569460Z ^[[32m==>^[[0m ^[[1mFetching downloads for: ^[[32mpostgresql@18^[[39m^[[0m
phase2-contracts-compatibility	UNKNOWN STEP	2026-09-13T20:18:46.3099640Z ✔︎ Bottle postgresql@18 (18.6)
phase2-contracts-compatibility	UNKNOWN STEP	2026-09-13T20:18:46.3298660Z ^[[34m==>^[[0m ^[[1mPouring postgresql@18--18.6.arm64_sequoia.bottle.tar.gz^[[0m
phase2-contracts-compatibility	UNKNOWN STEP	2026-09-13T20:18:48.2076410Z The files belonging to this database system will be owned by user "runner".
phase2-contracts-compatibility	UNKNOWN STEP	2026-09-13T20:18:48.2078010Z This user must also own the server process.
phase2-contracts-compatibility	UNKNOWN STEP	2026-09-13T20:18:48.2078430Z 
phase2-contracts-compatibility	UNKNOWN STEP	2026-09-13T20:18:48.2078800Z The database cluster will be initialized with locale "en_US.UTF-8".
phase2-contracts-compatibility	UNKNOWN STEP	2026-09-13T20:18:48.2080330Z The default text search configuration will be set to "english".
phase2-contracts-compatibility	UNKNOWN STEP	2026-09-13T20:18:48.2080650Z 
phase2-contracts-compatibility	UNKNOWN STEP	2026-09-13T20:18:48.2080830Z Data page checksums are enabled.
phase2-contracts-compatibility	UNKNOWN STEP	2026-09-13T20:18:48.2081020Z 
phase2-contracts-compatibility	UNKNOWN STEP	2026-09-13T20:18:48.2081360Z fixing permissions on existing directory /opt/homebrew/var/postgresql@18 ... ok
phase2-contracts-compatibility	UNKNOWN STEP	2026-09-13T20:18:48.2086570Z creating subdirectories ... ok
phase2-contracts-compatibility	UNKNOWN STEP	2026-09-13T20:18:48.2092480Z selecting dynamic shared memory implementation ... posix
phase2-contracts-compatibility	UNKNOWN STEP	2026-09-13T20:18:48.2433590Z selecting default "max_connections" ... 100
phase2-contracts-compatibility	UNKNOWN STEP	2026-09-13T20:18:48.2589020Z selecting default "shared_buffers" ... 128MB
phase2-contracts-compatibility	UNKNOWN STEP	2026-09-13T20:18:48.2611510Z selecting default time zone ... UTC
phase2-contracts-compatibility	UNKNOWN STEP	2026-09-13T20:18:48.2620440Z creating configuration files ... ok
phase2-contracts-compatibility	UNKNOWN STEP	2026-09-13T20:18:48.3888350Z running bootstrap script ... ok
phase2-contracts-compatibility	UNKNOWN STEP	2026-09-13T20:18:48.7512350Z performing post-bootstrap initialization ... ok
phase2-contracts-compatibility	UNKNOWN STEP	2026-09-13T20:18:48.7754820Z syncing data to disk ... ok
phase2-contracts-compatibility	UNKNOWN STEP	2026-09-13T20:18:48.7755820Z 
phase2-contracts-compatibility	UNKNOWN STEP	2026-09-13T20:18:48.7756040Z 
phase2-contracts-compatibility	UNKNOWN STEP	2026-09-13T20:18:48.7757010Z Success. You can now start the database server using:
phase2-contracts-compatibility	UNKNOWN STEP	2026-09-13T20:18:48.7757490Z 
phase2-contracts-compatibility	UNKNOWN STEP	2026-09-13T20:18:48.7757880Z     '/opt/homebrew/Cellar/postgresql@18/18.6/bin/pg_ctl' -D '/opt/homebrew/var/postgresql@18' -l logfile start
phase2-contracts-compatibility	UNKNOWN STEP	2026-09-13T20:18:48.7758270Z 
phase2-contracts-compatibility	UNKNOWN STEP	2026-09-13T20:18:48.7758560Z initdb: warning: enabling "trust" authentication for local connections
phase2-contracts-compatibility	UNKNOWN STEP	2026-09-13T20:18:48.7760150Z initdb: hint: You can change this by editing pg_hba.conf or using the option -A, or --auth-local and --auth-host, the next time you run initdb.
phase2-contracts-compatibility	UNKNOWN STEP	2026-09-13T20:18:49.2066380Z 🍺  /opt/homebrew/Cellar/postgresql@18/18.6: 3,873 files, 77.7MB
phase2-contracts-compatibility	UNKNOWN STEP	2026-09-13T20:18:49.2069480Z ^[[32m==>^[[0m ^[[1mCaveats^[[0m
phase2-contracts-compatibility	UNKNOWN STEP	2026-09-13T20:18:49.2069890Z ^[[34m==>^[[0m ^[[1mpostgresql@18^[[0m
phase2-contracts-compatibility	UNKNOWN STEP	2026-09-13T20:18:49.2071030Z This formula has created a default database cluster with:
phase2-contracts-compatibility	UNKNOWN STEP	2026-09-13T20:18:49.2071500Z   initdb --locale=en_US.UTF-8 -E UTF-8 /opt/homebrew/var/postgresql@18
phase2-contracts-compatibility	UNKNOWN STEP	2026-09-13T20:18:49.2071810Z 
phase2-contracts-compatibility	UNKNOWN STEP	2026-09-13T20:18:49.2083490Z When uninstalling, some dead symlinks are left behind so you may want to run:
phase2-contracts-compatibility	UNKNOWN STEP	2026-09-13T20:18:49.2083940Z   brew cleanup --prune-prefix
phase2-contracts-compatibility	UNKNOWN STEP	2026-09-13T20:18:49.2084120Z 
phase2-contracts-compatibility	UNKNOWN STEP	2026-09-13T20:18:49.2084400Z To start postgresql@18 now and restart at login:
phase2-contracts-compatibility	UNKNOWN STEP	2026-09-13T20:18:49.2084740Z   brew services start postgresql@18
phase2-contracts-compatibility	UNKNOWN STEP	2026-09-13T20:18:49.2085150Z Or, if you don't want/need a background service you can just run:
phase2-contracts-compatibility	UNKNOWN STEP	2026-09-13T20:18:49.2085780Z   LC_ALL="en_US.UTF-8" /opt/homebrew/opt/postgresql@18/bin/postgres -D /opt/homebrew/var/postgresql@18
phase2-contracts-compatibility	UNKNOWN STEP	2026-09-13T20:18:49.5653590Z Runtime preflight passed: Elixir 1.20.2, OTP 29.0.5, PostgreSQL 18.6
phase2-contracts-compatibility	UNKNOWN STEP	2026-09-13T20:18:49.7594950Z ! Corepack is about to download https://registry.npmjs.org/pnpm/-/pnpm-10.33.0.tgz
phase2-contracts-compatibility	UNKNOWN STEP	2026-09-13T20:18:50.5118300Z Scope: all 4 workspace projects
phase2-contracts-compatibility	UNKNOWN STEP	2026-09-13T20:18:50.5638970Z Lockfile is up to date, resolution step is skipped
phase2-contracts-compatibility	UNKNOWN STEP	2026-09-13T20:18:51.3731790Z Progress: resolved 0, reused 0, downloaded 1, added 0
phase2-contracts-compatibility	UNKNOWN STEP	2026-09-13T20:18:51.7637320Z Packages: +2 -45
phase2-contracts-compatibility	UNKNOWN STEP	2026-09-13T20:18:51.7745070Z ++---------------------------------------------
phase2-contracts-compatibility	UNKNOWN STEP	2026-09-13T20:18:52.3781600Z Progress: resolved 0, reused 0, downloaded 20, added 0
phase2-contracts-compatibility	UNKNOWN STEP	2026-09-13T20:18:53.0447710Z Progress: resolved 0, reused 0, downloaded 46, added 2, done
phase2-contracts-compatibility	UNKNOWN STEP	2026-09-13T20:18:53.2050590Z 
phase2-contracts-compatibility	UNKNOWN STEP	2026-09-13T20:18:53.2499090Z Done in 2.9s using pnpm v10.33.0
phase2-contracts-compatibility	UNKNOWN STEP	2026-09-13T20:18:53.6063500Z Runtime preflight passed: Elixir 1.20.2, OTP 29.0.5, PostgreSQL 18.6
phase2-contracts-compatibility	UNKNOWN STEP	2026-09-13T20:18:54.4844870Z * creating /Users/runner/.mix/archives/hex-2.5.1
phase2-contracts-compatibility	UNKNOWN STEP	2026-09-13T20:18:55.1551760Z Resolving Hex dependencies...
phase2-contracts-compatibility	UNKNOWN STEP	2026-09-13T20:18:55.2264640Z Resolution completed in 0.069s
phase2-contracts-compatibility	UNKNOWN STEP	2026-09-13T20:18:55.2411890Z Unchanged:
phase2-contracts-compatibility	UNKNOWN STEP	2026-09-13T20:18:55.2412160Z   argon2_elixir 4.1.3
phase2-contracts-compatibility	UNKNOWN STEP	2026-09-13T20:18:55.2417470Z   bandit 1.12.5
phase2-contracts-compatibility	UNKNOWN STEP	2026-09-13T20:18:55.2417750Z   certifi 2.17.0
phase2-contracts-compatibility	UNKNOWN STEP	2026-09-13T20:18:55.2418120Z   comeonin 5.5.1
phase2-contracts-compatibility	UNKNOWN STEP	2026-09-13T20:18:55.2418340Z   db_connection 2.10.2
phase2-contracts-compatibility	UNKNOWN STEP	2026-09-13T20:18:55.2418600Z   decimal 3.1.1
phase2-contracts-compatibility	UNKNOWN STEP	2026-09-13T20:18:55.2418990Z   dns_cluster 0.2.0
phase2-contracts-compatibility	UNKNOWN STEP	2026-09-13T20:18:55.2419360Z   ecto 3.14.2
phase2-contracts-compatibility	UNKNOWN STEP	2026-09-13T20:18:55.2419550Z   ecto_sql 3.14.0
phase2-contracts-compatibility	UNKNOWN STEP	2026-09-13T20:18:55.2419920Z   elixir_make 0.10.0
phase2-contracts-compatibility	UNKNOWN STEP	2026-09-13T20:18:55.2420110Z   expo 1.1.1
phase2-contracts-compatibility	UNKNOWN STEP	2026-09-13T20:18:55.2420300Z   gettext 1.0.2
phase2-contracts-compatibility	UNKNOWN STEP	2026-09-13T20:18:55.2420460Z   h2 0.12.0
phase2-contracts-compatibility	UNKNOWN STEP	2026-09-13T20:18:55.2420790Z   hackney 4.7.4
phase2-contracts-compatibility	UNKNOWN STEP	2026-09-13T20:18:55.2421020Z   hammer 7.4.1
phase2-contracts-compatibility	UNKNOWN STEP	2026-09-13T20:18:55.2421190Z   hex_core 0.15.0
phase2-contracts-compatibility	UNKNOWN STEP	2026-09-13T20:18:55.2421480Z   hpax 1.0.4
phase2-contracts-compatibility	UNKNOWN STEP	2026-09-13T20:18:55.2422210Z   idna 7.1.0
phase2-contracts-compatibility	UNKNOWN STEP	2026-09-13T20:18:55.2422360Z   jason 1.4.5
phase2-contracts-compatibility	UNKNOWN STEP	2026-09-13T20:18:55.2422540Z   mime 2.0.7
phase2-contracts-compatibility	UNKNOWN STEP	2026-09-13T20:18:55.2422690Z   mimerl 1.5.0
phase2-contracts-compatibility	UNKNOWN STEP	2026-09-13T20:18:55.2422850Z   optimus 0.6.1
phase2-contracts-compatibility	UNKNOWN STEP	2026-09-13T20:18:55.2423040Z   parse_trans 3.4.2
phase2-contracts-compatibility	UNKNOWN STEP	2026-09-13T20:18:55.2423210Z   phoenix 1.8.13
phase2-contracts-compatibility	UNKNOWN STEP	2026-09-13T20:18:55.2423450Z   phoenix_ecto 4.7.0
phase2-contracts-compatibility	UNKNOWN STEP	2026-09-13T20:18:55.2423640Z   phoenix_pubsub 2.3.0
phase2-contracts-compatibility	UNKNOWN STEP	2026-09-13T20:18:55.2423840Z   phoenix_template 1.0.4
phase2-contracts-compatibility	UNKNOWN STEP	2026-09-13T20:18:55.2424060Z   plug 1.20.3
phase2-contracts-compatibility	UNKNOWN STEP	2026-09-13T20:18:55.2424200Z   plug_crypto 2.2.0
phase2-contracts-compatibility	UNKNOWN STEP	2026-09-13T20:18:55.2424590Z   postgrex 0.22.4
phase2-contracts-compatibility	UNKNOWN STEP	2026-09-13T20:18:55.2424780Z   protobuf 0.16.1
phase2-contracts-compatibility	UNKNOWN STEP	2026-09-13T20:18:55.2424990Z   purl 0.3.0
phase2-contracts-compatibility	UNKNOWN STEP	2026-09-13T20:18:55.2425350Z   quic 1.8.2
phase2-contracts-compatibility	UNKNOWN STEP	2026-09-13T20:18:55.2425500Z   sbom 0.10.0
phase2-contracts-compatibility	UNKNOWN STEP	2026-09-13T20:18:55.2425800Z   ssl_verify_fun 1.1.7
phase2-contracts-compatibility	UNKNOWN STEP	2026-09-13T20:18:55.2426030Z   stream_data 1.4.0
phase2-contracts-compatibility	UNKNOWN STEP	2026-09-13T20:18:55.2426300Z   telemetry 1.4.2
phase2-contracts-compatibility	UNKNOWN STEP	2026-09-13T20:18:55.2426550Z   telemetry_metrics 1.2.0
phase2-contracts-compatibility	UNKNOWN STEP	2026-09-13T20:18:55.2426770Z   telemetry_poller 1.3.0
phase2-contracts-compatibility	UNKNOWN STEP	2026-09-13T20:18:55.2427040Z   thousand_island 1.5.0
phase2-contracts-compatibility	UNKNOWN STEP	2026-09-13T20:18:55.2429000Z   tzdata 1.1.5
phase2-contracts-compatibility	UNKNOWN STEP	2026-09-13T20:18:55.2429190Z   websock 0.5.3
phase2-contracts-compatibility	UNKNOWN STEP	2026-09-13T20:18:55.2429390Z   websock_adapter 0.6.0
phase2-contracts-compatibility	UNKNOWN STEP	2026-09-13T20:18:55.2429670Z   webtransport 0.4.5
phase2-contracts-compatibility	UNKNOWN STEP	2026-09-13T20:18:55.3180980Z * creating /Users/runner/.mix/elixir/1-20-otp-29/rebar3
phase2-contracts-compatibility	UNKNOWN STEP	2026-09-13T20:18:55.3642260Z All dependencies have been fetched
phase2-contracts-compatibility	UNKNOWN STEP	2026-09-13T20:18:55.3840090Z ##[group]Run set -o pipefail
phase2-contracts-compatibility	UNKNOWN STEP	2026-09-13T20:18:55.3840380Z ^[[36;1mset -o pipefail^[[0m
phase2-contracts-compatibility	UNKNOWN STEP	2026-09-13T20:18:55.3840790Z ^[[36;1m./tooling/test-phase-2.sh --lane "contracts-compatibility" | tee "$RUNNER_TEMP/contracts-compatibility.txt"^[[0m
phase2-contracts-compatibility	UNKNOWN STEP	2026-09-13T20:18:55.3841320Z ^[[36;1m./tooling/verify-privacy.sh "$RUNNER_TEMP/contracts-compatibility.txt"^[[0m
phase2-contracts-compatibility	UNKNOWN STEP	2026-09-13T20:18:55.3877910Z shell: /bin/bash -e {0}
phase2-contracts-compatibility	UNKNOWN STEP	2026-09-13T20:18:55.3878110Z env:
phase2-contracts-compatibility	UNKNOWN STEP	2026-09-13T20:18:55.3878250Z   KEEPLING_PHASE2_SEED: 20260901
phase2-contracts-compatibility	UNKNOWN STEP	2026-09-13T20:18:55.3878620Z   KEEPLING_FLAKE_POLICY: no-retry; quarantine-requires-owner-issue-expiry
phase2-contracts-compatibility	UNKNOWN STEP	2026-09-13T20:18:55.3878950Z ##[endgroup]
phase2-contracts-compatibility	UNKNOWN STEP	2026-09-13T20:18:55.5576010Z lane=contracts-compatibility status=RUNNING command=pnpm contracts:check && ./tooling/test-compatibility.sh cases=30 seed=20260901 inputs_sha256=dfa0a5c186e2763696c5c720bdaa039477ea51eb9d9d1bb7dab188fdeb3a4614
phase2-contracts-compatibility	UNKNOWN STEP	2026-09-13T20:19:05.6581390Z lane=contracts-compatibility status=PASS command=pnpm contracts:check && ./tooling/test-compatibility.sh cases=30 seed=20260901 elapsed_ms=10101 inputs_sha256=dfa0a5c186e2763696c5c720bdaa039477ea51eb9d9d1bb7dab188fdeb3a4614
phase2-contracts-compatibility	UNKNOWN STEP	2026-09-13T20:19:05.6953190Z Privacy verification passed: artifacts=1 sentinels=7
phase2-contracts-compatibility	UNKNOWN STEP	2026-09-13T20:19:05.7065670Z Node 20 is being deprecated. This workflow is running with Node 24 by default. If you need to temporarily use Node 20, you can set the ACTIONS_ALLOW_USE_UNSECURE_NODE_VERSION=true environment variable. For more information see: https://github.blog/changelog/2025-09-19-deprecation-of-node-20-on-github-actions-runners/
phase2-contracts-compatibility	UNKNOWN STEP	2026-09-13T20:19:05.7066840Z ##[group]Run actions/upload-artifact@ea165f8d65b6e75b540449e92b4886f43607fa02
phase2-contracts-compatibility	UNKNOWN STEP	2026-09-13T20:19:05.7067160Z with:
phase2-contracts-compatibility	UNKNOWN STEP	2026-09-13T20:19:05.7067340Z   name: phase2-contracts-compatibility-timing
phase2-contracts-compatibility	UNKNOWN STEP	2026-09-13T20:19:05.7067650Z   path: /Users/runner/work/_temp/contracts-compatibility.txt
phase2-contracts-compatibility	UNKNOWN STEP	2026-09-13T20:19:05.7067910Z   if-no-files-found: error
phase2-contracts-compatibility	UNKNOWN STEP	2026-09-13T20:19:05.7068090Z   retention-days: 14
phase2-contracts-compatibility	UNKNOWN STEP	2026-09-13T20:19:05.7068260Z   compression-level: 6
phase2-contracts-compatibility	UNKNOWN STEP	2026-09-13T20:19:05.7068420Z   overwrite: false
phase2-contracts-compatibility	UNKNOWN STEP	2026-09-13T20:19:05.7068590Z   include-hidden-files: false
phase2-contracts-compatibility	UNKNOWN STEP	2026-09-13T20:19:05.7068770Z env:
phase2-contracts-compatibility	UNKNOWN STEP	2026-09-13T20:19:05.7068900Z   KEEPLING_PHASE2_SEED: 20260901
phase2-contracts-compatibility	UNKNOWN STEP	2026-09-13T20:19:05.7069210Z   KEEPLING_FLAKE_POLICY: no-retry; quarantine-requires-owner-issue-expiry
phase2-contracts-compatibility	UNKNOWN STEP	2026-09-13T20:19:05.7069520Z ##[endgroup]
phase2-contracts-compatibility	UNKNOWN STEP	2026-09-13T20:19:05.8316990Z (node:8341) [DEP0040] DeprecationWarning: The `punycode` module is deprecated. Please use a userland alternative instead.
phase2-contracts-compatibility	UNKNOWN STEP	2026-09-13T20:19:05.8317700Z (Use `node --trace-deprecation ...` to show where the warning was created)
phase2-contracts-compatibility	UNKNOWN STEP	2026-09-13T20:19:05.8337740Z With the provided path, there will be 1 file uploaded
phase2-contracts-compatibility	UNKNOWN STEP	2026-09-13T20:19:05.8339930Z Artifact name is valid!
phase2-contracts-compatibility	UNKNOWN STEP	2026-09-13T20:19:05.8340330Z Root directory input is valid!
phase2-contracts-compatibility	UNKNOWN STEP	2026-09-13T20:19:06.0310500Z (node:8341) [DEP0169] DeprecationWarning: `url.parse()` behavior is not standardized and prone to errors that have security implications. Use the WHATWG URL API instead. CVEs are not issued for `url.parse()` vulnerabilities.
phase2-contracts-compatibility	UNKNOWN STEP	2026-09-13T20:19:06.0313780Z Beginning upload of artifact content to blob storage
phase2-contracts-compatibility	UNKNOWN STEP	2026-09-13T20:19:06.0533220Z Uploaded bytes 361
phase2-contracts-compatibility	UNKNOWN STEP	2026-09-13T20:19:06.0662260Z Finished uploading artifact content to blob storage!
phase2-contracts-compatibility	UNKNOWN STEP	2026-09-13T20:19:06.0662950Z SHA256 digest of uploaded artifact zip is 7042dfc3d0b294e6720d5e0667feb45ada5496100a0b5fe9005578fdd0efa334
phase2-contracts-compatibility	UNKNOWN STEP	2026-09-13T20:19:06.0663540Z Finalizing artifact upload
phase2-contracts-compatibility	UNKNOWN STEP	2026-09-13T20:19:06.2887830Z Artifact phase2-contracts-compatibility-timing.zip successfully finalized. Artifact ID 10325450368
phase2-contracts-compatibility	UNKNOWN STEP	2026-09-13T20:19:06.2896050Z Artifact phase2-contracts-compatibility-timing has been successfully uploaded! Final size is 361 bytes. Artifact ID is 10325450368
phase2-contracts-compatibility	UNKNOWN STEP	2026-09-13T20:19:06.2930470Z Artifact download URL: https://github.com/szTheory/keepling/actions/runs/34780345148/artifacts/10325450368
phase2-contracts-compatibility	UNKNOWN STEP	2026-09-13T20:19:06.3643600Z Node 20 is being deprecated. This workflow is running with Node 24 by default. If you need to temporarily use Node 20, you can set the ACTIONS_ALLOW_USE_UNSECURE_NODE_VERSION=true environment variable. For more information see: https://github.blog/changelog/2025-09-19-deprecation-of-node-20-on-github-actions-runners/
phase2-contracts-compatibility	UNKNOWN STEP	2026-09-13T20:19:06.3644590Z Post job cleanup.
phase2-contracts-compatibility	UNKNOWN STEP	2026-09-13T20:19:06.4630860Z Cache hit occurred on the primary key phase2-macOS-contracts-compatibility-45b3b35ef45f5d65ae586b2b25dfb93049c099ec9870f23270bda4b35fe975d3, not saving cache.
phase2-contracts-compatibility	UNKNOWN STEP	2026-09-13T20:19:06.4632160Z (node:8344) [DEP0040] DeprecationWarning: The `punycode` module is deprecated. Please use a userland alternative instead.
phase2-contracts-compatibility	UNKNOWN STEP	2026-09-13T20:19:06.4632850Z (Use `node --trace-deprecation ...` to show where the warning was created)
phase2-contracts-compatibility	UNKNOWN STEP	2026-09-13T20:19:06.4710840Z Node 20 is being deprecated. This workflow is running with Node 24 by default. If you need to temporarily use Node 20, you can set the ACTIONS_ALLOW_USE_UNSECURE_NODE_VERSION=true environment variable. For more information see: https://github.blog/changelog/2025-09-19-deprecation-of-node-20-on-github-actions-runners/
phase2-contracts-compatibility	UNKNOWN STEP	2026-09-13T20:19:06.4711770Z Post job cleanup.
phase2-contracts-compatibility	UNKNOWN STEP	2026-09-13T20:19:06.5738680Z (node:8345) [DEP0040] DeprecationWarning: The `punycode` module is deprecated. Please use a userland alternative instead.
phase2-contracts-compatibility	UNKNOWN STEP	2026-09-13T20:19:06.5739480Z (Use `node --trace-deprecation ...` to show where the warning was created)
phase2-contracts-compatibility	UNKNOWN STEP	2026-09-13T20:19:06.5823250Z Node 20 is being deprecated. This workflow is running with Node 24 by default. If you need to temporarily use Node 20, you can set the ACTIONS_ALLOW_USE_UNSECURE_NODE_VERSION=true environment variable. For more information see: https://github.blog/changelog/2025-09-19-deprecation-of-node-20-on-github-actions-runners/
phase2-contracts-compatibility	UNKNOWN STEP	2026-09-13T20:19:06.5824300Z Post job cleanup.
phase2-contracts-compatibility	UNKNOWN STEP	2026-09-13T20:19:06.7449500Z [command]/opt/homebrew/bin/git version
phase2-contracts-compatibility	UNKNOWN STEP	2026-09-13T20:19:06.7506250Z git version 2.55.0
phase2-contracts-compatibility	UNKNOWN STEP	2026-09-13T20:19:06.7523670Z Copying '/Users/runner/.gitconfig' to '/Users/runner/work/_temp/642b3ffc-4f71-45b2-960c-13e4ed523389/.gitconfig'
phase2-contracts-compatibility	UNKNOWN STEP	2026-09-13T20:19:06.7530100Z Temporarily overriding HOME='/Users/runner/work/_temp/642b3ffc-4f71-45b2-960c-13e4ed523389' before making global git config changes
phase2-contracts-compatibility	UNKNOWN STEP	2026-09-13T20:19:06.7531020Z Adding repository directory to the temporary git global config as a safe directory
phase2-contracts-compatibility	UNKNOWN STEP	2026-09-13T20:19:06.7533190Z [command]/opt/homebrew/bin/git config --global --add safe.directory /Users/runner/work/keepling/keepling
phase2-contracts-compatibility	UNKNOWN STEP	2026-09-13T20:19:06.7585990Z [command]/opt/homebrew/bin/git config --local --name-only --get-regexp core\.sshCommand
phase2-contracts-compatibility	UNKNOWN STEP	2026-09-13T20:19:06.7635630Z [command]/opt/homebrew/bin/git submodule foreach --recursive sh -c "git config --local --name-only --get-regexp 'core\.sshCommand' && git config --local --unset-all 'core.sshCommand' || :"
phase2-contracts-compatibility	UNKNOWN STEP	2026-09-13T20:19:06.8304030Z [command]/opt/homebrew/bin/git config --local --name-only --get-regexp http\.https\:\/\/github\.com\/\.extraheader
phase2-contracts-compatibility	UNKNOWN STEP	2026-09-13T20:19:06.8351940Z http.https://github.com/.extraheader
phase2-contracts-compatibility	UNKNOWN STEP	2026-09-13T20:19:06.8358700Z [command]/opt/homebrew/bin/git config --local --unset-all http.https://github.com/.extraheader
phase2-contracts-compatibility	UNKNOWN STEP	2026-09-13T20:19:06.8413440Z [command]/opt/homebrew/bin/git submodule foreach --recursive sh -c "git config --local --name-only --get-regexp 'http\.https\:\/\/github\.com\/\.extraheader' && git config --local --unset-all 'http.https://github.com/.extraheader' || :"
phase2-contracts-compatibility	UNKNOWN STEP	2026-09-13T20:19:06.9037870Z [command]/opt/homebrew/bin/git config --local --name-only --get-regexp ^includeIf\.gitdir:
phase2-contracts-compatibility	UNKNOWN STEP	2026-09-13T20:19:06.9087290Z [command]/opt/homebrew/bin/git submodule foreach --recursive git config --local --show-origin --name-only --get-regexp remote.origin.url
phase2-contracts-compatibility	UNKNOWN STEP	2026-09-13T20:19:07.0171530Z Cleaning up orphan processes
phase2-contracts-compatibility	UNKNOWN STEP	2026-09-13T20:19:07.7814280Z ##[warning]Node.js 20 is deprecated. The following actions target Node.js 20 but are being forced to run on Node.js 24: actions/cache@0400d5f644dc74513175e3cd8d07132dd4860809, actions/checkout@34e114876b0b11c390a56381ad16ebd13914f8d5, actions/setup-node@49933ea5288caeca8642d1e84afbd3f7d6820020, actions/upload-artifact@ea165f8d65b6e75b540449e92b4886f43607fa02. For more information see: https://github.blog/changelog/2025-09-19-deprecation-of-node-20-on-github-actions-runners/
phase2-server	UNKNOWN STEP	﻿2026-09-13T20:18:18.7463299Z Current runner version: '2.337.0'
phase2-server	UNKNOWN STEP	2026-09-13T20:18:18.7487255Z ##[group]Runner Image Provisioner
phase2-server	UNKNOWN STEP	2026-09-13T20:18:18.7488033Z Hosted Compute Agent
phase2-server	UNKNOWN STEP	2026-09-13T20:18:18.7488598Z Version: 20260828.587
phase2-server	UNKNOWN STEP	2026-09-13T20:18:18.7489210Z Commit: abac92662cab4cc7352de4f9f9d2e2419aad9c29
phase2-server	UNKNOWN STEP	2026-09-13T20:18:18.7489874Z Build Date: 2026-08-28T16:44:25Z
phase2-server	UNKNOWN STEP	2026-09-13T20:18:18.7490495Z Worker ID: {8f011280-5f84-4a3e-b3b3-6c33e9a1fdfb}
phase2-server	UNKNOWN STEP	2026-09-13T20:18:18.7491268Z Azure Region: westus3
phase2-server	UNKNOWN STEP	2026-09-13T20:18:18.7491769Z ##[endgroup]
phase2-server	UNKNOWN STEP	2026-09-13T20:18:18.7493298Z ##[group]Operating System
phase2-server	UNKNOWN STEP	2026-09-13T20:18:18.7493911Z Ubuntu
phase2-server	UNKNOWN STEP	2026-09-13T20:18:18.7494412Z 24.04.5
phase2-server	UNKNOWN STEP	2026-09-13T20:18:18.7494862Z LTS
phase2-server	UNKNOWN STEP	2026-09-13T20:18:18.7495294Z ##[endgroup]
phase2-server	UNKNOWN STEP	2026-09-13T20:18:18.7496173Z ##[group]Runner Image
phase2-server	UNKNOWN STEP	2026-09-13T20:18:18.7496729Z Image: ubuntu-24.04
phase2-server	UNKNOWN STEP	2026-09-13T20:18:18.7497239Z Version: 20260907.300.1
phase2-server	UNKNOWN STEP	2026-09-13T20:18:18.7498375Z Included Software: https://github.com/actions/runner-images/blob/ubuntu24/20260907.300/images/ubuntu/Ubuntu2404-Readme.md
phase2-server	UNKNOWN STEP	2026-09-13T20:18:18.7499825Z Image Release: https://github.com/actions/runner-images/releases/tag/ubuntu24%2F20260907.300
phase2-server	UNKNOWN STEP	2026-09-13T20:18:18.7500674Z ##[endgroup]
phase2-server	UNKNOWN STEP	2026-09-13T20:18:18.7502043Z ##[group]GITHUB_TOKEN Permissions
phase2-server	UNKNOWN STEP	2026-09-13T20:18:18.7504278Z Contents: read
phase2-server	UNKNOWN STEP	2026-09-13T20:18:18.7504847Z Metadata: read
phase2-server	UNKNOWN STEP	2026-09-13T20:18:18.7505386Z ##[endgroup]
phase2-server	UNKNOWN STEP	2026-09-13T20:18:18.7507393Z Secret source: Actions
phase2-server	UNKNOWN STEP	2026-09-13T20:18:18.7508284Z Cache mode: write
phase2-server	UNKNOWN STEP	2026-09-13T20:18:18.7508921Z Prepare workflow directory
phase2-server	UNKNOWN STEP	2026-09-13T20:18:18.7889733Z Prepare all required actions
phase2-server	UNKNOWN STEP	2026-09-13T20:18:18.7940152Z Getting action download info
phase2-server	UNKNOWN STEP	2026-09-13T20:18:19.1040182Z Download action repository 'actions/checkout@34e114876b0b11c390a56381ad16ebd13914f8d5' (SHA:34e114876b0b11c390a56381ad16ebd13914f8d5)
phase2-server	UNKNOWN STEP	2026-09-13T20:18:19.1858820Z Download action repository 'actions/setup-node@49933ea5288caeca8642d1e84afbd3f7d6820020' (SHA:49933ea5288caeca8642d1e84afbd3f7d6820020)
phase2-server	UNKNOWN STEP	2026-09-13T20:18:19.2561257Z Download action repository 'actions/cache@0400d5f644dc74513175e3cd8d07132dd4860809' (SHA:0400d5f644dc74513175e3cd8d07132dd4860809)
phase2-server	UNKNOWN STEP	2026-09-13T20:18:19.6609474Z Download action repository 'actions/upload-artifact@ea165f8d65b6e75b540449e92b4886f43607fa02' (SHA:ea165f8d65b6e75b540449e92b4886f43607fa02)
phase2-server	UNKNOWN STEP	2026-09-13T20:18:19.8715673Z Complete job name: phase2-server
phase2-server	UNKNOWN STEP	2026-09-13T20:18:19.9693497Z Node 20 is being deprecated. This workflow is running with Node 24 by default. If you need to temporarily use Node 20, you can set the ACTIONS_ALLOW_USE_UNSECURE_NODE_VERSION=true environment variable. For more information see: https://github.blog/changelog/2025-09-19-deprecation-of-node-20-on-github-actions-runners/
phase2-server	UNKNOWN STEP	2026-09-13T20:18:19.9704948Z ##[group]Run actions/checkout@34e114876b0b11c390a56381ad16ebd13914f8d5
phase2-server	UNKNOWN STEP	2026-09-13T20:18:19.9706660Z with:
phase2-server	UNKNOWN STEP	2026-09-13T20:18:19.9707570Z   repository: szTheory/keepling
phase2-server	UNKNOWN STEP	2026-09-13T20:18:19.9716793Z   token: ***
phase2-server	UNKNOWN STEP	2026-09-13T20:18:19.9717678Z   ssh-strict: true
phase2-server	UNKNOWN STEP	2026-09-13T20:18:19.9718563Z   ssh-user: git
phase2-server	UNKNOWN STEP	2026-09-13T20:18:19.9719495Z   persist-credentials: true
phase2-server	UNKNOWN STEP	2026-09-13T20:18:19.9720470Z   clean: true
phase2-server	UNKNOWN STEP	2026-09-13T20:18:19.9721450Z   sparse-checkout-cone-mode: true
phase2-server	UNKNOWN STEP	2026-09-13T20:18:19.9722488Z   fetch-depth: 1
phase2-server	UNKNOWN STEP	2026-09-13T20:18:19.9723363Z   fetch-tags: false
phase2-server	UNKNOWN STEP	2026-09-13T20:18:19.9724257Z   show-progress: true
phase2-server	UNKNOWN STEP	2026-09-13T20:18:19.9725221Z   lfs: false
phase2-server	UNKNOWN STEP	2026-09-13T20:18:19.9726061Z   submodules: false
phase2-server	UNKNOWN STEP	2026-09-13T20:18:19.9726969Z   set-safe-directory: true
phase2-server	UNKNOWN STEP	2026-09-13T20:18:19.9728277Z env:
phase2-server	UNKNOWN STEP	2026-09-13T20:18:19.9729119Z   KEEPLING_PHASE2_SEED: 20260901
phase2-server	UNKNOWN STEP	2026-09-13T20:18:19.9730521Z   KEEPLING_FLAKE_POLICY: no-retry; quarantine-requires-owner-issue-expiry
phase2-server	UNKNOWN STEP	2026-09-13T20:18:19.9732059Z ##[endgroup]
phase2-server	UNKNOWN STEP	2026-09-13T20:18:20.0737761Z Syncing repository: szTheory/keepling
phase2-server	UNKNOWN STEP	2026-09-13T20:18:20.0740501Z ##[group]Getting Git version info
phase2-server	UNKNOWN STEP	2026-09-13T20:18:20.0742018Z Working directory is '/home/runner/work/keepling/keepling'
phase2-server	UNKNOWN STEP	2026-09-13T20:18:20.0744076Z [command]/usr/bin/git version
phase2-server	UNKNOWN STEP	2026-09-13T20:18:20.0793109Z git version 2.55.0
phase2-server	UNKNOWN STEP	2026-09-13T20:18:20.0812383Z ##[endgroup]
phase2-server	UNKNOWN STEP	2026-09-13T20:18:20.0826152Z Temporarily overriding HOME='/home/runner/work/_temp/a030c22d-aca3-46f5-93a7-6f46434b16ca' before making global git config changes
phase2-server	UNKNOWN STEP	2026-09-13T20:18:20.0828776Z Adding repository directory to the temporary git global config as a safe directory
phase2-server	UNKNOWN STEP	2026-09-13T20:18:20.0831859Z [command]/usr/bin/git config --global --add safe.directory /home/runner/work/keepling/keepling
phase2-server	UNKNOWN STEP	2026-09-13T20:18:20.0875206Z Deleting the contents of '/home/runner/work/keepling/keepling'
phase2-server	UNKNOWN STEP	2026-09-13T20:18:20.0879330Z ##[group]Initializing the repository
phase2-server	UNKNOWN STEP	2026-09-13T20:18:20.0883564Z [command]/usr/bin/git init /home/runner/work/keepling/keepling
phase2-server	UNKNOWN STEP	2026-09-13T20:18:20.0974596Z hint: Using 'master' as the name for the initial branch. This default branch name
phase2-server	UNKNOWN STEP	2026-09-13T20:18:20.0977280Z hint: will change to "main" in Git 3.0. To configure the initial branch name
phase2-server	UNKNOWN STEP	2026-09-13T20:18:20.0979584Z hint: to use in all of your new repositories, which will suppress this warning,
phase2-server	UNKNOWN STEP	2026-09-13T20:18:20.0982093Z hint: call:
phase2-server	UNKNOWN STEP	2026-09-13T20:18:20.0983446Z hint:
phase2-server	UNKNOWN STEP	2026-09-13T20:18:20.0984866Z hint: 	git config --global init.defaultBranch <name>
phase2-server	UNKNOWN STEP	2026-09-13T20:18:20.0986231Z hint:
phase2-server	UNKNOWN STEP	2026-09-13T20:18:20.0987618Z hint: Names commonly chosen instead of 'master' are 'main', 'trunk' and
phase2-server	UNKNOWN STEP	2026-09-13T20:18:20.0989398Z hint: 'development'. The just-created branch can be renamed via this command:
phase2-server	UNKNOWN STEP	2026-09-13T20:18:20.0990961Z hint:
phase2-server	UNKNOWN STEP	2026-09-13T20:18:20.0991934Z hint: 	git branch -m <name>
phase2-server	UNKNOWN STEP	2026-09-13T20:18:20.0993035Z hint:
phase2-server	UNKNOWN STEP	2026-09-13T20:18:20.0994268Z hint: Disable this message with "git config set advice.defaultBranchName false"
phase2-server	UNKNOWN STEP	2026-09-13T20:18:20.0996197Z Initialized empty Git repository in /home/runner/work/keepling/keepling/.git/
phase2-server	UNKNOWN STEP	2026-09-13T20:18:20.0999468Z [command]/usr/bin/git remote add origin https://github.com/szTheory/keepling
phase2-server	UNKNOWN STEP	2026-09-13T20:18:20.1031102Z ##[endgroup]
phase2-server	UNKNOWN STEP	2026-09-13T20:18:20.1032751Z ##[group]Disabling automatic garbage collection
phase2-server	UNKNOWN STEP	2026-09-13T20:18:20.1034623Z [command]/usr/bin/git config --local gc.auto 0
phase2-server	UNKNOWN STEP	2026-09-13T20:18:20.1061670Z ##[endgroup]
phase2-server	UNKNOWN STEP	2026-09-13T20:18:20.1063168Z ##[group]Setting up auth
phase2-server	UNKNOWN STEP	2026-09-13T20:18:20.1068312Z [command]/usr/bin/git config --local --name-only --get-regexp core\.sshCommand
phase2-server	UNKNOWN STEP	2026-09-13T20:18:20.1095881Z [command]/usr/bin/git submodule foreach --recursive sh -c "git config --local --name-only --get-regexp 'core\.sshCommand' && git config --local --unset-all 'core.sshCommand' || :"
phase2-server	UNKNOWN STEP	2026-09-13T20:18:20.1388085Z [command]/usr/bin/git config --local --name-only --get-regexp http\.https\:\/\/github\.com\/\.extraheader
phase2-server	UNKNOWN STEP	2026-09-13T20:18:20.1416877Z [command]/usr/bin/git submodule foreach --recursive sh -c "git config --local --name-only --get-regexp 'http\.https\:\/\/github\.com\/\.extraheader' && git config --local --unset-all 'http.https://github.com/.extraheader' || :"
phase2-server	UNKNOWN STEP	2026-09-13T20:18:20.1595558Z [command]/usr/bin/git config --local --name-only --get-regexp ^includeIf\.gitdir:
phase2-server	UNKNOWN STEP	2026-09-13T20:18:20.1622241Z [command]/usr/bin/git submodule foreach --recursive git config --local --show-origin --name-only --get-regexp remote.origin.url
phase2-server	UNKNOWN STEP	2026-09-13T20:18:20.1796950Z [command]/usr/bin/git config --local http.https://github.com/.extraheader AUTHORIZATION: basic ***
phase2-server	UNKNOWN STEP	2026-09-13T20:18:20.1829931Z ##[endgroup]
phase2-server	UNKNOWN STEP	2026-09-13T20:18:20.1831728Z ##[group]Fetching the repository
phase2-server	UNKNOWN STEP	2026-09-13T20:18:20.1839447Z [command]/usr/bin/git -c protocol.version=2 fetch --no-tags --prune --no-recurse-submodules --depth=1 origin +069df06570f7bc65ccb646935fd637dcc83bbd9c:refs/remotes/origin/main
phase2-server	UNKNOWN STEP	2026-09-13T20:18:21.9968080Z From https://github.com/szTheory/keepling
phase2-server	UNKNOWN STEP	2026-09-13T20:18:21.9968939Z  * [new ref]         069df06570f7bc65ccb646935fd637dcc83bbd9c -> origin/main
phase2-server	UNKNOWN STEP	2026-09-13T20:18:21.9972146Z ##[endgroup]
phase2-server	UNKNOWN STEP	2026-09-13T20:18:21.9979819Z ##[group]Determining the checkout info
phase2-server	UNKNOWN STEP	2026-09-13T20:18:21.9980632Z ##[endgroup]
phase2-server	UNKNOWN STEP	2026-09-13T20:18:21.9981266Z [command]/usr/bin/git sparse-checkout disable
phase2-server	UNKNOWN STEP	2026-09-13T20:18:22.0022569Z [command]/usr/bin/git config --local --unset-all extensions.worktreeConfig
phase2-server	UNKNOWN STEP	2026-09-13T20:18:22.0046710Z ##[group]Checking out the ref
phase2-server	UNKNOWN STEP	2026-09-13T20:18:22.0050580Z [command]/usr/bin/git checkout --progress --force -B main refs/remotes/origin/main
phase2-server	UNKNOWN STEP	2026-09-13T20:18:22.1238032Z Switched to a new branch 'main'
phase2-server	UNKNOWN STEP	2026-09-13T20:18:22.1241350Z branch 'main' set up to track 'origin/main'.
phase2-server	UNKNOWN STEP	2026-09-13T20:18:22.1251625Z ##[endgroup]
phase2-server	UNKNOWN STEP	2026-09-13T20:18:22.1289176Z [command]/usr/bin/git log -1 --format=%H
phase2-server	UNKNOWN STEP	2026-09-13T20:18:22.1310466Z 069df06570f7bc65ccb646935fd637dcc83bbd9c
phase2-server	UNKNOWN STEP	2026-09-13T20:18:22.1559376Z Node 20 is being deprecated. This workflow is running with Node 24 by default. If you need to temporarily use Node 20, you can set the ACTIONS_ALLOW_USE_UNSECURE_NODE_VERSION=true environment variable. For more information see: https://github.blog/changelog/2025-09-19-deprecation-of-node-20-on-github-actions-runners/
phase2-server	UNKNOWN STEP	2026-09-13T20:18:22.1561759Z ##[group]Run actions/setup-node@49933ea5288caeca8642d1e84afbd3f7d6820020
phase2-server	UNKNOWN STEP	2026-09-13T20:18:22.1562154Z with:
phase2-server	UNKNOWN STEP	2026-09-13T20:18:22.1562392Z   node-version: 24.7.0
phase2-server	UNKNOWN STEP	2026-09-13T20:18:22.1562654Z   always-auth: false
phase2-server	UNKNOWN STEP	2026-09-13T20:18:22.1562928Z   check-latest: false
phase2-server	UNKNOWN STEP	2026-09-13T20:18:22.1565609Z   token: ***
phase2-server	UNKNOWN STEP	2026-09-13T20:18:22.1565855Z env:
phase2-server	UNKNOWN STEP	2026-09-13T20:18:22.1566111Z   KEEPLING_PHASE2_SEED: 20260901
phase2-server	UNKNOWN STEP	2026-09-13T20:18:22.1566519Z   KEEPLING_FLAKE_POLICY: no-retry; quarantine-requires-owner-issue-expiry
phase2-server	UNKNOWN STEP	2026-09-13T20:18:22.1566936Z ##[endgroup]
phase2-server	UNKNOWN STEP	2026-09-13T20:18:22.2935299Z Attempting to download 24.7.0...
phase2-server	UNKNOWN STEP	2026-09-13T20:18:22.3038624Z (node:2174) [DEP0040] DeprecationWarning: The `punycode` module is deprecated. Please use a userland alternative instead.
phase2-server	UNKNOWN STEP	2026-09-13T20:18:22.3039596Z (Use `node --trace-deprecation ...` to show where the warning was created)
phase2-server	UNKNOWN STEP	2026-09-13T20:18:23.3476980Z Acquiring 24.7.0 - x64 from https://github.com/actions/node-versions/releases/download/24.7.0-17283839804/node-24.7.0-linux-x64.tar.gz
phase2-server	UNKNOWN STEP	2026-09-13T20:18:23.9361022Z Extracting ...
phase2-server	UNKNOWN STEP	2026-09-13T20:18:23.9467717Z [command]/usr/bin/tar xz --strip 1 --warning=no-unknown-keyword --overwrite -C /home/runner/work/_temp/97651fe6-9bb0-4fb1-88c0-89d4d6d2fe2d -f /home/runner/work/_temp/9e9899dd-2609-4aea-ba9f-559942a7840a
phase2-server	UNKNOWN STEP	2026-09-13T20:18:25.1456859Z Adding to the cache ...
phase2-server	UNKNOWN STEP	2026-09-13T20:18:26.5589034Z ##[group]Environment details
phase2-server	UNKNOWN STEP	2026-09-13T20:18:26.7764654Z node: v24.7.0
phase2-server	UNKNOWN STEP	2026-09-13T20:18:26.7765056Z npm: 11.5.1
phase2-server	UNKNOWN STEP	2026-09-13T20:18:26.7765376Z yarn: 1.22.22
phase2-server	UNKNOWN STEP	2026-09-13T20:18:26.7766203Z ##[endgroup]
phase2-server	UNKNOWN STEP	2026-09-13T20:18:26.8494453Z Node 20 is being deprecated. This workflow is running with Node 24 by default. If you need to temporarily use Node 20, you can set the ACTIONS_ALLOW_USE_UNSECURE_NODE_VERSION=true environment variable. For more information see: https://github.blog/changelog/2025-09-19-deprecation-of-node-20-on-github-actions-runners/
phase2-server	UNKNOWN STEP	2026-09-13T20:18:26.8495689Z ##[group]Run actions/cache@0400d5f644dc74513175e3cd8d07132dd4860809
phase2-server	UNKNOWN STEP	2026-09-13T20:18:26.8496016Z with:
phase2-server	UNKNOWN STEP	2026-09-13T20:18:26.8496307Z   path: ~/.asdf/installs
phase2-server	UNKNOWN STEP	apps/server/deps
phase2-server	UNKNOWN STEP	apps/server/_build
phase2-server	UNKNOWN STEP	node_modules
phase2-server	UNKNOWN STEP	
phase2-server	UNKNOWN STEP	2026-09-13T20:18:26.8496865Z   key: phase2-Linux-server-45b3b35ef45f5d65ae586b2b25dfb93049c099ec9870f23270bda4b35fe975d3
phase2-server	UNKNOWN STEP	2026-09-13T20:18:26.8497352Z   enableCrossOsArchive: false
phase2-server	UNKNOWN STEP	2026-09-13T20:18:26.8497598Z   fail-on-cache-miss: false
phase2-server	UNKNOWN STEP	2026-09-13T20:18:26.8497823Z   lookup-only: false
phase2-server	UNKNOWN STEP	2026-09-13T20:18:26.8498026Z   save-always: false
phase2-server	UNKNOWN STEP	2026-09-13T20:18:26.8498224Z env:
phase2-server	UNKNOWN STEP	2026-09-13T20:18:26.8498410Z   KEEPLING_PHASE2_SEED: 20260901
phase2-server	UNKNOWN STEP	2026-09-13T20:18:26.8498798Z   KEEPLING_FLAKE_POLICY: no-retry; quarantine-requires-owner-issue-expiry
phase2-server	UNKNOWN STEP	2026-09-13T20:18:26.8499156Z ##[endgroup]
phase2-server	UNKNOWN STEP	2026-09-13T20:18:26.9528507Z (node:2223) [DEP0040] DeprecationWarning: The `punycode` module is deprecated. Please use a userland alternative instead.
phase2-server	UNKNOWN STEP	2026-09-13T20:18:26.9529607Z (Use `node --trace-deprecation ...` to show where the warning was created)
phase2-server	UNKNOWN STEP	2026-09-13T20:18:27.1665630Z Cache hit for: phase2-Linux-server-45b3b35ef45f5d65ae586b2b25dfb93049c099ec9870f23270bda4b35fe975d3
phase2-server	UNKNOWN STEP	2026-09-13T20:18:27.1770368Z (node:2223) [DEP0169] DeprecationWarning: `url.parse()` behavior is not standardized and prone to errors that have security implications. Use the WHATWG URL API instead. CVEs are not issued for `url.parse()` vulnerabilities.
phase2-server	UNKNOWN STEP	2026-09-13T20:18:28.4252353Z Received 29360128 of 172382243 (17.0%), 28.0 MBs/sec
phase2-server	UNKNOWN STEP	2026-09-13T20:18:29.4276100Z Received 163577856 of 172382243 (94.9%), 78.0 MBs/sec
phase2-server	UNKNOWN STEP	2026-09-13T20:18:29.5209683Z Received 172382243 of 172382243 (100.0%), 78.3 MBs/sec
phase2-server	UNKNOWN STEP	2026-09-13T20:18:29.5212933Z Cache Size: ~164 MB (172382243 B)
phase2-server	UNKNOWN STEP	2026-09-13T20:18:29.5294686Z [command]/usr/bin/tar -xf /home/runner/work/_temp/4038452e-7c8b-4174-ad97-29dc7273049a/cache.tzst -P -C /home/runner/work/keepling/keepling --use-compress-program unzstd
phase2-server	UNKNOWN STEP	2026-09-13T20:18:30.8516606Z Cache restored successfully
phase2-server	UNKNOWN STEP	2026-09-13T20:18:31.0940919Z Cache restored from key: phase2-Linux-server-45b3b35ef45f5d65ae586b2b25dfb93049c099ec9870f23270bda4b35fe975d3
phase2-server	UNKNOWN STEP	2026-09-13T20:18:31.1059659Z ##[group]Run set -eu
phase2-server	UNKNOWN STEP	2026-09-13T20:18:31.1060028Z ^[[36;1mset -eu^[[0m
phase2-server	UNKNOWN STEP	2026-09-13T20:18:31.1060342Z ^[[36;1m# The cache step above restores ~/.asdf/installs, which CREATES^[[0m
phase2-server	UNKNOWN STEP	2026-09-13T20:18:31.1061161Z ^[[36;1m# $HOME/.asdf before this step runs. An unconditional clone then dies^[[0m
phase2-server	UNKNOWN STEP	2026-09-13T20:18:31.1061618Z ^[[36;1m# with "destination path already exists and is not an empty^[[0m
phase2-server	UNKNOWN STEP	2026-09-13T20:18:31.1062058Z ^[[36;1m# directory" (exit 128) and the lane never reaches any project code.^[[0m
phase2-server	UNKNOWN STEP	2026-09-13T20:18:31.1062502Z ^[[36;1m# Clone into a scratch directory and move only the parts that are^[[0m
phase2-server	UNKNOWN STEP	2026-09-13T20:18:31.1062968Z ^[[36;1m# missing, so a restored cache and a cold runner both end up with the^[[0m
phase2-server	UNKNOWN STEP	2026-09-13T20:18:31.1063322Z ^[[36;1m# same tree.^[[0m
phase2-server	UNKNOWN STEP	2026-09-13T20:18:31.1063566Z ^[[36;1mif [ ! -d "$HOME/.asdf/.git" ]; then^[[0m
phase2-server	UNKNOWN STEP	2026-09-13T20:18:31.1063854Z ^[[36;1m  scratch="$(mktemp -d)"^[[0m
phase2-server	UNKNOWN STEP	2026-09-13T20:18:31.1064322Z ^[[36;1m  git clone https://github.com/asdf-vm/asdf.git "$scratch/asdf" --branch v0.14.1^[[0m
phase2-server	UNKNOWN STEP	2026-09-13T20:18:31.1064741Z ^[[36;1m  mkdir -p "$HOME/.asdf"^[[0m
phase2-server	UNKNOWN STEP	2026-09-13T20:18:31.1065069Z ^[[36;1m  # `cp -R src/. dst` merges into an existing directory instead of^[[0m
phase2-server	UNKNOWN STEP	2026-09-13T20:18:31.1065484Z ^[[36;1m  # nesting, which is what the restored-cache case needs.^[[0m
phase2-server	UNKNOWN STEP	2026-09-13T20:18:31.1065856Z ^[[36;1m  cp -R "$scratch/asdf/." "$HOME/.asdf/"^[[0m
phase2-server	UNKNOWN STEP	2026-09-13T20:18:31.1066149Z ^[[36;1m  rm -rf "$scratch"^[[0m
phase2-server	UNKNOWN STEP	2026-09-13T20:18:31.1066377Z ^[[36;1mfi^[[0m
phase2-server	UNKNOWN STEP	2026-09-13T20:18:31.1066596Z ^[[36;1mecho "$HOME/.asdf/bin" >> "$GITHUB_PATH"^[[0m
phase2-server	UNKNOWN STEP	2026-09-13T20:18:31.1066914Z ^[[36;1mecho "$HOME/.asdf/shims" >> "$GITHUB_PATH"^[[0m
phase2-server	UNKNOWN STEP	2026-09-13T20:18:31.1092336Z shell: /usr/bin/bash -e {0}
phase2-server	UNKNOWN STEP	2026-09-13T20:18:31.1092605Z env:
phase2-server	UNKNOWN STEP	2026-09-13T20:18:31.1092819Z   KEEPLING_PHASE2_SEED: 20260901
phase2-server	UNKNOWN STEP	2026-09-13T20:18:31.1093196Z   KEEPLING_FLAKE_POLICY: no-retry; quarantine-requires-owner-issue-expiry
phase2-server	UNKNOWN STEP	2026-09-13T20:18:31.1093573Z ##[endgroup]
phase2-server	UNKNOWN STEP	2026-09-13T20:18:31.1181717Z Cloning into '/tmp/tmp.xL0NzKJYEY/asdf'...
phase2-server	UNKNOWN STEP	2026-09-13T20:18:32.5440872Z Note: switching to 'f00f759f3d8d405468d0071310a91b8f5a9c3798'.
phase2-server	UNKNOWN STEP	2026-09-13T20:18:32.5441448Z 
phase2-server	UNKNOWN STEP	2026-09-13T20:18:32.5441969Z You are in 'detached HEAD' state. You can look around, make experimental
phase2-server	UNKNOWN STEP	2026-09-13T20:18:32.5442991Z changes and commit them, and you can discard any commits you make in this
phase2-server	UNKNOWN STEP	2026-09-13T20:18:32.5443952Z state without impacting any branches by switching back to a branch.
phase2-server	UNKNOWN STEP	2026-09-13T20:18:32.5444430Z 
phase2-server	UNKNOWN STEP	2026-09-13T20:18:32.5444884Z If you want to create a new branch to retain commits you create, you may
phase2-server	UNKNOWN STEP	2026-09-13T20:18:32.5445750Z do so (now or later) by using -c with the switch command. Example:
phase2-server	UNKNOWN STEP	2026-09-13T20:18:32.5446263Z 
phase2-server	UNKNOWN STEP	2026-09-13T20:18:32.5446510Z   git switch -c <new-branch-name>
phase2-server	UNKNOWN STEP	2026-09-13T20:18:32.5446819Z 
phase2-server	UNKNOWN STEP	2026-09-13T20:18:32.5447042Z Or undo this operation with:
phase2-server	UNKNOWN STEP	2026-09-13T20:18:32.5447323Z 
phase2-server	UNKNOWN STEP	2026-09-13T20:18:32.5447478Z   git switch -
phase2-server	UNKNOWN STEP	2026-09-13T20:18:32.5447697Z 
phase2-server	UNKNOWN STEP	2026-09-13T20:18:32.5448239Z Turn off this advice by setting config variable advice.detachedHead to false
phase2-server	UNKNOWN STEP	2026-09-13T20:18:32.5448770Z 
phase2-server	UNKNOWN STEP	2026-09-13T20:18:32.5715617Z ##[group]Run ./tooling/runtime-preflight.sh --provision
phase2-server	UNKNOWN STEP	2026-09-13T20:18:32.5716056Z ^[[36;1m./tooling/runtime-preflight.sh --provision^[[0m
phase2-server	UNKNOWN STEP	2026-09-13T20:18:32.5716485Z ^[[36;1mcorepack enable^[[0m
phase2-server	UNKNOWN STEP	2026-09-13T20:18:32.5716760Z ^[[36;1mpnpm install --frozen-lockfile^[[0m
phase2-server	UNKNOWN STEP	2026-09-13T20:18:32.5717215Z ^[[36;1m./tooling/runtime-preflight.sh --exec -- sh -c 'cd apps/server && mix deps.get --check-locked'^[[0m
phase2-server	UNKNOWN STEP	2026-09-13T20:18:32.5739158Z shell: /usr/bin/bash -e {0}
phase2-server	UNKNOWN STEP	2026-09-13T20:18:32.5739427Z env:
phase2-server	UNKNOWN STEP	2026-09-13T20:18:32.5739633Z   KEEPLING_PHASE2_SEED: 20260901
phase2-server	UNKNOWN STEP	2026-09-13T20:18:32.5740002Z   KEEPLING_FLAKE_POLICY: no-retry; quarantine-requires-owner-issue-expiry
phase2-server	UNKNOWN STEP	2026-09-13T20:18:32.5740381Z ##[endgroup]
phase2-server	UNKNOWN STEP	2026-09-13T20:18:32.6276299Z Cloning into '/home/runner/.asdf/repository'...
phase2-server	UNKNOWN STEP	2026-09-13T20:18:36.6845763Z initializing plugin repository...erlang 29.0.5 is already installed
phase2-server	UNKNOWN STEP	2026-09-13T20:18:36.7162424Z elixir 1.20.2-otp-29 is already installed
phase2-server	UNKNOWN STEP	2026-09-13T20:18:37.4497489Z Get:1 file:/etc/apt/apt-mirrors.txt Mirrorlist [144 B]
phase2-server	UNKNOWN STEP	2026-09-13T20:18:37.4684110Z Get:6 https://packages.microsoft.com/ubuntu/24.04/prod noble InRelease [3600 B]
phase2-server	UNKNOWN STEP	2026-09-13T20:18:37.4802403Z Hit:2 http://azure.archive.ubuntu.com/ubuntu noble InRelease
phase2-server	UNKNOWN STEP	2026-09-13T20:18:37.4823746Z Get:3 http://azure.archive.ubuntu.com/ubuntu noble-updates InRelease [126 kB]
phase2-server	UNKNOWN STEP	2026-09-13T20:18:37.4878968Z Get:4 http://azure.archive.ubuntu.com/ubuntu noble-backports InRelease [126 kB]
phase2-server	UNKNOWN STEP	2026-09-13T20:18:37.4891360Z Get:5 http://azure.archive.ubuntu.com/ubuntu noble-security InRelease [126 kB]
phase2-server	UNKNOWN STEP	2026-09-13T20:18:37.5346393Z Get:7 https://apt.postgresql.org/pub/repos/apt noble-pgdg InRelease [189 kB]
phase2-server	UNKNOWN STEP	2026-09-13T20:18:37.5472322Z Get:8 https://packages.microsoft.com/ubuntu/24.04/prod noble/main arm64 Packages [414 kB]
phase2-server	UNKNOWN STEP	2026-09-13T20:18:37.5612885Z Get:9 https://packages.microsoft.com/ubuntu/24.04/prod noble/main amd64 Packages [463 kB]
phase2-server	UNKNOWN STEP	2026-09-13T20:18:37.5844410Z Get:10 https://dl.google.com/linux/chrome-stable/deb stable InRelease [2548 B]
phase2-server	UNKNOWN STEP	2026-09-13T20:18:37.6326382Z Get:11 http://azure.archive.ubuntu.com/ubuntu noble-updates/main amd64 Packages [1263 kB]
phase2-server	UNKNOWN STEP	2026-09-13T20:18:37.6392687Z Get:12 http://azure.archive.ubuntu.com/ubuntu noble-updates/main Translation-en [292 kB]
phase2-server	UNKNOWN STEP	2026-09-13T20:18:37.6416636Z Get:13 http://azure.archive.ubuntu.com/ubuntu noble-updates/main amd64 Components [181 kB]
phase2-server	UNKNOWN STEP	2026-09-13T20:18:37.6435131Z Get:14 http://azure.archive.ubuntu.com/ubuntu noble-updates/universe amd64 Packages [1690 kB]
phase2-server	UNKNOWN STEP	2026-09-13T20:18:37.6521868Z Get:15 http://azure.archive.ubuntu.com/ubuntu noble-updates/universe amd64 Components [388 kB]
phase2-server	UNKNOWN STEP	2026-09-13T20:18:37.6547023Z Get:16 http://azure.archive.ubuntu.com/ubuntu noble-updates/restricted amd64 Packages [1544 kB]
phase2-server	UNKNOWN STEP	2026-09-13T20:18:37.6623758Z Get:17 http://azure.archive.ubuntu.com/ubuntu noble-updates/restricted Translation-en [354 kB]
phase2-server	UNKNOWN STEP	2026-09-13T20:18:37.6648671Z Get:18 http://azure.archive.ubuntu.com/ubuntu noble-updates/multiverse amd64 Components [940 B]
phase2-server	UNKNOWN STEP	2026-09-13T20:18:37.6796030Z Get:19 http://azure.archive.ubuntu.com/ubuntu noble-backports/main amd64 Components [5772 B]
phase2-server	UNKNOWN STEP	2026-09-13T20:18:37.6806866Z Get:20 http://azure.archive.ubuntu.com/ubuntu noble-backports/universe amd64 Components [12.6 kB]
phase2-server	UNKNOWN STEP	2026-09-13T20:18:37.7615025Z Get:21 http://azure.archive.ubuntu.com/ubuntu noble-security/main amd64 Packages [1006 kB]
phase2-server	UNKNOWN STEP	2026-09-13T20:18:37.7665647Z Get:22 http://azure.archive.ubuntu.com/ubuntu noble-security/main Translation-en [213 kB]
phase2-server	UNKNOWN STEP	2026-09-13T20:18:37.7684525Z Get:23 http://azure.archive.ubuntu.com/ubuntu noble-security/main amd64 Components [46.4 kB]
phase2-server	UNKNOWN STEP	2026-09-13T20:18:37.7695336Z Get:24 http://azure.archive.ubuntu.com/ubuntu noble-security/universe amd64 Packages [1206 kB]
phase2-server	UNKNOWN STEP	2026-09-13T20:18:37.7763713Z Get:25 http://azure.archive.ubuntu.com/ubuntu noble-security/universe amd64 Components [76.3 kB]
phase2-server	UNKNOWN STEP	2026-09-13T20:18:37.7772046Z Get:26 http://azure.archive.ubuntu.com/ubuntu noble-security/restricted amd64 Packages [1445 kB]
phase2-server	UNKNOWN STEP	2026-09-13T20:18:37.7792349Z Get:28 https://apt.postgresql.org/pub/repos/apt noble-pgdg/main amd64 Packages [825 kB]
phase2-server	UNKNOWN STEP	2026-09-13T20:18:37.7852673Z Get:27 http://azure.archive.ubuntu.com/ubuntu noble-security/restricted Translation-en [336 kB]
phase2-server	UNKNOWN STEP	2026-09-13T20:18:37.8792334Z Get:29 https://dl.google.com/linux/chrome-stable/deb stable/main amd64 Packages [1413 B]
phase2-server	UNKNOWN STEP	2026-09-13T20:18:42.1647754Z Fetched 12.3 MB in 1s (8857 kB/s)
phase2-server	UNKNOWN STEP	2026-09-13T20:18:43.0346478Z Reading package lists...
phase2-server	UNKNOWN STEP	2026-09-13T20:18:43.0672412Z Reading package lists...
phase2-server	UNKNOWN STEP	2026-09-13T20:18:43.2627167Z Building dependency tree...
phase2-server	UNKNOWN STEP	2026-09-13T20:18:43.2634189Z Reading state information...
phase2-server	UNKNOWN STEP	2026-09-13T20:18:43.4189202Z The following additional packages will be installed:
phase2-server	UNKNOWN STEP	2026-09-13T20:18:43.4192346Z   liburing2 postgresql-18-jit postgresql-client-18
phase2-server	UNKNOWN STEP	2026-09-13T20:18:43.4199078Z Suggested packages:
phase2-server	UNKNOWN STEP	2026-09-13T20:18:43.4199415Z   postgresql-doc-18
phase2-server	UNKNOWN STEP	2026-09-13T20:18:43.4422321Z The following NEW packages will be installed:
phase2-server	UNKNOWN STEP	2026-09-13T20:18:43.4426356Z   liburing2 postgresql-18 postgresql-18-jit postgresql-client-18
phase2-server	UNKNOWN STEP	2026-09-13T20:18:43.4626651Z 0 upgraded, 4 newly installed, 0 to remove and 50 not upgraded.
phase2-server	UNKNOWN STEP	2026-09-13T20:18:43.4627106Z Need to get 19.6 MB of archives.
phase2-server	UNKNOWN STEP	2026-09-13T20:18:43.4627516Z After this operation, 71.9 MB of additional disk space will be used.
phase2-server	UNKNOWN STEP	2026-09-13T20:18:43.5256249Z Get:1 file:/etc/apt/apt-mirrors.txt Mirrorlist [144 B]
phase2-server	UNKNOWN STEP	2026-09-13T20:18:43.5256921Z Get:2 http://azure.archive.ubuntu.com/ubuntu noble/main amd64 liburing2 amd64 2.5-1build1 [21.1 kB]
phase2-server	UNKNOWN STEP	2026-09-13T20:18:43.5343735Z Get:3 https://apt.postgresql.org/pub/repos/apt noble-pgdg/main amd64 postgresql-client-18 amd64 18.6-1.pgdg24.04+2 [2114 kB]
phase2-server	UNKNOWN STEP	2026-09-13T20:18:43.6127002Z Get:4 https://apt.postgresql.org/pub/repos/apt noble-pgdg/main amd64 postgresql-18 amd64 18.6-1.pgdg24.04+2 [7577 kB]
phase2-server	UNKNOWN STEP	2026-09-13T20:18:43.6744983Z Get:5 https://apt.postgresql.org/pub/repos/apt noble-pgdg/main amd64 postgresql-18-jit amd64 18.6-1.pgdg24.04+2 [9924 kB]
phase2-server	UNKNOWN STEP	2026-09-13T20:18:43.9558806Z Preconfiguring packages ...
phase2-server	UNKNOWN STEP	2026-09-13T20:18:43.9954316Z Fetched 19.6 MB in 0s (69.4 MB/s)
phase2-server	UNKNOWN STEP	2026-09-13T20:18:44.0161489Z Selecting previously unselected package liburing2:amd64.
phase2-server	UNKNOWN STEP	2026-09-13T20:18:44.0364360Z (Reading database ... 
phase2-server	UNKNOWN STEP	2026-09-13T20:18:44.0364717Z (Reading database ... 5%
phase2-server	UNKNOWN STEP	2026-09-13T20:18:44.0365009Z (Reading database ... 10%
phase2-server	UNKNOWN STEP	2026-09-13T20:18:44.0365262Z (Reading database ... 15%
phase2-server	UNKNOWN STEP	2026-09-13T20:18:44.0368349Z (Reading database ... 20%
phase2-server	UNKNOWN STEP	2026-09-13T20:18:44.0368618Z (Reading database ... 25%
phase2-server	UNKNOWN STEP	2026-09-13T20:18:44.0368863Z (Reading database ... 30%
phase2-server	UNKNOWN STEP	2026-09-13T20:18:44.0369104Z (Reading database ... 35%
phase2-server	UNKNOWN STEP	2026-09-13T20:18:44.0369348Z (Reading database ... 40%
phase2-server	UNKNOWN STEP	2026-09-13T20:18:44.0369582Z (Reading database ... 45%
phase2-server	UNKNOWN STEP	2026-09-13T20:18:44.0369819Z (Reading database ... 50%
phase2-server	UNKNOWN STEP	2026-09-13T20:18:44.0403819Z (Reading database ... 55%
phase2-server	UNKNOWN STEP	2026-09-13T20:18:44.1971048Z (Reading database ... 60%
phase2-server	UNKNOWN STEP	2026-09-13T20:18:44.3385650Z (Reading database ... 65%
phase2-server	UNKNOWN STEP	2026-09-13T20:18:44.5445091Z (Reading database ... 70%
phase2-server	UNKNOWN STEP	2026-09-13T20:18:44.6824670Z (Reading database ... 75%
phase2-server	UNKNOWN STEP	2026-09-13T20:18:44.8567488Z (Reading database ... 80%
phase2-server	UNKNOWN STEP	2026-09-13T20:18:44.9865797Z (Reading database ... 85%
phase2-server	UNKNOWN STEP	2026-09-13T20:18:45.1418051Z (Reading database ... 90%
phase2-server	UNKNOWN STEP	2026-09-13T20:18:45.2905527Z (Reading database ... 95%
phase2-server	UNKNOWN STEP	2026-09-13T20:18:45.2906134Z (Reading database ... 100%
phase2-server	UNKNOWN STEP	2026-09-13T20:18:45.2906878Z (Reading database ... 201818 files and directories currently installed.)
phase2-server	UNKNOWN STEP	2026-09-13T20:18:45.2947843Z Preparing to unpack .../liburing2_2.5-1build1_amd64.deb ...
phase2-server	UNKNOWN STEP	2026-09-13T20:18:45.2981409Z Unpacking liburing2:amd64 (2.5-1build1) ...
phase2-server	UNKNOWN STEP	2026-09-13T20:18:45.3154714Z Selecting previously unselected package postgresql-client-18.
phase2-server	UNKNOWN STEP	2026-09-13T20:18:45.3267221Z Preparing to unpack .../postgresql-client-18_18.6-1.pgdg24.04+2_amd64.deb ...
phase2-server	UNKNOWN STEP	2026-09-13T20:18:45.3275757Z Unpacking postgresql-client-18 (18.6-1.pgdg24.04+2) ...
phase2-server	UNKNOWN STEP	2026-09-13T20:18:45.5001934Z Selecting previously unselected package postgresql-18.
phase2-server	UNKNOWN STEP	2026-09-13T20:18:45.5116947Z Preparing to unpack .../postgresql-18_18.6-1.pgdg24.04+2_amd64.deb ...
phase2-server	UNKNOWN STEP	2026-09-13T20:18:45.5149905Z Unpacking postgresql-18 (18.6-1.pgdg24.04+2) ...
phase2-server	UNKNOWN STEP	2026-09-13T20:18:45.9847263Z Selecting previously unselected package postgresql-18-jit.
phase2-server	UNKNOWN STEP	2026-09-13T20:18:45.9965566Z Preparing to unpack .../postgresql-18-jit_18.6-1.pgdg24.04+2_amd64.deb ...
phase2-server	UNKNOWN STEP	2026-09-13T20:18:45.9972969Z Unpacking postgresql-18-jit (18.6-1.pgdg24.04+2) ...
phase2-server	UNKNOWN STEP	2026-09-13T20:18:46.6466081Z Setting up postgresql-client-18 (18.6-1.pgdg24.04+2) ...
phase2-server	UNKNOWN STEP	2026-09-13T20:18:46.9392419Z update-alternatives: using /usr/share/postgresql/18/man/man1/psql.1.gz to provide /usr/share/man/man1/psql.1.gz (psql.1.gz) in auto mode
phase2-server	UNKNOWN STEP	2026-09-13T20:18:46.9569004Z Setting up liburing2:amd64 (2.5-1build1) ...
phase2-server	UNKNOWN STEP	2026-09-13T20:18:46.9586322Z Setting up postgresql-18 (18.6-1.pgdg24.04+2) ...
phase2-server	UNKNOWN STEP	2026-09-13T20:18:47.6936255Z Setting up postgresql-18-jit (18.6-1.pgdg24.04+2) ...
phase2-server	UNKNOWN STEP	2026-09-13T20:18:47.6957494Z Processing triggers for libc-bin (2.39-0ubuntu8.8) ...
phase2-server	UNKNOWN STEP	2026-09-13T20:18:47.7213886Z Processing triggers for postgresql-common (293.pgdg24.04+1) ...
phase2-server	UNKNOWN STEP	2026-09-13T20:18:47.8257467Z Building PostgreSQL dictionaries from installed myspell/hunspell packages...
phase2-server	UNKNOWN STEP	2026-09-13T20:18:47.8263725Z   en_us
phase2-server	UNKNOWN STEP	2026-09-13T20:18:48.1465096Z Removing obsolete dictionary files:
phase2-server	UNKNOWN STEP	2026-09-13T20:18:48.7058389Z 
phase2-server	UNKNOWN STEP	2026-09-13T20:18:48.7059084Z Running kernel seems to be up-to-date.
phase2-server	UNKNOWN STEP	2026-09-13T20:18:48.7059501Z 
phase2-server	UNKNOWN STEP	2026-09-13T20:18:48.7059757Z No services need to be restarted.
phase2-server	UNKNOWN STEP	2026-09-13T20:18:48.7060055Z 
phase2-server	UNKNOWN STEP	2026-09-13T20:18:48.7060304Z No containers need to be restarted.
phase2-server	UNKNOWN STEP	2026-09-13T20:18:48.7060611Z 
phase2-server	UNKNOWN STEP	2026-09-13T20:18:48.7061001Z No user sessions are running outdated binaries.
phase2-server	UNKNOWN STEP	2026-09-13T20:18:48.7061268Z 
phase2-server	UNKNOWN STEP	2026-09-13T20:18:48.7061542Z No VM guests are running outdated hypervisor (qemu) binaries on this host.
phase2-server	UNKNOWN STEP	2026-09-13T20:18:50.0653472Z Runtime preflight passed: Elixir 1.20.2, OTP 29.0.5, PostgreSQL 18.6
phase2-server	UNKNOWN STEP	2026-09-13T20:18:50.1895111Z ! Corepack is about to download https://registry.npmjs.org/pnpm/-/pnpm-10.33.0.tgz
phase2-server	UNKNOWN STEP	2026-09-13T20:18:51.0734872Z Scope: all 4 workspace projects
phase2-server	UNKNOWN STEP	2026-09-13T20:18:51.1726942Z Lockfile is up to date, resolution step is skipped
phase2-server	UNKNOWN STEP	2026-09-13T20:18:51.7310309Z Progress: resolved 0, reused 0, downloaded 1, added 0
phase2-server	UNKNOWN STEP	2026-09-13T20:18:52.1476574Z Packages: +2 -47
phase2-server	UNKNOWN STEP	2026-09-13T20:18:52.1477152Z ++-----------------------------------------------
phase2-server	UNKNOWN STEP	2026-09-13T20:18:52.7322409Z Progress: resolved 0, reused 0, downloaded 6, added 0
phase2-server	UNKNOWN STEP	2026-09-13T20:18:53.7316466Z Progress: resolved 0, reused 0, downloaded 36, added 0
phase2-server	UNKNOWN STEP	2026-09-13T20:18:54.0864580Z Progress: resolved 0, reused 0, downloaded 48, added 2, done
phase2-server	UNKNOWN STEP	2026-09-13T20:18:54.2512290Z 
phase2-server	UNKNOWN STEP	2026-09-13T20:18:54.3440160Z Done in 3.6s using pnpm v10.33.0
phase2-server	UNKNOWN STEP	2026-09-13T20:18:54.7913848Z Runtime preflight passed: Elixir 1.20.2, OTP 29.0.5, PostgreSQL 18.6
phase2-server	UNKNOWN STEP	2026-09-13T20:18:55.6001865Z * creating /home/runner/.mix/archives/hex-2.5.1
phase2-server	UNKNOWN STEP	2026-09-13T20:18:56.0699694Z Resolving Hex dependencies...
phase2-server	UNKNOWN STEP	2026-09-13T20:18:56.1987327Z Resolution completed in 0.127s
phase2-server	UNKNOWN STEP	2026-09-13T20:18:56.2238807Z Unchanged:
phase2-server	UNKNOWN STEP	2026-09-13T20:18:56.2239564Z   argon2_elixir 4.1.3
phase2-server	UNKNOWN STEP	2026-09-13T20:18:56.2262479Z   bandit 1.12.5
phase2-server	UNKNOWN STEP	2026-09-13T20:18:56.2263282Z   certifi 2.17.0
phase2-server	UNKNOWN STEP	2026-09-13T20:18:56.2263862Z   comeonin 5.5.1
phase2-server	UNKNOWN STEP	2026-09-13T20:18:56.2264449Z   db_connection 2.10.2
phase2-server	UNKNOWN STEP	2026-09-13T20:18:56.2265007Z   decimal 3.1.1
phase2-server	UNKNOWN STEP	2026-09-13T20:18:56.2265548Z   dns_cluster 0.2.0
phase2-server	UNKNOWN STEP	2026-09-13T20:18:56.2266075Z   ecto 3.14.2
phase2-server	UNKNOWN STEP	2026-09-13T20:18:56.2266587Z   ecto_sql 3.14.0
phase2-server	UNKNOWN STEP	2026-09-13T20:18:56.2267134Z   elixir_make 0.10.0
phase2-server	UNKNOWN STEP	2026-09-13T20:18:56.2267669Z   expo 1.1.1
phase2-server	UNKNOWN STEP	2026-09-13T20:18:56.2268169Z   gettext 1.0.2
phase2-server	UNKNOWN STEP	2026-09-13T20:18:56.2268675Z   h2 0.12.0
phase2-server	UNKNOWN STEP	2026-09-13T20:18:56.2269174Z   hackney 4.7.4
phase2-server	UNKNOWN STEP	2026-09-13T20:18:56.2269636Z   hammer 7.4.1
phase2-server	UNKNOWN STEP	2026-09-13T20:18:56.2270174Z   hex_core 0.15.0
phase2-server	UNKNOWN STEP	2026-09-13T20:18:56.2270676Z   hpax 1.0.4
phase2-server	UNKNOWN STEP	2026-09-13T20:18:56.2271314Z   idna 7.1.0
phase2-server	UNKNOWN STEP	2026-09-13T20:18:56.2271843Z   jason 1.4.5
phase2-server	UNKNOWN STEP	2026-09-13T20:18:56.2272339Z   mime 2.0.7
phase2-server	UNKNOWN STEP	2026-09-13T20:18:56.2272805Z   mimerl 1.5.0
phase2-server	UNKNOWN STEP	2026-09-13T20:18:56.2273362Z   optimus 0.6.1
phase2-server	UNKNOWN STEP	2026-09-13T20:18:56.2274102Z   parse_trans 3.4.2
phase2-server	UNKNOWN STEP	2026-09-13T20:18:56.2274670Z   phoenix 1.8.13
phase2-server	UNKNOWN STEP	2026-09-13T20:18:56.2275236Z   phoenix_ecto 4.7.0
phase2-server	UNKNOWN STEP	2026-09-13T20:18:56.2275850Z   phoenix_pubsub 2.3.0
phase2-server	UNKNOWN STEP	2026-09-13T20:18:56.2276872Z   phoenix_template 1.0.4
phase2-server	UNKNOWN STEP	2026-09-13T20:18:56.2277539Z   plug 1.20.3
phase2-server	UNKNOWN STEP	2026-09-13T20:18:56.2278084Z   plug_crypto 2.2.0
phase2-server	UNKNOWN STEP	2026-09-13T20:18:56.2278641Z   postgrex 0.22.4
phase2-server	UNKNOWN STEP	2026-09-13T20:18:56.2279404Z   protobuf 0.16.1
phase2-server	UNKNOWN STEP	2026-09-13T20:18:56.2280000Z   purl 0.3.0
phase2-server	UNKNOWN STEP	2026-09-13T20:18:56.2280522Z   quic 1.8.2
phase2-server	UNKNOWN STEP	2026-09-13T20:18:56.2281229Z   sbom 0.10.0
phase2-server	UNKNOWN STEP	2026-09-13T20:18:56.2281796Z   ssl_verify_fun 1.1.7
phase2-server	UNKNOWN STEP	2026-09-13T20:18:56.2282386Z   stream_data 1.4.0
phase2-server	UNKNOWN STEP	2026-09-13T20:18:56.2282943Z   telemetry 1.4.2
phase2-server	UNKNOWN STEP	2026-09-13T20:18:56.2283463Z   telemetry_metrics 1.2.0
phase2-server	UNKNOWN STEP	2026-09-13T20:18:56.2284091Z   telemetry_poller 1.3.0
phase2-server	UNKNOWN STEP	2026-09-13T20:18:56.2284671Z   thousand_island 1.5.0
phase2-server	UNKNOWN STEP	2026-09-13T20:18:56.2285338Z   tzdata 1.1.5
phase2-server	UNKNOWN STEP	2026-09-13T20:18:56.2285864Z   websock 0.5.3
phase2-server	UNKNOWN STEP	2026-09-13T20:18:56.2286390Z   websock_adapter 0.6.0
phase2-server	UNKNOWN STEP	2026-09-13T20:18:56.2286952Z   webtransport 0.4.5
phase2-server	UNKNOWN STEP	2026-09-13T20:18:56.3989168Z * creating /home/runner/.mix/elixir/1-20-otp-29/rebar3
phase2-server	UNKNOWN STEP	2026-09-13T20:18:56.4489578Z All dependencies have been fetched
phase2-server	UNKNOWN STEP	2026-09-13T20:18:56.4803666Z ##[group]Run set -o pipefail
phase2-server	UNKNOWN STEP	2026-09-13T20:18:56.4804202Z ^[[36;1mset -o pipefail^[[0m
phase2-server	UNKNOWN STEP	2026-09-13T20:18:56.4804809Z ^[[36;1m./tooling/test-phase-2.sh --lane "server" | tee "$RUNNER_TEMP/server.txt"^[[0m
phase2-server	UNKNOWN STEP	2026-09-13T20:18:56.4805624Z ^[[36;1m./tooling/verify-privacy.sh "$RUNNER_TEMP/server.txt"^[[0m
phase2-server	UNKNOWN STEP	2026-09-13T20:18:56.4838153Z shell: /usr/bin/bash -e {0}
phase2-server	UNKNOWN STEP	2026-09-13T20:18:56.4838574Z env:
phase2-server	UNKNOWN STEP	2026-09-13T20:18:56.4838906Z   KEEPLING_PHASE2_SEED: 20260901
phase2-server	UNKNOWN STEP	2026-09-13T20:18:56.4839578Z   KEEPLING_FLAKE_POLICY: no-retry; quarantine-requires-owner-issue-expiry
phase2-server	UNKNOWN STEP	2026-09-13T20:18:56.4840250Z ##[endgroup]
phase2-server	UNKNOWN STEP	2026-09-13T20:18:59.0248114Z Runtime preflight passed: Elixir 1.20.2, OTP 29.0.5, PostgreSQL 18.6
phase2-server	UNKNOWN STEP	2026-09-13T20:18:59.1394189Z lane=server status=RUNNING command=mix compile --warnings-as-errors && mix test cases=337 seed=20260901 inputs_sha256=84a3038de36aefcb7bcab4532824886f5f98f961af8bf586d856568be9186859
phase2-server	UNKNOWN STEP	2026-09-13T20:19:09.3081534Z lane=server status=PASS command=mix compile --warnings-as-errors && mix test cases=337 seed=20260901 elapsed_ms=10169 inputs_sha256=84a3038de36aefcb7bcab4532824886f5f98f961af8bf586d856568be9186859
phase2-server	UNKNOWN STEP	2026-09-13T20:19:09.8829667Z Privacy verification passed: artifacts=1 sentinels=7
phase2-server	UNKNOWN STEP	2026-09-13T20:19:09.8882549Z Node 20 is being deprecated. This workflow is running with Node 24 by default. If you need to temporarily use Node 20, you can set the ACTIONS_ALLOW_USE_UNSECURE_NODE_VERSION=true environment variable. For more information see: https://github.blog/changelog/2025-09-19-deprecation-of-node-20-on-github-actions-runners/
phase2-server	UNKNOWN STEP	2026-09-13T20:19:09.8883859Z ##[group]Run actions/upload-artifact@ea165f8d65b6e75b540449e92b4886f43607fa02
phase2-server	UNKNOWN STEP	2026-09-13T20:19:09.8884239Z with:
phase2-server	UNKNOWN STEP	2026-09-13T20:19:09.8884452Z   name: phase2-server-timing
phase2-server	UNKNOWN STEP	2026-09-13T20:19:09.8884712Z   path: /home/runner/work/_temp/server.txt
phase2-server	UNKNOWN STEP	2026-09-13T20:19:09.8884998Z   if-no-files-found: error
phase2-server	UNKNOWN STEP	2026-09-13T20:19:09.8885233Z   retention-days: 14
phase2-server	UNKNOWN STEP	2026-09-13T20:19:09.8885447Z   compression-level: 6
phase2-server	UNKNOWN STEP	2026-09-13T20:19:09.8885661Z   overwrite: false
phase2-server	UNKNOWN STEP	2026-09-13T20:19:09.8885880Z   include-hidden-files: false
phase2-server	UNKNOWN STEP	2026-09-13T20:19:09.8886108Z env:
phase2-server	UNKNOWN STEP	2026-09-13T20:19:09.8886299Z   KEEPLING_PHASE2_SEED: 20260901
phase2-server	UNKNOWN STEP	2026-09-13T20:19:09.8886686Z   KEEPLING_FLAKE_POLICY: no-retry; quarantine-requires-owner-issue-expiry
phase2-server	UNKNOWN STEP	2026-09-13T20:19:09.8887065Z ##[endgroup]
phase2-server	UNKNOWN STEP	2026-09-13T20:19:10.0594666Z (node:7649) [DEP0040] DeprecationWarning: The `punycode` module is deprecated. Please use a userland alternative instead.
phase2-server	UNKNOWN STEP	2026-09-13T20:19:10.0595414Z (Use `node --trace-deprecation ...` to show where the warning was created)
phase2-server	UNKNOWN STEP	2026-09-13T20:19:10.0640469Z With the provided path, there will be 1 file uploaded
phase2-server	UNKNOWN STEP	2026-09-13T20:19:10.0645993Z Artifact name is valid!
phase2-server	UNKNOWN STEP	2026-09-13T20:19:10.0646608Z Root directory input is valid!
phase2-server	UNKNOWN STEP	2026-09-13T20:19:10.3895790Z Beginning upload of artifact content to blob storage
phase2-server	UNKNOWN STEP	2026-09-13T20:19:10.4063826Z (node:7649) [DEP0169] DeprecationWarning: `url.parse()` behavior is not standardized and prone to errors that have security implications. Use the WHATWG URL API instead. CVEs are not issued for `url.parse()` vulnerabilities.
phase2-server	UNKNOWN STEP	2026-09-13T20:19:10.6289586Z Uploaded bytes 367
phase2-server	UNKNOWN STEP	2026-09-13T20:19:10.6958619Z Finished uploading artifact content to blob storage!
phase2-server	UNKNOWN STEP	2026-09-13T20:19:10.6960277Z SHA256 digest of uploaded artifact zip is ac4f60420ac90f18eb63cb2ad63f6fb328b5a039e1eff54028f65cf426b6e7bb
phase2-server	UNKNOWN STEP	2026-09-13T20:19:10.6961283Z Finalizing artifact upload
phase2-server	UNKNOWN STEP	2026-09-13T20:19:10.9119639Z Artifact phase2-server-timing.zip successfully finalized. Artifact ID 10325081768
phase2-server	UNKNOWN STEP	2026-09-13T20:19:10.9121478Z Artifact phase2-server-timing has been successfully uploaded! Final size is 367 bytes. Artifact ID is 10325081768
phase2-server	UNKNOWN STEP	2026-09-13T20:19:10.9127616Z Artifact download URL: https://github.com/szTheory/keepling/actions/runs/34780345148/artifacts/10325081768
phase2-server	UNKNOWN STEP	2026-09-13T20:19:10.9802610Z Node 20 is being deprecated. This workflow is running with Node 24 by default. If you need to temporarily use Node 20, you can set the ACTIONS_ALLOW_USE_UNSECURE_NODE_VERSION=true environment variable. For more information see: https://github.blog/changelog/2025-09-19-deprecation-of-node-20-on-github-actions-runners/
phase2-server	UNKNOWN STEP	2026-09-13T20:19:10.9803791Z Post job cleanup.
phase2-server	UNKNOWN STEP	2026-09-13T20:19:11.0898879Z Cache hit occurred on the primary key phase2-Linux-server-45b3b35ef45f5d65ae586b2b25dfb93049c099ec9870f23270bda4b35fe975d3, not saving cache.
phase2-server	UNKNOWN STEP	2026-09-13T20:19:11.0900476Z (node:7672) [DEP0040] DeprecationWarning: The `punycode` module is deprecated. Please use a userland alternative instead.
phase2-server	UNKNOWN STEP	2026-09-13T20:19:11.0901382Z (Use `node --trace-deprecation ...` to show where the warning was created)
phase2-server	UNKNOWN STEP	2026-09-13T20:19:11.0994412Z Node 20 is being deprecated. This workflow is running with Node 24 by default. If you need to temporarily use Node 20, you can set the ACTIONS_ALLOW_USE_UNSECURE_NODE_VERSION=true environment variable. For more information see: https://github.blog/changelog/2025-09-19-deprecation-of-node-20-on-github-actions-runners/
phase2-server	UNKNOWN STEP	2026-09-13T20:19:11.0995558Z Post job cleanup.
phase2-server	UNKNOWN STEP	2026-09-13T20:19:11.2309693Z (node:7680) [DEP0040] DeprecationWarning: The `punycode` module is deprecated. Please use a userland alternative instead.
phase2-server	UNKNOWN STEP	2026-09-13T20:19:11.2310447Z (Use `node --trace-deprecation ...` to show where the warning was created)
phase2-server	UNKNOWN STEP	2026-09-13T20:19:11.2425130Z Node 20 is being deprecated. This workflow is running with Node 24 by default. If you need to temporarily use Node 20, you can set the ACTIONS_ALLOW_USE_UNSECURE_NODE_VERSION=true environment variable. For more information see: https://github.blog/changelog/2025-09-19-deprecation-of-node-20-on-github-actions-runners/
phase2-server	UNKNOWN STEP	2026-09-13T20:19:11.2426279Z Post job cleanup.
phase2-server	UNKNOWN STEP	2026-09-13T20:19:11.3269495Z [command]/usr/bin/git version
phase2-server	UNKNOWN STEP	2026-09-13T20:19:11.3305301Z git version 2.55.0
phase2-server	UNKNOWN STEP	2026-09-13T20:19:11.3339936Z Temporarily overriding HOME='/home/runner/work/_temp/e3f32633-49fe-463b-a2dc-120769ebb38f' before making global git config changes
phase2-server	UNKNOWN STEP	2026-09-13T20:19:11.3341587Z Adding repository directory to the temporary git global config as a safe directory
phase2-server	UNKNOWN STEP	2026-09-13T20:19:11.3346123Z [command]/usr/bin/git config --global --add safe.directory /home/runner/work/keepling/keepling
phase2-server	UNKNOWN STEP	2026-09-13T20:19:11.3378577Z [command]/usr/bin/git config --local --name-only --get-regexp core\.sshCommand
phase2-server	UNKNOWN STEP	2026-09-13T20:19:11.3408832Z [command]/usr/bin/git submodule foreach --recursive sh -c "git config --local --name-only --get-regexp 'core\.sshCommand' && git config --local --unset-all 'core.sshCommand' || :"
phase2-server	UNKNOWN STEP	2026-09-13T20:19:11.3586393Z [command]/usr/bin/git config --local --name-only --get-regexp http\.https\:\/\/github\.com\/\.extraheader
phase2-server	UNKNOWN STEP	2026-09-13T20:19:11.3611721Z http.https://github.com/.extraheader
phase2-server	UNKNOWN STEP	2026-09-13T20:19:11.3622553Z [command]/usr/bin/git config --local --unset-all http.https://github.com/.extraheader
phase2-server	UNKNOWN STEP	2026-09-13T20:19:11.3649190Z [command]/usr/bin/git submodule foreach --recursive sh -c "git config --local --name-only --get-regexp 'http\.https\:\/\/github\.com\/\.extraheader' && git config --local --unset-all 'http.https://github.com/.extraheader' || :"
phase2-server	UNKNOWN STEP	2026-09-13T20:19:11.3827918Z [command]/usr/bin/git config --local --name-only --get-regexp ^includeIf\.gitdir:
phase2-server	UNKNOWN STEP	2026-09-13T20:19:11.3856677Z [command]/usr/bin/git submodule foreach --recursive git config --local --show-origin --name-only --get-regexp remote.origin.url
phase2-server	UNKNOWN STEP	2026-09-13T20:19:11.4150588Z Cleaning up orphan processes
phase2-server	UNKNOWN STEP	2026-09-13T20:19:11.4408293Z ##[warning]Node.js 20 is deprecated. The following actions target Node.js 20 but are being forced to run on Node.js 24: actions/cache@0400d5f644dc74513175e3cd8d07132dd4860809, actions/checkout@34e114876b0b11c390a56381ad16ebd13914f8d5, actions/setup-node@49933ea5288caeca8642d1e84afbd3f7d6820020, actions/upload-artifact@ea165f8d65b6e75b540449e92b4886f43607fa02. For more information see: https://github.blog/changelog/2025-09-19-deprecation-of-node-20-on-github-actions-runners/
phase2-sync-property	UNKNOWN STEP	﻿2026-09-13T20:19:41.1047055Z Current runner version: '2.337.0'
phase2-sync-property	UNKNOWN STEP	2026-09-13T20:19:41.1071703Z ##[group]Runner Image Provisioner
phase2-sync-property	UNKNOWN STEP	2026-09-13T20:19:41.1072591Z Hosted Compute Agent
phase2-sync-property	UNKNOWN STEP	2026-09-13T20:19:41.1073311Z Version: 20260828.587
phase2-sync-property	UNKNOWN STEP	2026-09-13T20:19:41.1073956Z Commit: abac92662cab4cc7352de4f9f9d2e2419aad9c29
phase2-sync-property	UNKNOWN STEP	2026-09-13T20:19:41.1074764Z Build Date: 2026-08-28T16:44:25Z
phase2-sync-property	UNKNOWN STEP	2026-09-13T20:19:41.1075571Z Worker ID: {c32c34fc-0b6e-45a4-b187-6c69181a9227}
phase2-sync-property	UNKNOWN STEP	2026-09-13T20:19:41.1076331Z Azure Region: northcentralus
phase2-sync-property	UNKNOWN STEP	2026-09-13T20:19:41.1077022Z ##[endgroup]
phase2-sync-property	UNKNOWN STEP	2026-09-13T20:19:41.1079171Z ##[group]Operating System
phase2-sync-property	UNKNOWN STEP	2026-09-13T20:19:41.1079850Z Ubuntu
phase2-sync-property	UNKNOWN STEP	2026-09-13T20:19:41.1080531Z 24.04.5
phase2-sync-property	UNKNOWN STEP	2026-09-13T20:19:41.1081129Z LTS
phase2-sync-property	UNKNOWN STEP	2026-09-13T20:19:41.1082146Z ##[endgroup]
phase2-sync-property	UNKNOWN STEP	2026-09-13T20:19:41.1082771Z ##[group]Runner Image
phase2-sync-property	UNKNOWN STEP	2026-09-13T20:19:41.1083399Z Image: ubuntu-24.04
phase2-sync-property	UNKNOWN STEP	2026-09-13T20:19:41.1084042Z Version: 20260907.300.1
phase2-sync-property	UNKNOWN STEP	2026-09-13T20:19:41.1085384Z Included Software: https://github.com/actions/runner-images/blob/ubuntu24/20260907.300/images/ubuntu/Ubuntu2404-Readme.md
phase2-sync-property	UNKNOWN STEP	2026-09-13T20:19:41.1087090Z Image Release: https://github.com/actions/runner-images/releases/tag/ubuntu24%2F20260907.300
phase2-sync-property	UNKNOWN STEP	2026-09-13T20:19:41.1088246Z ##[endgroup]
phase2-sync-property	UNKNOWN STEP	2026-09-13T20:19:41.1089457Z ##[group]GITHUB_TOKEN Permissions
phase2-sync-property	UNKNOWN STEP	2026-09-13T20:19:41.1091565Z Contents: read
phase2-sync-property	UNKNOWN STEP	2026-09-13T20:19:41.1092292Z Metadata: read
phase2-sync-property	UNKNOWN STEP	2026-09-13T20:19:41.1092907Z ##[endgroup]
phase2-sync-property	UNKNOWN STEP	2026-09-13T20:19:41.1095186Z Secret source: Actions
phase2-sync-property	UNKNOWN STEP	2026-09-13T20:19:41.1096184Z Cache mode: write
phase2-sync-property	UNKNOWN STEP	2026-09-13T20:19:41.1097298Z Prepare workflow directory
phase2-sync-property	UNKNOWN STEP	2026-09-13T20:19:41.1512849Z Prepare all required actions
phase2-sync-property	UNKNOWN STEP	2026-09-13T20:19:41.1563287Z Getting action download info
phase2-sync-property	UNKNOWN STEP	2026-09-13T20:19:41.4275376Z Download action repository 'actions/checkout@34e114876b0b11c390a56381ad16ebd13914f8d5' (SHA:34e114876b0b11c390a56381ad16ebd13914f8d5)
phase2-sync-property	UNKNOWN STEP	2026-09-13T20:19:41.5466598Z Download action repository 'actions/setup-node@49933ea5288caeca8642d1e84afbd3f7d6820020' (SHA:49933ea5288caeca8642d1e84afbd3f7d6820020)
phase2-sync-property	UNKNOWN STEP	2026-09-13T20:19:41.6393501Z Download action repository 'actions/cache@0400d5f644dc74513175e3cd8d07132dd4860809' (SHA:0400d5f644dc74513175e3cd8d07132dd4860809)
phase2-sync-property	UNKNOWN STEP	2026-09-13T20:19:42.1973383Z Download action repository 'actions/upload-artifact@ea165f8d65b6e75b540449e92b4886f43607fa02' (SHA:ea165f8d65b6e75b540449e92b4886f43607fa02)
phase2-sync-property	UNKNOWN STEP	2026-09-13T20:19:42.4215578Z Complete job name: phase2-sync-property
phase2-sync-property	UNKNOWN STEP	2026-09-13T20:19:42.5148812Z Node 20 is being deprecated. This workflow is running with Node 24 by default. If you need to temporarily use Node 20, you can set the ACTIONS_ALLOW_USE_UNSECURE_NODE_VERSION=true environment variable. For more information see: https://github.blog/changelog/2025-09-19-deprecation-of-node-20-on-github-actions-runners/
phase2-sync-property	UNKNOWN STEP	2026-09-13T20:19:42.5158912Z ##[group]Run actions/checkout@34e114876b0b11c390a56381ad16ebd13914f8d5
phase2-sync-property	UNKNOWN STEP	2026-09-13T20:19:42.5160165Z with:
phase2-sync-property	UNKNOWN STEP	2026-09-13T20:19:42.5160864Z   repository: szTheory/keepling
phase2-sync-property	UNKNOWN STEP	2026-09-13T20:19:42.5166572Z   token: ***
phase2-sync-property	UNKNOWN STEP	2026-09-13T20:19:42.5168059Z   ssh-strict: true
phase2-sync-property	UNKNOWN STEP	2026-09-13T20:19:42.5169324Z   ssh-user: git
phase2-sync-property	UNKNOWN STEP	2026-09-13T20:19:42.5170576Z   persist-credentials: true
phase2-sync-property	UNKNOWN STEP	2026-09-13T20:19:42.5171860Z   clean: true
phase2-sync-property	UNKNOWN STEP	2026-09-13T20:19:42.5173073Z   sparse-checkout-cone-mode: true
phase2-sync-property	UNKNOWN STEP	2026-09-13T20:19:42.5174489Z   fetch-depth: 1
phase2-sync-property	UNKNOWN STEP	2026-09-13T20:19:42.5175703Z   fetch-tags: false
phase2-sync-property	UNKNOWN STEP	2026-09-13T20:19:42.5176994Z   show-progress: true
phase2-sync-property	UNKNOWN STEP	2026-09-13T20:19:42.5178646Z   lfs: false
phase2-sync-property	UNKNOWN STEP	2026-09-13T20:19:42.5179859Z   submodules: false
phase2-sync-property	UNKNOWN STEP	2026-09-13T20:19:42.5181175Z   set-safe-directory: true
phase2-sync-property	UNKNOWN STEP	2026-09-13T20:19:42.5183036Z env:
phase2-sync-property	UNKNOWN STEP	2026-09-13T20:19:42.5184236Z   KEEPLING_PHASE2_SEED: 20260901
phase2-sync-property	UNKNOWN STEP	2026-09-13T20:19:42.5186028Z   KEEPLING_FLAKE_POLICY: no-retry; quarantine-requires-owner-issue-expiry
phase2-sync-property	UNKNOWN STEP	2026-09-13T20:19:42.5188161Z ##[endgroup]
phase2-sync-property	UNKNOWN STEP	2026-09-13T20:19:42.6214451Z Syncing repository: szTheory/keepling
phase2-sync-property	UNKNOWN STEP	2026-09-13T20:19:42.6216895Z ##[group]Getting Git version info
phase2-sync-property	UNKNOWN STEP	2026-09-13T20:19:42.6218363Z Working directory is '/home/runner/work/keepling/keepling'
phase2-sync-property	UNKNOWN STEP	2026-09-13T20:19:42.6220043Z [command]/usr/bin/git version
phase2-sync-property	UNKNOWN STEP	2026-09-13T20:19:42.6300457Z git version 2.55.0
phase2-sync-property	UNKNOWN STEP	2026-09-13T20:19:42.6322933Z ##[endgroup]
phase2-sync-property	UNKNOWN STEP	2026-09-13T20:19:42.6336695Z Temporarily overriding HOME='/home/runner/work/_temp/b6d0f238-d7cb-4b88-a233-e26cec73ce76' before making global git config changes
phase2-sync-property	UNKNOWN STEP	2026-09-13T20:19:42.6338932Z Adding repository directory to the temporary git global config as a safe directory
phase2-sync-property	UNKNOWN STEP	2026-09-13T20:19:42.6342564Z [command]/usr/bin/git config --global --add safe.directory /home/runner/work/keepling/keepling
phase2-sync-property	UNKNOWN STEP	2026-09-13T20:19:42.6394497Z Deleting the contents of '/home/runner/work/keepling/keepling'
phase2-sync-property	UNKNOWN STEP	2026-09-13T20:19:42.6398929Z ##[group]Initializing the repository
phase2-sync-property	UNKNOWN STEP	2026-09-13T20:19:42.6403596Z [command]/usr/bin/git init /home/runner/work/keepling/keepling
phase2-sync-property	UNKNOWN STEP	2026-09-13T20:19:42.6528407Z hint: Using 'master' as the name for the initial branch. This default branch name
phase2-sync-property	UNKNOWN STEP	2026-09-13T20:19:42.6530765Z hint: will change to "main" in Git 3.0. To configure the initial branch name
phase2-sync-property	UNKNOWN STEP	2026-09-13T20:19:42.6533556Z hint: to use in all of your new repositories, which will suppress this warning,
phase2-sync-property	UNKNOWN STEP	2026-09-13T20:19:42.6535014Z hint: call:
phase2-sync-property	UNKNOWN STEP	2026-09-13T20:19:42.6535775Z hint:
phase2-sync-property	UNKNOWN STEP	2026-09-13T20:19:42.6536560Z hint: 	git config --global init.defaultBranch <name>
phase2-sync-property	UNKNOWN STEP	2026-09-13T20:19:42.6537493Z hint:
phase2-sync-property	UNKNOWN STEP	2026-09-13T20:19:42.6538685Z hint: Names commonly chosen instead of 'master' are 'main', 'trunk' and
phase2-sync-property	UNKNOWN STEP	2026-09-13T20:19:42.6540544Z hint: 'development'. The just-created branch can be renamed via this command:
phase2-sync-property	UNKNOWN STEP	2026-09-13T20:19:42.6541628Z hint:
phase2-sync-property	UNKNOWN STEP	2026-09-13T20:19:42.6542480Z hint: 	git branch -m <name>
phase2-sync-property	UNKNOWN STEP	2026-09-13T20:19:42.6543517Z hint:
phase2-sync-property	UNKNOWN STEP	2026-09-13T20:19:42.6544745Z hint: Disable this message with "git config set advice.defaultBranchName false"
phase2-sync-property	UNKNOWN STEP	2026-09-13T20:19:42.6546158Z Initialized empty Git repository in /home/runner/work/keepling/keepling/.git/
phase2-sync-property	UNKNOWN STEP	2026-09-13T20:19:42.6548741Z [command]/usr/bin/git remote add origin https://github.com/szTheory/keepling
phase2-sync-property	UNKNOWN STEP	2026-09-13T20:19:42.6595569Z ##[endgroup]
phase2-sync-property	UNKNOWN STEP	2026-09-13T20:19:42.6596800Z ##[group]Disabling automatic garbage collection
phase2-sync-property	UNKNOWN STEP	2026-09-13T20:19:42.6599909Z [command]/usr/bin/git config --local gc.auto 0
phase2-sync-property	UNKNOWN STEP	2026-09-13T20:19:42.6629456Z ##[endgroup]
phase2-sync-property	UNKNOWN STEP	2026-09-13T20:19:42.6630590Z ##[group]Setting up auth
phase2-sync-property	UNKNOWN STEP	2026-09-13T20:19:42.6635748Z [command]/usr/bin/git config --local --name-only --get-regexp core\.sshCommand
phase2-sync-property	UNKNOWN STEP	2026-09-13T20:19:42.6668107Z [command]/usr/bin/git submodule foreach --recursive sh -c "git config --local --name-only --get-regexp 'core\.sshCommand' && git config --local --unset-all 'core.sshCommand' || :"
phase2-sync-property	UNKNOWN STEP	2026-09-13T20:19:42.7048856Z [command]/usr/bin/git config --local --name-only --get-regexp http\.https\:\/\/github\.com\/\.extraheader
phase2-sync-property	UNKNOWN STEP	2026-09-13T20:19:42.7082508Z [command]/usr/bin/git submodule foreach --recursive sh -c "git config --local --name-only --get-regexp 'http\.https\:\/\/github\.com\/\.extraheader' && git config --local --unset-all 'http.https://github.com/.extraheader' || :"
phase2-sync-property	UNKNOWN STEP	2026-09-13T20:19:42.7305100Z [command]/usr/bin/git config --local --name-only --get-regexp ^includeIf\.gitdir:
phase2-sync-property	UNKNOWN STEP	2026-09-13T20:19:42.7335562Z [command]/usr/bin/git submodule foreach --recursive git config --local --show-origin --name-only --get-regexp remote.origin.url
phase2-sync-property	UNKNOWN STEP	2026-09-13T20:19:42.7555045Z [command]/usr/bin/git config --local http.https://github.com/.extraheader AUTHORIZATION: basic ***
phase2-sync-property	UNKNOWN STEP	2026-09-13T20:19:42.7588745Z ##[endgroup]
phase2-sync-property	UNKNOWN STEP	2026-09-13T20:19:42.7590624Z ##[group]Fetching the repository
phase2-sync-property	UNKNOWN STEP	2026-09-13T20:19:42.7597646Z [command]/usr/bin/git -c protocol.version=2 fetch --no-tags --prune --no-recurse-submodules --depth=1 origin +069df06570f7bc65ccb646935fd637dcc83bbd9c:refs/remotes/origin/main
phase2-sync-property	UNKNOWN STEP	2026-09-13T20:19:43.9552873Z From https://github.com/szTheory/keepling
phase2-sync-property	UNKNOWN STEP	2026-09-13T20:19:43.9555515Z  * [new ref]         069df06570f7bc65ccb646935fd637dcc83bbd9c -> origin/main
phase2-sync-property	UNKNOWN STEP	2026-09-13T20:19:43.9558777Z ##[endgroup]
phase2-sync-property	UNKNOWN STEP	2026-09-13T20:19:43.9559894Z ##[group]Determining the checkout info
phase2-sync-property	UNKNOWN STEP	2026-09-13T20:19:43.9561323Z ##[endgroup]
phase2-sync-property	UNKNOWN STEP	2026-09-13T20:19:43.9565891Z [command]/usr/bin/git sparse-checkout disable
phase2-sync-property	UNKNOWN STEP	2026-09-13T20:19:43.9614278Z [command]/usr/bin/git config --local --unset-all extensions.worktreeConfig
phase2-sync-property	UNKNOWN STEP	2026-09-13T20:19:43.9641916Z ##[group]Checking out the ref
phase2-sync-property	UNKNOWN STEP	2026-09-13T20:19:43.9645352Z [command]/usr/bin/git checkout --progress --force -B main refs/remotes/origin/main
phase2-sync-property	UNKNOWN STEP	2026-09-13T20:19:44.1015896Z Switched to a new branch 'main'
phase2-sync-property	UNKNOWN STEP	2026-09-13T20:19:44.1021312Z branch 'main' set up to track 'origin/main'.
phase2-sync-property	UNKNOWN STEP	2026-09-13T20:19:44.1036325Z ##[endgroup]
phase2-sync-property	UNKNOWN STEP	2026-09-13T20:19:44.1078764Z [command]/usr/bin/git log -1 --format=%H
phase2-sync-property	UNKNOWN STEP	2026-09-13T20:19:44.1102547Z 069df06570f7bc65ccb646935fd637dcc83bbd9c
phase2-sync-property	UNKNOWN STEP	2026-09-13T20:19:44.1517559Z Node 20 is being deprecated. This workflow is running with Node 24 by default. If you need to temporarily use Node 20, you can set the ACTIONS_ALLOW_USE_UNSECURE_NODE_VERSION=true environment variable. For more information see: https://github.blog/changelog/2025-09-19-deprecation-of-node-20-on-github-actions-runners/
phase2-sync-property	UNKNOWN STEP	2026-09-13T20:19:44.1522672Z ##[group]Run actions/setup-node@49933ea5288caeca8642d1e84afbd3f7d6820020
phase2-sync-property	UNKNOWN STEP	2026-09-13T20:19:44.1523753Z with:
phase2-sync-property	UNKNOWN STEP	2026-09-13T20:19:44.1524191Z   node-version: 24.7.0
phase2-sync-property	UNKNOWN STEP	2026-09-13T20:19:44.1524742Z   always-auth: false
phase2-sync-property	UNKNOWN STEP	2026-09-13T20:19:44.1525301Z   check-latest: false
phase2-sync-property	UNKNOWN STEP	2026-09-13T20:19:44.1534135Z   token: ***
phase2-sync-property	UNKNOWN STEP	2026-09-13T20:19:44.1534610Z env:
phase2-sync-property	UNKNOWN STEP	2026-09-13T20:19:44.1535055Z   KEEPLING_PHASE2_SEED: 20260901
phase2-sync-property	UNKNOWN STEP	2026-09-13T20:19:44.1536094Z   KEEPLING_FLAKE_POLICY: no-retry; quarantine-requires-owner-issue-expiry
phase2-sync-property	UNKNOWN STEP	2026-09-13T20:19:44.1537201Z ##[endgroup]
phase2-sync-property	UNKNOWN STEP	2026-09-13T20:19:44.2966958Z Attempting to download 24.7.0...
phase2-sync-property	UNKNOWN STEP	2026-09-13T20:19:44.3075955Z (node:2250) [DEP0040] DeprecationWarning: The `punycode` module is deprecated. Please use a userland alternative instead.
phase2-sync-property	UNKNOWN STEP	2026-09-13T20:19:44.3079738Z (Use `node --trace-deprecation ...` to show where the warning was created)
phase2-sync-property	UNKNOWN STEP	2026-09-13T20:19:45.0564993Z Acquiring 24.7.0 - x64 from https://github.com/actions/node-versions/releases/download/24.7.0-17283839804/node-24.7.0-linux-x64.tar.gz
phase2-sync-property	UNKNOWN STEP	2026-09-13T20:19:45.4884821Z Extracting ...
phase2-sync-property	UNKNOWN STEP	2026-09-13T20:19:45.5029560Z [command]/usr/bin/tar xz --strip 1 --warning=no-unknown-keyword --overwrite -C /home/runner/work/_temp/9597f0a3-d21f-4bc9-bc6f-400f43a0c89f -f /home/runner/work/_temp/b14a326a-5e1a-4dc8-88b8-57780c31105b
phase2-sync-property	UNKNOWN STEP	2026-09-13T20:19:46.8210995Z Adding to the cache ...
phase2-sync-property	UNKNOWN STEP	2026-09-13T20:19:48.9294528Z ##[group]Environment details
phase2-sync-property	UNKNOWN STEP	2026-09-13T20:19:49.1664086Z node: v24.7.0
phase2-sync-property	UNKNOWN STEP	2026-09-13T20:19:49.1664509Z npm: 11.5.1
phase2-sync-property	UNKNOWN STEP	2026-09-13T20:19:49.1664833Z yarn: 1.22.22
phase2-sync-property	UNKNOWN STEP	2026-09-13T20:19:49.1665592Z ##[endgroup]
phase2-sync-property	UNKNOWN STEP	2026-09-13T20:19:49.2458741Z Node 20 is being deprecated. This workflow is running with Node 24 by default. If you need to temporarily use Node 20, you can set the ACTIONS_ALLOW_USE_UNSECURE_NODE_VERSION=true environment variable. For more information see: https://github.blog/changelog/2025-09-19-deprecation-of-node-20-on-github-actions-runners/
phase2-sync-property	UNKNOWN STEP	2026-09-13T20:19:49.2460221Z ##[group]Run actions/cache@0400d5f644dc74513175e3cd8d07132dd4860809
phase2-sync-property	UNKNOWN STEP	2026-09-13T20:19:49.2460572Z with:
phase2-sync-property	UNKNOWN STEP	2026-09-13T20:19:49.2460890Z   path: ~/.asdf/installs
phase2-sync-property	UNKNOWN STEP	apps/server/deps
phase2-sync-property	UNKNOWN STEP	apps/server/_build
phase2-sync-property	UNKNOWN STEP	node_modules
phase2-sync-property	UNKNOWN STEP	
phase2-sync-property	UNKNOWN STEP	2026-09-13T20:19:49.2461529Z   key: phase2-Linux-sync-property-45b3b35ef45f5d65ae586b2b25dfb93049c099ec9870f23270bda4b35fe975d3
phase2-sync-property	UNKNOWN STEP	2026-09-13T20:19:49.2462093Z   enableCrossOsArchive: false
phase2-sync-property	UNKNOWN STEP	2026-09-13T20:19:49.2462373Z   fail-on-cache-miss: false
phase2-sync-property	UNKNOWN STEP	2026-09-13T20:19:49.2462615Z   lookup-only: false
phase2-sync-property	UNKNOWN STEP	2026-09-13T20:19:49.2462833Z   save-always: false
phase2-sync-property	UNKNOWN STEP	2026-09-13T20:19:49.2463038Z env:
phase2-sync-property	UNKNOWN STEP	2026-09-13T20:19:49.2463232Z   KEEPLING_PHASE2_SEED: 20260901
phase2-sync-property	UNKNOWN STEP	2026-09-13T20:19:49.2463644Z   KEEPLING_FLAKE_POLICY: no-retry; quarantine-requires-owner-issue-expiry
phase2-sync-property	UNKNOWN STEP	2026-09-13T20:19:49.2464040Z ##[endgroup]
phase2-sync-property	UNKNOWN STEP	2026-09-13T20:19:49.3543560Z (node:2297) [DEP0040] DeprecationWarning: The `punycode` module is deprecated. Please use a userland alternative instead.
phase2-sync-property	UNKNOWN STEP	2026-09-13T20:19:49.3545001Z (Use `node --trace-deprecation ...` to show where the warning was created)
phase2-sync-property	UNKNOWN STEP	2026-09-13T20:19:49.4546778Z Cache hit for: phase2-Linux-sync-property-45b3b35ef45f5d65ae586b2b25dfb93049c099ec9870f23270bda4b35fe975d3
phase2-sync-property	UNKNOWN STEP	2026-09-13T20:19:49.4649563Z (node:2297) [DEP0169] DeprecationWarning: `url.parse()` behavior is not standardized and prone to errors that have security implications. Use the WHATWG URL API instead. CVEs are not issued for `url.parse()` vulnerabilities.
phase2-sync-property	UNKNOWN STEP	2026-09-13T20:19:50.5729253Z Received 125829120 of 172338255 (73.0%), 119.8 MBs/sec
phase2-sync-property	UNKNOWN STEP	2026-09-13T20:19:50.8961429Z Received 172338255 of 172338255 (100.0%), 123.7 MBs/sec
phase2-sync-property	UNKNOWN STEP	2026-09-13T20:19:50.8969275Z Cache Size: ~164 MB (172338255 B)
phase2-sync-property	UNKNOWN STEP	2026-09-13T20:19:50.9008188Z [command]/usr/bin/tar -xf /home/runner/work/_temp/dc97b0fb-c48c-4fe5-ab15-1890ac425676/cache.tzst -P -C /home/runner/work/keepling/keepling --use-compress-program unzstd
phase2-sync-property	UNKNOWN STEP	2026-09-13T20:19:53.1128667Z Cache restored successfully
phase2-sync-property	UNKNOWN STEP	2026-09-13T20:19:53.1291629Z Cache restored from key: phase2-Linux-sync-property-45b3b35ef45f5d65ae586b2b25dfb93049c099ec9870f23270bda4b35fe975d3
phase2-sync-property	UNKNOWN STEP	2026-09-13T20:19:53.1438681Z ##[group]Run set -eu
phase2-sync-property	UNKNOWN STEP	2026-09-13T20:19:53.1439049Z ^[[36;1mset -eu^[[0m
phase2-sync-property	UNKNOWN STEP	2026-09-13T20:19:53.1439498Z ^[[36;1m# The cache step above restores ~/.asdf/installs, which CREATES^[[0m
phase2-sync-property	UNKNOWN STEP	2026-09-13T20:19:53.1440072Z ^[[36;1m# $HOME/.asdf before this step runs. An unconditional clone then dies^[[0m
phase2-sync-property	UNKNOWN STEP	2026-09-13T20:19:53.1440587Z ^[[36;1m# with "destination path already exists and is not an empty^[[0m
phase2-sync-property	UNKNOWN STEP	2026-09-13T20:19:53.1441065Z ^[[36;1m# directory" (exit 128) and the lane never reaches any project code.^[[0m
phase2-sync-property	UNKNOWN STEP	2026-09-13T20:19:53.1441567Z ^[[36;1m# Clone into a scratch directory and move only the parts that are^[[0m
phase2-sync-property	UNKNOWN STEP	2026-09-13T20:19:53.1442074Z ^[[36;1m# missing, so a restored cache and a cold runner both end up with the^[[0m
phase2-sync-property	UNKNOWN STEP	2026-09-13T20:19:53.1442454Z ^[[36;1m# same tree.^[[0m
phase2-sync-property	UNKNOWN STEP	2026-09-13T20:19:53.1442704Z ^[[36;1mif [ ! -d "$HOME/.asdf/.git" ]; then^[[0m
phase2-sync-property	UNKNOWN STEP	2026-09-13T20:19:53.1442995Z ^[[36;1m  scratch="$(mktemp -d)"^[[0m
phase2-sync-property	UNKNOWN STEP	2026-09-13T20:19:53.1443474Z ^[[36;1m  git clone https://github.com/asdf-vm/asdf.git "$scratch/asdf" --branch v0.14.1^[[0m
phase2-sync-property	UNKNOWN STEP	2026-09-13T20:19:53.1443927Z ^[[36;1m  mkdir -p "$HOME/.asdf"^[[0m
phase2-sync-property	UNKNOWN STEP	2026-09-13T20:19:53.1444278Z ^[[36;1m  # `cp -R src/. dst` merges into an existing directory instead of^[[0m
phase2-sync-property	UNKNOWN STEP	2026-09-13T20:19:53.1444717Z ^[[36;1m  # nesting, which is what the restored-cache case needs.^[[0m
phase2-sync-property	UNKNOWN STEP	2026-09-13T20:19:53.1445099Z ^[[36;1m  cp -R "$scratch/asdf/." "$HOME/.asdf/"^[[0m
phase2-sync-property	UNKNOWN STEP	2026-09-13T20:19:53.1445395Z ^[[36;1m  rm -rf "$scratch"^[[0m
phase2-sync-property	UNKNOWN STEP	2026-09-13T20:19:53.1445625Z ^[[36;1mfi^[[0m
phase2-sync-property	UNKNOWN STEP	2026-09-13T20:19:53.1445845Z ^[[36;1mecho "$HOME/.asdf/bin" >> "$GITHUB_PATH"^[[0m
phase2-sync-property	UNKNOWN STEP	2026-09-13T20:19:53.1446171Z ^[[36;1mecho "$HOME/.asdf/shims" >> "$GITHUB_PATH"^[[0m
phase2-sync-property	UNKNOWN STEP	2026-09-13T20:19:53.1486369Z shell: /usr/bin/bash -e {0}
phase2-sync-property	UNKNOWN STEP	2026-09-13T20:19:53.1486634Z env:
phase2-sync-property	UNKNOWN STEP	2026-09-13T20:19:53.1486844Z   KEEPLING_PHASE2_SEED: 20260901
phase2-sync-property	UNKNOWN STEP	2026-09-13T20:19:53.1487257Z   KEEPLING_FLAKE_POLICY: no-retry; quarantine-requires-owner-issue-expiry
phase2-sync-property	UNKNOWN STEP	2026-09-13T20:19:53.1487848Z ##[endgroup]
phase2-sync-property	UNKNOWN STEP	2026-09-13T20:19:53.1597428Z Cloning into '/tmp/tmp.gqDB4kj3hz/asdf'...
phase2-sync-property	UNKNOWN STEP	2026-09-13T20:19:53.9852414Z Note: switching to 'f00f759f3d8d405468d0071310a91b8f5a9c3798'.
phase2-sync-property	UNKNOWN STEP	2026-09-13T20:19:53.9852980Z 
phase2-sync-property	UNKNOWN STEP	2026-09-13T20:19:53.9853518Z You are in 'detached HEAD' state. You can look around, make experimental
phase2-sync-property	UNKNOWN STEP	2026-09-13T20:19:53.9854594Z changes and commit them, and you can discard any commits you make in this
phase2-sync-property	UNKNOWN STEP	2026-09-13T20:19:53.9855633Z state without impacting any branches by switching back to a branch.
phase2-sync-property	UNKNOWN STEP	2026-09-13T20:19:53.9856161Z 
phase2-sync-property	UNKNOWN STEP	2026-09-13T20:19:53.9856693Z If you want to create a new branch to retain commits you create, you may
phase2-sync-property	UNKNOWN STEP	2026-09-13T20:19:53.9858024Z do so (now or later) by using -c with the switch command. Example:
phase2-sync-property	UNKNOWN STEP	2026-09-13T20:19:53.9858552Z 
phase2-sync-property	UNKNOWN STEP	2026-09-13T20:19:53.9858822Z   git switch -c <new-branch-name>
phase2-sync-property	UNKNOWN STEP	2026-09-13T20:19:53.9859180Z 
phase2-sync-property	UNKNOWN STEP	2026-09-13T20:19:53.9859418Z Or undo this operation with:
phase2-sync-property	UNKNOWN STEP	2026-09-13T20:19:53.9859722Z 
phase2-sync-property	UNKNOWN STEP	2026-09-13T20:19:53.9859911Z   git switch -
phase2-sync-property	UNKNOWN STEP	2026-09-13T20:19:53.9860124Z 
phase2-sync-property	UNKNOWN STEP	2026-09-13T20:19:53.9860694Z Turn off this advice by setting config variable advice.detachedHead to false
phase2-sync-property	UNKNOWN STEP	2026-09-13T20:19:53.9861271Z 
phase2-sync-property	UNKNOWN STEP	2026-09-13T20:19:54.0273038Z ##[group]Run ./tooling/runtime-preflight.sh --provision
phase2-sync-property	UNKNOWN STEP	2026-09-13T20:19:54.0273496Z ^[[36;1m./tooling/runtime-preflight.sh --provision^[[0m
phase2-sync-property	UNKNOWN STEP	2026-09-13T20:19:54.0273821Z ^[[36;1mcorepack enable^[[0m
phase2-sync-property	UNKNOWN STEP	2026-09-13T20:19:54.0274238Z ^[[36;1mpnpm install --frozen-lockfile^[[0m
phase2-sync-property	UNKNOWN STEP	2026-09-13T20:19:54.0274723Z ^[[36;1m./tooling/runtime-preflight.sh --exec -- sh -c 'cd apps/server && mix deps.get --check-locked'^[[0m
phase2-sync-property	UNKNOWN STEP	2026-09-13T20:19:54.0310243Z shell: /usr/bin/bash -e {0}
phase2-sync-property	UNKNOWN STEP	2026-09-13T20:19:54.0310492Z env:
phase2-sync-property	UNKNOWN STEP	2026-09-13T20:19:54.0310703Z   KEEPLING_PHASE2_SEED: 20260901
phase2-sync-property	UNKNOWN STEP	2026-09-13T20:19:54.0311087Z   KEEPLING_FLAKE_POLICY: no-retry; quarantine-requires-owner-issue-expiry
phase2-sync-property	UNKNOWN STEP	2026-09-13T20:19:54.0311484Z ##[endgroup]
phase2-sync-property	UNKNOWN STEP	2026-09-13T20:19:54.1214778Z Cloning into '/home/runner/.asdf/repository'...
phase2-sync-property	UNKNOWN STEP	2026-09-13T20:19:56.4921822Z initializing plugin repository...erlang 29.0.5 is already installed
phase2-sync-property	UNKNOWN STEP	2026-09-13T20:19:56.5296885Z elixir 1.20.2-otp-29 is already installed
phase2-sync-property	UNKNOWN STEP	2026-09-13T20:19:57.1259231Z Get:1 file:/etc/apt/apt-mirrors.txt Mirrorlist [144 B]
phase2-sync-property	UNKNOWN STEP	2026-09-13T20:19:57.1485889Z Get:6 https://packages.microsoft.com/ubuntu/24.04/prod noble InRelease [3600 B]
phase2-sync-property	UNKNOWN STEP	2026-09-13T20:19:57.2278681Z Get:7 https://packages.microsoft.com/ubuntu/24.04/prod noble/main amd64 Packages [463 kB]
phase2-sync-property	UNKNOWN STEP	2026-09-13T20:19:57.2423493Z Hit:2 http://azure.archive.ubuntu.com/ubuntu noble InRelease
phase2-sync-property	UNKNOWN STEP	2026-09-13T20:19:57.2440311Z Get:3 http://azure.archive.ubuntu.com/ubuntu noble-updates InRelease [126 kB]
phase2-sync-property	UNKNOWN STEP	2026-09-13T20:19:57.2484782Z Get:8 https://packages.microsoft.com/ubuntu/24.04/prod noble/main arm64 Packages [414 kB]
phase2-sync-property	UNKNOWN STEP	2026-09-13T20:19:57.2548011Z Get:9 https://dl.google.com/linux/chrome-stable/deb stable InRelease [2548 B]
phase2-sync-property	UNKNOWN STEP	2026-09-13T20:19:57.2549484Z Get:4 http://azure.archive.ubuntu.com/ubuntu noble-backports InRelease [126 kB]
phase2-sync-property	UNKNOWN STEP	2026-09-13T20:19:57.2554804Z Get:5 http://azure.archive.ubuntu.com/ubuntu noble-security InRelease [126 kB]
phase2-sync-property	UNKNOWN STEP	2026-09-13T20:19:57.2609697Z Get:10 https://apt.postgresql.org/pub/repos/apt noble-pgdg InRelease [189 kB]
phase2-sync-property	UNKNOWN STEP	2026-09-13T20:19:57.3630574Z Get:11 http://azure.archive.ubuntu.com/ubuntu noble-updates/main amd64 Packages [1263 kB]
phase2-sync-property	UNKNOWN STEP	2026-09-13T20:19:57.3739402Z Get:12 http://azure.archive.ubuntu.com/ubuntu noble-updates/main Translation-en [292 kB]
phase2-sync-property	UNKNOWN STEP	2026-09-13T20:19:57.3759304Z Get:13 http://azure.archive.ubuntu.com/ubuntu noble-updates/main amd64 Components [181 kB]
phase2-sync-property	UNKNOWN STEP	2026-09-13T20:19:57.3770829Z Get:14 http://azure.archive.ubuntu.com/ubuntu noble-updates/universe amd64 Packages [1690 kB]
phase2-sync-property	UNKNOWN STEP	2026-09-13T20:19:57.3884950Z Get:15 http://azure.archive.ubuntu.com/ubuntu noble-updates/universe amd64 Components [388 kB]
phase2-sync-property	UNKNOWN STEP	2026-09-13T20:19:57.3912441Z Get:16 http://azure.archive.ubuntu.com/ubuntu noble-updates/restricted amd64 Packages [1544 kB]
phase2-sync-property	UNKNOWN STEP	2026-09-13T20:19:57.3990002Z Get:17 http://azure.archive.ubuntu.com/ubuntu noble-updates/restricted Translation-en [354 kB]
phase2-sync-property	UNKNOWN STEP	2026-09-13T20:19:57.4017302Z Get:18 http://azure.archive.ubuntu.com/ubuntu noble-updates/multiverse amd64 Components [940 B]
phase2-sync-property	UNKNOWN STEP	2026-09-13T20:19:57.4654071Z Get:19 https://dl.google.com/linux/chrome-stable/deb stable/main amd64 Packages [1413 B]
phase2-sync-property	UNKNOWN STEP	2026-09-13T20:19:57.4766075Z Get:20 http://azure.archive.ubuntu.com/ubuntu noble-backports/main amd64 Components [5772 B]
phase2-sync-property	UNKNOWN STEP	2026-09-13T20:19:57.4782949Z Get:21 http://azure.archive.ubuntu.com/ubuntu noble-backports/universe amd64 Components [12.6 kB]
phase2-sync-property	UNKNOWN STEP	2026-09-13T20:19:57.5784238Z Get:22 http://azure.archive.ubuntu.com/ubuntu noble-security/main amd64 Packages [1006 kB]
phase2-sync-property	UNKNOWN STEP	2026-09-13T20:19:57.5844202Z Get:23 http://azure.archive.ubuntu.com/ubuntu noble-security/main Translation-en [213 kB]
phase2-sync-property	UNKNOWN STEP	2026-09-13T20:19:57.5897392Z Get:24 http://azure.archive.ubuntu.com/ubuntu noble-security/main amd64 Components [46.4 kB]
phase2-sync-property	UNKNOWN STEP	2026-09-13T20:19:57.5899033Z Get:25 http://azure.archive.ubuntu.com/ubuntu noble-security/universe amd64 Packages [1206 kB]
phase2-sync-property	UNKNOWN STEP	2026-09-13T20:19:57.5959398Z Get:26 http://azure.archive.ubuntu.com/ubuntu noble-security/universe amd64 Components [76.3 kB]
phase2-sync-property	UNKNOWN STEP	2026-09-13T20:19:57.5970482Z Get:27 http://azure.archive.ubuntu.com/ubuntu noble-security/restricted amd64 Packages [1445 kB]
phase2-sync-property	UNKNOWN STEP	2026-09-13T20:19:57.6061862Z Get:28 http://azure.archive.ubuntu.com/ubuntu noble-security/restricted Translation-en [336 kB]
phase2-sync-property	UNKNOWN STEP	2026-09-13T20:19:57.6082673Z Get:29 https://apt.postgresql.org/pub/repos/apt noble-pgdg/main amd64 Packages [825 kB]
phase2-sync-property	UNKNOWN STEP	2026-09-13T20:20:01.9435670Z Fetched 12.3 MB in 1s (8503 kB/s)
phase2-sync-property	UNKNOWN STEP	2026-09-13T20:20:02.7849178Z Reading package lists...
phase2-sync-property	UNKNOWN STEP	2026-09-13T20:20:02.8157379Z Reading package lists...
phase2-sync-property	UNKNOWN STEP	2026-09-13T20:20:02.9940533Z Building dependency tree...
phase2-sync-property	UNKNOWN STEP	2026-09-13T20:20:02.9947603Z Reading state information...
phase2-sync-property	UNKNOWN STEP	2026-09-13T20:20:03.1466376Z The following additional packages will be installed:
phase2-sync-property	UNKNOWN STEP	2026-09-13T20:20:03.1468022Z   liburing2 postgresql-18-jit postgresql-client-18
phase2-sync-property	UNKNOWN STEP	2026-09-13T20:20:03.1473823Z Suggested packages:
phase2-sync-property	UNKNOWN STEP	2026-09-13T20:20:03.1721569Z   postgresql-doc-18
phase2-sync-property	UNKNOWN STEP	2026-09-13T20:20:03.1721975Z The following NEW packages will be installed:
phase2-sync-property	UNKNOWN STEP	2026-09-13T20:20:03.1726842Z   liburing2 postgresql-18 postgresql-18-jit postgresql-client-18
phase2-sync-property	UNKNOWN STEP	2026-09-13T20:20:03.1951421Z 0 upgraded, 4 newly installed, 0 to remove and 50 not upgraded.
phase2-sync-property	UNKNOWN STEP	2026-09-13T20:20:03.1952230Z Need to get 19.6 MB of archives.
phase2-sync-property	UNKNOWN STEP	2026-09-13T20:20:03.1952807Z After this operation, 71.9 MB of additional disk space will be used.
phase2-sync-property	UNKNOWN STEP	2026-09-13T20:20:03.1953348Z Get:1 file:/etc/apt/apt-mirrors.txt Mirrorlist [144 B]
phase2-sync-property	UNKNOWN STEP	2026-09-13T20:20:03.2322966Z Get:2 http://azure.archive.ubuntu.com/ubuntu noble/main amd64 liburing2 amd64 2.5-1build1 [21.1 kB]
phase2-sync-property	UNKNOWN STEP	2026-09-13T20:20:03.4000471Z Get:3 https://apt.postgresql.org/pub/repos/apt noble-pgdg/main amd64 postgresql-client-18 amd64 18.6-1.pgdg24.04+2 [2114 kB]
phase2-sync-property	UNKNOWN STEP	2026-09-13T20:20:03.4263321Z Get:4 https://apt.postgresql.org/pub/repos/apt noble-pgdg/main amd64 postgresql-18 amd64 18.6-1.pgdg24.04+2 [7577 kB]
phase2-sync-property	UNKNOWN STEP	2026-09-13T20:20:03.4811616Z Get:5 https://apt.postgresql.org/pub/repos/apt noble-pgdg/main amd64 postgresql-18-jit amd64 18.6-1.pgdg24.04+2 [9924 kB]
phase2-sync-property	UNKNOWN STEP	2026-09-13T20:20:03.7716591Z Preconfiguring packages ...
phase2-sync-property	UNKNOWN STEP	2026-09-13T20:20:03.8279778Z Fetched 19.6 MB in 0s (54.2 MB/s)
phase2-sync-property	UNKNOWN STEP	2026-09-13T20:20:03.8540070Z Selecting previously unselected package liburing2:amd64.
phase2-sync-property	UNKNOWN STEP	2026-09-13T20:20:03.8842775Z (Reading database ... 
phase2-sync-property	UNKNOWN STEP	2026-09-13T20:20:03.8843277Z (Reading database ... 5%
phase2-sync-property	UNKNOWN STEP	2026-09-13T20:20:03.8843564Z (Reading database ... 10%
phase2-sync-property	UNKNOWN STEP	2026-09-13T20:20:03.8843847Z (Reading database ... 15%
phase2-sync-property	UNKNOWN STEP	2026-09-13T20:20:03.8844250Z (Reading database ... 20%
phase2-sync-property	UNKNOWN STEP	2026-09-13T20:20:03.8844853Z (Reading database ... 25%
phase2-sync-property	UNKNOWN STEP	2026-09-13T20:20:03.8845211Z (Reading database ... 30%
phase2-sync-property	UNKNOWN STEP	2026-09-13T20:20:03.8845677Z (Reading database ... 35%
phase2-sync-property	UNKNOWN STEP	2026-09-13T20:20:03.8846156Z (Reading database ... 40%
phase2-sync-property	UNKNOWN STEP	2026-09-13T20:20:03.8846433Z (Reading database ... 45%
phase2-sync-property	UNKNOWN STEP	2026-09-13T20:20:03.8846684Z (Reading database ... 50%
phase2-sync-property	UNKNOWN STEP	2026-09-13T20:20:03.8909607Z (Reading database ... 55%
phase2-sync-property	UNKNOWN STEP	2026-09-13T20:20:04.0356707Z (Reading database ... 60%
phase2-sync-property	UNKNOWN STEP	2026-09-13T20:20:04.1946989Z (Reading database ... 65%
phase2-sync-property	UNKNOWN STEP	2026-09-13T20:20:04.3810864Z (Reading database ... 70%
phase2-sync-property	UNKNOWN STEP	2026-09-13T20:20:04.5375192Z (Reading database ... 75%
phase2-sync-property	UNKNOWN STEP	2026-09-13T20:20:04.6621253Z (Reading database ... 80%
phase2-sync-property	UNKNOWN STEP	2026-09-13T20:20:04.8402888Z (Reading database ... 85%
phase2-sync-property	UNKNOWN STEP	2026-09-13T20:20:04.9925842Z (Reading database ... 90%
phase2-sync-property	UNKNOWN STEP	2026-09-13T20:20:05.1046767Z (Reading database ... 95%
phase2-sync-property	UNKNOWN STEP	2026-09-13T20:20:05.1047254Z (Reading database ... 100%
phase2-sync-property	UNKNOWN STEP	2026-09-13T20:20:05.1048316Z (Reading database ... 201818 files and directories currently installed.)
phase2-sync-property	UNKNOWN STEP	2026-09-13T20:20:05.1089265Z Preparing to unpack .../liburing2_2.5-1build1_amd64.deb ...
phase2-sync-property	UNKNOWN STEP	2026-09-13T20:20:05.1127527Z Unpacking liburing2:amd64 (2.5-1build1) ...
phase2-sync-property	UNKNOWN STEP	2026-09-13T20:20:05.1374497Z Selecting previously unselected package postgresql-client-18.
phase2-sync-property	UNKNOWN STEP	2026-09-13T20:20:05.1500107Z Preparing to unpack .../postgresql-client-18_18.6-1.pgdg24.04+2_amd64.deb ...
phase2-sync-property	UNKNOWN STEP	2026-09-13T20:20:05.1507723Z Unpacking postgresql-client-18 (18.6-1.pgdg24.04+2) ...
phase2-sync-property	UNKNOWN STEP	2026-09-13T20:20:05.3624144Z Selecting previously unselected package postgresql-18.
phase2-sync-property	UNKNOWN STEP	2026-09-13T20:20:05.3749528Z Preparing to unpack .../postgresql-18_18.6-1.pgdg24.04+2_amd64.deb ...
phase2-sync-property	UNKNOWN STEP	2026-09-13T20:20:05.3778942Z Unpacking postgresql-18 (18.6-1.pgdg24.04+2) ...
phase2-sync-property	UNKNOWN STEP	2026-09-13T20:20:05.8830943Z Selecting previously unselected package postgresql-18-jit.
phase2-sync-property	UNKNOWN STEP	2026-09-13T20:20:05.8958009Z Preparing to unpack .../postgresql-18-jit_18.6-1.pgdg24.04+2_amd64.deb ...
phase2-sync-property	UNKNOWN STEP	2026-09-13T20:20:05.8966145Z Unpacking postgresql-18-jit (18.6-1.pgdg24.04+2) ...
phase2-sync-property	UNKNOWN STEP	2026-09-13T20:20:06.7603481Z Setting up postgresql-client-18 (18.6-1.pgdg24.04+2) ...
phase2-sync-property	UNKNOWN STEP	2026-09-13T20:20:07.1906550Z update-alternatives: using /usr/share/postgresql/18/man/man1/psql.1.gz to provide /usr/share/man/man1/psql.1.gz (psql.1.gz) in auto mode
phase2-sync-property	UNKNOWN STEP	2026-09-13T20:20:07.2875136Z Setting up liburing2:amd64 (2.5-1build1) ...
phase2-sync-property	UNKNOWN STEP	2026-09-13T20:20:07.2907154Z Setting up postgresql-18 (18.6-1.pgdg24.04+2) ...
phase2-sync-property	UNKNOWN STEP	2026-09-13T20:20:08.5335577Z Setting up postgresql-18-jit (18.6-1.pgdg24.04+2) ...
phase2-sync-property	UNKNOWN STEP	2026-09-13T20:20:08.5363258Z Processing triggers for libc-bin (2.39-0ubuntu8.8) ...
phase2-sync-property	UNKNOWN STEP	2026-09-13T20:20:08.5760778Z Processing triggers for postgresql-common (293.pgdg24.04+1) ...
phase2-sync-property	UNKNOWN STEP	2026-09-13T20:20:08.6926394Z Building PostgreSQL dictionaries from installed myspell/hunspell packages...
phase2-sync-property	UNKNOWN STEP	2026-09-13T20:20:08.6991434Z   en_us
phase2-sync-property	UNKNOWN STEP	2026-09-13T20:20:08.7387997Z Removing obsolete dictionary files:
phase2-sync-property	UNKNOWN STEP	2026-09-13T20:20:09.3905796Z 
phase2-sync-property	UNKNOWN STEP	2026-09-13T20:20:09.3906503Z Running kernel seems to be up-to-date.
phase2-sync-property	UNKNOWN STEP	2026-09-13T20:20:09.3906780Z 
phase2-sync-property	UNKNOWN STEP	2026-09-13T20:20:09.3906989Z No services need to be restarted.
phase2-sync-property	UNKNOWN STEP	2026-09-13T20:20:09.3907211Z 
phase2-sync-property	UNKNOWN STEP	2026-09-13T20:20:09.3907385Z No containers need to be restarted.
phase2-sync-property	UNKNOWN STEP	2026-09-13T20:20:09.3907618Z 
phase2-sync-property	UNKNOWN STEP	2026-09-13T20:20:09.3908163Z No user sessions are running outdated binaries.
phase2-sync-property	UNKNOWN STEP	2026-09-13T20:20:09.3908432Z 
phase2-sync-property	UNKNOWN STEP	2026-09-13T20:20:09.3908788Z No VM guests are running outdated hypervisor (qemu) binaries on this host.
phase2-sync-property	UNKNOWN STEP	2026-09-13T20:20:10.6544468Z Runtime preflight passed: Elixir 1.20.2, OTP 29.0.5, PostgreSQL 18.6
phase2-sync-property	UNKNOWN STEP	2026-09-13T20:20:10.7877346Z ! Corepack is about to download https://registry.npmjs.org/pnpm/-/pnpm-10.33.0.tgz
phase2-sync-property	UNKNOWN STEP	2026-09-13T20:20:11.7208605Z Scope: all 4 workspace projects
phase2-sync-property	UNKNOWN STEP	2026-09-13T20:20:11.8084591Z Lockfile is up to date, resolution step is skipped
phase2-sync-property	UNKNOWN STEP	2026-09-13T20:20:12.9471426Z Packages: +2 -47
phase2-sync-property	UNKNOWN STEP	2026-09-13T20:20:12.9472888Z ++-----------------------------------------------
phase2-sync-property	UNKNOWN STEP	2026-09-13T20:20:13.0828997Z Progress: resolved 0, reused 0, downloaded 1, added 0
phase2-sync-property	UNKNOWN STEP	2026-09-13T20:20:14.0853901Z Progress: resolved 0, reused 0, downloaded 22, added 0
phase2-sync-property	UNKNOWN STEP	2026-09-13T20:20:14.6299391Z Progress: resolved 0, reused 0, downloaded 48, added 2, done
phase2-sync-property	UNKNOWN STEP	2026-09-13T20:20:14.8132228Z 
phase2-sync-property	UNKNOWN STEP	2026-09-13T20:20:14.9098847Z Done in 3.5s using pnpm v10.33.0
phase2-sync-property	UNKNOWN STEP	2026-09-13T20:20:15.4218993Z Runtime preflight passed: Elixir 1.20.2, OTP 29.0.5, PostgreSQL 18.6
phase2-sync-property	UNKNOWN STEP	2026-09-13T20:20:16.1807558Z * creating /home/runner/.mix/archives/hex-2.5.1
phase2-sync-property	UNKNOWN STEP	2026-09-13T20:20:16.4978796Z Resolving Hex dependencies...
phase2-sync-property	UNKNOWN STEP	2026-09-13T20:20:16.6266172Z Resolution completed in 0.127s
phase2-sync-property	UNKNOWN STEP	2026-09-13T20:20:16.6471117Z Unchanged:
phase2-sync-property	UNKNOWN STEP	2026-09-13T20:20:16.6472294Z   argon2_elixir 4.1.3
phase2-sync-property	UNKNOWN STEP	2026-09-13T20:20:16.6482452Z   bandit 1.12.5
phase2-sync-property	UNKNOWN STEP	2026-09-13T20:20:16.6483572Z   certifi 2.17.0
phase2-sync-property	UNKNOWN STEP	2026-09-13T20:20:16.6484351Z   comeonin 5.5.1
phase2-sync-property	UNKNOWN STEP	2026-09-13T20:20:16.6485107Z   db_connection 2.10.2
phase2-sync-property	UNKNOWN STEP	2026-09-13T20:20:16.6485908Z   decimal 3.1.1
phase2-sync-property	UNKNOWN STEP	2026-09-13T20:20:16.6486629Z   dns_cluster 0.2.0
phase2-sync-property	UNKNOWN STEP	2026-09-13T20:20:16.6487327Z   ecto 3.14.2
phase2-sync-property	UNKNOWN STEP	2026-09-13T20:20:16.6488255Z   ecto_sql 3.14.0
phase2-sync-property	UNKNOWN STEP	2026-09-13T20:20:16.6489074Z   elixir_make 0.10.0
phase2-sync-property	UNKNOWN STEP	2026-09-13T20:20:16.6489836Z   expo 1.1.1
phase2-sync-property	UNKNOWN STEP	2026-09-13T20:20:16.6490484Z   gettext 1.0.2
phase2-sync-property	UNKNOWN STEP	2026-09-13T20:20:16.6491128Z   h2 0.12.0
phase2-sync-property	UNKNOWN STEP	2026-09-13T20:20:16.6491571Z   hackney 4.7.4
phase2-sync-property	UNKNOWN STEP	2026-09-13T20:20:16.6491916Z   hammer 7.4.1
phase2-sync-property	UNKNOWN STEP	2026-09-13T20:20:16.6492137Z   hex_core 0.15.0
phase2-sync-property	UNKNOWN STEP	2026-09-13T20:20:16.6492734Z   hpax 1.0.4
phase2-sync-property	UNKNOWN STEP	2026-09-13T20:20:16.6493293Z   idna 7.1.0
phase2-sync-property	UNKNOWN STEP	2026-09-13T20:20:16.6493616Z   jason 1.4.5
phase2-sync-property	UNKNOWN STEP	2026-09-13T20:20:16.6494004Z   mime 2.0.7
phase2-sync-property	UNKNOWN STEP	2026-09-13T20:20:16.6494360Z   mimerl 1.5.0
phase2-sync-property	UNKNOWN STEP	2026-09-13T20:20:16.6494670Z   optimus 0.6.1
phase2-sync-property	UNKNOWN STEP	2026-09-13T20:20:16.6495070Z   parse_trans 3.4.2
phase2-sync-property	UNKNOWN STEP	2026-09-13T20:20:16.6495409Z   phoenix 1.8.13
phase2-sync-property	UNKNOWN STEP	2026-09-13T20:20:16.6495793Z   phoenix_ecto 4.7.0
phase2-sync-property	UNKNOWN STEP	2026-09-13T20:20:16.6496144Z   phoenix_pubsub 2.3.0
phase2-sync-property	UNKNOWN STEP	2026-09-13T20:20:16.6496491Z   phoenix_template 1.0.4
phase2-sync-property	UNKNOWN STEP	2026-09-13T20:20:16.6496855Z   plug 1.20.3
phase2-sync-property	UNKNOWN STEP	2026-09-13T20:20:16.6497604Z   plug_crypto 2.2.0
phase2-sync-property	UNKNOWN STEP	2026-09-13T20:20:16.6498248Z   postgrex 0.22.4
phase2-sync-property	UNKNOWN STEP	2026-09-13T20:20:16.6498697Z   protobuf 0.16.1
phase2-sync-property	UNKNOWN STEP	2026-09-13T20:20:16.6499076Z   purl 0.3.0
phase2-sync-property	UNKNOWN STEP	2026-09-13T20:20:16.6499415Z   quic 1.8.2
phase2-sync-property	UNKNOWN STEP	2026-09-13T20:20:16.6500132Z   sbom 0.10.0
phase2-sync-property	UNKNOWN STEP	2026-09-13T20:20:16.6500535Z   ssl_verify_fun 1.1.7
phase2-sync-property	UNKNOWN STEP	2026-09-13T20:20:16.6500954Z   stream_data 1.4.0
phase2-sync-property	UNKNOWN STEP	2026-09-13T20:20:16.6501371Z   telemetry 1.4.2
phase2-sync-property	UNKNOWN STEP	2026-09-13T20:20:16.6501762Z   telemetry_metrics 1.2.0
phase2-sync-property	UNKNOWN STEP	2026-09-13T20:20:16.6502017Z   telemetry_poller 1.3.0
phase2-sync-property	UNKNOWN STEP	2026-09-13T20:20:16.6502262Z   thousand_island 1.5.0
phase2-sync-property	UNKNOWN STEP	2026-09-13T20:20:16.6502499Z   tzdata 1.1.5
phase2-sync-property	UNKNOWN STEP	2026-09-13T20:20:16.6502695Z   websock 0.5.3
phase2-sync-property	UNKNOWN STEP	2026-09-13T20:20:16.6502895Z   websock_adapter 0.6.0
phase2-sync-property	UNKNOWN STEP	2026-09-13T20:20:16.6503128Z   webtransport 0.4.5
phase2-sync-property	UNKNOWN STEP	2026-09-13T20:20:16.7202888Z * creating /home/runner/.mix/elixir/1-20-otp-29/rebar3
phase2-sync-property	UNKNOWN STEP	2026-09-13T20:20:16.7420766Z All dependencies have been fetched
phase2-sync-property	UNKNOWN STEP	2026-09-13T20:20:16.7766994Z ##[group]Run set -o pipefail
phase2-sync-property	UNKNOWN STEP	2026-09-13T20:20:16.7767335Z ^[[36;1mset -o pipefail^[[0m
phase2-sync-property	UNKNOWN STEP	2026-09-13T20:20:16.7768013Z ^[[36;1m./tooling/test-phase-2.sh --lane "sync-property" | tee "$RUNNER_TEMP/sync-property.txt"^[[0m
phase2-sync-property	UNKNOWN STEP	2026-09-13T20:20:16.7768581Z ^[[36;1m./tooling/verify-privacy.sh "$RUNNER_TEMP/sync-property.txt"^[[0m
phase2-sync-property	UNKNOWN STEP	2026-09-13T20:20:16.7804464Z shell: /usr/bin/bash -e {0}
phase2-sync-property	UNKNOWN STEP	2026-09-13T20:20:16.7804719Z env:
phase2-sync-property	UNKNOWN STEP	2026-09-13T20:20:16.7804917Z   KEEPLING_PHASE2_SEED: 20260901
phase2-sync-property	UNKNOWN STEP	2026-09-13T20:20:16.7805307Z   KEEPLING_FLAKE_POLICY: no-retry; quarantine-requires-owner-issue-expiry
phase2-sync-property	UNKNOWN STEP	2026-09-13T20:20:16.7805702Z ##[endgroup]
phase2-sync-property	UNKNOWN STEP	2026-09-13T20:20:18.9660816Z Runtime preflight passed: Elixir 1.20.2, OTP 29.0.5, PostgreSQL 18.6
phase2-sync-property	UNKNOWN STEP	2026-09-13T20:20:19.1101784Z lane=sync-property status=RUNNING command=mix test test/keepling/application/sync test/keepling/adapters/postgres/sync_feed_test.exs cases=20 seed=20260901 inputs_sha256=61b3304932f2e61b1e63d0aba457f7ca896bbd91259e8c4e670378597cdb9b32
phase2-sync-property	UNKNOWN STEP	2026-09-13T20:20:21.6329881Z lane=sync-property status=PASS command=mix test test/keepling/application/sync test/keepling/adapters/postgres/sync_feed_test.exs cases=20 seed=20260901 elapsed_ms=2523 inputs_sha256=61b3304932f2e61b1e63d0aba457f7ca896bbd91259e8c4e670378597cdb9b32
phase2-sync-property	UNKNOWN STEP	2026-09-13T20:20:22.2661483Z Privacy verification passed: artifacts=1 sentinels=7
phase2-sync-property	UNKNOWN STEP	2026-09-13T20:20:22.2723505Z Node 20 is being deprecated. This workflow is running with Node 24 by default. If you need to temporarily use Node 20, you can set the ACTIONS_ALLOW_USE_UNSECURE_NODE_VERSION=true environment variable. For more information see: https://github.blog/changelog/2025-09-19-deprecation-of-node-20-on-github-actions-runners/
phase2-sync-property	UNKNOWN STEP	2026-09-13T20:20:22.2724990Z ##[group]Run actions/upload-artifact@ea165f8d65b6e75b540449e92b4886f43607fa02
phase2-sync-property	UNKNOWN STEP	2026-09-13T20:20:22.2725383Z with:
phase2-sync-property	UNKNOWN STEP	2026-09-13T20:20:22.2725600Z   name: phase2-sync-property-timing
phase2-sync-property	UNKNOWN STEP	2026-09-13T20:20:22.2725933Z   path: /home/runner/work/_temp/sync-property.txt
phase2-sync-property	UNKNOWN STEP	2026-09-13T20:20:22.2726259Z   if-no-files-found: error
phase2-sync-property	UNKNOWN STEP	2026-09-13T20:20:22.2726499Z   retention-days: 14
phase2-sync-property	UNKNOWN STEP	2026-09-13T20:20:22.2726725Z   compression-level: 6
phase2-sync-property	UNKNOWN STEP	2026-09-13T20:20:22.2726943Z   overwrite: false
phase2-sync-property	UNKNOWN STEP	2026-09-13T20:20:22.2727166Z   include-hidden-files: false
phase2-sync-property	UNKNOWN STEP	2026-09-13T20:20:22.2727400Z env:
phase2-sync-property	UNKNOWN STEP	2026-09-13T20:20:22.2727594Z   KEEPLING_PHASE2_SEED: 20260901
phase2-sync-property	UNKNOWN STEP	2026-09-13T20:20:22.2728441Z   KEEPLING_FLAKE_POLICY: no-retry; quarantine-requires-owner-issue-expiry
phase2-sync-property	UNKNOWN STEP	2026-09-13T20:20:22.2728843Z ##[endgroup]
phase2-sync-property	UNKNOWN STEP	2026-09-13T20:20:22.4520381Z (node:5897) [DEP0040] DeprecationWarning: The `punycode` module is deprecated. Please use a userland alternative instead.
phase2-sync-property	UNKNOWN STEP	2026-09-13T20:20:22.4521205Z (Use `node --trace-deprecation ...` to show where the warning was created)
phase2-sync-property	UNKNOWN STEP	2026-09-13T20:20:22.4566620Z With the provided path, there will be 1 file uploaded
phase2-sync-property	UNKNOWN STEP	2026-09-13T20:20:22.4572183Z Artifact name is valid!
phase2-sync-property	UNKNOWN STEP	2026-09-13T20:20:22.4573067Z Root directory input is valid!
phase2-sync-property	UNKNOWN STEP	2026-09-13T20:20:22.7244953Z Beginning upload of artifact content to blob storage
phase2-sync-property	UNKNOWN STEP	2026-09-13T20:20:22.7427471Z (node:5897) [DEP0169] DeprecationWarning: `url.parse()` behavior is not standardized and prone to errors that have security implications. Use the WHATWG URL API instead. CVEs are not issued for `url.parse()` vulnerabilities.
phase2-sync-property	UNKNOWN STEP	2026-09-13T20:20:22.8268638Z Uploaded bytes 406
phase2-sync-property	UNKNOWN STEP	2026-09-13T20:20:22.8563641Z Finished uploading artifact content to blob storage!
phase2-sync-property	UNKNOWN STEP	2026-09-13T20:20:22.8564923Z SHA256 digest of uploaded artifact zip is b96482110533c8dabcf8908d78d2520bd669c181e61c4a4072a26afde8b34ff4
phase2-sync-property	UNKNOWN STEP	2026-09-13T20:20:22.8566481Z Finalizing artifact upload
phase2-sync-property	UNKNOWN STEP	2026-09-13T20:20:23.0765229Z Artifact phase2-sync-property-timing.zip successfully finalized. Artifact ID 10324452021
phase2-sync-property	UNKNOWN STEP	2026-09-13T20:20:23.0767360Z Artifact phase2-sync-property-timing has been successfully uploaded! Final size is 406 bytes. Artifact ID is 10324452021
phase2-sync-property	UNKNOWN STEP	2026-09-13T20:20:23.0774536Z Artifact download URL: https://github.com/szTheory/keepling/actions/runs/34780345148/artifacts/10324452021
phase2-sync-property	UNKNOWN STEP	2026-09-13T20:20:23.1509096Z Node 20 is being deprecated. This workflow is running with Node 24 by default. If you need to temporarily use Node 20, you can set the ACTIONS_ALLOW_USE_UNSECURE_NODE_VERSION=true environment variable. For more information see: https://github.blog/changelog/2025-09-19-deprecation-of-node-20-on-github-actions-runners/
phase2-sync-property	UNKNOWN STEP	2026-09-13T20:20:23.1510411Z Post job cleanup.
phase2-sync-property	UNKNOWN STEP	2026-09-13T20:20:23.2643993Z Cache hit occurred on the primary key phase2-Linux-sync-property-45b3b35ef45f5d65ae586b2b25dfb93049c099ec9870f23270bda4b35fe975d3, not saving cache.
phase2-sync-property	UNKNOWN STEP	2026-09-13T20:20:23.2647106Z (node:5920) [DEP0040] DeprecationWarning: The `punycode` module is deprecated. Please use a userland alternative instead.
phase2-sync-property	UNKNOWN STEP	2026-09-13T20:20:23.2648708Z (Use `node --trace-deprecation ...` to show where the warning was created)
phase2-sync-property	UNKNOWN STEP	2026-09-13T20:20:23.2783487Z Node 20 is being deprecated. This workflow is running with Node 24 by default. If you need to temporarily use Node 20, you can set the ACTIONS_ALLOW_USE_UNSECURE_NODE_VERSION=true environment variable. For more information see: https://github.blog/changelog/2025-09-19-deprecation-of-node-20-on-github-actions-runners/
phase2-sync-property	UNKNOWN STEP	2026-09-13T20:20:23.2784755Z Post job cleanup.
phase2-sync-property	UNKNOWN STEP	2026-09-13T20:20:23.3991280Z (node:5928) [DEP0040] DeprecationWarning: The `punycode` module is deprecated. Please use a userland alternative instead.
phase2-sync-property	UNKNOWN STEP	2026-09-13T20:20:23.3992380Z (Use `node --trace-deprecation ...` to show where the warning was created)
phase2-sync-property	UNKNOWN STEP	2026-09-13T20:20:23.4140933Z Node 20 is being deprecated. This workflow is running with Node 24 by default. If you need to temporarily use Node 20, you can set the ACTIONS_ALLOW_USE_UNSECURE_NODE_VERSION=true environment variable. For more information see: https://github.blog/changelog/2025-09-19-deprecation-of-node-20-on-github-actions-runners/
phase2-sync-property	UNKNOWN STEP	2026-09-13T20:20:23.4142210Z Post job cleanup.
phase2-sync-property	UNKNOWN STEP	2026-09-13T20:20:23.4962789Z [command]/usr/bin/git version
phase2-sync-property	UNKNOWN STEP	2026-09-13T20:20:23.5001271Z git version 2.55.0
phase2-sync-property	UNKNOWN STEP	2026-09-13T20:20:23.5038988Z Temporarily overriding HOME='/home/runner/work/_temp/e894ba36-e843-4c3d-98ea-7976f1527312' before making global git config changes
phase2-sync-property	UNKNOWN STEP	2026-09-13T20:20:23.5040521Z Adding repository directory to the temporary git global config as a safe directory
phase2-sync-property	UNKNOWN STEP	2026-09-13T20:20:23.5044937Z [command]/usr/bin/git config --global --add safe.directory /home/runner/work/keepling/keepling
phase2-sync-property	UNKNOWN STEP	2026-09-13T20:20:23.5081433Z [command]/usr/bin/git config --local --name-only --get-regexp core\.sshCommand
phase2-sync-property	UNKNOWN STEP	2026-09-13T20:20:23.5115715Z [command]/usr/bin/git submodule foreach --recursive sh -c "git config --local --name-only --get-regexp 'core\.sshCommand' && git config --local --unset-all 'core.sshCommand' || :"
phase2-sync-property	UNKNOWN STEP	2026-09-13T20:20:23.5339084Z [command]/usr/bin/git config --local --name-only --get-regexp http\.https\:\/\/github\.com\/\.extraheader
phase2-sync-property	UNKNOWN STEP	2026-09-13T20:20:23.5363996Z http.https://github.com/.extraheader
phase2-sync-property	UNKNOWN STEP	2026-09-13T20:20:23.5374177Z [command]/usr/bin/git config --local --unset-all http.https://github.com/.extraheader
phase2-sync-property	UNKNOWN STEP	2026-09-13T20:20:23.5405020Z [command]/usr/bin/git submodule foreach --recursive sh -c "git config --local --name-only --get-regexp 'http\.https\:\/\/github\.com\/\.extraheader' && git config --local --unset-all 'http.https://github.com/.extraheader' || :"
phase2-sync-property	UNKNOWN STEP	2026-09-13T20:20:23.5622908Z [command]/usr/bin/git config --local --name-only --get-regexp ^includeIf\.gitdir:
phase2-sync-property	UNKNOWN STEP	2026-09-13T20:20:23.5653119Z [command]/usr/bin/git submodule foreach --recursive git config --local --show-origin --name-only --get-regexp remote.origin.url
phase2-sync-property	UNKNOWN STEP	2026-09-13T20:20:23.6025020Z Cleaning up orphan processes
phase2-sync-property	UNKNOWN STEP	2026-09-13T20:20:23.6367278Z ##[warning]Node.js 20 is deprecated. The following actions target Node.js 20 but are being forced to run on Node.js 24: actions/cache@0400d5f644dc74513175e3cd8d07132dd4860809, actions/checkout@34e114876b0b11c390a56381ad16ebd13914f8d5, actions/setup-node@49933ea5288caeca8642d1e84afbd3f7d6820020, actions/upload-artifact@ea165f8d65b6e75b540449e92b4886f43607fa02. For more information see: https://github.blog/changelog/2025-09-19-deprecation-of-node-20-on-github-actions-runners/
ci-contract	UNKNOWN STEP	﻿2026-09-13T20:18:18.3901386Z Current runner version: '2.337.0'
ci-contract	UNKNOWN STEP	2026-09-13T20:18:18.3919499Z ##[group]Runner Image Provisioner
ci-contract	UNKNOWN STEP	2026-09-13T20:18:18.3920201Z Hosted Compute Agent
ci-contract	UNKNOWN STEP	2026-09-13T20:18:18.3920628Z Version: 20260828.587
ci-contract	UNKNOWN STEP	2026-09-13T20:18:18.3921097Z Commit: abac92662cab4cc7352de4f9f9d2e2419aad9c29
ci-contract	UNKNOWN STEP	2026-09-13T20:18:18.3921597Z Build Date: 2026-08-28T16:44:25Z
ci-contract	UNKNOWN STEP	2026-09-13T20:18:18.3922052Z Worker ID: {36fbcca2-793a-4815-a3c7-c265922a893b}
ci-contract	UNKNOWN STEP	2026-09-13T20:18:18.3922659Z Azure Region: centralus
ci-contract	UNKNOWN STEP	2026-09-13T20:18:18.3923080Z ##[endgroup]
ci-contract	UNKNOWN STEP	2026-09-13T20:18:18.3924066Z ##[group]Operating System
ci-contract	UNKNOWN STEP	2026-09-13T20:18:18.3924494Z Ubuntu
ci-contract	UNKNOWN STEP	2026-09-13T20:18:18.3924839Z 24.04.5
ci-contract	UNKNOWN STEP	2026-09-13T20:18:18.3925218Z LTS
ci-contract	UNKNOWN STEP	2026-09-13T20:18:18.3925591Z ##[endgroup]
ci-contract	UNKNOWN STEP	2026-09-13T20:18:18.3925963Z ##[group]Runner Image
ci-contract	UNKNOWN STEP	2026-09-13T20:18:18.3926386Z Image: ubuntu-24.04
ci-contract	UNKNOWN STEP	2026-09-13T20:18:18.3926773Z Version: 20260907.300.1
ci-contract	UNKNOWN STEP	2026-09-13T20:18:18.3927715Z Included Software: https://github.com/actions/runner-images/blob/ubuntu24/20260907.300/images/ubuntu/Ubuntu2404-Readme.md
ci-contract	UNKNOWN STEP	2026-09-13T20:18:18.3928830Z Image Release: https://github.com/actions/runner-images/releases/tag/ubuntu24%2F20260907.300
ci-contract	UNKNOWN STEP	2026-09-13T20:18:18.3929701Z ##[endgroup]
ci-contract	UNKNOWN STEP	2026-09-13T20:18:18.3930867Z ##[group]GITHUB_TOKEN Permissions
ci-contract	UNKNOWN STEP	2026-09-13T20:18:18.3932705Z Contents: read
ci-contract	UNKNOWN STEP	2026-09-13T20:18:18.3933098Z Metadata: read
ci-contract	UNKNOWN STEP	2026-09-13T20:18:18.3933514Z ##[endgroup]
ci-contract	UNKNOWN STEP	2026-09-13T20:18:18.3935124Z Secret source: Actions
ci-contract	UNKNOWN STEP	2026-09-13T20:18:18.3935849Z Cache mode: write
ci-contract	UNKNOWN STEP	2026-09-13T20:18:18.3936379Z Prepare workflow directory
ci-contract	UNKNOWN STEP	2026-09-13T20:18:18.4216782Z Prepare all required actions
ci-contract	UNKNOWN STEP	2026-09-13T20:18:18.4253200Z Getting action download info
ci-contract	UNKNOWN STEP	2026-09-13T20:18:18.6214163Z Download action repository 'actions/checkout@34e114876b0b11c390a56381ad16ebd13914f8d5' (SHA:34e114876b0b11c390a56381ad16ebd13914f8d5)
ci-contract	UNKNOWN STEP	2026-09-13T20:18:18.7199575Z Download action repository 'actions/setup-node@49933ea5288caeca8642d1e84afbd3f7d6820020' (SHA:49933ea5288caeca8642d1e84afbd3f7d6820020)
ci-contract	UNKNOWN STEP	2026-09-13T20:18:18.9235827Z Complete job name: ci-contract
ci-contract	UNKNOWN STEP	2026-09-13T20:18:18.9769112Z Node 20 is being deprecated. This workflow is running with Node 24 by default. If you need to temporarily use Node 20, you can set the ACTIONS_ALLOW_USE_UNSECURE_NODE_VERSION=true environment variable. For more information see: https://github.blog/changelog/2025-09-19-deprecation-of-node-20-on-github-actions-runners/
ci-contract	UNKNOWN STEP	2026-09-13T20:18:18.9776515Z ##[group]Run actions/checkout@34e114876b0b11c390a56381ad16ebd13914f8d5
ci-contract	UNKNOWN STEP	2026-09-13T20:18:18.9777334Z with:
ci-contract	UNKNOWN STEP	2026-09-13T20:18:18.9777705Z   repository: szTheory/keepling
ci-contract	UNKNOWN STEP	2026-09-13T20:18:18.9781048Z   token: ***
ci-contract	UNKNOWN STEP	2026-09-13T20:18:18.9781413Z   ssh-strict: true
ci-contract	UNKNOWN STEP	2026-09-13T20:18:18.9781772Z   ssh-user: git
ci-contract	UNKNOWN STEP	2026-09-13T20:18:18.9782217Z   persist-credentials: true
ci-contract	UNKNOWN STEP	2026-09-13T20:18:18.9782661Z   clean: true
ci-contract	UNKNOWN STEP	2026-09-13T20:18:18.9783121Z   sparse-checkout-cone-mode: true
ci-contract	UNKNOWN STEP	2026-09-13T20:18:18.9783560Z   fetch-depth: 1
ci-contract	UNKNOWN STEP	2026-09-13T20:18:18.9783948Z   fetch-tags: false
ci-contract	UNKNOWN STEP	2026-09-13T20:18:18.9784396Z   show-progress: true
ci-contract	UNKNOWN STEP	2026-09-13T20:18:18.9784924Z   lfs: false
ci-contract	UNKNOWN STEP	2026-09-13T20:18:18.9785357Z   submodules: false
ci-contract	UNKNOWN STEP	2026-09-13T20:18:18.9785778Z   set-safe-directory: true
ci-contract	UNKNOWN STEP	2026-09-13T20:18:18.9786369Z env:
ci-contract	UNKNOWN STEP	2026-09-13T20:18:18.9786846Z   KEEPLING_PHASE2_SEED: 20260901
ci-contract	UNKNOWN STEP	2026-09-13T20:18:18.9787495Z   KEEPLING_FLAKE_POLICY: no-retry; quarantine-requires-owner-issue-expiry
ci-contract	UNKNOWN STEP	2026-09-13T20:18:18.9788192Z ##[endgroup]
ci-contract	UNKNOWN STEP	2026-09-13T20:18:19.0608265Z Syncing repository: szTheory/keepling
ci-contract	UNKNOWN STEP	2026-09-13T20:18:19.0610064Z ##[group]Getting Git version info
ci-contract	UNKNOWN STEP	2026-09-13T20:18:19.0610778Z Working directory is '/home/runner/work/keepling/keepling'
ci-contract	UNKNOWN STEP	2026-09-13T20:18:19.0611737Z [command]/usr/bin/git version
ci-contract	UNKNOWN STEP	2026-09-13T20:18:19.0952253Z git version 2.55.0
ci-contract	UNKNOWN STEP	2026-09-13T20:18:19.0965339Z ##[endgroup]
ci-contract	UNKNOWN STEP	2026-09-13T20:18:19.0975376Z Temporarily overriding HOME='/home/runner/work/_temp/e0fa450f-4f8d-4431-98b8-43d33ca327a1' before making global git config changes
ci-contract	UNKNOWN STEP	2026-09-13T20:18:19.0976692Z Adding repository directory to the temporary git global config as a safe directory
ci-contract	UNKNOWN STEP	2026-09-13T20:18:19.0978872Z [command]/usr/bin/git config --global --add safe.directory /home/runner/work/keepling/keepling
ci-contract	UNKNOWN STEP	2026-09-13T20:18:19.2566197Z Deleting the contents of '/home/runner/work/keepling/keepling'
ci-contract	UNKNOWN STEP	2026-09-13T20:18:19.2570126Z ##[group]Initializing the repository
ci-contract	UNKNOWN STEP	2026-09-13T20:18:19.2573722Z [command]/usr/bin/git init /home/runner/work/keepling/keepling
ci-contract	UNKNOWN STEP	2026-09-13T20:18:19.3499466Z hint: Using 'master' as the name for the initial branch. This default branch name
ci-contract	UNKNOWN STEP	2026-09-13T20:18:19.3500839Z hint: will change to "main" in Git 3.0. To configure the initial branch name
ci-contract	UNKNOWN STEP	2026-09-13T20:18:19.3502097Z hint: to use in all of your new repositories, which will suppress this warning,
ci-contract	UNKNOWN STEP	2026-09-13T20:18:19.3502850Z hint: call:
ci-contract	UNKNOWN STEP	2026-09-13T20:18:19.3503311Z hint:
ci-contract	UNKNOWN STEP	2026-09-13T20:18:19.3503856Z hint: 	git config --global init.defaultBranch <name>
ci-contract	UNKNOWN STEP	2026-09-13T20:18:19.3504535Z hint:
ci-contract	UNKNOWN STEP	2026-09-13T20:18:19.3505225Z hint: Names commonly chosen instead of 'master' are 'main', 'trunk' and
ci-contract	UNKNOWN STEP	2026-09-13T20:18:19.3506197Z hint: 'development'. The just-created branch can be renamed via this command:
ci-contract	UNKNOWN STEP	2026-09-13T20:18:19.3506943Z hint:
ci-contract	UNKNOWN STEP	2026-09-13T20:18:19.3507615Z hint: 	git branch -m <name>
ci-contract	UNKNOWN STEP	2026-09-13T20:18:19.3508153Z hint:
ci-contract	UNKNOWN STEP	2026-09-13T20:18:19.3508866Z hint: Disable this message with "git config set advice.defaultBranchName false"
ci-contract	UNKNOWN STEP	2026-09-13T20:18:19.3510022Z Initialized empty Git repository in /home/runner/work/keepling/keepling/.git/
ci-contract	UNKNOWN STEP	2026-09-13T20:18:19.3512212Z [command]/usr/bin/git remote add origin https://github.com/szTheory/keepling
ci-contract	UNKNOWN STEP	2026-09-13T20:18:19.4651097Z ##[endgroup]
ci-contract	UNKNOWN STEP	2026-09-13T20:18:19.4652107Z ##[group]Disabling automatic garbage collection
ci-contract	UNKNOWN STEP	2026-09-13T20:18:19.4654644Z [command]/usr/bin/git config --local gc.auto 0
ci-contract	UNKNOWN STEP	2026-09-13T20:18:19.4678468Z ##[endgroup]
ci-contract	UNKNOWN STEP	2026-09-13T20:18:19.4679502Z ##[group]Setting up auth
ci-contract	UNKNOWN STEP	2026-09-13T20:18:19.4683666Z [command]/usr/bin/git config --local --name-only --get-regexp core\.sshCommand
ci-contract	UNKNOWN STEP	2026-09-13T20:18:19.4707033Z [command]/usr/bin/git submodule foreach --recursive sh -c "git config --local --name-only --get-regexp 'core\.sshCommand' && git config --local --unset-all 'core.sshCommand' || :"
ci-contract	UNKNOWN STEP	2026-09-13T20:18:19.4966473Z [command]/usr/bin/git config --local --name-only --get-regexp http\.https\:\/\/github\.com\/\.extraheader
ci-contract	UNKNOWN STEP	2026-09-13T20:18:19.4987785Z [command]/usr/bin/git submodule foreach --recursive sh -c "git config --local --name-only --get-regexp 'http\.https\:\/\/github\.com\/\.extraheader' && git config --local --unset-all 'http.https://github.com/.extraheader' || :"
ci-contract	UNKNOWN STEP	2026-09-13T20:18:19.5135202Z [command]/usr/bin/git config --local --name-only --get-regexp ^includeIf\.gitdir:
ci-contract	UNKNOWN STEP	2026-09-13T20:18:19.5156750Z [command]/usr/bin/git submodule foreach --recursive git config --local --show-origin --name-only --get-regexp remote.origin.url
ci-contract	UNKNOWN STEP	2026-09-13T20:18:19.5303029Z [command]/usr/bin/git config --local http.https://github.com/.extraheader AUTHORIZATION: basic ***
ci-contract	UNKNOWN STEP	2026-09-13T20:18:19.5326517Z ##[endgroup]
ci-contract	UNKNOWN STEP	2026-09-13T20:18:19.5327504Z ##[group]Fetching the repository
ci-contract	UNKNOWN STEP	2026-09-13T20:18:19.5333879Z [command]/usr/bin/git -c protocol.version=2 fetch --no-tags --prune --no-recurse-submodules --depth=1 origin +069df06570f7bc65ccb646935fd637dcc83bbd9c:refs/remotes/origin/main
ci-contract	UNKNOWN STEP	2026-09-13T20:18:21.0490316Z From https://github.com/szTheory/keepling
ci-contract	UNKNOWN STEP	2026-09-13T20:18:21.0492166Z  * [new ref]         069df06570f7bc65ccb646935fd637dcc83bbd9c -> origin/main
ci-contract	UNKNOWN STEP	2026-09-13T20:18:21.0495270Z ##[endgroup]
ci-contract	UNKNOWN STEP	2026-09-13T20:18:21.0496361Z ##[group]Determining the checkout info
ci-contract	UNKNOWN STEP	2026-09-13T20:18:21.0497718Z ##[endgroup]
ci-contract	UNKNOWN STEP	2026-09-13T20:18:21.0498681Z [command]/usr/bin/git sparse-checkout disable
ci-contract	UNKNOWN STEP	2026-09-13T20:18:21.0537826Z [command]/usr/bin/git config --local --unset-all extensions.worktreeConfig
ci-contract	UNKNOWN STEP	2026-09-13T20:18:21.0560833Z ##[group]Checking out the ref
ci-contract	UNKNOWN STEP	2026-09-13T20:18:21.0600741Z [command]/usr/bin/git checkout --progress --force -B main refs/remotes/origin/main
ci-contract	UNKNOWN STEP	2026-09-13T20:18:21.1545736Z Switched to a new branch 'main'
ci-contract	UNKNOWN STEP	2026-09-13T20:18:21.1547164Z branch 'main' set up to track 'origin/main'.
ci-contract	UNKNOWN STEP	2026-09-13T20:18:21.1555096Z ##[endgroup]
ci-contract	UNKNOWN STEP	2026-09-13T20:18:21.1585462Z [command]/usr/bin/git log -1 --format=%H
ci-contract	UNKNOWN STEP	2026-09-13T20:18:21.1602248Z 069df06570f7bc65ccb646935fd637dcc83bbd9c
ci-contract	UNKNOWN STEP	2026-09-13T20:18:21.1872456Z Node 20 is being deprecated. This workflow is running with Node 24 by default. If you need to temporarily use Node 20, you can set the ACTIONS_ALLOW_USE_UNSECURE_NODE_VERSION=true environment variable. For more information see: https://github.blog/changelog/2025-09-19-deprecation-of-node-20-on-github-actions-runners/
ci-contract	UNKNOWN STEP	2026-09-13T20:18:21.1876289Z ##[group]Run actions/setup-node@49933ea5288caeca8642d1e84afbd3f7d6820020
ci-contract	UNKNOWN STEP	2026-09-13T20:18:21.1877372Z with:
ci-contract	UNKNOWN STEP	2026-09-13T20:18:21.1878073Z   node-version: 24.7.0
ci-contract	UNKNOWN STEP	2026-09-13T20:18:21.1878835Z   always-auth: false
ci-contract	UNKNOWN STEP	2026-09-13T20:18:21.1879786Z   check-latest: false
ci-contract	UNKNOWN STEP	2026-09-13T20:18:21.1885713Z   token: ***
ci-contract	UNKNOWN STEP	2026-09-13T20:18:21.1886400Z env:
ci-contract	UNKNOWN STEP	2026-09-13T20:18:21.1887089Z   KEEPLING_PHASE2_SEED: 20260901
ci-contract	UNKNOWN STEP	2026-09-13T20:18:21.1888175Z   KEEPLING_FLAKE_POLICY: no-retry; quarantine-requires-owner-issue-expiry
ci-contract	UNKNOWN STEP	2026-09-13T20:18:21.1889402Z ##[endgroup]
ci-contract	UNKNOWN STEP	2026-09-13T20:18:21.2873868Z Attempting to download 24.7.0...
ci-contract	UNKNOWN STEP	2026-09-13T20:18:21.2949967Z (node:2031) [DEP0040] DeprecationWarning: The `punycode` module is deprecated. Please use a userland alternative instead.
ci-contract	UNKNOWN STEP	2026-09-13T20:18:21.2952064Z (Use `node --trace-deprecation ...` to show where the warning was created)
ci-contract	UNKNOWN STEP	2026-09-13T20:18:21.9576067Z Acquiring 24.7.0 - x64 from https://github.com/actions/node-versions/releases/download/24.7.0-17283839804/node-24.7.0-linux-x64.tar.gz
ci-contract	UNKNOWN STEP	2026-09-13T20:18:22.5084433Z Extracting ...
ci-contract	UNKNOWN STEP	2026-09-13T20:18:22.5194489Z [command]/usr/bin/tar xz --strip 1 --warning=no-unknown-keyword --overwrite -C /home/runner/work/_temp/f882f7e0-ad78-4121-b39a-71853623e14b -f /home/runner/work/_temp/42405999-40e0-4518-b8ba-0b14322cb6ff
ci-contract	UNKNOWN STEP	2026-09-13T20:18:23.5636281Z Adding to the cache ...
ci-contract	UNKNOWN STEP	2026-09-13T20:18:25.8699789Z ##[group]Environment details
ci-contract	UNKNOWN STEP	2026-09-13T20:18:26.0891200Z node: v24.7.0
ci-contract	UNKNOWN STEP	2026-09-13T20:18:26.0891720Z npm: 11.5.1
ci-contract	UNKNOWN STEP	2026-09-13T20:18:26.0891975Z yarn: 1.22.22
ci-contract	UNKNOWN STEP	2026-09-13T20:18:26.0892797Z ##[endgroup]
ci-contract	UNKNOWN STEP	2026-09-13T20:18:26.1008298Z ##[group]Run ./tooling/check-ci-contract.mjs && ./tooling/test-phase-2.sh --list
ci-contract	UNKNOWN STEP	2026-09-13T20:18:26.1008839Z ^[[36;1m./tooling/check-ci-contract.mjs && ./tooling/test-phase-2.sh --list^[[0m
ci-contract	UNKNOWN STEP	2026-09-13T20:18:26.1034662Z shell: /usr/bin/bash -e {0}
ci-contract	UNKNOWN STEP	2026-09-13T20:18:26.1034942Z env:
ci-contract	UNKNOWN STEP	2026-09-13T20:18:26.1035228Z   KEEPLING_PHASE2_SEED: 20260901
ci-contract	UNKNOWN STEP	2026-09-13T20:18:26.1035588Z   KEEPLING_FLAKE_POLICY: no-retry; quarantine-requires-owner-issue-expiry
ci-contract	UNKNOWN STEP	2026-09-13T20:18:26.1035958Z ##[endgroup]
ci-contract	UNKNOWN STEP	2026-09-13T20:18:26.1775205Z CI contract passed: lanes=9 pins=full-sha caches=exact scheduled=non-vacuous privacy_self_test=passed
ci-contract	UNKNOWN STEP	2026-09-13T20:18:26.1824737Z repository-integrity       repository boundary checks
ci-contract	UNKNOWN STEP	2026-09-13T20:18:26.1825604Z server                     complete ExUnit suite against disposable PostgreSQL
ci-contract	UNKNOWN STEP	2026-09-13T20:18:26.1826196Z sync-property              seeded reference model and PostgreSQL feed tests
ci-contract	UNKNOWN STEP	2026-09-13T20:18:26.1826827Z contracts-compatibility    generated contracts and current/previous skew matrix
ci-contract	UNKNOWN STEP	2026-09-13T20:18:26.1827315Z image-compose-deploy       disposable OCI, Compose, migration, and retry proof
ci-contract	UNKNOWN STEP	2026-09-13T20:18:26.1827816Z backup-restore             backup policy and three isolated restore fixtures
ci-contract	UNKNOWN STEP	2026-09-13T20:18:26.1828346Z opentofu-host-fixtures     pinned provider graph and hermetic live-boundary regressions
ci-contract	UNKNOWN STEP	2026-09-13T20:18:26.1828802Z privacy                    producer redaction tests and aggregate hostile scan
ci-contract	UNKNOWN STEP	2026-09-13T20:18:26.1829515Z live-host-dns-acceptance   credentialed outer acceptance; runs only with every input present
ci-contract	UNKNOWN STEP	2026-09-13T20:18:26.1856379Z ##[group]Run # NOTE: deliberately no `set -o pipefail` here. Each fixture makes the
ci-contract	UNKNOWN STEP	2026-09-13T20:18:26.1856918Z ^[[36;1m# NOTE: deliberately no `set -o pipefail` here. Each fixture makes the^[[0m
ci-contract	UNKNOWN STEP	2026-09-13T20:18:26.1857315Z ^[[36;1m# verifier exit non-zero ON PURPOSE -- that refusal IS the assertion.^[[0m
ci-contract	UNKNOWN STEP	2026-09-13T20:18:26.1857723Z ^[[36;1m# Piping it straight into grep under pipefail fails the step precisely^[[0m
ci-contract	UNKNOWN STEP	2026-09-13T20:18:26.1858239Z ^[[36;1m# WHEN THE GUARD WORKS, because the node exit status poisons the^[[0m
ci-contract	UNKNOWN STEP	2026-09-13T20:18:26.1858620Z ^[[36;1m# pipeline. Capture the output first, then assert against it.^[[0m
ci-contract	UNKNOWN STEP	2026-09-13T20:18:26.1858942Z ^[[36;1mset -u^[[0m
ci-contract	UNKNOWN STEP	2026-09-13T20:18:26.1859159Z ^[[36;1massert_refused() {^[[0m
ci-contract	UNKNOWN STEP	2026-09-13T20:18:26.1859679Z ^[[36;1m  fixture="$1"^[[0m
ci-contract	UNKNOWN STEP	2026-09-13T20:18:26.1859924Z ^[[36;1m  expected="$2"^[[0m
ci-contract	UNKNOWN STEP	2026-09-13T20:18:26.1860275Z ^[[36;1m  output="$(node tooling/verify-release.mjs --manifest "$fixture" --offline 2>&1)" && {^[[0m
ci-contract	UNKNOWN STEP	2026-09-13T20:18:26.1860780Z ^[[36;1m    echo "verify-release ACCEPTED $fixture; the guard is gone" >&2^[[0m
ci-contract	UNKNOWN STEP	2026-09-13T20:18:26.1861118Z ^[[36;1m    printf '%s\n' "$output" >&2^[[0m
ci-contract	UNKNOWN STEP	2026-09-13T20:18:26.1861370Z ^[[36;1m    exit 1^[[0m
ci-contract	UNKNOWN STEP	2026-09-13T20:18:26.1861582Z ^[[36;1m  }^[[0m
ci-contract	UNKNOWN STEP	2026-09-13T20:18:26.1861854Z ^[[36;1m  printf '%s\n' "$output" | grep -q "$expected" || {^[[0m
ci-contract	UNKNOWN STEP	2026-09-13T20:18:26.1862231Z ^[[36;1m    echo "verify-release refused $fixture but not for the stated reason:" >&2^[[0m
ci-contract	UNKNOWN STEP	2026-09-13T20:18:26.1862612Z ^[[36;1m    echo "  expected to find: $expected" >&2^[[0m
ci-contract	UNKNOWN STEP	2026-09-13T20:18:26.1862892Z ^[[36;1m    printf '%s\n' "$output" >&2^[[0m
ci-contract	UNKNOWN STEP	2026-09-13T20:18:26.1863135Z ^[[36;1m    exit 1^[[0m
ci-contract	UNKNOWN STEP	2026-09-13T20:18:26.1863332Z ^[[36;1m  }^[[0m
ci-contract	UNKNOWN STEP	2026-09-13T20:18:26.1863554Z ^[[36;1m}^[[0m
ci-contract	UNKNOWN STEP	2026-09-13T20:18:26.1863930Z ^[[36;1massert_refused tooling/fixtures/release-manifest.vanished-lane.json 'lane vanished from manifest'^[[0m
ci-contract	UNKNOWN STEP	2026-09-13T20:18:26.1864640Z ^[[36;1massert_refused tooling/fixtures/release-manifest.local-unattested.json 'nothing local may bind to locally built bytes'^[[0m
ci-contract	UNKNOWN STEP	2026-09-13T20:18:26.1865339Z ^[[36;1massert_refused tooling/fixtures/release-manifest.not-produced-artifact.json 'a lane cannot have tested bytes that were never built'^[[0m
ci-contract	UNKNOWN STEP	2026-09-13T20:18:26.1865957Z ^[[36;1massert_refused tooling/fixtures/release-manifest.dangling-evidence.json 'a digest naming nothing proves nothing'^[[0m
ci-contract	UNKNOWN STEP	2026-09-13T20:18:26.1866630Z ^[[36;1mecho 'release-verifier guards intact: vanished-lane=refused local-unattested=refused not-produced-artifact=refused dangling-evidence=refused'^[[0m
ci-contract	UNKNOWN STEP	2026-09-13T20:18:26.1884867Z shell: /usr/bin/bash -e {0}
ci-contract	UNKNOWN STEP	2026-09-13T20:18:26.1885137Z env:
ci-contract	UNKNOWN STEP	2026-09-13T20:18:26.1885361Z   KEEPLING_PHASE2_SEED: 20260901
ci-contract	UNKNOWN STEP	2026-09-13T20:18:26.1885723Z   KEEPLING_FLAKE_POLICY: no-retry; quarantine-requires-owner-issue-expiry
ci-contract	UNKNOWN STEP	2026-09-13T20:18:26.1886063Z ##[endgroup]
ci-contract	UNKNOWN STEP	2026-09-13T20:18:26.3087378Z release-verifier guards intact: vanished-lane=refused local-unattested=refused not-produced-artifact=refused dangling-evidence=refused
ci-contract	UNKNOWN STEP	2026-09-13T20:18:26.3115261Z ##[group]Run set -o pipefail
ci-contract	UNKNOWN STEP	2026-09-13T20:18:26.3115592Z ^[[36;1mset -o pipefail^[[0m
ci-contract	UNKNOWN STEP	2026-09-13T20:18:26.3115892Z ^[[36;1mfor manifest in .planning/releases/*/release-manifest.json; do^[[0m
ci-contract	UNKNOWN STEP	2026-09-13T20:18:26.3116213Z ^[[36;1m  [ -e "$manifest" ] || continue^[[0m
ci-contract	UNKNOWN STEP	2026-09-13T20:18:26.3116565Z ^[[36;1m  echo "::group::verify-release $manifest"^[[0m
ci-contract	UNKNOWN STEP	2026-09-13T20:18:26.3117000Z ^[[36;1m  node tooling/verify-release.mjs --manifest "$manifest" --offline || echo "NON-PASSING: $manifest"^[[0m
ci-contract	UNKNOWN STEP	2026-09-13T20:18:26.3117419Z ^[[36;1m  echo "::endgroup::"^[[0m
ci-contract	UNKNOWN STEP	2026-09-13T20:18:26.3117661Z ^[[36;1mdone^[[0m
ci-contract	UNKNOWN STEP	2026-09-13T20:18:26.3136466Z shell: /usr/bin/bash -e {0}
ci-contract	UNKNOWN STEP	2026-09-13T20:18:26.3136757Z env:
ci-contract	UNKNOWN STEP	2026-09-13T20:18:26.3137030Z   KEEPLING_PHASE2_SEED: 20260901
ci-contract	UNKNOWN STEP	2026-09-13T20:18:26.3137364Z   KEEPLING_FLAKE_POLICY: no-retry; quarantine-requires-owner-issue-expiry
ci-contract	UNKNOWN STEP	2026-09-13T20:18:26.3137708Z ##[endgroup]
ci-contract	UNKNOWN STEP	2026-09-13T20:18:26.3173740Z ##[group]verify-release .planning/releases/candidate-0/release-manifest.json
ci-contract	UNKNOWN STEP	2026-09-13T20:18:26.3428784Z verify-release tracked_input_sha256=60fa3884bb89514c28056ad7cf678e6dbeb28556615f7889bb56b5e4f8f9e49f
ci-contract	UNKNOWN STEP	2026-09-13T20:18:26.3431571Z attestation=UNVERIFIED artifact=.planning/releases/candidate-0/artifact reason=offline-flag
ci-contract	UNKNOWN STEP	2026-09-13T20:18:26.3434391Z verify-release failed: lane vanished from manifest: repository-integrity
ci-contract	UNKNOWN STEP	2026-09-13T20:18:26.3435143Z verify-release failed: lane vanished from manifest: all-required-passed
ci-contract	UNKNOWN STEP	2026-09-13T20:18:26.3436002Z verify-release failed: lane vanished from manifest: phase2-server
ci-contract	UNKNOWN STEP	2026-09-13T20:18:26.3436798Z verify-release failed: lane vanished from manifest: phase2-sync-property
ci-contract	UNKNOWN STEP	2026-09-13T20:18:26.3437444Z verify-release failed: lane vanished from manifest: phase2-backup-restore
ci-contract	UNKNOWN STEP	2026-09-13T20:18:26.3438050Z verify-release failed: lane vanished from manifest: phase2-contracts-compatibility
ci-contract	UNKNOWN STEP	2026-09-13T20:18:26.3438783Z verify-release failed: lane vanished from manifest: phase2-privacy
ci-contract	UNKNOWN STEP	2026-09-13T20:18:26.3439440Z verify-release failed: lane vanished from manifest: image-compose-deploy
ci-contract	UNKNOWN STEP	2026-09-13T20:18:26.3440114Z verify-release failed: lane vanished from manifest: opentofu-host-fixtures
ci-contract	UNKNOWN STEP	2026-09-13T20:18:26.3440656Z verify-release failed: lane vanished from manifest: export-elixir
ci-contract	UNKNOWN STEP	2026-09-13T20:18:26.3441123Z verify-release failed: lane vanished from manifest: export-reader
ci-contract	UNKNOWN STEP	2026-09-13T20:18:26.3441528Z verify-release failed: lane vanished from manifest: desktop-units
ci-contract	UNKNOWN STEP	2026-09-13T20:18:26.3441964Z verify-release failed: lane vanished from manifest: desktop-package
ci-contract	UNKNOWN STEP	2026-09-13T20:18:26.3442472Z verify-release failed: lane vanished from manifest: desktop-packaged
ci-contract	UNKNOWN STEP	2026-09-13T20:18:26.3442887Z verify-release failed: lane vanished from manifest: desktop-e2e
ci-contract	UNKNOWN STEP	2026-09-13T20:18:26.3443392Z verify-release failed: lane vanished from manifest: macos-integration-no-grant
ci-contract	UNKNOWN STEP	2026-09-13T20:18:26.3443885Z verify-release failed: lane vanished from manifest: macos-integration-live-appearance
ci-contract	UNKNOWN STEP	2026-09-13T20:18:26.3444375Z verify-release failed: lane vanished from manifest: hosted-runner-tcc-report
ci-contract	UNKNOWN STEP	2026-09-13T20:18:26.3444842Z verify-release failed: lane vanished from manifest: desktop-promote
ci-contract	UNKNOWN STEP	2026-09-13T20:18:26.3445289Z verify-release failed: lane vanished from manifest: slsa-provenance-attestation
ci-contract	UNKNOWN STEP	2026-09-13T20:18:26.3445767Z verify-release failed: lane vanished from manifest: sbom-generation
ci-contract	UNKNOWN STEP	2026-09-13T20:18:26.3446190Z verify-release failed: lane vanished from manifest: package-reproducible
ci-contract	UNKNOWN STEP	2026-09-13T20:18:26.3446633Z verify-release failed: lane vanished from manifest: daily-restore
ci-contract	UNKNOWN STEP	2026-09-13T20:18:26.3447113Z verify-release failed: lane vanished from manifest: weekly-historical-pitr
ci-contract	UNKNOWN STEP	2026-09-13T20:18:26.3447571Z verify-release failed: lane vanished from manifest: quarterly-host-replacement
ci-contract	UNKNOWN STEP	2026-09-13T20:18:26.3448095Z verify-release failed: lane vanished from manifest: phase-1-desktop
ci-contract	UNKNOWN STEP	2026-09-13T20:18:26.3448513Z verify-release failed: lane vanished from manifest: mcp-gate-selftest
ci-contract	UNKNOWN STEP	2026-09-13T20:18:26.3449103Z verify-release failed: lane vanished from manifest: mcp-phase-non-model
ci-contract	UNKNOWN STEP	2026-09-13T20:18:26.3449687Z verify-release failed: lane vanished from manifest: cross-adapter-phase
ci-contract	UNKNOWN STEP	2026-09-13T20:18:26.3450102Z verify-release failed: lane vanished from manifest: ios-simulator
ci-contract	UNKNOWN STEP	2026-09-13T20:18:26.3450553Z verify-release failed: lane vanished from manifest: ios-signed-build
ci-contract	UNKNOWN STEP	2026-09-13T20:18:26.3450972Z verify-release failed: lane vanished from manifest: real-stack-desktop
ci-contract	UNKNOWN STEP	2026-09-13T20:18:26.3451434Z verify-release failed: lane vanished from manifest: real-stack-ios-simulator
ci-contract	UNKNOWN STEP	2026-09-13T20:18:26.3451878Z verify-release failed: lane vanished from manifest: trust-soak
ci-contract	UNKNOWN STEP	2026-09-13T20:18:26.3452316Z verify-release failed: lane vanished from manifest: macos-integration-full-grant
ci-contract	UNKNOWN STEP	2026-09-13T20:18:26.3452777Z verify-release failed: lane vanished from manifest: ios-device
ci-contract	UNKNOWN STEP	2026-09-13T20:18:26.3453233Z verify-release failed: lane vanished from manifest: mcp-representative-model
ci-contract	UNKNOWN STEP	2026-09-13T20:18:26.3453684Z verify-release failed: lane vanished from manifest: live-host-dns-acceptance
ci-contract	UNKNOWN STEP	2026-09-13T20:18:26.3454681Z verify-release failed: lane ci-contract records evidenceDigestSha256=82db996cfd088bbf67dd4aed1297edbd4174ca41df24e9f205baec6162ee37be but its evidence file does not exist at evidence/lanes/ci-contract.log -- a digest naming nothing proves nothing
ci-contract	UNKNOWN STEP	2026-09-13T20:18:26.3455599Z verify-release failed: revision f7b7c902cd13c8b0ca6a1c78467b3f67e30b5213 verification did not pass (PASSED)
ci-contract	UNKNOWN STEP	2026-09-13T20:18:26.3469632Z NON-PASSING: .planning/releases/candidate-0/release-manifest.json
ci-contract	UNKNOWN STEP	2026-09-13T20:18:26.3470472Z ##[endgroup]
ci-contract	UNKNOWN STEP	2026-09-13T20:18:26.3471107Z ##[group]verify-release .planning/releases/candidate-1/release-manifest.json
ci-contract	UNKNOWN STEP	2026-09-13T20:18:26.3722825Z verify-release tracked_input_sha256=60fa3884bb89514c28056ad7cf678e6dbeb28556615f7889bb56b5e4f8f9e49f
ci-contract	UNKNOWN STEP	2026-09-13T20:18:26.3727277Z attestation=UNVERIFIED artifact=.planning/releases/candidate-1/artifacts/desktop-macos-app.package-manifest.json reason=offline-flag
ci-contract	UNKNOWN STEP	2026-09-13T20:18:26.3728430Z attestation=UNVERIFIED artifact=.planning/releases/candidate-1/artifacts/ios-archive.absence-record.json reason=offline-flag
ci-contract	UNKNOWN STEP	2026-09-13T20:18:26.3729722Z attestation=UNVERIFIED artifact=.planning/releases/candidate-1/artifacts/server-oci-image.absence-record.json reason=offline-flag
ci-contract	UNKNOWN STEP	2026-09-13T20:18:26.3730828Z attestation=UNVERIFIED artifact=.planning/releases/candidate-1/artifacts/web-bundle.absence-record.json reason=offline-flag
ci-contract	UNKNOWN STEP	2026-09-13T20:18:26.3731846Z attestation=UNVERIFIED artifact=.planning/releases/candidate-1/artifacts/source-tree.record.json reason=offline-flag
ci-contract	UNKNOWN STEP	2026-09-13T20:18:26.3733864Z lane=ci-contract status=PASSED cases=5 authority=ci ranAgainstArtifactDigest=2aa86c8ebc448eed9fb3c7e2cb20c33cf26a7c5bdbfba4e6f521837227672fde
ci-contract	UNKNOWN STEP	2026-09-13T20:18:26.3734972Z lane=repository-integrity status=PASSED cases=3 authority=ci ranAgainstArtifactDigest=2aa86c8ebc448eed9fb3c7e2cb20c33cf26a7c5bdbfba4e6f521837227672fde
ci-contract	UNKNOWN STEP	2026-09-13T20:18:26.3736858Z lane=all-required-passed status=BLOCKED cases=0 owner=backlog reason=The aggregator ran with if: always() and FAILED: it reports `required job phase2-linux did not succeed (result=failure)` and `required job image-compose-deploy did not succeed (result=failure)`. The aggregator working correctly is what produces this BLOCKED entry; the blockers are the two lanes it names, each of which carries its own entry below.
ci-contract	UNKNOWN STEP	2026-09-13T20:18:26.3738324Z verify-release failed: lane all-required-passed reports BLOCKED
ci-contract	UNKNOWN STEP	2026-09-13T20:18:26.3741593Z lane=phase2-server status=BLOCKED cases=0 owner=backlog reason=The lane's own command SUCCEEDED (`mix compile --warnings-as-errors && mix test`, 337 declared cases) and then the mandatory post-run privacy scan over the lane's diagnostic log FAILED: `Privacy verification failed: hostile sentinel found in a diagnostic artifact` (tooling/verify-privacy.sh, run 34668212479). No PASS line was emitted, so no case count from this lane may be claimed. The 337 figure is the lane's DECLARED case count from its RUNNING line, not a passing count, and is deliberately not recorded as cases here. TO CLOSE: reproduce with `./tooling/test-phase-2.sh --lane server` and identify which emitter puts a vector sentinel into the lane log -- apps/server/test/keepling_web/mcp/content_isolation_test.exs is the only server test outside the two redaction suites that uses one. See .planning/WINDOWS.md.
ci-contract	UNKNOWN STEP	2026-09-13T20:18:26.3744818Z lane=phase2-sync-property status=BLOCKED cases=0 owner=backlog reason=Never reached the lane: the job failed at its `Install asdf` step with `fatal: destination path '/home/runner/.asdf' already exists and is not an empty directory` (exit 128). The actions/cache restore of ~/.asdf/installs creates $HOME/.asdf, after which the unconditional `git clone ... $HOME/.asdf` cannot succeed. Toolchain provisioning, before any project code ran. See .planning/WINDOWS.md.
ci-contract	UNKNOWN STEP	2026-09-13T20:18:26.3746957Z lane=phase2-backup-restore status=BLOCKED cases=0 owner=backlog reason=Never reached the lane: identical `Install asdf` failure to phase2-sync-property in the same run (`fatal: destination path '/home/runner/.asdf' already exists and is not an empty directory`, exit 128). Toolchain provisioning, before any project code ran. See .planning/WINDOWS.md.
ci-contract	UNKNOWN STEP	2026-09-13T20:18:26.3748376Z lane=phase2-contracts-compatibility status=PASSED cases=30 authority=ci ranAgainstArtifactDigest=2aa86c8ebc448eed9fb3c7e2cb20c33cf26a7c5bdbfba4e6f521837227672fde
ci-contract	UNKNOWN STEP	2026-09-13T20:18:26.3749566Z lane=phase2-privacy status=PASSED cases=17 authority=ci ranAgainstArtifactDigest=2aa86c8ebc448eed9fb3c7e2cb20c33cf26a7c5bdbfba4e6f521837227672fde
ci-contract	UNKNOWN STEP	2026-09-13T20:18:26.3752664Z lane=image-compose-deploy status=BLOCKED cases=0 owner=backlog reason=The lane FAILED building the server image: the image build's dependency audit reports hackney 1.25.0 as VULNERABLE with four advisories, one HIGH (EEF-CVE-2026-47071, SOCKS5 TLS upgrade ignores caller timeout) and three MEDIUM/LOW CR/LF-injection and SSRF-allowlist-bypass advisories. This is a real supply-chain finding in the bytes the server image would ship, not an infrastructure fault. TO CLOSE: update the hackney dependency (directly or via its parent) to a version carrying no open advisory and re-run `./tooling/test-phase-2.sh --lane image-compose-deploy`. See .planning/WINDOWS.md.
ci-contract	UNKNOWN STEP	2026-09-13T20:18:26.3755282Z lane=opentofu-host-fixtures status=PASSED cases=8 authority=ci ranAgainstArtifactDigest=2aa86c8ebc448eed9fb3c7e2cb20c33cf26a7c5bdbfba4e6f521837227672fde
ci-contract	UNKNOWN STEP	2026-09-13T20:18:26.3756925Z lane=export-elixir status=BLOCKED cases=0 owner=backlog reason=This lane's evidence is the phase2-server job, which produced no PASS line at this revision (its post-run privacy scan failed -- see the phase2-server entry). The export suite's own result is therefore not separable from a lane that did not pass, and no case count may be claimed for it. TO CLOSE: close the phase2-server privacy finding, or give the export suite its own job with its own PASS line.
ci-contract	UNKNOWN STEP	2026-09-13T20:18:26.3759932Z lane=export-reader status=BLOCKED cases=0 owner=ci reason=Unwired. The independent reader `tooling/verify-export-reader.mjs` exists and runs locally, but NO committed workflow job under .github/ invokes it -- it is referenced only by SUPPORT.md, PRIVACY.md and itself. An unwired lane may never report PASSED because it has no job it could have passed in. DATA-01 and the public PRIVACY.md both lean on this reader. TO CLOSE: add a job running `node tooling/verify-export-reader.mjs --golden` to repository-integrity.yml and add it to the required-lane list. See .planning/WINDOWS.md.
ci-contract	UNKNOWN STEP	2026-09-13T20:18:26.3762393Z lane=desktop-units status=PASSED cases=381 authority=ci ranAgainstArtifactDigest=2aa86c8ebc448eed9fb3c7e2cb20c33cf26a7c5bdbfba4e6f521837227672fde
ci-contract	UNKNOWN STEP	2026-09-13T20:18:26.3763604Z lane=desktop-package status=PASSED cases=1 authority=ci ranAgainstArtifactDigest=f14a8d8ab2dc61ec3d47c0f45b3f50f7cd73d02597dce0199d73d4511b74d02e
ci-contract	UNKNOWN STEP	2026-09-13T20:18:26.3764916Z lane=desktop-packaged status=PASSED cases=11 authority=ci ranAgainstArtifactDigest=f14a8d8ab2dc61ec3d47c0f45b3f50f7cd73d02597dce0199d73d4511b74d02e
ci-contract	UNKNOWN STEP	2026-09-13T20:18:26.3766110Z verify-release failed: lane phase2-server reports BLOCKED
ci-contract	UNKNOWN STEP	2026-09-13T20:18:26.3766669Z verify-release failed: lane phase2-sync-property reports BLOCKED
ci-contract	UNKNOWN STEP	2026-09-13T20:18:26.3767161Z verify-release failed: lane phase2-backup-restore reports BLOCKED
ci-contract	UNKNOWN STEP	2026-09-13T20:18:26.3767826Z verify-release failed: lane image-compose-deploy reports BLOCKED
ci-contract	UNKNOWN STEP	2026-09-13T20:18:26.3768318Z verify-release failed: lane export-elixir reports BLOCKED
ci-contract	UNKNOWN STEP	2026-09-13T20:18:26.3768910Z verify-release failed: lane export-reader reports BLOCKED
ci-contract	UNKNOWN STEP	2026-09-13T20:18:26.3769591Z verify-release failed: lane macos-integration-live-appearance reports BLOCKED
ci-contract	UNKNOWN STEP	2026-09-13T20:18:26.3770078Z verify-release failed: lane desktop-promote reports BLOCKED
ci-contract	UNKNOWN STEP	2026-09-13T20:18:26.3770518Z verify-release failed: lane slsa-provenance-attestation reports BLOCKED
ci-contract	UNKNOWN STEP	2026-09-13T20:18:26.3770942Z verify-release failed: lane sbom-generation reports BLOCKED
ci-contract	UNKNOWN STEP	2026-09-13T20:18:26.3771336Z verify-release failed: lane package-reproducible reports BLOCKED
ci-contract	UNKNOWN STEP	2026-09-13T20:18:26.3771753Z verify-release failed: lane daily-restore reports BLOCKED
ci-contract	UNKNOWN STEP	2026-09-13T20:18:26.3772176Z verify-release failed: lane weekly-historical-pitr reports BLOCKED
ci-contract	UNKNOWN STEP	2026-09-13T20:18:26.3772601Z verify-release failed: lane quarterly-host-replacement reports BLOCKED
ci-contract	UNKNOWN STEP	2026-09-13T20:18:26.3773014Z verify-release failed: lane phase-1-desktop reports BLOCKED
ci-contract	UNKNOWN STEP	2026-09-13T20:18:26.3773418Z verify-release failed: lane mcp-gate-selftest reports BLOCKED
ci-contract	UNKNOWN STEP	2026-09-13T20:18:26.3773820Z verify-release failed: lane mcp-phase-non-model reports BLOCKED
ci-contract	UNKNOWN STEP	2026-09-13T20:18:26.3774341Z verify-release failed: lane cross-adapter-phase reports BLOCKED
ci-contract	UNKNOWN STEP	2026-09-13T20:18:26.3774724Z verify-release failed: lane ios-simulator reports BLOCKED
ci-contract	UNKNOWN STEP	2026-09-13T20:18:26.3775114Z verify-release failed: lane ios-signed-build reports BLOCKED
ci-contract	UNKNOWN STEP	2026-09-13T20:18:26.3775520Z verify-release failed: lane real-stack-desktop reports BLOCKED
ci-contract	UNKNOWN STEP	2026-09-13T20:18:26.3775940Z verify-release failed: lane real-stack-ios-simulator reports BLOCKED
ci-contract	UNKNOWN STEP	2026-09-13T20:18:26.3776332Z verify-release failed: lane trust-soak reports BLOCKED
ci-contract	UNKNOWN STEP	2026-09-13T20:18:26.3776756Z verify-release failed: lane macos-integration-full-grant reports BLOCKED
ci-contract	UNKNOWN STEP	2026-09-13T20:18:26.3777163Z verify-release failed: lane ios-device reports BLOCKED
ci-contract	UNKNOWN STEP	2026-09-13T20:18:26.3777579Z verify-release failed: lane mcp-representative-model reports BLOCKED
ci-contract	UNKNOWN STEP	2026-09-13T20:18:26.3778015Z verify-release failed: lane live-host-dns-acceptance reports BLOCKED
ci-contract	UNKNOWN STEP	2026-09-13T20:18:26.3778587Z verify-release failed: revision 26628e1771d5b90569b5eec232047456fdda9f2e verification did not pass (PASSED)
ci-contract	UNKNOWN STEP	2026-09-13T20:18:26.3779462Z lane=desktop-e2e status=PASSED cases=65 authority=ci ranAgainstArtifactDigest=2aa86c8ebc448eed9fb3c7e2cb20c33cf26a7c5bdbfba4e6f521837227672fde
ci-contract	UNKNOWN STEP	2026-09-13T20:18:26.3780318Z lane=macos-integration-no-grant status=PASSED cases=9 authority=ci ranAgainstArtifactDigest=f14a8d8ab2dc61ec3d47c0f45b3f50f7cd73d02597dce0199d73d4511b74d02e
ci-contract	UNKNOWN STEP	2026-09-13T20:18:26.3782692Z lane=macos-integration-live-appearance status=BLOCKED cases=0 owner=backlog reason=Physical blocker. Row A14 changes the system appearance WHILE the app is running and asserts the window re-themes without a relaunch. That requires a logged-in Aqua session whose appearance daemon posts AppleInterfaceThemeChangedNotification; a hosted GitHub runner has none. Observed at this revision: `ROW id=A14 status=FAIL cases=4` on macos-15 with `background stayed {"b":0,"g":0,"r":0}` (run 34668212473). The identical row reports `status=PASS cases=4` on a real logged-in session. That local pass is NOT recorded as a passing status here: it binds to locally built bytes, and nothing local may bind to locally built bytes. See .planning/WINDOWS.md.
ci-contract	UNKNOWN STEP	2026-09-13T20:18:26.3784725Z lane=hosted-runner-tcc-report status=PASSED cases=1 authority=ci ranAgainstArtifactDigest=f14a8d8ab2dc61ec3d47c0f45b3f50f7cd73d02597dce0199d73d4511b74d02e
ci-contract	UNKNOWN STEP	2026-09-13T20:18:26.3786221Z lane=desktop-promote status=BLOCKED cases=0 owner=backlog reason=The job was SKIPPED: its `needs` gate requires every required desktop lane to have succeeded, and desktop-macos-integration did not (row A14, physical blocker above). The gate refusing to promote is the gate working. No promotion occurred at this revision, so QUAL-03's promotion clause has no passing lane behind it here.
ci-contract	UNKNOWN STEP	2026-09-13T20:18:26.3788042Z lane=slsa-provenance-attestation status=BLOCKED cases=0 owner=backlog reason=Lives in the skipped desktop-promote job, so `actions/attest-build-provenance` never ran and no provenance attestation exists for this revision's archive. Consequently `verify-release.mjs` cannot report anything other than attestation=UNVERIFIED for these bytes, online or offline.
ci-contract	UNKNOWN STEP	2026-09-13T20:18:26.3789549Z lane=sbom-generation status=BLOCKED cases=0 owner=backlog reason=Lives in the skipped desktop-promote job, so `node tooling/generate-sbom.mjs` never ran and no bill of materials exists for this revision.
ci-contract	UNKNOWN STEP	2026-09-13T20:18:26.3791435Z lane=package-reproducible status=BLOCKED cases=0 owner=backlog reason=Unwired, by a deliberate open decision recorded as .planning/WINDOWS.md row 82: a notarized Developer ID build is not byte-reproducible by construction, because @electron/osx-sign embeds a fresh RFC 3161 secure timestamp -- required for notarization -- into every signature blob. 16 of 618 entries differ and they are exactly the signature-bearing ones. The lane may not report PASSED while unwired. TO CLOSE: pick option (a) or (b) in row 82. Owner: BACKLOG.
ci-contract	UNKNOWN STEP	2026-09-13T20:18:26.3793593Z lane=daily-restore status=BLOCKED cases=0 owner=backlog reason=Scheduled lane (recovery-drills.yml, `on: schedule`). No run exists at this revision, so it has no evidence here. An absent scheduled run is reported explicitly rather than omitted, because an omitted lane reads as satisfied. TO CLOSE at a revision: dispatch recovery-drills.yml at that revision and bind its run id.
ci-contract	UNKNOWN STEP	2026-09-13T20:18:26.3795125Z lane=weekly-historical-pitr status=BLOCKED cases=0 owner=backlog reason=Scheduled lane (recovery-drills.yml, `on: schedule`). No run exists at this revision. TO CLOSE at a revision: dispatch recovery-drills.yml at that revision and bind its run id.
ci-contract	UNKNOWN STEP	2026-09-13T20:18:26.3796429Z lane=quarterly-host-replacement status=BLOCKED cases=0 owner=backlog reason=Scheduled lane (recovery-drills.yml, `on: schedule`). No run exists at this revision. TO CLOSE at a revision: dispatch recovery-drills.yml at that revision and bind its run id.
ci-contract	UNKNOWN STEP	2026-09-13T20:18:26.3797868Z lane=phase-1-desktop status=BLOCKED cases=0 owner=backlog reason=Unwired: D-14 names this lane required on pull requests and main, but no committed workflow job runs `./tooling/test-phase-1.sh`. An unwired lane may never report PASSED. TO CLOSE: add the job and add the lane to the required-lane list in tooling/check-ci-contract.mjs.
ci-contract	UNKNOWN STEP	2026-09-13T20:18:26.3799454Z lane=mcp-gate-selftest status=BLOCKED cases=0 owner=backlog reason=Unwired: D-14 names this lane required on pull requests and main, but no committed workflow job runs `node tooling/mcp-gate-selftest.mjs`. TO CLOSE: add the job and add the lane to the required-lane list.
ci-contract	UNKNOWN STEP	2026-09-13T20:18:26.3801108Z lane=mcp-phase-non-model status=BLOCKED cases=0 owner=backlog reason=Unwired: D-14 names this lane required on pull requests and main, but no committed workflow job runs `node tooling/verify-mcp-phase.mjs` non-model lanes. TO CLOSE: add the job and add the lane to the required-lane list.
ci-contract	UNKNOWN STEP	2026-09-13T20:18:26.3802686Z lane=cross-adapter-phase status=BLOCKED cases=0 owner=backlog reason=Unwired: D-14 names this lane required on pull requests and main, but no committed workflow job runs `node tooling/verify-cross-adapter-phase.mjs`. SRV-02 depends on this lane and stays unchecked. TO CLOSE: add the job and add the lane to the required-lane list.
ci-contract	UNKNOWN STEP	2026-09-13T20:18:26.3804104Z lane=ios-simulator status=BLOCKED cases=0 owner=backlog reason=Unwired: D-14 names the iOS simulator lanes required on main, but no committed workflow job runs them. TO CLOSE: add a macOS job running `node tooling/verify-ios-phase.mjs --lane simulator`.
ci-contract	UNKNOWN STEP	2026-09-13T20:18:26.3806303Z lane=ios-signed-build status=BLOCKED cases=0 owner=backlog reason=Unwired: D-14 names this lane required on main only, never on forked pull requests, but no committed workflow job runs `node tooling/build-ios-signed.mjs`. It also requires repository secrets that are not present. TO CLOSE: add the main-only job and provision the signing secrets.
ci-contract	UNKNOWN STEP	2026-09-13T20:18:26.3807775Z lane=real-stack-desktop status=BLOCKED cases=0 owner=backlog reason=Unwired: D-14 places this lane on-demand via workflow_dispatch on main, and no such committed job exists. It also requires repository secrets. TO CLOSE: add the workflow_dispatch job.
ci-contract	UNKNOWN STEP	2026-09-13T20:18:26.3809359Z lane=real-stack-ios-simulator status=BLOCKED cases=0 owner=backlog reason=Unwired: D-14 places this lane on-demand via workflow_dispatch on main, and no such committed job exists. It also requires repository secrets. TO CLOSE: add the workflow_dispatch job.
ci-contract	UNKNOWN STEP	2026-09-13T20:18:26.3812314Z lane=trust-soak status=BLOCKED cases=0 owner=backlog reason=The soak's verdict at this revision is BLOCKED with zero samples: .artifacts/trust-soak/trust-soak-evidence.json reports verdict=BLOCKED, every chaos operator count 0, every invariant I1-I10 samples=0 violations=0 disposition=BLOCKED, an empty dailyUsageCensus, and detectionFloor confidence=null with the note 'Insufficient accumulated samples to state a detection floor. This proves nothing about defects of any rarity yet.' The measurement window accumulates in calendar time. This is the correct and honest outcome, and it keeps the overall run non-zero. TO CLOSE: accumulate the stated window and re-run `node tooling/verify-trust-soak.mjs`.
ci-contract	UNKNOWN STEP	2026-09-13T20:18:26.3816287Z lane=macos-integration-full-grant status=BLOCKED cases=0 owner=backlog reason=Physical blocker as recorded in the inventory: a hosted runner cannot be given a non-interactive TCC Accessibility grant. A signed, notarized, stapled local build exists and the full-grant rows have passed locally in the past, but that evidence binds to LOCALLY BUILT bytes and to a different revision, so under the anti-loophole rule it may not be recorded as a passing status here. It additionally could NOT be regenerated during this plan: two attempts at the current local artefact were aborted by the lane's own focus guard (`FOCUS_STOLEN by_bundle=dev.playstead.mac`), and the lane correctly refuses to claim a row it could not drive. TO CLOSE with CI authority: sign a CI build (export the Developer ID .p12 to repository secrets), then run the full-grant rows against those exact CI bytes on a machine with the grant.
ci-contract	UNKNOWN STEP	2026-09-13T20:18:26.3818768Z lane=ios-device status=BLOCKED cases=0 owner=backlog reason=Physical blocker as recorded in the inventory: the lane drives a physically present, unlocked iPhone, which a hosted runner does not have.
ci-contract	UNKNOWN STEP	2026-09-13T20:18:26.3819910Z lane=mcp-representative-model status=BLOCKED cases=0 owner=backlog reason=Physical blocker as recorded in the inventory: the lane calls a real, paid, non-deterministic third-party model credential.
ci-contract	UNKNOWN STEP	2026-09-13T20:18:26.3821460Z lane=live-host-dns-acceptance status=BLOCKED cases=0 owner=backlog reason=Protected outer lane, carried forward unchanged per D-40: the lane provisions a real paid host and real DNS and is single-attempt. It keeps exiting non-zero so that no skip is ever counted as evidence. DATA-03 and OPS-02 stay unchecked, which is the honest outcome and is already recorded as a dated narrowing. Owner: BACKLOG.
ci-contract	UNKNOWN STEP	2026-09-13T20:18:26.3822534Z NON-PASSING: .planning/releases/candidate-1/release-manifest.json
ci-contract	UNKNOWN STEP	2026-09-13T20:18:26.3823108Z ##[endgroup]
ci-contract	UNKNOWN STEP	2026-09-13T20:18:26.3823564Z ##[group]verify-release .planning/releases/candidate-2/release-manifest.json
ci-contract	UNKNOWN STEP	2026-09-13T20:18:26.4024543Z verify-release tracked_input_sha256=60fa3884bb89514c28056ad7cf678e6dbeb28556615f7889bb56b5e4f8f9e49f
ci-contract	UNKNOWN STEP	2026-09-13T20:18:26.4028685Z attestation=UNVERIFIED artifact=.planning/releases/candidate-2/artifacts/desktop-macos-app.package-manifest.json reason=offline-flag
ci-contract	UNKNOWN STEP	2026-09-13T20:18:26.4029686Z attestation=UNVERIFIED artifact=.planning/releases/candidate-2/artifacts/ios-archive.absence-record.json reason=offline-flag
ci-contract	UNKNOWN STEP	2026-09-13T20:18:26.4030599Z attestation=UNVERIFIED artifact=.planning/releases/candidate-2/artifacts/server-oci-image.absence-record.json reason=offline-flag
ci-contract	UNKNOWN STEP	2026-09-13T20:18:26.4032039Z attestation=UNVERIFIED artifact=.planning/releases/candidate-2/artifacts/web-bundle.absence-record.json reason=offline-flag
ci-contract	UNKNOWN STEP	2026-09-13T20:18:26.4032780Z attestation=UNVERIFIED artifact=.planning/releases/candidate-2/artifacts/source-tree.record.json reason=offline-flag
ci-contract	UNKNOWN STEP	2026-09-13T20:18:26.4034157Z lane=ci-contract status=PASSED cases=5 authority=ci ranAgainstArtifactDigest=5a8b79ace9953076cc44298a6f3543b42ec54859cc93037afc17b78716268dcc
ci-contract	UNKNOWN STEP	2026-09-13T20:18:26.4035271Z lane=repository-integrity status=PASSED cases=3 authority=ci ranAgainstArtifactDigest=5a8b79ace9953076cc44298a6f3543b42ec54859cc93037afc17b78716268dcc
ci-contract	UNKNOWN STEP	2026-09-13T20:18:26.4038135Z lane=all-required-passed status=BLOCKED cases=0 owner=backlog reason=The aggregator ran with if: always() and FAILED, exactly as at candidate-1 and for exactly the same two causes: it reports `required job phase2-linux did not succeed (result=failure)` and `required job image-compose-deploy did not succeed (result=failure)` (run 34735177037). The aggregator working correctly is what produces this BLOCKED entry; the blockers are the two lanes it names, each of which carries its own entry below. NOTE what did NOT change it: the desktop workflow is entirely green at this revision, and this aggregator does not need it to be -- it aggregates the repository-integrity workflow's own required jobs.
ci-contract	UNKNOWN STEP	2026-09-13T20:18:26.4040525Z verify-release failed: lane all-required-passed reports BLOCKED
ci-contract	UNKNOWN STEP	2026-09-13T20:18:26.4040932Z verify-release failed: lane phase2-server reports BLOCKED
ci-contract	UNKNOWN STEP	2026-09-13T20:18:26.4041582Z verify-release failed: lane phase2-sync-property reports BLOCKED
ci-contract	UNKNOWN STEP	2026-09-13T20:18:26.4042002Z verify-release failed: lane phase2-backup-restore reports BLOCKED
ci-contract	UNKNOWN STEP	2026-09-13T20:18:26.4042422Z verify-release failed: lane image-compose-deploy reports BLOCKED
ci-contract	UNKNOWN STEP	2026-09-13T20:18:26.4045380Z lane=phase2-server status=BLOCKED cases=0 owner=backlog reason=Unchanged from candidate-1 and REPRODUCED at this revision. The lane's own command SUCCEEDED (`mix compile --warnings-as-errors && mix test`, 337 declared cases) and then the mandatory post-run privacy scan over the lane's diagnostic log FAILED: `Privacy verification failed: hostile sentinel found in a diagnostic artifact` (tooling/verify-privacy.sh, run 34735177037). No PASS line was emitted, so no case count from this lane may be claimed. The 337 figure is the lane's DECLARED case count from its RUNNING line, not a passing count, and is deliberately not recorded as cases here. TO CLOSE: reproduce with `./tooling/test-phase-2.sh --lane server` and identify which emitter puts a vector sentinel into the lane log -- apps/server/test/keepling_web/mcp/content_isolation_test.exs is the only server test outside the two redaction suites that uses one. See .planning/WINDOWS.md row 85.
ci-contract	UNKNOWN STEP	2026-09-13T20:18:26.4048978Z lane=phase2-sync-property status=BLOCKED cases=0 owner=backlog reason=Unchanged from candidate-1 and REPRODUCED at this revision. Never reached the lane: the job failed at its `Install asdf` step with `fatal: destination path '/home/runner/.asdf' already exists and is not an empty directory` (exit 128, run 34735177037). The actions/cache restore of ~/.asdf/installs creates $HOME/.asdf, after which the unconditional `git clone ... $HOME/.asdf` cannot succeed. Toolchain provisioning, before any project code ran. See .planning/WINDOWS.md row 87.
ci-contract	UNKNOWN STEP	2026-09-13T20:18:26.4051369Z lane=phase2-backup-restore status=BLOCKED cases=0 owner=backlog reason=Unchanged from candidate-1 and REPRODUCED at this revision. Identical `Install asdf` failure to phase2-sync-property in the same run (`fatal: destination path '/home/runner/.asdf' already exists and is not an empty directory`, exit 128, run 34735177037). Toolchain provisioning, before any project code ran. See .planning/WINDOWS.md row 87.
ci-contract	UNKNOWN STEP	2026-09-13T20:18:26.4052826Z lane=phase2-contracts-compatibility status=PASSED cases=30 authority=ci ranAgainstArtifactDigest=5a8b79ace9953076cc44298a6f3543b42ec54859cc93037afc17b78716268dcc
ci-contract	UNKNOWN STEP	2026-09-13T20:18:26.4053687Z lane=phase2-privacy status=PASSED cases=17 authority=ci ranAgainstArtifactDigest=5a8b79ace9953076cc44298a6f3543b42ec54859cc93037afc17b78716268dcc
ci-contract	UNKNOWN STEP	2026-09-13T20:18:26.4056092Z lane=image-compose-deploy status=BLOCKED cases=0 owner=backlog reason=Unchanged from candidate-1 and REPRODUCED at this revision. The lane FAILED building the server image: the image build's dependency audit reports hackney 1.25.0 as VULNERABLE with four advisories, one HIGH (EEF-CVE-2026-47071, SOCKS5 TLS upgrade ignores caller timeout) and three MEDIUM/LOW CR/LF-injection and SSRF-allowlist-bypass advisories (run 34735177037). This is a real supply-chain finding in the bytes the server image would ship, not an infrastructure fault. TO CLOSE: update the hackney dependency (directly or via its parent) to a version carrying no open advisory and re-run `./tooling/test-phase-2.sh --lane image-compose-deploy`. See .planning/WINDOWS.md row 86.
ci-contract	UNKNOWN STEP	2026-09-13T20:18:26.4057881Z verify-release failed: lane export-elixir reports BLOCKED
ci-contract	UNKNOWN STEP	2026-09-13T20:18:26.4058519Z lane=opentofu-host-fixtures status=PASSED cases=8 authority=ci ranAgainstArtifactDigest=5a8b79ace9953076cc44298a6f3543b42ec54859cc93037afc17b78716268dcc
ci-contract	UNKNOWN STEP	2026-09-13T20:18:26.4060395Z lane=export-elixir status=BLOCKED cases=0 owner=backlog reason=Unchanged from candidate-1. This lane's evidence is the phase2-server job, which produced no PASS line at this revision either (its post-run privacy scan failed -- see the phase2-server entry). The export suite's own result is therefore not separable from a lane that did not pass, and no case count may be claimed for it. TO CLOSE: close the phase2-server privacy finding (.planning/WINDOWS.md row 85), or give the export suite its own job with its own PASS line.
ci-contract	UNKNOWN STEP	2026-09-13T20:18:26.4063084Z lane=export-reader status=BLOCKED cases=0 owner=ci reason=Unwired. The independent reader `tooling/verify-export-reader.mjs` exists and runs locally, but NO committed workflow job under .github/ invokes it -- it is referenced only by SUPPORT.md, PRIVACY.md and itself. An unwired lane may never report PASSED because it has no job it could have passed in. DATA-01 and the public PRIVACY.md both lean on this reader. TO CLOSE: add a job running `node tooling/verify-export-reader.mjs --golden` to repository-integrity.yml and add it to the required-lane list. See .planning/WINDOWS.md.
ci-contract	UNKNOWN STEP	2026-09-13T20:18:26.4064841Z lane=desktop-units status=PASSED cases=381 authority=ci ranAgainstArtifactDigest=5a8b79ace9953076cc44298a6f3543b42ec54859cc93037afc17b78716268dcc
ci-contract	UNKNOWN STEP	2026-09-13T20:18:26.4065651Z lane=desktop-package status=PASSED cases=1 authority=ci ranAgainstArtifactDigest=e9ae649c5b37cd4846a5be43f1a152a495e7bfc678cd7daee9d135a163a0f65a
ci-contract	UNKNOWN STEP	2026-09-13T20:18:26.4066450Z lane=desktop-packaged status=PASSED cases=11 authority=ci ranAgainstArtifactDigest=e9ae649c5b37cd4846a5be43f1a152a495e7bfc678cd7daee9d135a163a0f65a
ci-contract	UNKNOWN STEP	2026-09-13T20:18:26.4067244Z lane=desktop-e2e status=PASSED cases=66 authority=ci ranAgainstArtifactDigest=5a8b79ace9953076cc44298a6f3543b42ec54859cc93037afc17b78716268dcc
ci-contract	UNKNOWN STEP	2026-09-13T20:18:26.4068100Z lane=macos-integration-no-grant status=PASSED cases=9 authority=ci ranAgainstArtifactDigest=e9ae649c5b37cd4846a5be43f1a152a495e7bfc678cd7daee9d135a163a0f65a
ci-contract	UNKNOWN STEP	2026-09-13T20:18:26.4071245Z lane=macos-integration-live-appearance status=BLOCKED cases=0 owner=backlog reason=Physical blocker, and at this revision the row was not attempted at all. Row A14 changes the system appearance WHILE the app is running and asserts the window re-themes without a relaunch; that requires a logged-in Aqua session whose appearance daemon posts AppleInterfaceThemeChangedNotification, which a hosted GitHub runner has none of. Between candidate-1 and this revision the row was split out of the desktop-macos-integration job into this local-attested lane, so the job reports `rows=3` and no longer produces an A14 result either way. THE SPLIT DID NOT CLOSE THE ROW, it only stopped a physically impossible row from failing a job: the row is exactly as unrunnable in continuous integration as it was, and it reports BLOCKED with a zero case count here rather than disappearing. A local pass exists and is NOT recorded as a passing status, because it binds to locally built bytes. See .planning/WINDOWS.md row 84.
ci-contract	UNKNOWN STEP	2026-09-13T20:18:26.4074711Z lane=hosted-runner-tcc-report status=PASSED cases=1 authority=ci ranAgainstArtifactDigest=e9ae649c5b37cd4846a5be43f1a152a495e7bfc678cd7daee9d135a163a0f65a
ci-contract	UNKNOWN STEP	2026-09-13T20:18:26.4075892Z lane=desktop-promote status=PASSED cases=1 authority=ci ranAgainstArtifactDigest=e9ae649c5b37cd4846a5be43f1a152a495e7bfc678cd7daee9d135a163a0f65a
ci-contract	UNKNOWN STEP	2026-09-13T20:18:26.4076722Z verify-release failed: lane export-reader reports BLOCKED
ci-contract	UNKNOWN STEP	2026-09-13T20:18:26.4077184Z verify-release failed: lane macos-integration-live-appearance reports BLOCKED
ci-contract	UNKNOWN STEP	2026-09-13T20:18:26.4077665Z verify-release failed: lane package-reproducible reports BLOCKED
ci-contract	UNKNOWN STEP	2026-09-13T20:18:26.4078080Z verify-release failed: lane daily-restore reports BLOCKED
ci-contract	UNKNOWN STEP	2026-09-13T20:18:26.4078554Z verify-release failed: lane weekly-historical-pitr reports BLOCKED
ci-contract	UNKNOWN STEP	2026-09-13T20:18:26.4079017Z verify-release failed: lane quarterly-host-replacement reports BLOCKED
ci-contract	UNKNOWN STEP	2026-09-13T20:18:26.4079595Z verify-release failed: lane phase-1-desktop reports BLOCKED
ci-contract	UNKNOWN STEP	2026-09-13T20:18:26.4080024Z verify-release failed: lane mcp-gate-selftest reports BLOCKED
ci-contract	UNKNOWN STEP	2026-09-13T20:18:26.4080452Z verify-release failed: lane mcp-phase-non-model reports BLOCKED
ci-contract	UNKNOWN STEP	2026-09-13T20:18:26.4081227Z verify-release failed: lane cross-adapter-phase reports BLOCKED
ci-contract	UNKNOWN STEP	2026-09-13T20:18:26.4081735Z verify-release failed: lane ios-simulator reports BLOCKED
ci-contract	UNKNOWN STEP	2026-09-13T20:18:26.4082222Z verify-release failed: lane ios-signed-build reports BLOCKED
ci-contract	UNKNOWN STEP	2026-09-13T20:18:26.4082745Z verify-release failed: lane real-stack-desktop reports BLOCKED
ci-contract	UNKNOWN STEP	2026-09-13T20:18:26.4083299Z verify-release failed: lane real-stack-ios-simulator reports BLOCKED
ci-contract	UNKNOWN STEP	2026-09-13T20:18:26.4083893Z verify-release failed: lane trust-soak reports BLOCKED
ci-contract	UNKNOWN STEP	2026-09-13T20:18:26.4084473Z verify-release failed: lane macos-integration-full-grant reports BLOCKED
ci-contract	UNKNOWN STEP	2026-09-13T20:18:26.4085028Z verify-release failed: lane ios-device reports BLOCKED
ci-contract	UNKNOWN STEP	2026-09-13T20:18:26.4085572Z verify-release failed: lane mcp-representative-model reports BLOCKED
ci-contract	UNKNOWN STEP	2026-09-13T20:18:26.4086181Z verify-release failed: lane live-host-dns-acceptance reports BLOCKED
ci-contract	UNKNOWN STEP	2026-09-13T20:18:26.4086921Z verify-release failed: revision 23d79e5caa7383a7be9e38ee473b6bde12ce8298 verification did not pass (PASSED)
ci-contract	UNKNOWN STEP	2026-09-13T20:18:26.4088170Z lane=slsa-provenance-attestation status=PASSED cases=2 authority=ci ranAgainstArtifactDigest=e9ae649c5b37cd4846a5be43f1a152a495e7bfc678cd7daee9d135a163a0f65a
ci-contract	UNKNOWN STEP	2026-09-13T20:18:26.4089572Z lane=sbom-generation status=PASSED cases=2 authority=ci ranAgainstArtifactDigest=e9ae649c5b37cd4846a5be43f1a152a495e7bfc678cd7daee9d135a163a0f65a
ci-contract	UNKNOWN STEP	2026-09-13T20:18:26.4091910Z lane=package-reproducible status=BLOCKED cases=0 owner=backlog reason=Unwired, by a deliberate open decision recorded as .planning/WINDOWS.md row 82: a notarized Developer ID build is not byte-reproducible by construction, because @electron/osx-sign embeds a fresh RFC 3161 secure timestamp -- required for notarization -- into every signature blob. 16 of 618 entries differ and they are exactly the signature-bearing ones. The lane may not report PASSED while unwired. TO CLOSE: pick option (a) or (b) in row 82. Owner: BACKLOG.
ci-contract	UNKNOWN STEP	2026-09-13T20:18:26.4094458Z lane=daily-restore status=BLOCKED cases=0 owner=backlog reason=Scheduled lane (recovery-drills.yml, `on: schedule`). No run exists at this revision, so it has no evidence here. An absent scheduled run is reported explicitly rather than omitted, because an omitted lane reads as satisfied. TO CLOSE at a revision: dispatch recovery-drills.yml at that revision and bind its run id.
ci-contract	UNKNOWN STEP	2026-09-13T20:18:26.4096074Z lane=weekly-historical-pitr status=BLOCKED cases=0 owner=backlog reason=Scheduled lane (recovery-drills.yml, `on: schedule`). No run exists at this revision. TO CLOSE at a revision: dispatch recovery-drills.yml at that revision and bind its run id.
ci-contract	UNKNOWN STEP	2026-09-13T20:18:26.4097341Z lane=quarterly-host-replacement status=BLOCKED cases=0 owner=backlog reason=Scheduled lane (recovery-drills.yml, `on: schedule`). No run exists at this revision. TO CLOSE at a revision: dispatch recovery-drills.yml at that revision and bind its run id.
ci-contract	UNKNOWN STEP	2026-09-13T20:18:26.4098771Z lane=phase-1-desktop status=BLOCKED cases=0 owner=backlog reason=Unwired: D-14 names this lane required on pull requests and main, but no committed workflow job runs `./tooling/test-phase-1.sh`. An unwired lane may never report PASSED. TO CLOSE: add the job and add the lane to the required-lane list in tooling/check-ci-contract.mjs.
ci-contract	UNKNOWN STEP	2026-09-13T20:18:26.4100395Z lane=mcp-gate-selftest status=BLOCKED cases=0 owner=backlog reason=Unwired: D-14 names this lane required on pull requests and main, but no committed workflow job runs `node tooling/mcp-gate-selftest.mjs`. TO CLOSE: add the job and add the lane to the required-lane list.
ci-contract	UNKNOWN STEP	2026-09-13T20:18:26.4101780Z lane=mcp-phase-non-model status=BLOCKED cases=0 owner=backlog reason=Unwired: D-14 names this lane required on pull requests and main, but no committed workflow job runs `node tooling/verify-mcp-phase.mjs` non-model lanes. TO CLOSE: add the job and add the lane to the required-lane list.
ci-contract	UNKNOWN STEP	2026-09-13T20:18:26.4103287Z lane=cross-adapter-phase status=BLOCKED cases=0 owner=backlog reason=Unwired: D-14 names this lane required on pull requests and main, but no committed workflow job runs `node tooling/verify-cross-adapter-phase.mjs`. SRV-02 depends on this lane and stays unchecked. TO CLOSE: add the job and add the lane to the required-lane list.
ci-contract	UNKNOWN STEP	2026-09-13T20:18:26.4104733Z lane=ios-simulator status=BLOCKED cases=0 owner=backlog reason=Unwired: D-14 names the iOS simulator lanes required on main, but no committed workflow job runs them. TO CLOSE: add a macOS job running `node tooling/verify-ios-phase.mjs --lane simulator`.
ci-contract	UNKNOWN STEP	2026-09-13T20:18:26.4106222Z lane=ios-signed-build status=BLOCKED cases=0 owner=backlog reason=Unwired: D-14 names this lane required on main only, never on forked pull requests, but no committed workflow job runs `node tooling/build-ios-signed.mjs`. It also requires repository secrets that are not present. TO CLOSE: add the main-only job and provision the signing secrets.
ci-contract	UNKNOWN STEP	2026-09-13T20:18:26.4107641Z lane=real-stack-desktop status=BLOCKED cases=0 owner=backlog reason=Unwired: D-14 places this lane on-demand via workflow_dispatch on main, and no such committed job exists. It also requires repository secrets. TO CLOSE: add the workflow_dispatch job.
ci-contract	UNKNOWN STEP	2026-09-13T20:18:26.4108885Z lane=real-stack-ios-simulator status=BLOCKED cases=0 owner=backlog reason=Unwired: D-14 places this lane on-demand via workflow_dispatch on main, and no such committed job exists. It also requires repository secrets. TO CLOSE: add the workflow_dispatch job.
ci-contract	UNKNOWN STEP	2026-09-13T20:18:26.4111483Z lane=trust-soak status=BLOCKED cases=0 owner=backlog reason=The soak's verdict at this revision is BLOCKED with zero samples: .artifacts/trust-soak/trust-soak-evidence.json reports verdict=BLOCKED, every chaos operator count 0, every invariant I1-I10 samples=0 violations=0 disposition=BLOCKED, an empty dailyUsageCensus, and detectionFloor confidence=null with the note 'Insufficient accumulated samples to state a detection floor. This proves nothing about defects of any rarity yet.' The measurement window accumulates in calendar time. This is the correct and honest outcome, and it keeps the overall run non-zero. TO CLOSE: accumulate the stated window and re-run `node tooling/verify-trust-soak.mjs`.
ci-contract	UNKNOWN STEP	2026-09-13T20:18:26.4116484Z lane=macos-integration-full-grant status=BLOCKED cases=0 owner=backlog reason=Physical blocker as recorded in the inventory: a hosted GitHub runner cannot be given a non-interactive TCC Accessibility grant. UPDATED AT THIS REVISION, because half of candidate-1's stated closing condition is now met. Candidate-1's reason said: 'TO CLOSE with CI authority: sign a CI build (export the Developer ID .p12 to repository secrets), then run the full-grant rows against those exact CI bytes on a machine with the grant.' The first half is DONE -- continuous integration now signs, notarizes and staples (see the desktop-macos-app artefact), so continuous-integration-built bytes a grant-holding machine could run against now exist and are named by digest. The second half is NOT done: no run has attempted the full-grant rows against those bytes on a machine with the grant, so this lane has no passing evidence and reports BLOCKED with a zero case count. A local pass over locally built bytes still may not be recorded here. REVISED TO CLOSE: download the archive from run 34735177060, verify it against the attestation, and run `node tooling/verify-macos-integration.mjs` full-grant rows against those exact bytes on a machine holding the Accessibility grant. See .planning/WINDOWS.md rows 84 and 89.
ci-contract	UNKNOWN STEP	2026-09-13T20:18:26.4120163Z lane=ios-device status=BLOCKED cases=0 owner=backlog reason=Physical blocker as recorded in the inventory: the lane drives a physically present, unlocked iPhone, which a hosted runner does not have.
ci-contract	UNKNOWN STEP	2026-09-13T20:18:26.4121215Z lane=mcp-representative-model status=BLOCKED cases=0 owner=backlog reason=Physical blocker as recorded in the inventory: the lane calls a real, paid, non-deterministic third-party model credential.
ci-contract	UNKNOWN STEP	2026-09-13T20:18:26.4122851Z lane=live-host-dns-acceptance status=BLOCKED cases=0 owner=backlog reason=Protected outer lane, carried forward unchanged per D-40: the lane provisions a real paid host and real DNS and is single-attempt. It keeps exiting non-zero so that no skip is ever counted as evidence. DATA-03 and OPS-02 stay unchecked, which is the honest outcome and is already recorded as a dated narrowing. Owner: BACKLOG.
ci-contract	UNKNOWN STEP	2026-09-13T20:18:26.4124100Z NON-PASSING: .planning/releases/candidate-2/release-manifest.json
ci-contract	UNKNOWN STEP	2026-09-13T20:18:26.4124660Z ##[endgroup]
ci-contract	UNKNOWN STEP	2026-09-13T20:18:26.4125142Z ##[group]verify-release .planning/releases/candidate-3/release-manifest.json
ci-contract	UNKNOWN STEP	2026-09-13T20:18:26.4348337Z verify-release tracked_input_sha256=60fa3884bb89514c28056ad7cf678e6dbeb28556615f7889bb56b5e4f8f9e49f
ci-contract	UNKNOWN STEP	2026-09-13T20:18:26.4352929Z attestation=UNVERIFIED artifact=.planning/releases/candidate-3/artifacts/desktop-macos-app.package-manifest.json reason=offline-flag
ci-contract	UNKNOWN STEP	2026-09-13T20:18:26.4353749Z attestation=UNVERIFIED artifact=.planning/releases/candidate-3/artifacts/ios-archive.absence-record.json reason=offline-flag
ci-contract	UNKNOWN STEP	2026-09-13T20:18:26.4354731Z attestation=UNVERIFIED artifact=.planning/releases/candidate-3/artifacts/server-oci-image.absence-record.json reason=offline-flag
ci-contract	UNKNOWN STEP	2026-09-13T20:18:26.4355475Z attestation=UNVERIFIED artifact=.planning/releases/candidate-3/artifacts/web-bundle.absence-record.json reason=offline-flag
ci-contract	UNKNOWN STEP	2026-09-13T20:18:26.4356533Z attestation=UNVERIFIED artifact=.planning/releases/candidate-3/artifacts/source-tree.record.json reason=offline-flag
ci-contract	UNKNOWN STEP	2026-09-13T20:18:26.4358882Z lane=ci-contract status=PASSED cases=5 authority=ci ranAgainstArtifactDigest=bd97612b7c07027013ddd50ddb9c4b3486bb56540aa2b34cca01e64be5f57531
ci-contract	UNKNOWN STEP	2026-09-13T20:18:26.4360032Z lane=repository-integrity status=PASSED cases=3 authority=ci ranAgainstArtifactDigest=bd97612b7c07027013ddd50ddb9c4b3486bb56540aa2b34cca01e64be5f57531
ci-contract	UNKNOWN STEP	2026-09-13T20:18:26.4361307Z lane=all-required-passed status=PASSED cases=1 authority=ci ranAgainstArtifactDigest=bd97612b7c07027013ddd50ddb9c4b3486bb56540aa2b34cca01e64be5f57531
ci-contract	UNKNOWN STEP	2026-09-13T20:18:26.4362554Z lane=phase2-server status=PASSED cases=337 authority=ci ranAgainstArtifactDigest=bd97612b7c07027013ddd50ddb9c4b3486bb56540aa2b34cca01e64be5f57531
ci-contract	UNKNOWN STEP	2026-09-13T20:18:26.4363838Z lane=phase2-sync-property status=PASSED cases=20 authority=ci ranAgainstArtifactDigest=bd97612b7c07027013ddd50ddb9c4b3486bb56540aa2b34cca01e64be5f57531
ci-contract	UNKNOWN STEP	2026-09-13T20:18:26.4364816Z lane=phase2-backup-restore status=PASSED cases=4 authority=ci ranAgainstArtifactDigest=bd97612b7c07027013ddd50ddb9c4b3486bb56540aa2b34cca01e64be5f57531
ci-contract	UNKNOWN STEP	2026-09-13T20:18:26.4366064Z lane=phase2-contracts-compatibility status=PASSED cases=30 authority=ci ranAgainstArtifactDigest=bd97612b7c07027013ddd50ddb9c4b3486bb56540aa2b34cca01e64be5f57531
ci-contract	UNKNOWN STEP	2026-09-13T20:18:26.4367252Z lane=phase2-privacy status=PASSED cases=17 authority=ci ranAgainstArtifactDigest=bd97612b7c07027013ddd50ddb9c4b3486bb56540aa2b34cca01e64be5f57531
ci-contract	UNKNOWN STEP	2026-09-13T20:18:26.4368333Z lane=image-compose-deploy status=PASSED cases=3 authority=ci ranAgainstArtifactDigest=bd97612b7c07027013ddd50ddb9c4b3486bb56540aa2b34cca01e64be5f57531
ci-contract	UNKNOWN STEP	2026-09-13T20:18:26.4369764Z lane=opentofu-host-fixtures status=PASSED cases=8 authority=ci ranAgainstArtifactDigest=bd97612b7c07027013ddd50ddb9c4b3486bb56540aa2b34cca01e64be5f57531
ci-contract	UNKNOWN STEP	2026-09-13T20:18:26.4370938Z lane=export-elixir status=PASSED cases=337 authority=ci ranAgainstArtifactDigest=bd97612b7c07027013ddd50ddb9c4b3486bb56540aa2b34cca01e64be5f57531
ci-contract	UNKNOWN STEP	2026-09-13T20:18:26.4371846Z lane=export-reader status=PASSED cases=16 authority=ci ranAgainstArtifactDigest=bd97612b7c07027013ddd50ddb9c4b3486bb56540aa2b34cca01e64be5f57531
ci-contract	UNKNOWN STEP	2026-09-13T20:18:26.4372866Z lane=desktop-units status=PASSED cases=381 authority=ci ranAgainstArtifactDigest=bd97612b7c07027013ddd50ddb9c4b3486bb56540aa2b34cca01e64be5f57531
ci-contract	UNKNOWN STEP	2026-09-13T20:18:26.4373816Z lane=desktop-package status=PASSED cases=1 authority=ci ranAgainstArtifactDigest=2ec8d7c5696b2d58e334b3446b9bff6f9e1c837d161d07f50be4fbf53632c7e5
ci-contract	UNKNOWN STEP	2026-09-13T20:18:26.4374667Z lane=desktop-packaged status=PASSED cases=11 authority=ci ranAgainstArtifactDigest=2ec8d7c5696b2d58e334b3446b9bff6f9e1c837d161d07f50be4fbf53632c7e5
ci-contract	UNKNOWN STEP	2026-09-13T20:18:26.4375745Z lane=desktop-e2e status=PASSED cases=66 authority=ci ranAgainstArtifactDigest=bd97612b7c07027013ddd50ddb9c4b3486bb56540aa2b34cca01e64be5f57531
ci-contract	UNKNOWN STEP	2026-09-13T20:18:26.4376758Z lane=macos-integration-no-grant status=PASSED cases=9 authority=ci ranAgainstArtifactDigest=2ec8d7c5696b2d58e334b3446b9bff6f9e1c837d161d07f50be4fbf53632c7e5
ci-contract	UNKNOWN STEP	2026-09-13T20:18:26.4377640Z lane=hosted-runner-tcc-report status=PASSED cases=1 authority=ci ranAgainstArtifactDigest=2ec8d7c5696b2d58e334b3446b9bff6f9e1c837d161d07f50be4fbf53632c7e5
ci-contract	UNKNOWN STEP	2026-09-13T20:18:26.4383569Z lane=desktop-promote status=PASSED cases=1 authority=ci ranAgainstArtifactDigest=2ec8d7c5696b2d58e334b3446b9bff6f9e1c837d161d07f50be4fbf53632c7e5
ci-contract	UNKNOWN STEP	2026-09-13T20:18:26.4389522Z lane=slsa-provenance-attestation status=PASSED cases=2 authority=ci ranAgainstArtifactDigest=2ec8d7c5696b2d58e334b3446b9bff6f9e1c837d161d07f50be4fbf53632c7e5
ci-contract	UNKNOWN STEP	2026-09-13T20:18:26.4395803Z lane=sbom-generation status=PASSED cases=2 authority=ci ranAgainstArtifactDigest=2ec8d7c5696b2d58e334b3446b9bff6f9e1c837d161d07f50be4fbf53632c7e5
ci-contract	UNKNOWN STEP	2026-09-13T20:18:26.4397526Z lane=daily-restore status=PASSED cases=2 authority=ci ranAgainstArtifactDigest=bd97612b7c07027013ddd50ddb9c4b3486bb56540aa2b34cca01e64be5f57531
ci-contract	UNKNOWN STEP	2026-09-13T20:18:26.4398407Z verify-release failed: lane weekly-historical-pitr reports BLOCKED
ci-contract	UNKNOWN STEP	2026-09-13T20:18:26.4402177Z lane=weekly-historical-pitr status=BLOCKED cases=0 owner=backlog reason=Scheduled lane (recovery-drills.yml). NOT DISPATCHED AT THIS REVISION, and that is the only thing wrong with it. The fixture itself passes: it was dispatched two commits earlier at revision af49e08 as run 34777715708 and succeeded, the first time this drill has ever passed, on the same credential provisioning that unblocked daily-restore. But run 34778845662 at c2e4ce37ff0ca2c27067b098c2cfbdc59155ba96 selected drill=newest-logical, which runs both daily fixtures and SKIPS this job, so no evidence exists at the revision this manifest is cut at. A pass at a nearby revision is not a pass at this one, and is not recorded as one. TO CLOSE, one command: `gh workflow run recovery-drills.yml --ref main -f drill=historical-pitr` at this revision, then bind its evidence here. Row 100's caveat applies to it exactly as it applies to daily-restore.
ci-contract	UNKNOWN STEP	2026-09-13T20:18:26.4406941Z lane=quarterly-host-replacement status=BLOCKED cases=0 owner=backlog reason=Two independent things block this lane, and provisioning the credentials fixed neither. FIRST, the job body hardcodes `result: NON_PASSING` and `exit 1` before it reads any token, so it cannot pass whatever secrets exist; it has no runtime provisioning and materialises none of the five credential FILES the lane needs. SECOND, tooling/verify-host-replacement.sh requires eight inputs, five of them files outside the repository, and two of those inputs are not yet decided at all -- the DNS record name for the app host, and an SSH public key item. HCLOUD_TOKEN and CLOUDFLARE_API_TOKEN are now provisioned in the recovery-live environment (which had to be created; it did not exist), so the credential half is genuinely started, but the workflow half is untouched. DATA-03 and OPS-02 stay unchecked, which is the honest outcome. See .planning/WINDOWS.md row 95 as amended.
ci-contract	UNKNOWN STEP	2026-09-13T20:18:26.4411789Z lane=package-reproducible status=BLOCKED cases=0 owner=backlog reason=Unwired, by a deliberate open decision recorded as .planning/WINDOWS.md row 82: a notarized Developer ID build is not byte-reproducible by construction, so the lane needs a defined comparison that excludes the signature and staple before it can mean anything. Unchanged at this revision.
ci-contract	UNKNOWN STEP	2026-09-13T20:18:26.4413602Z verify-release failed: lane quarterly-host-replacement reports BLOCKED
ci-contract	UNKNOWN STEP	2026-09-13T20:18:26.4414277Z verify-release failed: lane package-reproducible reports BLOCKED
ci-contract	UNKNOWN STEP	2026-09-13T20:18:26.4414866Z verify-release failed: lane phase-1-desktop reports BLOCKED
ci-contract	UNKNOWN STEP	2026-09-13T20:18:26.4415499Z verify-release failed: lane mcp-gate-selftest reports BLOCKED
ci-contract	UNKNOWN STEP	2026-09-13T20:18:26.4416223Z verify-release failed: lane mcp-phase-non-model reports BLOCKED
ci-contract	UNKNOWN STEP	2026-09-13T20:18:26.4416749Z verify-release failed: lane cross-adapter-phase reports BLOCKED
ci-contract	UNKNOWN STEP	2026-09-13T20:18:26.4417260Z verify-release failed: lane ios-simulator reports BLOCKED
ci-contract	UNKNOWN STEP	2026-09-13T20:18:26.4417680Z verify-release failed: lane ios-signed-build reports BLOCKED
ci-contract	UNKNOWN STEP	2026-09-13T20:18:26.4418171Z verify-release failed: lane real-stack-desktop reports BLOCKED
ci-contract	UNKNOWN STEP	2026-09-13T20:18:26.4419582Z verify-release failed: lane real-stack-ios-simulator reports BLOCKED
ci-contract	UNKNOWN STEP	2026-09-13T20:18:26.4420158Z verify-release failed: lane trust-soak reports BLOCKED
ci-contract	UNKNOWN STEP	2026-09-13T20:18:26.4420656Z verify-release failed: lane macos-integration-live-appearance reports BLOCKED
ci-contract	UNKNOWN STEP	2026-09-13T20:18:26.4421194Z verify-release failed: lane macos-integration-full-grant reports BLOCKED
ci-contract	UNKNOWN STEP	2026-09-13T20:18:26.4421671Z verify-release failed: lane ios-device reports BLOCKED
ci-contract	UNKNOWN STEP	2026-09-13T20:18:26.4422121Z verify-release failed: lane mcp-representative-model reports BLOCKED
ci-contract	UNKNOWN STEP	2026-09-13T20:18:26.4422580Z verify-release failed: lane live-host-dns-acceptance reports BLOCKED
ci-contract	UNKNOWN STEP	2026-09-13T20:18:26.4423131Z verify-release failed: revision c2e4ce37ff0ca2c27067b098c2cfbdc59155ba96 verification did not pass (PASSED)
ci-contract	UNKNOWN STEP	2026-09-13T20:18:26.4424276Z lane=phase-1-desktop status=BLOCKED cases=0 owner=backlog reason=Unwired: D-14 names this lane required on pull requests and main, but no committed workflow job runs `./tooling/test-phase-1.sh`. An unwired lane may never report PASSED. Unchanged at this revision.
ci-contract	UNKNOWN STEP	2026-09-13T20:18:26.4425585Z lane=mcp-gate-selftest status=BLOCKED cases=0 owner=backlog reason=Unwired: D-14 names this lane required on pull requests and main, but no committed workflow job runs `node tooling/mcp-gate-selftest.mjs`. Unchanged at this revision.
ci-contract	UNKNOWN STEP	2026-09-13T20:18:26.4426873Z lane=mcp-phase-non-model status=BLOCKED cases=0 owner=backlog reason=Unwired: D-14 names this lane required on pull requests and main, but no committed workflow job runs `node tooling/verify-mcp-phase.mjs` non-model lanes. Unchanged at this revision.
ci-contract	UNKNOWN STEP	2026-09-13T20:18:26.4428829Z lane=cross-adapter-phase status=BLOCKED cases=0 owner=backlog reason=Unwired: D-14 names this lane required on pull requests and main, but no committed workflow job runs `node tooling/verify-cross-adapter-phase.mjs`. The wiring is genuinely expensive rather than merely absent -- it needs Postgres, a booted Phoenix server, a packaged Electron application and a booted iOS simulator on one macOS runner. SRV-02 stays unchecked. Unchanged at this revision.
ci-contract	UNKNOWN STEP	2026-09-13T20:18:26.4430693Z lane=ios-simulator status=BLOCKED cases=0 owner=backlog reason=Unwired: D-14 names the iOS simulator lanes required on main, but no committed workflow job runs them. Unchanged at this revision.
ci-contract	UNKNOWN STEP	2026-09-13T20:18:26.4431935Z lane=ios-signed-build status=BLOCKED cases=0 owner=backlog reason=Unwired: D-14 names this lane required on main only, never on forked pull requests, but no committed workflow job runs `node tooling/build-ios-signed.mjs`. Unchanged at this revision.
ci-contract	UNKNOWN STEP	2026-09-13T20:18:26.4433226Z lane=real-stack-desktop status=BLOCKED cases=0 owner=backlog reason=Unwired: D-14 places this lane on-demand via workflow_dispatch on main, and no such committed job exists. It also requires repository secrets. Unchanged at this revision.
ci-contract	UNKNOWN STEP	2026-09-13T20:18:26.4434496Z lane=real-stack-ios-simulator status=BLOCKED cases=0 owner=backlog reason=Unwired: D-14 places this lane on-demand via workflow_dispatch on main, and no such committed job exists. It also requires repository secrets. Unchanged at this revision.
ci-contract	UNKNOWN STEP	2026-09-13T20:18:26.4437010Z lane=trust-soak status=BLOCKED cases=0 owner=backlog reason=The soak's verdict at this revision is BLOCKED with zero samples, and the retained evidence at evidence/trust-soak-evidence.json is byte-identical to the file retained with candidate-1 and candidate-2 because the soak has accumulated nothing since: verdict=BLOCKED, every chaos operator count 0, every invariant I1-I10 samples=0 violations=0 disposition=BLOCKED, an empty dailyUsageCensus, and detectionFloor confidence=null. That is the correct and honest outcome, and it keeps this manifest's overall verdict non-zero. The measurement window accumulates in calendar time and cannot be shortened by any change to this repository.
ci-contract	UNKNOWN STEP	2026-09-13T20:18:26.4439574Z lane=macos-integration-live-appearance status=BLOCKED cases=0 owner=backlog reason=Physical blocker. Row A14 changes the system appearance WHILE the app is running and asserts the window re-themes without a relaunch. A hosted runner cannot drive that. Unchanged at this revision.
ci-contract	UNKNOWN STEP	2026-09-13T20:18:26.4443287Z lane=macos-integration-full-grant status=BLOCKED cases=0 owner=backlog reason=Physical blocker as recorded in the inventory: a hosted GitHub runner cannot be given a non-interactive TCC Accessibility grant, and the hosted-runner-tcc-report lane above is the runner stating so itself rather than anyone assuming it. HALF OF THE CLOSING CONDITION REMAINS MET AND HALF REMAINS UNMET, exactly as at candidate-2: continuous integration signs, notarizes and staples, so CI-built bytes a grant-holding machine could run against exist and are named by digest (ddce0c7dfb470a74dd2aa629b1c486a58fa5bd81f9b776b1c0980decb181fe1f); but no run has attempted the full-grant rows against those bytes on a machine with the grant, so this lane has no passing evidence. A local pass over locally built bytes may never be recorded here. TO CLOSE: download the archive from run 34777805267, verify it against the attestation, and run the full-grant rows against those exact bytes on a machine holding the Accessibility grant. See .planning/WINDOWS.md rows 84 and 89.
ci-contract	UNKNOWN STEP	2026-09-13T20:18:26.4446314Z lane=ios-device status=BLOCKED cases=0 owner=backlog reason=Physical blocker as recorded in the inventory: the lane drives a physically present, unlocked iPhone, which a hosted runner does not have.
ci-contract	UNKNOWN STEP	2026-09-13T20:18:26.4447306Z lane=mcp-representative-model status=BLOCKED cases=0 owner=backlog reason=Physical blocker as recorded in the inventory: the lane calls a real, paid, non-deterministic third-party model credential.
ci-contract	UNKNOWN STEP	2026-09-13T20:18:26.4450325Z lane=live-host-dns-acceptance status=BLOCKED cases=0 owner=backlog reason=Protected outer lane. CHANGED AT THIS REVISION, and the change is real but does not make it passable. Commit 1195bdc replaced the hardcoded deferral in tooling/test-phase-2.sh with a check of all nine required inputs: with every input present the lane now actually invokes tooling/verify-host-replacement.sh, and with any input absent it defers and NAMES the absent ones. Tested at eight of nine inputs, it still defers. So the lane is no longer structurally incapable of running -- but it still has no committed job that supplies those inputs (see quarterly-host-replacement above), so it has not run, and it reports BLOCKED with a zero case count. It provisions a real paid host and real DNS and is single-attempt; it keeps exiting non-zero so that no skip is ever counted as evidence.
ci-contract	UNKNOWN STEP	2026-09-13T20:18:26.4452314Z NON-PASSING: .planning/releases/candidate-3/release-manifest.json
ci-contract	UNKNOWN STEP	2026-09-13T20:18:26.4452855Z ##[endgroup]
ci-contract	UNKNOWN STEP	2026-09-13T20:18:26.4540991Z Node 20 is being deprecated. This workflow is running with Node 24 by default. If you need to temporarily use Node 20, you can set the ACTIONS_ALLOW_USE_UNSECURE_NODE_VERSION=true environment variable. For more information see: https://github.blog/changelog/2025-09-19-deprecation-of-node-20-on-github-actions-runners/
ci-contract	UNKNOWN STEP	2026-09-13T20:18:26.4541904Z Post job cleanup.
ci-contract	UNKNOWN STEP	2026-09-13T20:18:26.5414965Z (node:2220) [DEP0040] DeprecationWarning: The `punycode` module is deprecated. Please use a userland alternative instead.
ci-contract	UNKNOWN STEP	2026-09-13T20:18:26.5415890Z (Use `node --trace-deprecation ...` to show where the warning was created)
ci-contract	UNKNOWN STEP	2026-09-13T20:18:26.5548804Z Node 20 is being deprecated. This workflow is running with Node 24 by default. If you need to temporarily use Node 20, you can set the ACTIONS_ALLOW_USE_UNSECURE_NODE_VERSION=true environment variable. For more information see: https://github.blog/changelog/2025-09-19-deprecation-of-node-20-on-github-actions-runners/
ci-contract	UNKNOWN STEP	2026-09-13T20:18:26.5550124Z Post job cleanup.
ci-contract	UNKNOWN STEP	2026-09-13T20:18:26.6155076Z [command]/usr/bin/git version
ci-contract	UNKNOWN STEP	2026-09-13T20:18:26.6180505Z git version 2.55.0
ci-contract	UNKNOWN STEP	2026-09-13T20:18:26.6202958Z Temporarily overriding HOME='/home/runner/work/_temp/20327392-e572-4bef-a537-852b5542e445' before making global git config changes
ci-contract	UNKNOWN STEP	2026-09-13T20:18:26.6203841Z Adding repository directory to the temporary git global config as a safe directory
ci-contract	UNKNOWN STEP	2026-09-13T20:18:26.6206374Z [command]/usr/bin/git config --global --add safe.directory /home/runner/work/keepling/keepling
ci-contract	UNKNOWN STEP	2026-09-13T20:18:26.6231893Z [command]/usr/bin/git config --local --name-only --get-regexp core\.sshCommand
ci-contract	UNKNOWN STEP	2026-09-13T20:18:26.6254216Z [command]/usr/bin/git submodule foreach --recursive sh -c "git config --local --name-only --get-regexp 'core\.sshCommand' && git config --local --unset-all 'core.sshCommand' || :"
ci-contract	UNKNOWN STEP	2026-09-13T20:18:26.6400708Z [command]/usr/bin/git config --local --name-only --get-regexp http\.https\:\/\/github\.com\/\.extraheader
ci-contract	UNKNOWN STEP	2026-09-13T20:18:26.6418268Z http.https://github.com/.extraheader
ci-contract	UNKNOWN STEP	2026-09-13T20:18:26.6425492Z [command]/usr/bin/git config --local --unset-all http.https://github.com/.extraheader
ci-contract	UNKNOWN STEP	2026-09-13T20:18:26.6446896Z [command]/usr/bin/git submodule foreach --recursive sh -c "git config --local --name-only --get-regexp 'http\.https\:\/\/github\.com\/\.extraheader' && git config --local --unset-all 'http.https://github.com/.extraheader' || :"
ci-contract	UNKNOWN STEP	2026-09-13T20:18:26.6585799Z [command]/usr/bin/git config --local --name-only --get-regexp ^includeIf\.gitdir:
ci-contract	UNKNOWN STEP	2026-09-13T20:18:26.6605431Z [command]/usr/bin/git submodule foreach --recursive git config --local --show-origin --name-only --get-regexp remote.origin.url
ci-contract	UNKNOWN STEP	2026-09-13T20:18:26.6861114Z Cleaning up orphan processes
ci-contract	UNKNOWN STEP	2026-09-13T20:18:26.7052910Z ##[warning]Node.js 20 is deprecated. The following actions target Node.js 20 but are being forced to run on Node.js 24: actions/checkout@34e114876b0b11c390a56381ad16ebd13914f8d5, actions/setup-node@49933ea5288caeca8642d1e84afbd3f7d6820020. For more information see: https://github.blog/changelog/2025-09-19-deprecation-of-node-20-on-github-actions-runners/
image-compose-deploy	UNKNOWN STEP	﻿2026-09-13T20:19:11.3753650Z Current runner version: '2.337.0'
image-compose-deploy	UNKNOWN STEP	2026-09-13T20:19:11.3778289Z ##[group]Runner Image Provisioner
image-compose-deploy	UNKNOWN STEP	2026-09-13T20:19:11.3779229Z Hosted Compute Agent
image-compose-deploy	UNKNOWN STEP	2026-09-13T20:19:11.3779836Z Version: 20260828.587
image-compose-deploy	UNKNOWN STEP	2026-09-13T20:19:11.3780762Z Commit: abac92662cab4cc7352de4f9f9d2e2419aad9c29
image-compose-deploy	UNKNOWN STEP	2026-09-13T20:19:11.3781634Z Build Date: 2026-08-28T16:44:25Z
image-compose-deploy	UNKNOWN STEP	2026-09-13T20:19:11.3782312Z Worker ID: {4ef7087d-0766-4314-a616-f956a1880290}
image-compose-deploy	UNKNOWN STEP	2026-09-13T20:19:11.3783119Z Azure Region: eastus
image-compose-deploy	UNKNOWN STEP	2026-09-13T20:19:11.3783689Z ##[endgroup]
image-compose-deploy	UNKNOWN STEP	2026-09-13T20:19:11.3785227Z ##[group]Operating System
image-compose-deploy	UNKNOWN STEP	2026-09-13T20:19:11.3785960Z Ubuntu
image-compose-deploy	UNKNOWN STEP	2026-09-13T20:19:11.3786483Z 24.04.5
image-compose-deploy	UNKNOWN STEP	2026-09-13T20:19:11.3787427Z LTS
image-compose-deploy	UNKNOWN STEP	2026-09-13T20:19:11.3787980Z ##[endgroup]
image-compose-deploy	UNKNOWN STEP	2026-09-13T20:19:11.3788594Z ##[group]Runner Image
image-compose-deploy	UNKNOWN STEP	2026-09-13T20:19:11.3789318Z Image: ubuntu-24.04
image-compose-deploy	UNKNOWN STEP	2026-09-13T20:19:11.3789913Z Version: 20260907.300.1
image-compose-deploy	UNKNOWN STEP	2026-09-13T20:19:11.3791456Z Included Software: https://github.com/actions/runner-images/blob/ubuntu24/20260907.300/images/ubuntu/Ubuntu2404-Readme.md
image-compose-deploy	UNKNOWN STEP	2026-09-13T20:19:11.3793022Z Image Release: https://github.com/actions/runner-images/releases/tag/ubuntu24%2F20260907.300
image-compose-deploy	UNKNOWN STEP	2026-09-13T20:19:11.3793990Z ##[endgroup]
image-compose-deploy	UNKNOWN STEP	2026-09-13T20:19:11.3795138Z ##[group]GITHUB_TOKEN Permissions
image-compose-deploy	UNKNOWN STEP	2026-09-13T20:19:11.3797333Z Contents: read
image-compose-deploy	UNKNOWN STEP	2026-09-13T20:19:11.3797928Z Metadata: read
image-compose-deploy	UNKNOWN STEP	2026-09-13T20:19:11.3798653Z ##[endgroup]
image-compose-deploy	UNKNOWN STEP	2026-09-13T20:19:11.3801070Z Secret source: Actions
image-compose-deploy	UNKNOWN STEP	2026-09-13T20:19:11.3802172Z Cache mode: write
image-compose-deploy	UNKNOWN STEP	2026-09-13T20:19:11.3803094Z Prepare workflow directory
image-compose-deploy	UNKNOWN STEP	2026-09-13T20:19:11.4195963Z Prepare all required actions
image-compose-deploy	UNKNOWN STEP	2026-09-13T20:19:11.4244524Z Getting action download info
image-compose-deploy	UNKNOWN STEP	2026-09-13T20:19:11.5931513Z Download action repository 'actions/checkout@34e114876b0b11c390a56381ad16ebd13914f8d5' (SHA:34e114876b0b11c390a56381ad16ebd13914f8d5)
image-compose-deploy	UNKNOWN STEP	2026-09-13T20:19:11.7013259Z Download action repository 'actions/setup-node@49933ea5288caeca8642d1e84afbd3f7d6820020' (SHA:49933ea5288caeca8642d1e84afbd3f7d6820020)
image-compose-deploy	UNKNOWN STEP	2026-09-13T20:19:11.7872353Z Download action repository 'actions/upload-artifact@ea165f8d65b6e75b540449e92b4886f43607fa02' (SHA:ea165f8d65b6e75b540449e92b4886f43607fa02)
image-compose-deploy	UNKNOWN STEP	2026-09-13T20:19:12.0017761Z Complete job name: image-compose-deploy
image-compose-deploy	UNKNOWN STEP	2026-09-13T20:19:12.0788944Z Node 20 is being deprecated. This workflow is running with Node 24 by default. If you need to temporarily use Node 20, you can set the ACTIONS_ALLOW_USE_UNSECURE_NODE_VERSION=true environment variable. For more information see: https://github.blog/changelog/2025-09-19-deprecation-of-node-20-on-github-actions-runners/
image-compose-deploy	UNKNOWN STEP	2026-09-13T20:19:12.0798171Z ##[group]Run actions/checkout@34e114876b0b11c390a56381ad16ebd13914f8d5
image-compose-deploy	UNKNOWN STEP	2026-09-13T20:19:12.0799098Z with:
image-compose-deploy	UNKNOWN STEP	2026-09-13T20:19:12.0799553Z   repository: szTheory/keepling
image-compose-deploy	UNKNOWN STEP	2026-09-13T20:19:12.0803792Z   token: ***
image-compose-deploy	UNKNOWN STEP	2026-09-13T20:19:12.0804254Z   ssh-strict: true
image-compose-deploy	UNKNOWN STEP	2026-09-13T20:19:12.0804692Z   ssh-user: git
image-compose-deploy	UNKNOWN STEP	2026-09-13T20:19:12.0805140Z   persist-credentials: true
image-compose-deploy	UNKNOWN STEP	2026-09-13T20:19:12.0805626Z   clean: true
image-compose-deploy	UNKNOWN STEP	2026-09-13T20:19:12.0806064Z   sparse-checkout-cone-mode: true
image-compose-deploy	UNKNOWN STEP	2026-09-13T20:19:12.0806611Z   fetch-depth: 1
image-compose-deploy	UNKNOWN STEP	2026-09-13T20:19:12.0807037Z   fetch-tags: false
image-compose-deploy	UNKNOWN STEP	2026-09-13T20:19:12.0807489Z   show-progress: true
image-compose-deploy	UNKNOWN STEP	2026-09-13T20:19:12.0807966Z   lfs: false
image-compose-deploy	UNKNOWN STEP	2026-09-13T20:19:12.0808379Z   submodules: false
image-compose-deploy	UNKNOWN STEP	2026-09-13T20:19:12.0808832Z   set-safe-directory: true
image-compose-deploy	UNKNOWN STEP	2026-09-13T20:19:12.0809734Z env:
image-compose-deploy	UNKNOWN STEP	2026-09-13T20:19:12.0810168Z   KEEPLING_PHASE2_SEED: 20260901
image-compose-deploy	UNKNOWN STEP	2026-09-13T20:19:12.0811154Z   KEEPLING_FLAKE_POLICY: no-retry; quarantine-requires-owner-issue-expiry
image-compose-deploy	UNKNOWN STEP	2026-09-13T20:19:12.0811941Z   KEEPLING_IMAGE_PLATFORM: linux/amd64
image-compose-deploy	UNKNOWN STEP	2026-09-13T20:19:12.0812479Z ##[endgroup]
image-compose-deploy	UNKNOWN STEP	2026-09-13T20:19:12.1853518Z Syncing repository: szTheory/keepling
image-compose-deploy	UNKNOWN STEP	2026-09-13T20:19:12.1855311Z ##[group]Getting Git version info
image-compose-deploy	UNKNOWN STEP	2026-09-13T20:19:12.1856048Z Working directory is '/home/runner/work/keepling/keepling'
image-compose-deploy	UNKNOWN STEP	2026-09-13T20:19:12.1857093Z [command]/usr/bin/git version
image-compose-deploy	UNKNOWN STEP	2026-09-13T20:19:12.1905479Z git version 2.55.0
image-compose-deploy	UNKNOWN STEP	2026-09-13T20:19:12.1928972Z ##[endgroup]
image-compose-deploy	UNKNOWN STEP	2026-09-13T20:19:12.1944217Z Temporarily overriding HOME='/home/runner/work/_temp/b6cd47e3-6103-4744-96fe-46eae0c8c9a9' before making global git config changes
image-compose-deploy	UNKNOWN STEP	2026-09-13T20:19:12.1946174Z Adding repository directory to the temporary git global config as a safe directory
image-compose-deploy	UNKNOWN STEP	2026-09-13T20:19:12.1949569Z [command]/usr/bin/git config --global --add safe.directory /home/runner/work/keepling/keepling
image-compose-deploy	UNKNOWN STEP	2026-09-13T20:19:12.1994822Z Deleting the contents of '/home/runner/work/keepling/keepling'
image-compose-deploy	UNKNOWN STEP	2026-09-13T20:19:12.1999944Z ##[group]Initializing the repository
image-compose-deploy	UNKNOWN STEP	2026-09-13T20:19:12.2004035Z [command]/usr/bin/git init /home/runner/work/keepling/keepling
image-compose-deploy	UNKNOWN STEP	2026-09-13T20:19:12.2107120Z hint: Using 'master' as the name for the initial branch. This default branch name
image-compose-deploy	UNKNOWN STEP	2026-09-13T20:19:12.2108477Z hint: will change to "main" in Git 3.0. To configure the initial branch name
image-compose-deploy	UNKNOWN STEP	2026-09-13T20:19:12.2109590Z hint: to use in all of your new repositories, which will suppress this warning,
image-compose-deploy	UNKNOWN STEP	2026-09-13T20:19:12.2111124Z hint: call:
image-compose-deploy	UNKNOWN STEP	2026-09-13T20:19:12.2111649Z hint:
image-compose-deploy	UNKNOWN STEP	2026-09-13T20:19:12.2112192Z hint: 	git config --global init.defaultBranch <name>
image-compose-deploy	UNKNOWN STEP	2026-09-13T20:19:12.2112874Z hint:
image-compose-deploy	UNKNOWN STEP	2026-09-13T20:19:12.2113504Z hint: Names commonly chosen instead of 'master' are 'main', 'trunk' and
image-compose-deploy	UNKNOWN STEP	2026-09-13T20:19:12.2114508Z hint: 'development'. The just-created branch can be renamed via this command:
image-compose-deploy	UNKNOWN STEP	2026-09-13T20:19:12.2115422Z hint:
image-compose-deploy	UNKNOWN STEP	2026-09-13T20:19:12.2116055Z hint: 	git branch -m <name>
image-compose-deploy	UNKNOWN STEP	2026-09-13T20:19:12.2116588Z hint:
image-compose-deploy	UNKNOWN STEP	2026-09-13T20:19:12.2117207Z hint: Disable this message with "git config set advice.defaultBranchName false"
image-compose-deploy	UNKNOWN STEP	2026-09-13T20:19:12.2118217Z Initialized empty Git repository in /home/runner/work/keepling/keepling/.git/
image-compose-deploy	UNKNOWN STEP	2026-09-13T20:19:12.2121703Z [command]/usr/bin/git remote add origin https://github.com/szTheory/keepling
image-compose-deploy	UNKNOWN STEP	2026-09-13T20:19:12.2164683Z ##[endgroup]
image-compose-deploy	UNKNOWN STEP	2026-09-13T20:19:12.2165461Z ##[group]Disabling automatic garbage collection
image-compose-deploy	UNKNOWN STEP	2026-09-13T20:19:12.2168604Z [command]/usr/bin/git config --local gc.auto 0
image-compose-deploy	UNKNOWN STEP	2026-09-13T20:19:12.2198662Z ##[endgroup]
image-compose-deploy	UNKNOWN STEP	2026-09-13T20:19:12.2200000Z ##[group]Setting up auth
image-compose-deploy	UNKNOWN STEP	2026-09-13T20:19:12.2206190Z [command]/usr/bin/git config --local --name-only --get-regexp core\.sshCommand
image-compose-deploy	UNKNOWN STEP	2026-09-13T20:19:12.2237151Z [command]/usr/bin/git submodule foreach --recursive sh -c "git config --local --name-only --get-regexp 'core\.sshCommand' && git config --local --unset-all 'core.sshCommand' || :"
image-compose-deploy	UNKNOWN STEP	2026-09-13T20:19:12.2577375Z [command]/usr/bin/git config --local --name-only --get-regexp http\.https\:\/\/github\.com\/\.extraheader
image-compose-deploy	UNKNOWN STEP	2026-09-13T20:19:12.2609233Z [command]/usr/bin/git submodule foreach --recursive sh -c "git config --local --name-only --get-regexp 'http\.https\:\/\/github\.com\/\.extraheader' && git config --local --unset-all 'http.https://github.com/.extraheader' || :"
image-compose-deploy	UNKNOWN STEP	2026-09-13T20:19:12.2831423Z [command]/usr/bin/git config --local --name-only --get-regexp ^includeIf\.gitdir:
image-compose-deploy	UNKNOWN STEP	2026-09-13T20:19:12.2863355Z [command]/usr/bin/git submodule foreach --recursive git config --local --show-origin --name-only --get-regexp remote.origin.url
image-compose-deploy	UNKNOWN STEP	2026-09-13T20:19:12.3086058Z [command]/usr/bin/git config --local http.https://github.com/.extraheader AUTHORIZATION: basic ***
image-compose-deploy	UNKNOWN STEP	2026-09-13T20:19:12.3120277Z ##[endgroup]
image-compose-deploy	UNKNOWN STEP	2026-09-13T20:19:12.3121693Z ##[group]Fetching the repository
image-compose-deploy	UNKNOWN STEP	2026-09-13T20:19:12.3130924Z [command]/usr/bin/git -c protocol.version=2 fetch --no-tags --prune --no-recurse-submodules --depth=1 origin +069df06570f7bc65ccb646935fd637dcc83bbd9c:refs/remotes/origin/main
image-compose-deploy	UNKNOWN STEP	2026-09-13T20:19:13.3324158Z From https://github.com/szTheory/keepling
image-compose-deploy	UNKNOWN STEP	2026-09-13T20:19:13.3331381Z  * [new ref]         069df06570f7bc65ccb646935fd637dcc83bbd9c -> origin/main
image-compose-deploy	UNKNOWN STEP	2026-09-13T20:19:13.3334677Z ##[endgroup]
image-compose-deploy	UNKNOWN STEP	2026-09-13T20:19:13.3335693Z ##[group]Determining the checkout info
image-compose-deploy	UNKNOWN STEP	2026-09-13T20:19:13.3336945Z ##[endgroup]
image-compose-deploy	UNKNOWN STEP	2026-09-13T20:19:13.3337917Z [command]/usr/bin/git sparse-checkout disable
image-compose-deploy	UNKNOWN STEP	2026-09-13T20:19:13.3384091Z [command]/usr/bin/git config --local --unset-all extensions.worktreeConfig
image-compose-deploy	UNKNOWN STEP	2026-09-13T20:19:13.3412182Z ##[group]Checking out the ref
image-compose-deploy	UNKNOWN STEP	2026-09-13T20:19:13.3415667Z [command]/usr/bin/git checkout --progress --force -B main refs/remotes/origin/main
image-compose-deploy	UNKNOWN STEP	2026-09-13T20:19:13.4804653Z Switched to a new branch 'main'
image-compose-deploy	UNKNOWN STEP	2026-09-13T20:19:13.4807565Z branch 'main' set up to track 'origin/main'.
image-compose-deploy	UNKNOWN STEP	2026-09-13T20:19:13.4822106Z ##[endgroup]
image-compose-deploy	UNKNOWN STEP	2026-09-13T20:19:13.4863203Z [command]/usr/bin/git log -1 --format=%H
image-compose-deploy	UNKNOWN STEP	2026-09-13T20:19:13.4886944Z 069df06570f7bc65ccb646935fd637dcc83bbd9c
image-compose-deploy	UNKNOWN STEP	2026-09-13T20:19:13.5320181Z Node 20 is being deprecated. This workflow is running with Node 24 by default. If you need to temporarily use Node 20, you can set the ACTIONS_ALLOW_USE_UNSECURE_NODE_VERSION=true environment variable. For more information see: https://github.blog/changelog/2025-09-19-deprecation-of-node-20-on-github-actions-runners/
image-compose-deploy	UNKNOWN STEP	2026-09-13T20:19:13.5326914Z ##[group]Run actions/setup-node@49933ea5288caeca8642d1e84afbd3f7d6820020
image-compose-deploy	UNKNOWN STEP	2026-09-13T20:19:13.5328653Z with:
image-compose-deploy	UNKNOWN STEP	2026-09-13T20:19:13.5329588Z   node-version: 24.7.0
image-compose-deploy	UNKNOWN STEP	2026-09-13T20:19:13.5330790Z   always-auth: false
image-compose-deploy	UNKNOWN STEP	2026-09-13T20:19:13.5331870Z   check-latest: false
image-compose-deploy	UNKNOWN STEP	2026-09-13T20:19:13.5341776Z   token: ***
image-compose-deploy	UNKNOWN STEP	2026-09-13T20:19:13.5342765Z env:
image-compose-deploy	UNKNOWN STEP	2026-09-13T20:19:13.5343711Z   KEEPLING_PHASE2_SEED: 20260901
image-compose-deploy	UNKNOWN STEP	2026-09-13T20:19:13.5345394Z   KEEPLING_FLAKE_POLICY: no-retry; quarantine-requires-owner-issue-expiry
image-compose-deploy	UNKNOWN STEP	2026-09-13T20:19:13.5347223Z   KEEPLING_IMAGE_PLATFORM: linux/amd64
image-compose-deploy	UNKNOWN STEP	2026-09-13T20:19:13.5348446Z ##[endgroup]
image-compose-deploy	UNKNOWN STEP	2026-09-13T20:19:13.6847979Z Attempting to download 24.7.0...
image-compose-deploy	UNKNOWN STEP	2026-09-13T20:19:13.6967234Z (node:2265) [DEP0040] DeprecationWarning: The `punycode` module is deprecated. Please use a userland alternative instead.
image-compose-deploy	UNKNOWN STEP	2026-09-13T20:19:13.6969547Z (Use `node --trace-deprecation ...` to show where the warning was created)
image-compose-deploy	UNKNOWN STEP	2026-09-13T20:19:14.1208257Z Acquiring 24.7.0 - x64 from https://github.com/actions/node-versions/releases/download/24.7.0-17283839804/node-24.7.0-linux-x64.tar.gz
image-compose-deploy	UNKNOWN STEP	2026-09-13T20:19:14.8235123Z Extracting ...
image-compose-deploy	UNKNOWN STEP	2026-09-13T20:19:14.8358444Z [command]/usr/bin/tar xz --strip 1 --warning=no-unknown-keyword --overwrite -C /home/runner/work/_temp/baa40390-b4bc-427b-a8e5-1a5bf9ece9b0 -f /home/runner/work/_temp/e13db329-35cc-44be-8bd7-5f34794a5e07
image-compose-deploy	UNKNOWN STEP	2026-09-13T20:19:16.1320312Z Adding to the cache ...
image-compose-deploy	UNKNOWN STEP	2026-09-13T20:19:18.2664903Z ##[group]Environment details
image-compose-deploy	UNKNOWN STEP	2026-09-13T20:19:18.4937989Z node: v24.7.0
image-compose-deploy	UNKNOWN STEP	2026-09-13T20:19:18.4938597Z npm: 11.5.1
image-compose-deploy	UNKNOWN STEP	2026-09-13T20:19:18.4938962Z yarn: 1.22.22
image-compose-deploy	UNKNOWN STEP	2026-09-13T20:19:18.4939736Z ##[endgroup]
image-compose-deploy	UNKNOWN STEP	2026-09-13T20:19:18.5121659Z ##[group]Run corepack enable && pnpm install --frozen-lockfile
image-compose-deploy	UNKNOWN STEP	2026-09-13T20:19:18.5122205Z ^[[36;1mcorepack enable && pnpm install --frozen-lockfile^[[0m
image-compose-deploy	UNKNOWN STEP	2026-09-13T20:19:18.5162993Z shell: /usr/bin/bash -e {0}
image-compose-deploy	UNKNOWN STEP	2026-09-13T20:19:18.5163297Z env:
image-compose-deploy	UNKNOWN STEP	2026-09-13T20:19:18.5163506Z   KEEPLING_PHASE2_SEED: 20260901
image-compose-deploy	UNKNOWN STEP	2026-09-13T20:19:18.5163917Z   KEEPLING_FLAKE_POLICY: no-retry; quarantine-requires-owner-issue-expiry
image-compose-deploy	UNKNOWN STEP	2026-09-13T20:19:18.5164358Z   KEEPLING_IMAGE_PLATFORM: linux/amd64
image-compose-deploy	UNKNOWN STEP	2026-09-13T20:19:18.5164644Z ##[endgroup]
image-compose-deploy	UNKNOWN STEP	2026-09-13T20:19:18.6354270Z ! Corepack is about to download https://registry.npmjs.org/pnpm/-/pnpm-10.33.0.tgz
image-compose-deploy	UNKNOWN STEP	2026-09-13T20:19:19.5971311Z Scope: all 4 workspace projects
image-compose-deploy	UNKNOWN STEP	2026-09-13T20:19:19.6541377Z Lockfile is up to date, resolution step is skipped
image-compose-deploy	UNKNOWN STEP	2026-09-13T20:19:19.8075206Z Packages: +910
image-compose-deploy	UNKNOWN STEP	2026-09-13T20:19:19.8076552Z ++++++++++++++++++++++++++++++++++++++++++++++++++++++++++++++++++++++++++++++++
image-compose-deploy	UNKNOWN STEP	2026-09-13T20:19:19.9632328Z Progress: resolved 0, reused 0, downloaded 1, added 0
image-compose-deploy	UNKNOWN STEP	2026-09-13T20:19:20.9631262Z Progress: resolved 0, reused 0, downloaded 76, added 26
image-compose-deploy	UNKNOWN STEP	2026-09-13T20:19:21.9624766Z Progress: resolved 0, reused 0, downloaded 385, added 261
image-compose-deploy	UNKNOWN STEP	2026-09-13T20:19:22.4229530Z Packages are hard linked from the content-addressable store to the virtual store.
image-compose-deploy	UNKNOWN STEP	2026-09-13T20:19:22.4231180Z   Content-addressable store is at: /home/runner/.local/share/pnpm/store/v10
image-compose-deploy	UNKNOWN STEP	2026-09-13T20:19:22.4232073Z   Virtual store is at:             node_modules/.pnpm
image-compose-deploy	UNKNOWN STEP	2026-09-13T20:19:22.9643465Z Progress: resolved 0, reused 0, downloaded 772, added 639
image-compose-deploy	UNKNOWN STEP	2026-09-13T20:19:23.3303691Z Progress: resolved 0, reused 0, downloaded 868, added 910, done
image-compose-deploy	UNKNOWN STEP	2026-09-13T20:19:23.5715036Z 
image-compose-deploy	UNKNOWN STEP	2026-09-13T20:19:23.6676581Z Done in 4.4s using pnpm v10.33.0
image-compose-deploy	UNKNOWN STEP	2026-09-13T20:19:23.7215706Z ##[group]Run set -o pipefail
image-compose-deploy	UNKNOWN STEP	2026-09-13T20:19:23.7216079Z ^[[36;1mset -o pipefail^[[0m
image-compose-deploy	UNKNOWN STEP	2026-09-13T20:19:23.7216592Z ^[[36;1m./tooling/test-phase-2.sh --lane image-compose-deploy | tee "$RUNNER_TEMP/image-compose-deploy.txt"^[[0m
image-compose-deploy	UNKNOWN STEP	2026-09-13T20:19:23.7217249Z ^[[36;1m./tooling/verify-privacy.sh "$RUNNER_TEMP/image-compose-deploy.txt"^[[0m
image-compose-deploy	UNKNOWN STEP	2026-09-13T20:19:23.7255120Z shell: /usr/bin/bash -e {0}
image-compose-deploy	UNKNOWN STEP	2026-09-13T20:19:23.7255373Z env:
image-compose-deploy	UNKNOWN STEP	2026-09-13T20:19:23.7255575Z   KEEPLING_PHASE2_SEED: 20260901
image-compose-deploy	UNKNOWN STEP	2026-09-13T20:19:23.7255963Z   KEEPLING_FLAKE_POLICY: no-retry; quarantine-requires-owner-issue-expiry
image-compose-deploy	UNKNOWN STEP	2026-09-13T20:19:23.7256382Z   KEEPLING_IMAGE_PLATFORM: linux/amd64
image-compose-deploy	UNKNOWN STEP	2026-09-13T20:19:23.7256644Z ##[endgroup]
image-compose-deploy	UNKNOWN STEP	2026-09-13T20:19:23.8001788Z lane=image-compose-deploy status=RUNNING command=./tooling/verify-image.sh && ./tooling/verify-compose.sh && ./tooling/verify-deploy.sh --local cases=3 seed=none inputs_sha256=b66292c73157a26fef8264963c54a478e24e739dacaf869b519266a64b07a883
image-compose-deploy	UNKNOWN STEP	2026-09-13T20:21:53.9418731Z lane=image-compose-deploy status=PASS command=./tooling/verify-image.sh && ./tooling/verify-compose.sh && ./tooling/verify-deploy.sh --local cases=3 seed=none elapsed_ms=150141 inputs_sha256=b66292c73157a26fef8264963c54a478e24e739dacaf869b519266a64b07a883
image-compose-deploy	UNKNOWN STEP	2026-09-13T20:21:53.9566380Z Privacy verification passed: artifacts=1 sentinels=7
image-compose-deploy	UNKNOWN STEP	2026-09-13T20:21:53.9661604Z Node 20 is being deprecated. This workflow is running with Node 24 by default. If you need to temporarily use Node 20, you can set the ACTIONS_ALLOW_USE_UNSECURE_NODE_VERSION=true environment variable. For more information see: https://github.blog/changelog/2025-09-19-deprecation-of-node-20-on-github-actions-runners/
image-compose-deploy	UNKNOWN STEP	2026-09-13T20:21:53.9663040Z ##[group]Run actions/upload-artifact@ea165f8d65b6e75b540449e92b4886f43607fa02
image-compose-deploy	UNKNOWN STEP	2026-09-13T20:21:53.9663424Z with:
image-compose-deploy	UNKNOWN STEP	2026-09-13T20:21:53.9663638Z   name: image-compose-deploy-timing
image-compose-deploy	UNKNOWN STEP	2026-09-13T20:21:53.9663981Z   path: /home/runner/work/_temp/image-compose-deploy.txt
image-compose-deploy	UNKNOWN STEP	2026-09-13T20:21:53.9664342Z   if-no-files-found: error
image-compose-deploy	UNKNOWN STEP	2026-09-13T20:21:53.9664573Z   retention-days: 14
image-compose-deploy	UNKNOWN STEP	2026-09-13T20:21:53.9664783Z   compression-level: 6
image-compose-deploy	UNKNOWN STEP	2026-09-13T20:21:53.9664992Z   overwrite: false
image-compose-deploy	UNKNOWN STEP	2026-09-13T20:21:53.9665216Z   include-hidden-files: false
image-compose-deploy	UNKNOWN STEP	2026-09-13T20:21:53.9665446Z env:
image-compose-deploy	UNKNOWN STEP	2026-09-13T20:21:53.9665647Z   KEEPLING_PHASE2_SEED: 20260901
image-compose-deploy	UNKNOWN STEP	2026-09-13T20:21:53.9666039Z   KEEPLING_FLAKE_POLICY: no-retry; quarantine-requires-owner-issue-expiry
image-compose-deploy	UNKNOWN STEP	2026-09-13T20:21:53.9666451Z   KEEPLING_IMAGE_PLATFORM: linux/amd64
image-compose-deploy	UNKNOWN STEP	2026-09-13T20:21:53.9666707Z ##[endgroup]
image-compose-deploy	UNKNOWN STEP	2026-09-13T20:21:54.1405816Z (node:9329) [DEP0040] DeprecationWarning: The `punycode` module is deprecated. Please use a userland alternative instead.
image-compose-deploy	UNKNOWN STEP	2026-09-13T20:21:54.1406675Z (Use `node --trace-deprecation ...` to show where the warning was created)
image-compose-deploy	UNKNOWN STEP	2026-09-13T20:21:54.1454405Z With the provided path, there will be 1 file uploaded
image-compose-deploy	UNKNOWN STEP	2026-09-13T20:21:54.1460035Z Artifact name is valid!
image-compose-deploy	UNKNOWN STEP	2026-09-13T20:21:54.1461205Z Root directory input is valid!
image-compose-deploy	UNKNOWN STEP	2026-09-13T20:21:54.3663710Z Beginning upload of artifact content to blob storage
image-compose-deploy	UNKNOWN STEP	2026-09-13T20:21:54.3911660Z (node:9329) [DEP0169] DeprecationWarning: `url.parse()` behavior is not standardized and prone to errors that have security implications. Use the WHATWG URL API instead. CVEs are not issued for `url.parse()` vulnerabilities.
image-compose-deploy	UNKNOWN STEP	2026-09-13T20:21:54.4157964Z Uploaded bytes 360
image-compose-deploy	UNKNOWN STEP	2026-09-13T20:21:54.4306419Z Finished uploading artifact content to blob storage!
image-compose-deploy	UNKNOWN STEP	2026-09-13T20:21:54.4307860Z SHA256 digest of uploaded artifact zip is 23bdb2d09da21255b299aeca044901af7f98c66ab1fe2e439f826c9286ff2364
image-compose-deploy	UNKNOWN STEP	2026-09-13T20:21:54.4308982Z Finalizing artifact upload
image-compose-deploy	UNKNOWN STEP	2026-09-13T20:21:54.6358171Z Artifact image-compose-deploy-timing.zip successfully finalized. Artifact ID 10324452111
image-compose-deploy	UNKNOWN STEP	2026-09-13T20:21:54.6359671Z Artifact image-compose-deploy-timing has been successfully uploaded! Final size is 360 bytes. Artifact ID is 10324452111
image-compose-deploy	UNKNOWN STEP	2026-09-13T20:21:54.6365801Z Artifact download URL: https://github.com/szTheory/keepling/actions/runs/34780345148/artifacts/10324452111
image-compose-deploy	UNKNOWN STEP	2026-09-13T20:21:54.6548426Z Node 20 is being deprecated. This workflow is running with Node 24 by default. If you need to temporarily use Node 20, you can set the ACTIONS_ALLOW_USE_UNSECURE_NODE_VERSION=true environment variable. For more information see: https://github.blog/changelog/2025-09-19-deprecation-of-node-20-on-github-actions-runners/
image-compose-deploy	UNKNOWN STEP	2026-09-13T20:21:54.6549694Z Post job cleanup.
image-compose-deploy	UNKNOWN STEP	2026-09-13T20:21:54.7861219Z (node:9342) [DEP0040] DeprecationWarning: The `punycode` module is deprecated. Please use a userland alternative instead.
image-compose-deploy	UNKNOWN STEP	2026-09-13T20:21:54.7862297Z (Use `node --trace-deprecation ...` to show where the warning was created)
image-compose-deploy	UNKNOWN STEP	2026-09-13T20:21:54.8042769Z Node 20 is being deprecated. This workflow is running with Node 24 by default. If you need to temporarily use Node 20, you can set the ACTIONS_ALLOW_USE_UNSECURE_NODE_VERSION=true environment variable. For more information see: https://github.blog/changelog/2025-09-19-deprecation-of-node-20-on-github-actions-runners/
image-compose-deploy	UNKNOWN STEP	2026-09-13T20:21:54.8044067Z Post job cleanup.
image-compose-deploy	UNKNOWN STEP	2026-09-13T20:21:54.8911625Z [command]/usr/bin/git version
image-compose-deploy	UNKNOWN STEP	2026-09-13T20:21:54.8949372Z git version 2.55.0
image-compose-deploy	UNKNOWN STEP	2026-09-13T20:21:54.8991309Z Temporarily overriding HOME='/home/runner/work/_temp/e3982103-0da0-42f3-943e-fb43cfdb45a8' before making global git config changes
image-compose-deploy	UNKNOWN STEP	2026-09-13T20:21:54.8992999Z Adding repository directory to the temporary git global config as a safe directory
image-compose-deploy	UNKNOWN STEP	2026-09-13T20:21:54.8997864Z [command]/usr/bin/git config --global --add safe.directory /home/runner/work/keepling/keepling
image-compose-deploy	UNKNOWN STEP	2026-09-13T20:21:54.9036538Z [command]/usr/bin/git config --local --name-only --get-regexp core\.sshCommand
image-compose-deploy	UNKNOWN STEP	2026-09-13T20:21:54.9071491Z [command]/usr/bin/git submodule foreach --recursive sh -c "git config --local --name-only --get-regexp 'core\.sshCommand' && git config --local --unset-all 'core.sshCommand' || :"
image-compose-deploy	UNKNOWN STEP	2026-09-13T20:21:54.9300228Z [command]/usr/bin/git config --local --name-only --get-regexp http\.https\:\/\/github\.com\/\.extraheader
image-compose-deploy	UNKNOWN STEP	2026-09-13T20:21:54.9326969Z http.https://github.com/.extraheader
image-compose-deploy	UNKNOWN STEP	2026-09-13T20:21:54.9339859Z [command]/usr/bin/git config --local --unset-all http.https://github.com/.extraheader
image-compose-deploy	UNKNOWN STEP	2026-09-13T20:21:54.9372656Z [command]/usr/bin/git submodule foreach --recursive sh -c "git config --local --name-only --get-regexp 'http\.https\:\/\/github\.com\/\.extraheader' && git config --local --unset-all 'http.https://github.com/.extraheader' || :"
image-compose-deploy	UNKNOWN STEP	2026-09-13T20:21:54.9598671Z [command]/usr/bin/git config --local --name-only --get-regexp ^includeIf\.gitdir:
image-compose-deploy	UNKNOWN STEP	2026-09-13T20:21:54.9633512Z [command]/usr/bin/git submodule foreach --recursive git config --local --show-origin --name-only --get-regexp remote.origin.url
image-compose-deploy	UNKNOWN STEP	2026-09-13T20:21:55.0003906Z Cleaning up orphan processes
image-compose-deploy	UNKNOWN STEP	2026-09-13T20:21:55.0384553Z ##[warning]Node.js 20 is deprecated. The following actions target Node.js 20 but are being forced to run on Node.js 24: actions/checkout@34e114876b0b11c390a56381ad16ebd13914f8d5, actions/setup-node@49933ea5288caeca8642d1e84afbd3f7d6820020, actions/upload-artifact@ea165f8d65b6e75b540449e92b4886f43607fa02. For more information see: https://github.blog/changelog/2025-09-19-deprecation-of-node-20-on-github-actions-runners/
opentofu-host-fixtures	UNKNOWN STEP	﻿2026-09-13T20:19:16.0429179Z Current runner version: '2.337.0'
opentofu-host-fixtures	UNKNOWN STEP	2026-09-13T20:19:16.0452948Z ##[group]Runner Image Provisioner
opentofu-host-fixtures	UNKNOWN STEP	2026-09-13T20:19:16.0453829Z Hosted Compute Agent
opentofu-host-fixtures	UNKNOWN STEP	2026-09-13T20:19:16.0454916Z Version: 20260828.587
opentofu-host-fixtures	UNKNOWN STEP	2026-09-13T20:19:16.0455612Z Commit: abac92662cab4cc7352de4f9f9d2e2419aad9c29
opentofu-host-fixtures	UNKNOWN STEP	2026-09-13T20:19:16.0456349Z Build Date: 2026-08-28T16:44:25Z
opentofu-host-fixtures	UNKNOWN STEP	2026-09-13T20:19:16.0457161Z Worker ID: {24abcefe-03a7-4261-aa4e-a4b946490fd7}
opentofu-host-fixtures	UNKNOWN STEP	2026-09-13T20:19:16.0457929Z Azure Region: westus3
opentofu-host-fixtures	UNKNOWN STEP	2026-09-13T20:19:16.0458601Z ##[endgroup]
opentofu-host-fixtures	UNKNOWN STEP	2026-09-13T20:19:16.0460249Z ##[group]Operating System
opentofu-host-fixtures	UNKNOWN STEP	2026-09-13T20:19:16.0460918Z Ubuntu
opentofu-host-fixtures	UNKNOWN STEP	2026-09-13T20:19:16.0461577Z 24.04.5
opentofu-host-fixtures	UNKNOWN STEP	2026-09-13T20:19:16.0462101Z LTS
opentofu-host-fixtures	UNKNOWN STEP	2026-09-13T20:19:16.0462757Z ##[endgroup]
opentofu-host-fixtures	UNKNOWN STEP	2026-09-13T20:19:16.0463343Z ##[group]Runner Image
opentofu-host-fixtures	UNKNOWN STEP	2026-09-13T20:19:16.0463946Z Image: ubuntu-24.04
opentofu-host-fixtures	UNKNOWN STEP	2026-09-13T20:19:16.0464926Z Version: 20260907.300.1
opentofu-host-fixtures	UNKNOWN STEP	2026-09-13T20:19:16.0466259Z Included Software: https://github.com/actions/runner-images/blob/ubuntu24/20260907.300/images/ubuntu/Ubuntu2404-Readme.md
opentofu-host-fixtures	UNKNOWN STEP	2026-09-13T20:19:16.0467954Z Image Release: https://github.com/actions/runner-images/releases/tag/ubuntu24%2F20260907.300
opentofu-host-fixtures	UNKNOWN STEP	2026-09-13T20:19:16.0468934Z ##[endgroup]
opentofu-host-fixtures	UNKNOWN STEP	2026-09-13T20:19:16.0470488Z ##[group]GITHUB_TOKEN Permissions
opentofu-host-fixtures	UNKNOWN STEP	2026-09-13T20:19:16.0472600Z Contents: read
opentofu-host-fixtures	UNKNOWN STEP	2026-09-13T20:19:16.0473387Z Metadata: read
opentofu-host-fixtures	UNKNOWN STEP	2026-09-13T20:19:16.0473961Z ##[endgroup]
opentofu-host-fixtures	UNKNOWN STEP	2026-09-13T20:19:16.0476392Z Secret source: Actions
opentofu-host-fixtures	UNKNOWN STEP	2026-09-13T20:19:16.0477454Z Cache mode: write
opentofu-host-fixtures	UNKNOWN STEP	2026-09-13T20:19:16.0478130Z Prepare workflow directory
opentofu-host-fixtures	UNKNOWN STEP	2026-09-13T20:19:16.0876398Z Prepare all required actions
opentofu-host-fixtures	UNKNOWN STEP	2026-09-13T20:19:16.0923976Z Getting action download info
opentofu-host-fixtures	UNKNOWN STEP	2026-09-13T20:19:16.3869707Z Download action repository 'actions/checkout@34e114876b0b11c390a56381ad16ebd13914f8d5' (SHA:34e114876b0b11c390a56381ad16ebd13914f8d5)
opentofu-host-fixtures	UNKNOWN STEP	2026-09-13T20:19:16.5082713Z Download action repository 'actions/upload-artifact@ea165f8d65b6e75b540449e92b4886f43607fa02' (SHA:ea165f8d65b6e75b540449e92b4886f43607fa02)
opentofu-host-fixtures	UNKNOWN STEP	2026-09-13T20:19:16.7116064Z Complete job name: opentofu-host-fixtures
opentofu-host-fixtures	UNKNOWN STEP	2026-09-13T20:19:16.7854632Z Node 20 is being deprecated. This workflow is running with Node 24 by default. If you need to temporarily use Node 20, you can set the ACTIONS_ALLOW_USE_UNSECURE_NODE_VERSION=true environment variable. For more information see: https://github.blog/changelog/2025-09-19-deprecation-of-node-20-on-github-actions-runners/
opentofu-host-fixtures	UNKNOWN STEP	2026-09-13T20:19:16.7863269Z ##[group]Run actions/checkout@34e114876b0b11c390a56381ad16ebd13914f8d5
opentofu-host-fixtures	UNKNOWN STEP	2026-09-13T20:19:16.7864206Z with:
opentofu-host-fixtures	UNKNOWN STEP	2026-09-13T20:19:16.7864887Z   repository: szTheory/keepling
opentofu-host-fixtures	UNKNOWN STEP	2026-09-13T20:19:16.7868853Z   token: ***
opentofu-host-fixtures	UNKNOWN STEP	2026-09-13T20:19:16.7869349Z   ssh-strict: true
opentofu-host-fixtures	UNKNOWN STEP	2026-09-13T20:19:16.7869849Z   ssh-user: git
opentofu-host-fixtures	UNKNOWN STEP	2026-09-13T20:19:16.7870354Z   persist-credentials: true
opentofu-host-fixtures	UNKNOWN STEP	2026-09-13T20:19:16.7870860Z   clean: true
opentofu-host-fixtures	UNKNOWN STEP	2026-09-13T20:19:16.7871329Z   sparse-checkout-cone-mode: true
opentofu-host-fixtures	UNKNOWN STEP	2026-09-13T20:19:16.7871872Z   fetch-depth: 1
opentofu-host-fixtures	UNKNOWN STEP	2026-09-13T20:19:16.7872323Z   fetch-tags: false
opentofu-host-fixtures	UNKNOWN STEP	2026-09-13T20:19:16.7872779Z   show-progress: true
opentofu-host-fixtures	UNKNOWN STEP	2026-09-13T20:19:16.7873280Z   lfs: false
opentofu-host-fixtures	UNKNOWN STEP	2026-09-13T20:19:16.7873713Z   submodules: false
opentofu-host-fixtures	UNKNOWN STEP	2026-09-13T20:19:16.7874182Z   set-safe-directory: true
opentofu-host-fixtures	UNKNOWN STEP	2026-09-13T20:19:16.7875063Z env:
opentofu-host-fixtures	UNKNOWN STEP	2026-09-13T20:19:16.7875513Z   KEEPLING_PHASE2_SEED: 20260901
opentofu-host-fixtures	UNKNOWN STEP	2026-09-13T20:19:16.7876249Z   KEEPLING_FLAKE_POLICY: no-retry; quarantine-requires-owner-issue-expiry
opentofu-host-fixtures	UNKNOWN STEP	2026-09-13T20:19:16.7877009Z ##[endgroup]
opentofu-host-fixtures	UNKNOWN STEP	2026-09-13T20:19:16.8872547Z Syncing repository: szTheory/keepling
opentofu-host-fixtures	UNKNOWN STEP	2026-09-13T20:19:16.8874473Z ##[group]Getting Git version info
opentofu-host-fixtures	UNKNOWN STEP	2026-09-13T20:19:16.8875415Z Working directory is '/home/runner/work/keepling/keepling'
opentofu-host-fixtures	UNKNOWN STEP	2026-09-13T20:19:16.8876459Z [command]/usr/bin/git version
opentofu-host-fixtures	UNKNOWN STEP	2026-09-13T20:19:16.8963567Z git version 2.55.0
opentofu-host-fixtures	UNKNOWN STEP	2026-09-13T20:19:16.8984156Z ##[endgroup]
opentofu-host-fixtures	UNKNOWN STEP	2026-09-13T20:19:16.8997333Z Temporarily overriding HOME='/home/runner/work/_temp/22fc197b-b227-4f60-99b3-e1a68e5065d8' before making global git config changes
opentofu-host-fixtures	UNKNOWN STEP	2026-09-13T20:19:16.8998789Z Adding repository directory to the temporary git global config as a safe directory
opentofu-host-fixtures	UNKNOWN STEP	2026-09-13T20:19:16.9002378Z [command]/usr/bin/git config --global --add safe.directory /home/runner/work/keepling/keepling
opentofu-host-fixtures	UNKNOWN STEP	2026-09-13T20:19:16.9060439Z Deleting the contents of '/home/runner/work/keepling/keepling'
opentofu-host-fixtures	UNKNOWN STEP	2026-09-13T20:19:16.9064680Z ##[group]Initializing the repository
opentofu-host-fixtures	UNKNOWN STEP	2026-09-13T20:19:16.9069128Z [command]/usr/bin/git init /home/runner/work/keepling/keepling
opentofu-host-fixtures	UNKNOWN STEP	2026-09-13T20:19:16.9207350Z hint: Using 'master' as the name for the initial branch. This default branch name
opentofu-host-fixtures	UNKNOWN STEP	2026-09-13T20:19:16.9208969Z hint: will change to "main" in Git 3.0. To configure the initial branch name
opentofu-host-fixtures	UNKNOWN STEP	2026-09-13T20:19:16.9209960Z hint: to use in all of your new repositories, which will suppress this warning,
opentofu-host-fixtures	UNKNOWN STEP	2026-09-13T20:19:16.9210736Z hint: call:
opentofu-host-fixtures	UNKNOWN STEP	2026-09-13T20:19:16.9211197Z hint:
opentofu-host-fixtures	UNKNOWN STEP	2026-09-13T20:19:16.9212092Z hint: 	git config --global init.defaultBranch <name>
opentofu-host-fixtures	UNKNOWN STEP	2026-09-13T20:19:16.9212998Z hint:
opentofu-host-fixtures	UNKNOWN STEP	2026-09-13T20:19:16.9213838Z hint: Names commonly chosen instead of 'master' are 'main', 'trunk' and
opentofu-host-fixtures	UNKNOWN STEP	2026-09-13T20:19:16.9215507Z hint: 'development'. The just-created branch can be renamed via this command:
opentofu-host-fixtures	UNKNOWN STEP	2026-09-13T20:19:16.9216295Z hint:
opentofu-host-fixtures	UNKNOWN STEP	2026-09-13T20:19:16.9216724Z hint: 	git branch -m <name>
opentofu-host-fixtures	UNKNOWN STEP	2026-09-13T20:19:16.9217452Z hint:
opentofu-host-fixtures	UNKNOWN STEP	2026-09-13T20:19:16.9218139Z hint: Disable this message with "git config set advice.defaultBranchName false"
opentofu-host-fixtures	UNKNOWN STEP	2026-09-13T20:19:16.9219210Z Initialized empty Git repository in /home/runner/work/keepling/keepling/.git/
opentofu-host-fixtures	UNKNOWN STEP	2026-09-13T20:19:16.9222840Z [command]/usr/bin/git remote add origin https://github.com/szTheory/keepling
opentofu-host-fixtures	UNKNOWN STEP	2026-09-13T20:19:16.9273741Z ##[endgroup]
opentofu-host-fixtures	UNKNOWN STEP	2026-09-13T20:19:16.9275731Z ##[group]Disabling automatic garbage collection
opentofu-host-fixtures	UNKNOWN STEP	2026-09-13T20:19:16.9277526Z [command]/usr/bin/git config --local gc.auto 0
opentofu-host-fixtures	UNKNOWN STEP	2026-09-13T20:19:16.9305651Z ##[endgroup]
opentofu-host-fixtures	UNKNOWN STEP	2026-09-13T20:19:16.9306403Z ##[group]Setting up auth
opentofu-host-fixtures	UNKNOWN STEP	2026-09-13T20:19:16.9311845Z [command]/usr/bin/git config --local --name-only --get-regexp core\.sshCommand
opentofu-host-fixtures	UNKNOWN STEP	2026-09-13T20:19:16.9340741Z [command]/usr/bin/git submodule foreach --recursive sh -c "git config --local --name-only --get-regexp 'core\.sshCommand' && git config --local --unset-all 'core.sshCommand' || :"
opentofu-host-fixtures	UNKNOWN STEP	2026-09-13T20:19:16.9715580Z [command]/usr/bin/git config --local --name-only --get-regexp http\.https\:\/\/github\.com\/\.extraheader
opentofu-host-fixtures	UNKNOWN STEP	2026-09-13T20:19:16.9746403Z [command]/usr/bin/git submodule foreach --recursive sh -c "git config --local --name-only --get-regexp 'http\.https\:\/\/github\.com\/\.extraheader' && git config --local --unset-all 'http.https://github.com/.extraheader' || :"
opentofu-host-fixtures	UNKNOWN STEP	2026-09-13T20:19:16.9958809Z [command]/usr/bin/git config --local --name-only --get-regexp ^includeIf\.gitdir:
opentofu-host-fixtures	UNKNOWN STEP	2026-09-13T20:19:16.9988436Z [command]/usr/bin/git submodule foreach --recursive git config --local --show-origin --name-only --get-regexp remote.origin.url
opentofu-host-fixtures	UNKNOWN STEP	2026-09-13T20:19:17.0212798Z [command]/usr/bin/git config --local http.https://github.com/.extraheader AUTHORIZATION: basic ***
opentofu-host-fixtures	UNKNOWN STEP	2026-09-13T20:19:17.0248475Z ##[endgroup]
opentofu-host-fixtures	UNKNOWN STEP	2026-09-13T20:19:17.0249882Z ##[group]Fetching the repository
opentofu-host-fixtures	UNKNOWN STEP	2026-09-13T20:19:17.0258887Z [command]/usr/bin/git -c protocol.version=2 fetch --no-tags --prune --no-recurse-submodules --depth=1 origin +069df06570f7bc65ccb646935fd637dcc83bbd9c:refs/remotes/origin/main
opentofu-host-fixtures	UNKNOWN STEP	2026-09-13T20:19:18.7692062Z From https://github.com/szTheory/keepling
opentofu-host-fixtures	UNKNOWN STEP	2026-09-13T20:19:18.7716091Z  * [new ref]         069df06570f7bc65ccb646935fd637dcc83bbd9c -> origin/main
opentofu-host-fixtures	UNKNOWN STEP	2026-09-13T20:19:18.7719855Z ##[endgroup]
opentofu-host-fixtures	UNKNOWN STEP	2026-09-13T20:19:18.7721500Z ##[group]Determining the checkout info
opentofu-host-fixtures	UNKNOWN STEP	2026-09-13T20:19:18.7723449Z ##[endgroup]
opentofu-host-fixtures	UNKNOWN STEP	2026-09-13T20:19:18.7724882Z [command]/usr/bin/git sparse-checkout disable
opentofu-host-fixtures	UNKNOWN STEP	2026-09-13T20:19:18.7761166Z [command]/usr/bin/git config --local --unset-all extensions.worktreeConfig
opentofu-host-fixtures	UNKNOWN STEP	2026-09-13T20:19:18.7789473Z ##[group]Checking out the ref
opentofu-host-fixtures	UNKNOWN STEP	2026-09-13T20:19:18.7792066Z [command]/usr/bin/git checkout --progress --force -B main refs/remotes/origin/main
opentofu-host-fixtures	UNKNOWN STEP	2026-09-13T20:19:18.9161717Z Switched to a new branch 'main'
opentofu-host-fixtures	UNKNOWN STEP	2026-09-13T20:19:18.9166550Z branch 'main' set up to track 'origin/main'.
opentofu-host-fixtures	UNKNOWN STEP	2026-09-13T20:19:18.9180372Z ##[endgroup]
opentofu-host-fixtures	UNKNOWN STEP	2026-09-13T20:19:18.9223814Z [command]/usr/bin/git log -1 --format=%H
opentofu-host-fixtures	UNKNOWN STEP	2026-09-13T20:19:18.9246163Z 069df06570f7bc65ccb646935fd637dcc83bbd9c
opentofu-host-fixtures	UNKNOWN STEP	2026-09-13T20:19:18.9554159Z ##[group]Run set -o pipefail
opentofu-host-fixtures	UNKNOWN STEP	2026-09-13T20:19:18.9555864Z ^[[36;1mset -o pipefail^[[0m
opentofu-host-fixtures	UNKNOWN STEP	2026-09-13T20:19:18.9558293Z ^[[36;1m./tooling/test-phase-2.sh --lane opentofu-host-fixtures | tee "$RUNNER_TEMP/opentofu-host-fixtures.txt"^[[0m
opentofu-host-fixtures	UNKNOWN STEP	2026-09-13T20:19:18.9561521Z ^[[36;1m./tooling/verify-privacy.sh "$RUNNER_TEMP/opentofu-host-fixtures.txt"^[[0m
opentofu-host-fixtures	UNKNOWN STEP	2026-09-13T20:19:18.9603035Z shell: /usr/bin/bash -e {0}
opentofu-host-fixtures	UNKNOWN STEP	2026-09-13T20:19:18.9604463Z env:
opentofu-host-fixtures	UNKNOWN STEP	2026-09-13T20:19:18.9605470Z   KEEPLING_PHASE2_SEED: 20260901
opentofu-host-fixtures	UNKNOWN STEP	2026-09-13T20:19:18.9607302Z   KEEPLING_FLAKE_POLICY: no-retry; quarantine-requires-owner-issue-expiry
opentofu-host-fixtures	UNKNOWN STEP	2026-09-13T20:19:18.9609214Z ##[endgroup]
opentofu-host-fixtures	UNKNOWN STEP	2026-09-13T20:19:19.2673145Z lane=opentofu-host-fixtures status=RUNNING command=eight hermetic OpenTofu/bootstrap/archive/teardown/DNS-fence fixture commands cases=8 seed=20260901 inputs_sha256=a2129174948e0f8d1f97efeeec96426adc96721c9473c48a40a3fa382d83b7a8
opentofu-host-fixtures	UNKNOWN STEP	2026-09-13T20:19:22.2735958Z lane=opentofu-host-fixtures status=PASS command=eight hermetic OpenTofu/bootstrap/archive/teardown/DNS-fence fixture commands cases=8 seed=20260901 elapsed_ms=3009 inputs_sha256=a2129174948e0f8d1f97efeeec96426adc96721c9473c48a40a3fa382d83b7a8
opentofu-host-fixtures	UNKNOWN STEP	2026-09-13T20:19:22.2872503Z Privacy verification passed: artifacts=1 sentinels=7
opentofu-host-fixtures	UNKNOWN STEP	2026-09-13T20:19:22.2981683Z Node 20 is being deprecated. This workflow is running with Node 24 by default. If you need to temporarily use Node 20, you can set the ACTIONS_ALLOW_USE_UNSECURE_NODE_VERSION=true environment variable. For more information see: https://github.blog/changelog/2025-09-19-deprecation-of-node-20-on-github-actions-runners/
opentofu-host-fixtures	UNKNOWN STEP	2026-09-13T20:19:22.2983657Z ##[group]Run actions/upload-artifact@ea165f8d65b6e75b540449e92b4886f43607fa02
opentofu-host-fixtures	UNKNOWN STEP	2026-09-13T20:19:22.2984104Z with:
opentofu-host-fixtures	UNKNOWN STEP	2026-09-13T20:19:22.2984690Z   name: opentofu-host-fixtures-timing
opentofu-host-fixtures	UNKNOWN STEP	2026-09-13T20:19:22.2985119Z   path: /home/runner/work/_temp/opentofu-host-fixtures.txt
opentofu-host-fixtures	UNKNOWN STEP	2026-09-13T20:19:22.2985546Z   if-no-files-found: error
opentofu-host-fixtures	UNKNOWN STEP	2026-09-13T20:19:22.2985827Z   retention-days: 14
opentofu-host-fixtures	UNKNOWN STEP	2026-09-13T20:19:22.2986088Z   compression-level: 6
opentofu-host-fixtures	UNKNOWN STEP	2026-09-13T20:19:22.2986353Z   overwrite: false
opentofu-host-fixtures	UNKNOWN STEP	2026-09-13T20:19:22.2986619Z   include-hidden-files: false
opentofu-host-fixtures	UNKNOWN STEP	2026-09-13T20:19:22.2986898Z env:
opentofu-host-fixtures	UNKNOWN STEP	2026-09-13T20:19:22.2987138Z   KEEPLING_PHASE2_SEED: 20260901
opentofu-host-fixtures	UNKNOWN STEP	2026-09-13T20:19:22.2987607Z   KEEPLING_FLAKE_POLICY: no-retry; quarantine-requires-owner-issue-expiry
opentofu-host-fixtures	UNKNOWN STEP	2026-09-13T20:19:22.2988065Z ##[endgroup]
opentofu-host-fixtures	UNKNOWN STEP	2026-09-13T20:19:22.4600161Z (node:5407) [DEP0040] DeprecationWarning: The `punycode` module is deprecated. Please use a userland alternative instead.
opentofu-host-fixtures	UNKNOWN STEP	2026-09-13T20:19:22.4601526Z (Use `node --trace-deprecation ...` to show where the warning was created)
opentofu-host-fixtures	UNKNOWN STEP	2026-09-13T20:19:22.4644517Z With the provided path, there will be 1 file uploaded
opentofu-host-fixtures	UNKNOWN STEP	2026-09-13T20:19:22.4650014Z Artifact name is valid!
opentofu-host-fixtures	UNKNOWN STEP	2026-09-13T20:19:22.4650658Z Root directory input is valid!
opentofu-host-fixtures	UNKNOWN STEP	2026-09-13T20:19:22.8299304Z Beginning upload of artifact content to blob storage
opentofu-host-fixtures	UNKNOWN STEP	2026-09-13T20:19:22.8478648Z (node:5407) [DEP0169] DeprecationWarning: `url.parse()` behavior is not standardized and prone to errors that have security implications. Use the WHATWG URL API instead. CVEs are not issued for `url.parse()` vulnerabilities.
opentofu-host-fixtures	UNKNOWN STEP	2026-09-13T20:19:23.0635149Z Uploaded bytes 376
opentofu-host-fixtures	UNKNOWN STEP	2026-09-13T20:19:23.1398925Z Finished uploading artifact content to blob storage!
opentofu-host-fixtures	UNKNOWN STEP	2026-09-13T20:19:23.1399879Z SHA256 digest of uploaded artifact zip is 4bad2a6db2b1590e3bdaa318e8e657096ac80366b5632661d83c04ba74ac81f9
opentofu-host-fixtures	UNKNOWN STEP	2026-09-13T20:19:23.1402048Z Finalizing artifact upload
opentofu-host-fixtures	UNKNOWN STEP	2026-09-13T20:19:23.3807963Z Artifact opentofu-host-fixtures-timing.zip successfully finalized. Artifact ID 10324871932
opentofu-host-fixtures	UNKNOWN STEP	2026-09-13T20:19:23.3809634Z Artifact opentofu-host-fixtures-timing has been successfully uploaded! Final size is 376 bytes. Artifact ID is 10324871932
opentofu-host-fixtures	UNKNOWN STEP	2026-09-13T20:19:23.3816360Z Artifact download URL: https://github.com/szTheory/keepling/actions/runs/34780345148/artifacts/10324871932
opentofu-host-fixtures	UNKNOWN STEP	2026-09-13T20:19:23.4019361Z Node 20 is being deprecated. This workflow is running with Node 24 by default. If you need to temporarily use Node 20, you can set the ACTIONS_ALLOW_USE_UNSECURE_NODE_VERSION=true environment variable. For more information see: https://github.blog/changelog/2025-09-19-deprecation-of-node-20-on-github-actions-runners/
opentofu-host-fixtures	UNKNOWN STEP	2026-09-13T20:19:23.4020647Z Post job cleanup.
opentofu-host-fixtures	UNKNOWN STEP	2026-09-13T20:19:23.4821635Z [command]/usr/bin/git version
opentofu-host-fixtures	UNKNOWN STEP	2026-09-13T20:19:23.4856489Z git version 2.55.0
opentofu-host-fixtures	UNKNOWN STEP	2026-09-13T20:19:23.4892086Z Temporarily overriding HOME='/home/runner/work/_temp/92d1d2f3-acad-471a-86e1-ced0082bb061' before making global git config changes
opentofu-host-fixtures	UNKNOWN STEP	2026-09-13T20:19:23.4893495Z Adding repository directory to the temporary git global config as a safe directory
opentofu-host-fixtures	UNKNOWN STEP	2026-09-13T20:19:23.4898402Z [command]/usr/bin/git config --global --add safe.directory /home/runner/work/keepling/keepling
opentofu-host-fixtures	UNKNOWN STEP	2026-09-13T20:19:23.4932169Z [command]/usr/bin/git config --local --name-only --get-regexp core\.sshCommand
opentofu-host-fixtures	UNKNOWN STEP	2026-09-13T20:19:23.4965450Z [command]/usr/bin/git submodule foreach --recursive sh -c "git config --local --name-only --get-regexp 'core\.sshCommand' && git config --local --unset-all 'core.sshCommand' || :"
opentofu-host-fixtures	UNKNOWN STEP	2026-09-13T20:19:23.5185335Z [command]/usr/bin/git config --local --name-only --get-regexp http\.https\:\/\/github\.com\/\.extraheader
opentofu-host-fixtures	UNKNOWN STEP	2026-09-13T20:19:23.5210966Z http.https://github.com/.extraheader
opentofu-host-fixtures	UNKNOWN STEP	2026-09-13T20:19:23.5220959Z [command]/usr/bin/git config --local --unset-all http.https://github.com/.extraheader
opentofu-host-fixtures	UNKNOWN STEP	2026-09-13T20:19:23.5251175Z [command]/usr/bin/git submodule foreach --recursive sh -c "git config --local --name-only --get-regexp 'http\.https\:\/\/github\.com\/\.extraheader' && git config --local --unset-all 'http.https://github.com/.extraheader' || :"
opentofu-host-fixtures	UNKNOWN STEP	2026-09-13T20:19:23.5465610Z [command]/usr/bin/git config --local --name-only --get-regexp ^includeIf\.gitdir:
opentofu-host-fixtures	UNKNOWN STEP	2026-09-13T20:19:23.5493658Z [command]/usr/bin/git submodule foreach --recursive git config --local --show-origin --name-only --get-regexp remote.origin.url
opentofu-host-fixtures	UNKNOWN STEP	2026-09-13T20:19:23.5834140Z Cleaning up orphan processes
opentofu-host-fixtures	UNKNOWN STEP	2026-09-13T20:19:23.6125973Z ##[warning]Node.js 20 is deprecated. The following actions target Node.js 20 but are being forced to run on Node.js 24: actions/checkout@34e114876b0b11c390a56381ad16ebd13914f8d5, actions/upload-artifact@ea165f8d65b6e75b540449e92b4886f43607fa02. For more information see: https://github.blog/changelog/2025-09-19-deprecation-of-node-20-on-github-actions-runners/
export-reader	UNKNOWN STEP	﻿2026-09-13T20:18:59.1132981Z Current runner version: '2.337.0'
export-reader	UNKNOWN STEP	2026-09-13T20:18:59.1160370Z ##[group]Runner Image Provisioner
export-reader	UNKNOWN STEP	2026-09-13T20:18:59.1161249Z Hosted Compute Agent
export-reader	UNKNOWN STEP	2026-09-13T20:18:59.1161778Z Version: 20260828.587
export-reader	UNKNOWN STEP	2026-09-13T20:18:59.1162377Z Commit: abac92662cab4cc7352de4f9f9d2e2419aad9c29
export-reader	UNKNOWN STEP	2026-09-13T20:18:59.1163069Z Build Date: 2026-08-28T16:44:25Z
export-reader	UNKNOWN STEP	2026-09-13T20:18:59.1163996Z Worker ID: {212d9dc5-35b9-4bff-9bfe-e5d8b06b11ad}
export-reader	UNKNOWN STEP	2026-09-13T20:18:59.1165038Z Azure Region: centralus
export-reader	UNKNOWN STEP	2026-09-13T20:18:59.1165565Z ##[endgroup]
export-reader	UNKNOWN STEP	2026-09-13T20:18:59.1167018Z ##[group]Operating System
export-reader	UNKNOWN STEP	2026-09-13T20:18:59.1167612Z Ubuntu
export-reader	UNKNOWN STEP	2026-09-13T20:18:59.1168110Z 24.04.5
export-reader	UNKNOWN STEP	2026-09-13T20:18:59.1168594Z LTS
export-reader	UNKNOWN STEP	2026-09-13T20:18:59.1169103Z ##[endgroup]
export-reader	UNKNOWN STEP	2026-09-13T20:18:59.1169873Z ##[group]Runner Image
export-reader	UNKNOWN STEP	2026-09-13T20:18:59.1170472Z Image: ubuntu-24.04
export-reader	UNKNOWN STEP	2026-09-13T20:18:59.1170976Z Version: 20260907.300.1
export-reader	UNKNOWN STEP	2026-09-13T20:18:59.1172137Z Included Software: https://github.com/actions/runner-images/blob/ubuntu24/20260907.300/images/ubuntu/Ubuntu2404-Readme.md
export-reader	UNKNOWN STEP	2026-09-13T20:18:59.1173837Z Image Release: https://github.com/actions/runner-images/releases/tag/ubuntu24%2F20260907.300
export-reader	UNKNOWN STEP	2026-09-13T20:18:59.1174749Z ##[endgroup]
export-reader	UNKNOWN STEP	2026-09-13T20:18:59.1175765Z ##[group]GITHUB_TOKEN Permissions
export-reader	UNKNOWN STEP	2026-09-13T20:18:59.1177976Z Contents: read
export-reader	UNKNOWN STEP	2026-09-13T20:18:59.1178553Z Metadata: read
export-reader	UNKNOWN STEP	2026-09-13T20:18:59.1179108Z ##[endgroup]
export-reader	UNKNOWN STEP	2026-09-13T20:18:59.1181791Z Secret source: Actions
export-reader	UNKNOWN STEP	2026-09-13T20:18:59.1182668Z Cache mode: write
export-reader	UNKNOWN STEP	2026-09-13T20:18:59.1183527Z Prepare workflow directory
export-reader	UNKNOWN STEP	2026-09-13T20:18:59.1547787Z Prepare all required actions
export-reader	UNKNOWN STEP	2026-09-13T20:18:59.1597417Z Getting action download info
export-reader	UNKNOWN STEP	2026-09-13T20:18:59.4319469Z Download action repository 'actions/checkout@34e114876b0b11c390a56381ad16ebd13914f8d5' (SHA:34e114876b0b11c390a56381ad16ebd13914f8d5)
export-reader	UNKNOWN STEP	2026-09-13T20:18:59.5224744Z Download action repository 'actions/setup-node@49933ea5288caeca8642d1e84afbd3f7d6820020' (SHA:49933ea5288caeca8642d1e84afbd3f7d6820020)
export-reader	UNKNOWN STEP	2026-09-13T20:18:59.5934056Z Download action repository 'actions/upload-artifact@ea165f8d65b6e75b540449e92b4886f43607fa02' (SHA:ea165f8d65b6e75b540449e92b4886f43607fa02)
export-reader	UNKNOWN STEP	2026-09-13T20:18:59.7662053Z Complete job name: export-reader
export-reader	UNKNOWN STEP	2026-09-13T20:18:59.8394629Z Node 20 is being deprecated. This workflow is running with Node 24 by default. If you need to temporarily use Node 20, you can set the ACTIONS_ALLOW_USE_UNSECURE_NODE_VERSION=true environment variable. For more information see: https://github.blog/changelog/2025-09-19-deprecation-of-node-20-on-github-actions-runners/
export-reader	UNKNOWN STEP	2026-09-13T20:18:59.8403832Z ##[group]Run actions/checkout@34e114876b0b11c390a56381ad16ebd13914f8d5
export-reader	UNKNOWN STEP	2026-09-13T20:18:59.8404604Z with:
export-reader	UNKNOWN STEP	2026-09-13T20:18:59.8404976Z   repository: szTheory/keepling
export-reader	UNKNOWN STEP	2026-09-13T20:18:59.8408373Z   token: ***
export-reader	UNKNOWN STEP	2026-09-13T20:18:59.8408748Z   ssh-strict: true
export-reader	UNKNOWN STEP	2026-09-13T20:18:59.8409128Z   ssh-user: git
export-reader	UNKNOWN STEP	2026-09-13T20:18:59.8409853Z   persist-credentials: true
export-reader	UNKNOWN STEP	2026-09-13T20:18:59.8410279Z   clean: true
export-reader	UNKNOWN STEP	2026-09-13T20:18:59.8410667Z   sparse-checkout-cone-mode: true
export-reader	UNKNOWN STEP	2026-09-13T20:18:59.8411145Z   fetch-depth: 1
export-reader	UNKNOWN STEP	2026-09-13T20:18:59.8411528Z   fetch-tags: false
export-reader	UNKNOWN STEP	2026-09-13T20:18:59.8411910Z   show-progress: true
export-reader	UNKNOWN STEP	2026-09-13T20:18:59.8412330Z   lfs: false
export-reader	UNKNOWN STEP	2026-09-13T20:18:59.8412693Z   submodules: false
export-reader	UNKNOWN STEP	2026-09-13T20:18:59.8413089Z   set-safe-directory: true
export-reader	UNKNOWN STEP	2026-09-13T20:18:59.8413775Z env:
export-reader	UNKNOWN STEP	2026-09-13T20:18:59.8414153Z   KEEPLING_PHASE2_SEED: 20260901
export-reader	UNKNOWN STEP	2026-09-13T20:18:59.8414786Z   KEEPLING_FLAKE_POLICY: no-retry; quarantine-requires-owner-issue-expiry
export-reader	UNKNOWN STEP	2026-09-13T20:18:59.8415441Z ##[endgroup]
export-reader	UNKNOWN STEP	2026-09-13T20:18:59.9386475Z Syncing repository: szTheory/keepling
export-reader	UNKNOWN STEP	2026-09-13T20:18:59.9388094Z ##[group]Getting Git version info
export-reader	UNKNOWN STEP	2026-09-13T20:18:59.9388741Z Working directory is '/home/runner/work/keepling/keepling'
export-reader	UNKNOWN STEP	2026-09-13T20:18:59.9389967Z [command]/usr/bin/git version
export-reader	UNKNOWN STEP	2026-09-13T20:18:59.9430744Z git version 2.55.0
export-reader	UNKNOWN STEP	2026-09-13T20:18:59.9449539Z ##[endgroup]
export-reader	UNKNOWN STEP	2026-09-13T20:18:59.9464316Z Temporarily overriding HOME='/home/runner/work/_temp/f985dff5-ff20-4a0e-be83-916948ec6fb6' before making global git config changes
export-reader	UNKNOWN STEP	2026-09-13T20:18:59.9466987Z Adding repository directory to the temporary git global config as a safe directory
export-reader	UNKNOWN STEP	2026-09-13T20:18:59.9470150Z [command]/usr/bin/git config --global --add safe.directory /home/runner/work/keepling/keepling
export-reader	UNKNOWN STEP	2026-09-13T20:18:59.9508673Z Deleting the contents of '/home/runner/work/keepling/keepling'
export-reader	UNKNOWN STEP	2026-09-13T20:18:59.9513994Z ##[group]Initializing the repository
export-reader	UNKNOWN STEP	2026-09-13T20:18:59.9518376Z [command]/usr/bin/git init /home/runner/work/keepling/keepling
export-reader	UNKNOWN STEP	2026-09-13T20:18:59.9599527Z hint: Using 'master' as the name for the initial branch. This default branch name
export-reader	UNKNOWN STEP	2026-09-13T20:18:59.9601565Z hint: will change to "main" in Git 3.0. To configure the initial branch name
export-reader	UNKNOWN STEP	2026-09-13T20:18:59.9603523Z hint: to use in all of your new repositories, which will suppress this warning,
export-reader	UNKNOWN STEP	2026-09-13T20:18:59.9605011Z hint: call:
export-reader	UNKNOWN STEP	2026-09-13T20:18:59.9605872Z hint:
export-reader	UNKNOWN STEP	2026-09-13T20:18:59.9606913Z hint: 	git config --global init.defaultBranch <name>
export-reader	UNKNOWN STEP	2026-09-13T20:18:59.9608110Z hint:
export-reader	UNKNOWN STEP	2026-09-13T20:18:59.9609460Z hint: Names commonly chosen instead of 'master' are 'main', 'trunk' and
export-reader	UNKNOWN STEP	2026-09-13T20:18:59.9611237Z hint: 'development'. The just-created branch can be renamed via this command:
export-reader	UNKNOWN STEP	2026-09-13T20:18:59.9612711Z hint:
export-reader	UNKNOWN STEP	2026-09-13T20:18:59.9613581Z hint: 	git branch -m <name>
export-reader	UNKNOWN STEP	2026-09-13T20:18:59.9614480Z hint:
export-reader	UNKNOWN STEP	2026-09-13T20:18:59.9615631Z hint: Disable this message with "git config set advice.defaultBranchName false"
export-reader	UNKNOWN STEP	2026-09-13T20:18:59.9617584Z Initialized empty Git repository in /home/runner/work/keepling/keepling/.git/
export-reader	UNKNOWN STEP	2026-09-13T20:18:59.9620192Z [command]/usr/bin/git remote add origin https://github.com/szTheory/keepling
export-reader	UNKNOWN STEP	2026-09-13T20:18:59.9647398Z ##[endgroup]
export-reader	UNKNOWN STEP	2026-09-13T20:18:59.9648100Z ##[group]Disabling automatic garbage collection
export-reader	UNKNOWN STEP	2026-09-13T20:18:59.9650692Z [command]/usr/bin/git config --local gc.auto 0
export-reader	UNKNOWN STEP	2026-09-13T20:18:59.9672872Z ##[endgroup]
export-reader	UNKNOWN STEP	2026-09-13T20:18:59.9673540Z ##[group]Setting up auth
export-reader	UNKNOWN STEP	2026-09-13T20:18:59.9678389Z [command]/usr/bin/git config --local --name-only --get-regexp core\.sshCommand
export-reader	UNKNOWN STEP	2026-09-13T20:18:59.9703235Z [command]/usr/bin/git submodule foreach --recursive sh -c "git config --local --name-only --get-regexp 'core\.sshCommand' && git config --local --unset-all 'core.sshCommand' || :"
export-reader	UNKNOWN STEP	2026-09-13T20:18:59.9965636Z [command]/usr/bin/git config --local --name-only --get-regexp http\.https\:\/\/github\.com\/\.extraheader
export-reader	UNKNOWN STEP	2026-09-13T20:18:59.9991257Z [command]/usr/bin/git submodule foreach --recursive sh -c "git config --local --name-only --get-regexp 'http\.https\:\/\/github\.com\/\.extraheader' && git config --local --unset-all 'http.https://github.com/.extraheader' || :"
export-reader	UNKNOWN STEP	2026-09-13T20:19:00.0164337Z [command]/usr/bin/git config --local --name-only --get-regexp ^includeIf\.gitdir:
export-reader	UNKNOWN STEP	2026-09-13T20:19:00.0191671Z [command]/usr/bin/git submodule foreach --recursive git config --local --show-origin --name-only --get-regexp remote.origin.url
export-reader	UNKNOWN STEP	2026-09-13T20:19:00.0362146Z [command]/usr/bin/git config --local http.https://github.com/.extraheader AUTHORIZATION: basic ***
export-reader	UNKNOWN STEP	2026-09-13T20:19:00.0388944Z ##[endgroup]
export-reader	UNKNOWN STEP	2026-09-13T20:19:00.0390320Z ##[group]Fetching the repository
export-reader	UNKNOWN STEP	2026-09-13T20:19:00.0399048Z [command]/usr/bin/git -c protocol.version=2 fetch --no-tags --prune --no-recurse-submodules --depth=1 origin +069df06570f7bc65ccb646935fd637dcc83bbd9c:refs/remotes/origin/main
export-reader	UNKNOWN STEP	2026-09-13T20:19:01.3313138Z From https://github.com/szTheory/keepling
export-reader	UNKNOWN STEP	2026-09-13T20:19:01.3315035Z  * [new ref]         069df06570f7bc65ccb646935fd637dcc83bbd9c -> origin/main
export-reader	UNKNOWN STEP	2026-09-13T20:19:01.3319101Z ##[endgroup]
export-reader	UNKNOWN STEP	2026-09-13T20:19:01.3320802Z ##[group]Determining the checkout info
export-reader	UNKNOWN STEP	2026-09-13T20:19:01.3322368Z ##[endgroup]
export-reader	UNKNOWN STEP	2026-09-13T20:19:01.3340877Z [command]/usr/bin/git sparse-checkout disable
export-reader	UNKNOWN STEP	2026-09-13T20:19:01.3365979Z [command]/usr/bin/git config --local --unset-all extensions.worktreeConfig
export-reader	UNKNOWN STEP	2026-09-13T20:19:01.3391061Z ##[group]Checking out the ref
export-reader	UNKNOWN STEP	2026-09-13T20:19:01.3393529Z [command]/usr/bin/git checkout --progress --force -B main refs/remotes/origin/main
export-reader	UNKNOWN STEP	2026-09-13T20:19:01.4556193Z Switched to a new branch 'main'
export-reader	UNKNOWN STEP	2026-09-13T20:19:01.4559247Z branch 'main' set up to track 'origin/main'.
export-reader	UNKNOWN STEP	2026-09-13T20:19:01.4571244Z ##[endgroup]
export-reader	UNKNOWN STEP	2026-09-13T20:19:01.4607469Z [command]/usr/bin/git log -1 --format=%H
export-reader	UNKNOWN STEP	2026-09-13T20:19:01.4629199Z 069df06570f7bc65ccb646935fd637dcc83bbd9c
export-reader	UNKNOWN STEP	2026-09-13T20:19:01.5001307Z Node 20 is being deprecated. This workflow is running with Node 24 by default. If you need to temporarily use Node 20, you can set the ACTIONS_ALLOW_USE_UNSECURE_NODE_VERSION=true environment variable. For more information see: https://github.blog/changelog/2025-09-19-deprecation-of-node-20-on-github-actions-runners/
export-reader	UNKNOWN STEP	2026-09-13T20:19:01.5006924Z ##[group]Run actions/setup-node@49933ea5288caeca8642d1e84afbd3f7d6820020
export-reader	UNKNOWN STEP	2026-09-13T20:19:01.5008344Z with:
export-reader	UNKNOWN STEP	2026-09-13T20:19:01.5009121Z   node-version: 24.7.0
export-reader	UNKNOWN STEP	2026-09-13T20:19:01.5010160Z   always-auth: false
export-reader	UNKNOWN STEP	2026-09-13T20:19:01.5011039Z   check-latest: false
export-reader	UNKNOWN STEP	2026-09-13T20:19:01.5019448Z   token: ***
export-reader	UNKNOWN STEP	2026-09-13T20:19:01.5020229Z env:
export-reader	UNKNOWN STEP	2026-09-13T20:19:01.5021002Z   KEEPLING_PHASE2_SEED: 20260901
export-reader	UNKNOWN STEP	2026-09-13T20:19:01.5022430Z   KEEPLING_FLAKE_POLICY: no-retry; quarantine-requires-owner-issue-expiry
export-reader	UNKNOWN STEP	2026-09-13T20:19:01.5023866Z ##[endgroup]
export-reader	UNKNOWN STEP	2026-09-13T20:19:01.6385640Z Attempting to download 24.7.0...
export-reader	UNKNOWN STEP	2026-09-13T20:19:01.6488506Z (node:2177) [DEP0040] DeprecationWarning: The `punycode` module is deprecated. Please use a userland alternative instead.
export-reader	UNKNOWN STEP	2026-09-13T20:19:01.6492874Z (Use `node --trace-deprecation ...` to show where the warning was created)
export-reader	UNKNOWN STEP	2026-09-13T20:19:02.3537127Z Acquiring 24.7.0 - x64 from https://github.com/actions/node-versions/releases/download/24.7.0-17283839804/node-24.7.0-linux-x64.tar.gz
export-reader	UNKNOWN STEP	2026-09-13T20:19:03.0288261Z Extracting ...
export-reader	UNKNOWN STEP	2026-09-13T20:19:03.0403865Z [command]/usr/bin/tar xz --strip 1 --warning=no-unknown-keyword --overwrite -C /home/runner/work/_temp/d4fda5b8-2a1a-4e0d-9ef4-16e5cb7b41d2 -f /home/runner/work/_temp/e76200da-2f9f-47d6-8602-875391e528bd
export-reader	UNKNOWN STEP	2026-09-13T20:19:04.2282722Z Adding to the cache ...
export-reader	UNKNOWN STEP	2026-09-13T20:19:05.6378562Z ##[group]Environment details
export-reader	UNKNOWN STEP	2026-09-13T20:19:05.8659974Z node: v24.7.0
export-reader	UNKNOWN STEP	2026-09-13T20:19:05.8661055Z npm: 11.5.1
export-reader	UNKNOWN STEP	2026-09-13T20:19:05.8661545Z yarn: 1.22.22
export-reader	UNKNOWN STEP	2026-09-13T20:19:05.8662266Z ##[endgroup]
export-reader	UNKNOWN STEP	2026-09-13T20:19:05.8786207Z ##[group]Run set -o pipefail
export-reader	UNKNOWN STEP	2026-09-13T20:19:05.8786590Z ^[[36;1mset -o pipefail^[[0m
export-reader	UNKNOWN STEP	2026-09-13T20:19:05.8787104Z ^[[36;1mnode tooling/verify-export-reader.mjs --golden | tee "$RUNNER_TEMP/export-reader.txt"^[[0m
export-reader	UNKNOWN STEP	2026-09-13T20:19:05.8787716Z ^[[36;1m./tooling/verify-privacy.sh "$RUNNER_TEMP/export-reader.txt"^[[0m
export-reader	UNKNOWN STEP	2026-09-13T20:19:05.8815957Z shell: /usr/bin/bash -e {0}
export-reader	UNKNOWN STEP	2026-09-13T20:19:05.8816248Z env:
export-reader	UNKNOWN STEP	2026-09-13T20:19:05.8816493Z   KEEPLING_PHASE2_SEED: 20260901
export-reader	UNKNOWN STEP	2026-09-13T20:19:05.8816879Z   KEEPLING_FLAKE_POLICY: no-retry; quarantine-requires-owner-issue-expiry
export-reader	UNKNOWN STEP	2026-09-13T20:19:05.8817261Z ##[endgroup]
export-reader	UNKNOWN STEP	2026-09-13T20:19:05.9227461Z verify-export-reader --golden PASSED cases=16 trackedInputSha256=6163530e92505f314ec045c331b55f62889aa1cca7f6b69851bffd8e8b9aacf9
export-reader	UNKNOWN STEP	2026-09-13T20:19:05.9346686Z Privacy verification passed: artifacts=1 sentinels=7
export-reader	UNKNOWN STEP	2026-09-13T20:19:05.9441972Z Node 20 is being deprecated. This workflow is running with Node 24 by default. If you need to temporarily use Node 20, you can set the ACTIONS_ALLOW_USE_UNSECURE_NODE_VERSION=true environment variable. For more information see: https://github.blog/changelog/2025-09-19-deprecation-of-node-20-on-github-actions-runners/
export-reader	UNKNOWN STEP	2026-09-13T20:19:05.9443280Z ##[group]Run actions/upload-artifact@ea165f8d65b6e75b540449e92b4886f43607fa02
export-reader	UNKNOWN STEP	2026-09-13T20:19:05.9443674Z with:
export-reader	UNKNOWN STEP	2026-09-13T20:19:05.9443895Z   name: export-reader-timing
export-reader	UNKNOWN STEP	2026-09-13T20:19:05.9444175Z   path: /home/runner/work/_temp/export-reader.txt
export-reader	UNKNOWN STEP	2026-09-13T20:19:05.9444486Z   if-no-files-found: error
export-reader	UNKNOWN STEP	2026-09-13T20:19:05.9444721Z   retention-days: 14
export-reader	UNKNOWN STEP	2026-09-13T20:19:05.9444933Z   compression-level: 6
export-reader	UNKNOWN STEP	2026-09-13T20:19:05.9445148Z   overwrite: false
export-reader	UNKNOWN STEP	2026-09-13T20:19:05.9445359Z   include-hidden-files: false
export-reader	UNKNOWN STEP	2026-09-13T20:19:05.9445586Z env:
export-reader	UNKNOWN STEP	2026-09-13T20:19:05.9445808Z   KEEPLING_PHASE2_SEED: 20260901
export-reader	UNKNOWN STEP	2026-09-13T20:19:05.9446419Z   KEEPLING_FLAKE_POLICY: no-retry; quarantine-requires-owner-issue-expiry
export-reader	UNKNOWN STEP	2026-09-13T20:19:05.9446798Z ##[endgroup]
export-reader	UNKNOWN STEP	2026-09-13T20:19:06.1236694Z (node:2233) [DEP0040] DeprecationWarning: The `punycode` module is deprecated. Please use a userland alternative instead.
export-reader	UNKNOWN STEP	2026-09-13T20:19:06.1237934Z (Use `node --trace-deprecation ...` to show where the warning was created)
export-reader	UNKNOWN STEP	2026-09-13T20:19:06.1279709Z With the provided path, there will be 1 file uploaded
export-reader	UNKNOWN STEP	2026-09-13T20:19:06.1283870Z Artifact name is valid!
export-reader	UNKNOWN STEP	2026-09-13T20:19:06.1284707Z Root directory input is valid!
export-reader	UNKNOWN STEP	2026-09-13T20:19:06.3793196Z Beginning upload of artifact content to blob storage
export-reader	UNKNOWN STEP	2026-09-13T20:19:06.3954750Z (node:2233) [DEP0169] DeprecationWarning: `url.parse()` behavior is not standardized and prone to errors that have security implications. Use the WHATWG URL API instead. CVEs are not issued for `url.parse()` vulnerabilities.
export-reader	UNKNOWN STEP	2026-09-13T20:19:06.5094826Z Uploaded bytes 267
export-reader	UNKNOWN STEP	2026-09-13T20:19:06.5459242Z Finished uploading artifact content to blob storage!
export-reader	UNKNOWN STEP	2026-09-13T20:19:06.5460926Z SHA256 digest of uploaded artifact zip is 8f6ec7b1001fbf93c76d9aac41a586891d3ad64aee31b5f87312e16ce4f5b811
export-reader	UNKNOWN STEP	2026-09-13T20:19:06.5461862Z Finalizing artifact upload
export-reader	UNKNOWN STEP	2026-09-13T20:19:06.7795596Z Artifact export-reader-timing.zip successfully finalized. Artifact ID 10325165802
export-reader	UNKNOWN STEP	2026-09-13T20:19:06.7796750Z Artifact export-reader-timing has been successfully uploaded! Final size is 267 bytes. Artifact ID is 10325165802
export-reader	UNKNOWN STEP	2026-09-13T20:19:06.7804936Z Artifact download URL: https://github.com/szTheory/keepling/actions/runs/34780345148/artifacts/10325165802
export-reader	UNKNOWN STEP	2026-09-13T20:19:06.7975383Z Node 20 is being deprecated. This workflow is running with Node 24 by default. If you need to temporarily use Node 20, you can set the ACTIONS_ALLOW_USE_UNSECURE_NODE_VERSION=true environment variable. For more information see: https://github.blog/changelog/2025-09-19-deprecation-of-node-20-on-github-actions-runners/
export-reader	UNKNOWN STEP	2026-09-13T20:19:06.7977077Z Post job cleanup.
export-reader	UNKNOWN STEP	2026-09-13T20:19:06.9134712Z (node:2245) [DEP0040] DeprecationWarning: The `punycode` module is deprecated. Please use a userland alternative instead.
export-reader	UNKNOWN STEP	2026-09-13T20:19:06.9135486Z (Use `node --trace-deprecation ...` to show where the warning was created)
export-reader	UNKNOWN STEP	2026-09-13T20:19:06.9251957Z Node 20 is being deprecated. This workflow is running with Node 24 by default. If you need to temporarily use Node 20, you can set the ACTIONS_ALLOW_USE_UNSECURE_NODE_VERSION=true environment variable. For more information see: https://github.blog/changelog/2025-09-19-deprecation-of-node-20-on-github-actions-runners/
export-reader	UNKNOWN STEP	2026-09-13T20:19:06.9253108Z Post job cleanup.
export-reader	UNKNOWN STEP	2026-09-13T20:19:07.0054685Z [command]/usr/bin/git version
export-reader	UNKNOWN STEP	2026-09-13T20:19:07.0086335Z git version 2.55.0
export-reader	UNKNOWN STEP	2026-09-13T20:19:07.0120467Z Temporarily overriding HOME='/home/runner/work/_temp/94fc0a45-a26e-46fa-a20b-5a7a71ed0ddf' before making global git config changes
export-reader	UNKNOWN STEP	2026-09-13T20:19:07.0122062Z Adding repository directory to the temporary git global config as a safe directory
export-reader	UNKNOWN STEP	2026-09-13T20:19:07.0126341Z [command]/usr/bin/git config --global --add safe.directory /home/runner/work/keepling/keepling
export-reader	UNKNOWN STEP	2026-09-13T20:19:07.0158324Z [command]/usr/bin/git config --local --name-only --get-regexp core\.sshCommand
export-reader	UNKNOWN STEP	2026-09-13T20:19:07.0188087Z [command]/usr/bin/git submodule foreach --recursive sh -c "git config --local --name-only --get-regexp 'core\.sshCommand' && git config --local --unset-all 'core.sshCommand' || :"
export-reader	UNKNOWN STEP	2026-09-13T20:19:07.0370247Z [command]/usr/bin/git config --local --name-only --get-regexp http\.https\:\/\/github\.com\/\.extraheader
export-reader	UNKNOWN STEP	2026-09-13T20:19:07.0391381Z http.https://github.com/.extraheader
export-reader	UNKNOWN STEP	2026-09-13T20:19:07.0400513Z [command]/usr/bin/git config --local --unset-all http.https://github.com/.extraheader
export-reader	UNKNOWN STEP	2026-09-13T20:19:07.0425121Z [command]/usr/bin/git submodule foreach --recursive sh -c "git config --local --name-only --get-regexp 'http\.https\:\/\/github\.com\/\.extraheader' && git config --local --unset-all 'http.https://github.com/.extraheader' || :"
export-reader	UNKNOWN STEP	2026-09-13T20:19:07.0593038Z [command]/usr/bin/git config --local --name-only --get-regexp ^includeIf\.gitdir:
export-reader	UNKNOWN STEP	2026-09-13T20:19:07.0617975Z [command]/usr/bin/git submodule foreach --recursive git config --local --show-origin --name-only --get-regexp remote.origin.url
export-reader	UNKNOWN STEP	2026-09-13T20:19:07.0910970Z Cleaning up orphan processes
export-reader	UNKNOWN STEP	2026-09-13T20:19:07.1222652Z ##[warning]Node.js 20 is deprecated. The following actions target Node.js 20 but are being forced to run on Node.js 24: actions/checkout@34e114876b0b11c390a56381ad16ebd13914f8d5, actions/setup-node@49933ea5288caeca8642d1e84afbd3f7d6820020, actions/upload-artifact@ea165f8d65b6e75b540449e92b4886f43607fa02. For more information see: https://github.blog/changelog/2025-09-19-deprecation-of-node-20-on-github-actions-runners/
phase2-backup-restore	UNKNOWN STEP	﻿2026-09-13T20:19:27.5268895Z Current runner version: '2.337.0'
phase2-backup-restore	UNKNOWN STEP	2026-09-13T20:19:27.5290369Z ##[group]Runner Image Provisioner
phase2-backup-restore	UNKNOWN STEP	2026-09-13T20:19:27.5291179Z Hosted Compute Agent
phase2-backup-restore	UNKNOWN STEP	2026-09-13T20:19:27.5291694Z Version: 20260828.587
phase2-backup-restore	UNKNOWN STEP	2026-09-13T20:19:27.5292239Z Commit: abac92662cab4cc7352de4f9f9d2e2419aad9c29
phase2-backup-restore	UNKNOWN STEP	2026-09-13T20:19:27.5292849Z Build Date: 2026-08-28T16:44:25Z
phase2-backup-restore	UNKNOWN STEP	2026-09-13T20:19:27.5293386Z Worker ID: {55db1283-fc49-4696-ba74-79b54728daf5}
phase2-backup-restore	UNKNOWN STEP	2026-09-13T20:19:27.5294035Z Azure Region: centralus
phase2-backup-restore	UNKNOWN STEP	2026-09-13T20:19:27.5294514Z ##[endgroup]
phase2-backup-restore	UNKNOWN STEP	2026-09-13T20:19:27.5295829Z ##[group]Operating System
phase2-backup-restore	UNKNOWN STEP	2026-09-13T20:19:27.5296372Z Ubuntu
phase2-backup-restore	UNKNOWN STEP	2026-09-13T20:19:27.5296800Z 24.04.5
phase2-backup-restore	UNKNOWN STEP	2026-09-13T20:19:27.5297270Z LTS
phase2-backup-restore	UNKNOWN STEP	2026-09-13T20:19:27.5297730Z ##[endgroup]
phase2-backup-restore	UNKNOWN STEP	2026-09-13T20:19:27.5298489Z ##[group]Runner Image
phase2-backup-restore	UNKNOWN STEP	2026-09-13T20:19:27.5299026Z Image: ubuntu-24.04
phase2-backup-restore	UNKNOWN STEP	2026-09-13T20:19:27.5299517Z Version: 20260907.300.1
phase2-backup-restore	UNKNOWN STEP	2026-09-13T20:19:27.5300611Z Included Software: https://github.com/actions/runner-images/blob/ubuntu24/20260907.300/images/ubuntu/Ubuntu2404-Readme.md
phase2-backup-restore	UNKNOWN STEP	2026-09-13T20:19:27.5301843Z Image Release: https://github.com/actions/runner-images/releases/tag/ubuntu24%2F20260907.300
phase2-backup-restore	UNKNOWN STEP	2026-09-13T20:19:27.5302636Z ##[endgroup]
phase2-backup-restore	UNKNOWN STEP	2026-09-13T20:19:27.5303572Z ##[group]GITHUB_TOKEN Permissions
phase2-backup-restore	UNKNOWN STEP	2026-09-13T20:19:27.5305559Z Contents: read
phase2-backup-restore	UNKNOWN STEP	2026-09-13T20:19:27.5306117Z Metadata: read
phase2-backup-restore	UNKNOWN STEP	2026-09-13T20:19:27.5306591Z ##[endgroup]
phase2-backup-restore	UNKNOWN STEP	2026-09-13T20:19:27.5308258Z Secret source: Actions
phase2-backup-restore	UNKNOWN STEP	2026-09-13T20:19:27.5309068Z Cache mode: write
phase2-backup-restore	UNKNOWN STEP	2026-09-13T20:19:27.5309611Z Prepare workflow directory
phase2-backup-restore	UNKNOWN STEP	2026-09-13T20:19:27.5621409Z Prepare all required actions
phase2-backup-restore	UNKNOWN STEP	2026-09-13T20:19:27.5661054Z Getting action download info
phase2-backup-restore	UNKNOWN STEP	2026-09-13T20:19:27.8111330Z Download action repository 'actions/checkout@34e114876b0b11c390a56381ad16ebd13914f8d5' (SHA:34e114876b0b11c390a56381ad16ebd13914f8d5)
phase2-backup-restore	UNKNOWN STEP	2026-09-13T20:19:27.9372426Z Download action repository 'actions/setup-node@49933ea5288caeca8642d1e84afbd3f7d6820020' (SHA:49933ea5288caeca8642d1e84afbd3f7d6820020)
phase2-backup-restore	UNKNOWN STEP	2026-09-13T20:19:28.0562692Z Download action repository 'actions/cache@0400d5f644dc74513175e3cd8d07132dd4860809' (SHA:0400d5f644dc74513175e3cd8d07132dd4860809)
phase2-backup-restore	UNKNOWN STEP	2026-09-13T20:19:28.1938667Z Download action repository 'actions/upload-artifact@ea165f8d65b6e75b540449e92b4886f43607fa02' (SHA:ea165f8d65b6e75b540449e92b4886f43607fa02)
phase2-backup-restore	UNKNOWN STEP	2026-09-13T20:19:28.4284664Z Complete job name: phase2-backup-restore
phase2-backup-restore	UNKNOWN STEP	2026-09-13T20:19:28.4888749Z Node 20 is being deprecated. This workflow is running with Node 24 by default. If you need to temporarily use Node 20, you can set the ACTIONS_ALLOW_USE_UNSECURE_NODE_VERSION=true environment variable. For more information see: https://github.blog/changelog/2025-09-19-deprecation-of-node-20-on-github-actions-runners/
phase2-backup-restore	UNKNOWN STEP	2026-09-13T20:19:28.4896773Z ##[group]Run actions/checkout@34e114876b0b11c390a56381ad16ebd13914f8d5
phase2-backup-restore	UNKNOWN STEP	2026-09-13T20:19:28.4897667Z with:
phase2-backup-restore	UNKNOWN STEP	2026-09-13T20:19:28.4898207Z   repository: szTheory/keepling
phase2-backup-restore	UNKNOWN STEP	2026-09-13T20:19:28.4902004Z   token: ***
phase2-backup-restore	UNKNOWN STEP	2026-09-13T20:19:28.4902472Z   ssh-strict: true
phase2-backup-restore	UNKNOWN STEP	2026-09-13T20:19:28.4903002Z   ssh-user: git
phase2-backup-restore	UNKNOWN STEP	2026-09-13T20:19:28.4903545Z   persist-credentials: true
phase2-backup-restore	UNKNOWN STEP	2026-09-13T20:19:28.4904072Z   clean: true
phase2-backup-restore	UNKNOWN STEP	2026-09-13T20:19:28.4904599Z   sparse-checkout-cone-mode: true
phase2-backup-restore	UNKNOWN STEP	2026-09-13T20:19:28.4905176Z   fetch-depth: 1
phase2-backup-restore	UNKNOWN STEP	2026-09-13T20:19:28.4905896Z   fetch-tags: false
phase2-backup-restore	UNKNOWN STEP	2026-09-13T20:19:28.4906402Z   show-progress: true
phase2-backup-restore	UNKNOWN STEP	2026-09-13T20:19:28.4907061Z   lfs: false
phase2-backup-restore	UNKNOWN STEP	2026-09-13T20:19:28.4907535Z   submodules: false
phase2-backup-restore	UNKNOWN STEP	2026-09-13T20:19:28.4908031Z   set-safe-directory: true
phase2-backup-restore	UNKNOWN STEP	2026-09-13T20:19:28.4908693Z env:
phase2-backup-restore	UNKNOWN STEP	2026-09-13T20:19:28.4909371Z   KEEPLING_PHASE2_SEED: 20260901
phase2-backup-restore	UNKNOWN STEP	2026-09-13T20:19:28.4910398Z   KEEPLING_FLAKE_POLICY: no-retry; quarantine-requires-owner-issue-expiry
phase2-backup-restore	UNKNOWN STEP	2026-09-13T20:19:28.4911162Z ##[endgroup]
phase2-backup-restore	UNKNOWN STEP	2026-09-13T20:19:28.5868388Z Syncing repository: szTheory/keepling
phase2-backup-restore	UNKNOWN STEP	2026-09-13T20:19:28.5870119Z ##[group]Getting Git version info
phase2-backup-restore	UNKNOWN STEP	2026-09-13T20:19:28.5870848Z Working directory is '/home/runner/work/keepling/keepling'
phase2-backup-restore	UNKNOWN STEP	2026-09-13T20:19:28.5871879Z [command]/usr/bin/git version
phase2-backup-restore	UNKNOWN STEP	2026-09-13T20:19:28.5907432Z git version 2.55.0
phase2-backup-restore	UNKNOWN STEP	2026-09-13T20:19:28.5923113Z ##[endgroup]
phase2-backup-restore	UNKNOWN STEP	2026-09-13T20:19:28.5935151Z Temporarily overriding HOME='/home/runner/work/_temp/cd8d6c93-e27f-45be-9428-21c910e4630c' before making global git config changes
phase2-backup-restore	UNKNOWN STEP	2026-09-13T20:19:28.5937723Z Adding repository directory to the temporary git global config as a safe directory
phase2-backup-restore	UNKNOWN STEP	2026-09-13T20:19:28.5940024Z [command]/usr/bin/git config --global --add safe.directory /home/runner/work/keepling/keepling
phase2-backup-restore	UNKNOWN STEP	2026-09-13T20:19:28.5982992Z Deleting the contents of '/home/runner/work/keepling/keepling'
phase2-backup-restore	UNKNOWN STEP	2026-09-13T20:19:28.5986840Z ##[group]Initializing the repository
phase2-backup-restore	UNKNOWN STEP	2026-09-13T20:19:28.5990539Z [command]/usr/bin/git init /home/runner/work/keepling/keepling
phase2-backup-restore	UNKNOWN STEP	2026-09-13T20:19:28.6932642Z hint: Using 'master' as the name for the initial branch. This default branch name
phase2-backup-restore	UNKNOWN STEP	2026-09-13T20:19:28.6934041Z hint: will change to "main" in Git 3.0. To configure the initial branch name
phase2-backup-restore	UNKNOWN STEP	2026-09-13T20:19:28.6935229Z hint: to use in all of your new repositories, which will suppress this warning,
phase2-backup-restore	UNKNOWN STEP	2026-09-13T20:19:28.6936469Z hint: call:
phase2-backup-restore	UNKNOWN STEP	2026-09-13T20:19:28.6937148Z hint:
phase2-backup-restore	UNKNOWN STEP	2026-09-13T20:19:28.6937961Z hint: 	git config --global init.defaultBranch <name>
phase2-backup-restore	UNKNOWN STEP	2026-09-13T20:19:28.6938798Z hint:
phase2-backup-restore	UNKNOWN STEP	2026-09-13T20:19:28.6939422Z hint: Names commonly chosen instead of 'master' are 'main', 'trunk' and
phase2-backup-restore	UNKNOWN STEP	2026-09-13T20:19:28.6940503Z hint: 'development'. The just-created branch can be renamed via this command:
phase2-backup-restore	UNKNOWN STEP	2026-09-13T20:19:28.6941581Z hint:
phase2-backup-restore	UNKNOWN STEP	2026-09-13T20:19:28.6942126Z hint: 	git branch -m <name>
phase2-backup-restore	UNKNOWN STEP	2026-09-13T20:19:28.6942723Z hint:
phase2-backup-restore	UNKNOWN STEP	2026-09-13T20:19:28.6943411Z hint: Disable this message with "git config set advice.defaultBranchName false"
phase2-backup-restore	UNKNOWN STEP	2026-09-13T20:19:28.6944418Z Initialized empty Git repository in /home/runner/work/keepling/keepling/.git/
phase2-backup-restore	UNKNOWN STEP	2026-09-13T20:19:28.6946450Z [command]/usr/bin/git remote add origin https://github.com/szTheory/keepling
phase2-backup-restore	UNKNOWN STEP	2026-09-13T20:19:28.6981428Z ##[endgroup]
phase2-backup-restore	UNKNOWN STEP	2026-09-13T20:19:28.6982601Z ##[group]Disabling automatic garbage collection
phase2-backup-restore	UNKNOWN STEP	2026-09-13T20:19:28.6983481Z [command]/usr/bin/git config --local gc.auto 0
phase2-backup-restore	UNKNOWN STEP	2026-09-13T20:19:28.7006265Z ##[endgroup]
phase2-backup-restore	UNKNOWN STEP	2026-09-13T20:19:28.7007127Z ##[group]Setting up auth
phase2-backup-restore	UNKNOWN STEP	2026-09-13T20:19:28.7010929Z [command]/usr/bin/git config --local --name-only --get-regexp core\.sshCommand
phase2-backup-restore	UNKNOWN STEP	2026-09-13T20:19:28.7034571Z [command]/usr/bin/git submodule foreach --recursive sh -c "git config --local --name-only --get-regexp 'core\.sshCommand' && git config --local --unset-all 'core.sshCommand' || :"
phase2-backup-restore	UNKNOWN STEP	2026-09-13T20:19:28.7571244Z [command]/usr/bin/git config --local --name-only --get-regexp http\.https\:\/\/github\.com\/\.extraheader
phase2-backup-restore	UNKNOWN STEP	2026-09-13T20:19:28.7596373Z [command]/usr/bin/git submodule foreach --recursive sh -c "git config --local --name-only --get-regexp 'http\.https\:\/\/github\.com\/\.extraheader' && git config --local --unset-all 'http.https://github.com/.extraheader' || :"
phase2-backup-restore	UNKNOWN STEP	2026-09-13T20:19:28.7748392Z [command]/usr/bin/git config --local --name-only --get-regexp ^includeIf\.gitdir:
phase2-backup-restore	UNKNOWN STEP	2026-09-13T20:19:28.7770070Z [command]/usr/bin/git submodule foreach --recursive git config --local --show-origin --name-only --get-regexp remote.origin.url
phase2-backup-restore	UNKNOWN STEP	2026-09-13T20:19:28.7921035Z [command]/usr/bin/git config --local http.https://github.com/.extraheader AUTHORIZATION: basic ***
phase2-backup-restore	UNKNOWN STEP	2026-09-13T20:19:28.7943784Z ##[endgroup]
phase2-backup-restore	UNKNOWN STEP	2026-09-13T20:19:28.7944686Z ##[group]Fetching the repository
phase2-backup-restore	UNKNOWN STEP	2026-09-13T20:19:28.7950665Z [command]/usr/bin/git -c protocol.version=2 fetch --no-tags --prune --no-recurse-submodules --depth=1 origin +069df06570f7bc65ccb646935fd637dcc83bbd9c:refs/remotes/origin/main
phase2-backup-restore	UNKNOWN STEP	2026-09-13T20:19:30.0250588Z From https://github.com/szTheory/keepling
phase2-backup-restore	UNKNOWN STEP	2026-09-13T20:19:30.0252945Z  * [new ref]         069df06570f7bc65ccb646935fd637dcc83bbd9c -> origin/main
phase2-backup-restore	UNKNOWN STEP	2026-09-13T20:19:30.0258453Z ##[endgroup]
phase2-backup-restore	UNKNOWN STEP	2026-09-13T20:19:30.0260561Z ##[group]Determining the checkout info
phase2-backup-restore	UNKNOWN STEP	2026-09-13T20:19:30.0262263Z ##[endgroup]
phase2-backup-restore	UNKNOWN STEP	2026-09-13T20:19:30.0264570Z [command]/usr/bin/git sparse-checkout disable
phase2-backup-restore	UNKNOWN STEP	2026-09-13T20:19:30.0300787Z [command]/usr/bin/git config --local --unset-all extensions.worktreeConfig
phase2-backup-restore	UNKNOWN STEP	2026-09-13T20:19:30.0324139Z ##[group]Checking out the ref
phase2-backup-restore	UNKNOWN STEP	2026-09-13T20:19:30.0326597Z [command]/usr/bin/git checkout --progress --force -B main refs/remotes/origin/main
phase2-backup-restore	UNKNOWN STEP	2026-09-13T20:19:30.1417902Z Switched to a new branch 'main'
phase2-backup-restore	UNKNOWN STEP	2026-09-13T20:19:30.1419798Z branch 'main' set up to track 'origin/main'.
phase2-backup-restore	UNKNOWN STEP	2026-09-13T20:19:30.1429135Z ##[endgroup]
phase2-backup-restore	UNKNOWN STEP	2026-09-13T20:19:30.1461195Z [command]/usr/bin/git log -1 --format=%H
phase2-backup-restore	UNKNOWN STEP	2026-09-13T20:19:30.1479183Z 069df06570f7bc65ccb646935fd637dcc83bbd9c
phase2-backup-restore	UNKNOWN STEP	2026-09-13T20:19:30.1803412Z Node 20 is being deprecated. This workflow is running with Node 24 by default. If you need to temporarily use Node 20, you can set the ACTIONS_ALLOW_USE_UNSECURE_NODE_VERSION=true environment variable. For more information see: https://github.blog/changelog/2025-09-19-deprecation-of-node-20-on-github-actions-runners/
phase2-backup-restore	UNKNOWN STEP	2026-09-13T20:19:30.1808840Z ##[group]Run actions/setup-node@49933ea5288caeca8642d1e84afbd3f7d6820020
phase2-backup-restore	UNKNOWN STEP	2026-09-13T20:19:30.1810334Z with:
phase2-backup-restore	UNKNOWN STEP	2026-09-13T20:19:30.1811201Z   node-version: 24.7.0
phase2-backup-restore	UNKNOWN STEP	2026-09-13T20:19:30.1812158Z   always-auth: false
phase2-backup-restore	UNKNOWN STEP	2026-09-13T20:19:30.1813163Z   check-latest: false
phase2-backup-restore	UNKNOWN STEP	2026-09-13T20:19:30.1821643Z   token: ***
phase2-backup-restore	UNKNOWN STEP	2026-09-13T20:19:30.1822493Z env:
phase2-backup-restore	UNKNOWN STEP	2026-09-13T20:19:30.1823352Z   KEEPLING_PHASE2_SEED: 20260901
phase2-backup-restore	UNKNOWN STEP	2026-09-13T20:19:30.1824836Z   KEEPLING_FLAKE_POLICY: no-retry; quarantine-requires-owner-issue-expiry
phase2-backup-restore	UNKNOWN STEP	2026-09-13T20:19:30.1826509Z ##[endgroup]
phase2-backup-restore	UNKNOWN STEP	2026-09-13T20:19:30.2979196Z Attempting to download 24.7.0...
phase2-backup-restore	UNKNOWN STEP	2026-09-13T20:19:30.3067825Z (node:2727) [DEP0040] DeprecationWarning: The `punycode` module is deprecated. Please use a userland alternative instead.
phase2-backup-restore	UNKNOWN STEP	2026-09-13T20:19:30.3070405Z (Use `node --trace-deprecation ...` to show where the warning was created)
phase2-backup-restore	UNKNOWN STEP	2026-09-13T20:19:30.9842936Z Acquiring 24.7.0 - x64 from https://github.com/actions/node-versions/releases/download/24.7.0-17283839804/node-24.7.0-linux-x64.tar.gz
phase2-backup-restore	UNKNOWN STEP	2026-09-13T20:19:31.6893227Z Extracting ...
phase2-backup-restore	UNKNOWN STEP	2026-09-13T20:19:31.6979118Z [command]/usr/bin/tar xz --strip 1 --warning=no-unknown-keyword --overwrite -C /home/runner/work/_temp/3a2bcc67-05f0-4710-8773-d92c2d277790 -f /home/runner/work/_temp/be4ba328-d54f-405a-adef-1025281b2884
phase2-backup-restore	UNKNOWN STEP	2026-09-13T20:19:32.8922172Z Adding to the cache ...
phase2-backup-restore	UNKNOWN STEP	2026-09-13T20:19:35.0621586Z ##[group]Environment details
phase2-backup-restore	UNKNOWN STEP	2026-09-13T20:19:35.2422062Z node: v24.7.0
phase2-backup-restore	UNKNOWN STEP	2026-09-13T20:19:35.2422497Z npm: 11.5.1
phase2-backup-restore	UNKNOWN STEP	2026-09-13T20:19:35.2422930Z yarn: 1.22.22
phase2-backup-restore	UNKNOWN STEP	2026-09-13T20:19:35.2423757Z ##[endgroup]
phase2-backup-restore	UNKNOWN STEP	2026-09-13T20:19:35.3070229Z Node 20 is being deprecated. This workflow is running with Node 24 by default. If you need to temporarily use Node 20, you can set the ACTIONS_ALLOW_USE_UNSECURE_NODE_VERSION=true environment variable. For more information see: https://github.blog/changelog/2025-09-19-deprecation-of-node-20-on-github-actions-runners/
phase2-backup-restore	UNKNOWN STEP	2026-09-13T20:19:35.3071362Z ##[group]Run actions/cache@0400d5f644dc74513175e3cd8d07132dd4860809
phase2-backup-restore	UNKNOWN STEP	2026-09-13T20:19:35.3071724Z with:
phase2-backup-restore	UNKNOWN STEP	2026-09-13T20:19:35.3072051Z   path: ~/.asdf/installs
phase2-backup-restore	UNKNOWN STEP	apps/server/deps
phase2-backup-restore	UNKNOWN STEP	apps/server/_build
phase2-backup-restore	UNKNOWN STEP	node_modules
phase2-backup-restore	UNKNOWN STEP	
phase2-backup-restore	UNKNOWN STEP	2026-09-13T20:19:35.3072684Z   key: phase2-Linux-backup-restore-45b3b35ef45f5d65ae586b2b25dfb93049c099ec9870f23270bda4b35fe975d3
phase2-backup-restore	UNKNOWN STEP	2026-09-13T20:19:35.3073235Z   enableCrossOsArchive: false
phase2-backup-restore	UNKNOWN STEP	2026-09-13T20:19:35.3073559Z   fail-on-cache-miss: false
phase2-backup-restore	UNKNOWN STEP	2026-09-13T20:19:35.3073838Z   lookup-only: false
phase2-backup-restore	UNKNOWN STEP	2026-09-13T20:19:35.3074087Z   save-always: false
phase2-backup-restore	UNKNOWN STEP	2026-09-13T20:19:35.3074387Z env:
phase2-backup-restore	UNKNOWN STEP	2026-09-13T20:19:35.3074717Z   KEEPLING_PHASE2_SEED: 20260901
phase2-backup-restore	UNKNOWN STEP	2026-09-13T20:19:35.3075133Z   KEEPLING_FLAKE_POLICY: no-retry; quarantine-requires-owner-issue-expiry
phase2-backup-restore	UNKNOWN STEP	2026-09-13T20:19:35.3075946Z ##[endgroup]
phase2-backup-restore	UNKNOWN STEP	2026-09-13T20:19:35.3984863Z (node:2773) [DEP0040] DeprecationWarning: The `punycode` module is deprecated. Please use a userland alternative instead.
phase2-backup-restore	UNKNOWN STEP	2026-09-13T20:19:35.3986229Z (Use `node --trace-deprecation ...` to show where the warning was created)
phase2-backup-restore	UNKNOWN STEP	2026-09-13T20:19:35.5264267Z Cache hit for: phase2-Linux-backup-restore-45b3b35ef45f5d65ae586b2b25dfb93049c099ec9870f23270bda4b35fe975d3
phase2-backup-restore	UNKNOWN STEP	2026-09-13T20:19:35.5345625Z (node:2773) [DEP0169] DeprecationWarning: `url.parse()` behavior is not standardized and prone to errors that have security implications. Use the WHATWG URL API instead. CVEs are not issued for `url.parse()` vulnerabilities.
phase2-backup-restore	UNKNOWN STEP	2026-09-13T20:19:36.6979246Z Received 92274688 of 172281393 (53.6%), 87.9 MBs/sec
phase2-backup-restore	UNKNOWN STEP	2026-09-13T20:19:37.6987771Z Received 168087089 of 172281393 (97.6%), 80.1 MBs/sec
phase2-backup-restore	UNKNOWN STEP	2026-09-13T20:19:37.7674845Z Received 172281393 of 172281393 (100.0%), 79.3 MBs/sec
phase2-backup-restore	UNKNOWN STEP	2026-09-13T20:19:37.7675856Z Cache Size: ~164 MB (172281393 B)
phase2-backup-restore	UNKNOWN STEP	2026-09-13T20:19:37.7708902Z [command]/usr/bin/tar -xf /home/runner/work/_temp/a29c2301-6583-41e1-8996-0118e1d0e28a/cache.tzst -P -C /home/runner/work/keepling/keepling --use-compress-program unzstd
phase2-backup-restore	UNKNOWN STEP	2026-09-13T20:19:39.0556917Z Cache restored successfully
phase2-backup-restore	UNKNOWN STEP	2026-09-13T20:19:39.0678382Z Cache restored from key: phase2-Linux-backup-restore-45b3b35ef45f5d65ae586b2b25dfb93049c099ec9870f23270bda4b35fe975d3
phase2-backup-restore	UNKNOWN STEP	2026-09-13T20:19:39.0781476Z ##[group]Run set -eu
phase2-backup-restore	UNKNOWN STEP	2026-09-13T20:19:39.0781975Z ^[[36;1mset -eu^[[0m
phase2-backup-restore	UNKNOWN STEP	2026-09-13T20:19:39.0782415Z ^[[36;1m# The cache step above restores ~/.asdf/installs, which CREATES^[[0m
phase2-backup-restore	UNKNOWN STEP	2026-09-13T20:19:39.0782944Z ^[[36;1m# $HOME/.asdf before this step runs. An unconditional clone then dies^[[0m
phase2-backup-restore	UNKNOWN STEP	2026-09-13T20:19:39.0783413Z ^[[36;1m# with "destination path already exists and is not an empty^[[0m
phase2-backup-restore	UNKNOWN STEP	2026-09-13T20:19:39.0783860Z ^[[36;1m# directory" (exit 128) and the lane never reaches any project code.^[[0m
phase2-backup-restore	UNKNOWN STEP	2026-09-13T20:19:39.0784404Z ^[[36;1m# Clone into a scratch directory and move only the parts that are^[[0m
phase2-backup-restore	UNKNOWN STEP	2026-09-13T20:19:39.0784875Z ^[[36;1m# missing, so a restored cache and a cold runner both end up with the^[[0m
phase2-backup-restore	UNKNOWN STEP	2026-09-13T20:19:39.0785265Z ^[[36;1m# same tree.^[[0m
phase2-backup-restore	UNKNOWN STEP	2026-09-13T20:19:39.0786137Z ^[[36;1mif [ ! -d "$HOME/.asdf/.git" ]; then^[[0m
phase2-backup-restore	UNKNOWN STEP	2026-09-13T20:19:39.0786472Z ^[[36;1m  scratch="$(mktemp -d)"^[[0m
phase2-backup-restore	UNKNOWN STEP	2026-09-13T20:19:39.0787074Z ^[[36;1m  git clone https://github.com/asdf-vm/asdf.git "$scratch/asdf" --branch v0.14.1^[[0m
phase2-backup-restore	UNKNOWN STEP	2026-09-13T20:19:39.0787508Z ^[[36;1m  mkdir -p "$HOME/.asdf"^[[0m
phase2-backup-restore	UNKNOWN STEP	2026-09-13T20:19:39.0787893Z ^[[36;1m  # `cp -R src/. dst` merges into an existing directory instead of^[[0m
phase2-backup-restore	UNKNOWN STEP	2026-09-13T20:19:39.0788350Z ^[[36;1m  # nesting, which is what the restored-cache case needs.^[[0m
phase2-backup-restore	UNKNOWN STEP	2026-09-13T20:19:39.0788788Z ^[[36;1m  cp -R "$scratch/asdf/." "$HOME/.asdf/"^[[0m
phase2-backup-restore	UNKNOWN STEP	2026-09-13T20:19:39.0789119Z ^[[36;1m  rm -rf "$scratch"^[[0m
phase2-backup-restore	UNKNOWN STEP	2026-09-13T20:19:39.0789485Z ^[[36;1mfi^[[0m
phase2-backup-restore	UNKNOWN STEP	2026-09-13T20:19:39.0789767Z ^[[36;1mecho "$HOME/.asdf/bin" >> "$GITHUB_PATH"^[[0m
phase2-backup-restore	UNKNOWN STEP	2026-09-13T20:19:39.0790104Z ^[[36;1mecho "$HOME/.asdf/shims" >> "$GITHUB_PATH"^[[0m
phase2-backup-restore	UNKNOWN STEP	2026-09-13T20:19:39.0814373Z shell: /usr/bin/bash -e {0}
phase2-backup-restore	UNKNOWN STEP	2026-09-13T20:19:39.0814801Z env:
phase2-backup-restore	UNKNOWN STEP	2026-09-13T20:19:39.0815075Z   KEEPLING_PHASE2_SEED: 20260901
phase2-backup-restore	UNKNOWN STEP	2026-09-13T20:19:39.0815745Z   KEEPLING_FLAKE_POLICY: no-retry; quarantine-requires-owner-issue-expiry
phase2-backup-restore	UNKNOWN STEP	2026-09-13T20:19:39.0816198Z ##[endgroup]
phase2-backup-restore	UNKNOWN STEP	2026-09-13T20:19:39.0899284Z Cloning into '/tmp/tmp.vKyU2P9giL/asdf'...
phase2-backup-restore	UNKNOWN STEP	2026-09-13T20:19:40.3387442Z Note: switching to 'f00f759f3d8d405468d0071310a91b8f5a9c3798'.
phase2-backup-restore	UNKNOWN STEP	2026-09-13T20:19:40.3387946Z 
phase2-backup-restore	UNKNOWN STEP	2026-09-13T20:19:40.3388238Z You are in 'detached HEAD' state. You can look around, make experimental
phase2-backup-restore	UNKNOWN STEP	2026-09-13T20:19:40.3388890Z changes and commit them, and you can discard any commits you make in this
phase2-backup-restore	UNKNOWN STEP	2026-09-13T20:19:40.3389438Z state without impacting any branches by switching back to a branch.
phase2-backup-restore	UNKNOWN STEP	2026-09-13T20:19:40.3389732Z 
phase2-backup-restore	UNKNOWN STEP	2026-09-13T20:19:40.3389991Z If you want to create a new branch to retain commits you create, you may
phase2-backup-restore	UNKNOWN STEP	2026-09-13T20:19:40.3390528Z do so (now or later) by using -c with the switch command. Example:
phase2-backup-restore	UNKNOWN STEP	2026-09-13T20:19:40.3390800Z 
phase2-backup-restore	UNKNOWN STEP	2026-09-13T20:19:40.3390964Z   git switch -c <new-branch-name>
phase2-backup-restore	UNKNOWN STEP	2026-09-13T20:19:40.3391179Z 
phase2-backup-restore	UNKNOWN STEP	2026-09-13T20:19:40.3391325Z Or undo this operation with:
phase2-backup-restore	UNKNOWN STEP	2026-09-13T20:19:40.3391504Z 
phase2-backup-restore	UNKNOWN STEP	2026-09-13T20:19:40.3391650Z   git switch -
phase2-backup-restore	UNKNOWN STEP	2026-09-13T20:19:40.3391811Z 
phase2-backup-restore	UNKNOWN STEP	2026-09-13T20:19:40.3392078Z Turn off this advice by setting config variable advice.detachedHead to false
phase2-backup-restore	UNKNOWN STEP	2026-09-13T20:19:40.3392362Z 
phase2-backup-restore	UNKNOWN STEP	2026-09-13T20:19:40.3630658Z ##[group]Run ./tooling/runtime-preflight.sh --provision
phase2-backup-restore	UNKNOWN STEP	2026-09-13T20:19:40.3631119Z ^[[36;1m./tooling/runtime-preflight.sh --provision^[[0m
phase2-backup-restore	UNKNOWN STEP	2026-09-13T20:19:40.3631558Z ^[[36;1mcorepack enable^[[0m
phase2-backup-restore	UNKNOWN STEP	2026-09-13T20:19:40.3631906Z ^[[36;1mpnpm install --frozen-lockfile^[[0m
phase2-backup-restore	UNKNOWN STEP	2026-09-13T20:19:40.3632425Z ^[[36;1m./tooling/runtime-preflight.sh --exec -- sh -c 'cd apps/server && mix deps.get --check-locked'^[[0m
phase2-backup-restore	UNKNOWN STEP	2026-09-13T20:19:40.3654046Z shell: /usr/bin/bash -e {0}
phase2-backup-restore	UNKNOWN STEP	2026-09-13T20:19:40.3654773Z env:
phase2-backup-restore	UNKNOWN STEP	2026-09-13T20:19:40.3655104Z   KEEPLING_PHASE2_SEED: 20260901
phase2-backup-restore	UNKNOWN STEP	2026-09-13T20:19:40.3655589Z   KEEPLING_FLAKE_POLICY: no-retry; quarantine-requires-owner-issue-expiry
phase2-backup-restore	UNKNOWN STEP	2026-09-13T20:19:40.3656030Z ##[endgroup]
phase2-backup-restore	UNKNOWN STEP	2026-09-13T20:19:40.4348660Z Cloning into '/home/runner/.asdf/repository'...
phase2-backup-restore	UNKNOWN STEP	2026-09-13T20:19:43.1332748Z initializing plugin repository...erlang 29.0.5 is already installed
phase2-backup-restore	UNKNOWN STEP	2026-09-13T20:19:43.1611262Z elixir 1.20.2-otp-29 is already installed
phase2-backup-restore	UNKNOWN STEP	2026-09-13T20:19:43.9227128Z Get:1 file:/etc/apt/apt-mirrors.txt Mirrorlist [144 B]
phase2-backup-restore	UNKNOWN STEP	2026-09-13T20:19:43.9660920Z Get:6 https://packages.microsoft.com/ubuntu/24.04/prod noble InRelease [3600 B]
phase2-backup-restore	UNKNOWN STEP	2026-09-13T20:19:43.9847211Z Hit:2 http://azure.archive.ubuntu.com/ubuntu noble InRelease
phase2-backup-restore	UNKNOWN STEP	2026-09-13T20:19:43.9877553Z Get:3 http://azure.archive.ubuntu.com/ubuntu noble-updates InRelease [126 kB]
phase2-backup-restore	UNKNOWN STEP	2026-09-13T20:19:43.9907096Z Get:4 http://azure.archive.ubuntu.com/ubuntu noble-backports InRelease [126 kB]
phase2-backup-restore	UNKNOWN STEP	2026-09-13T20:19:43.9928253Z Get:5 http://azure.archive.ubuntu.com/ubuntu noble-security InRelease [126 kB]
phase2-backup-restore	UNKNOWN STEP	2026-09-13T20:19:44.0194386Z Get:7 https://packages.microsoft.com/ubuntu/24.04/prod noble/main amd64 Packages [463 kB]
phase2-backup-restore	UNKNOWN STEP	2026-09-13T20:19:44.0431391Z Get:8 https://packages.microsoft.com/ubuntu/24.04/prod noble/main arm64 Packages [414 kB]
phase2-backup-restore	UNKNOWN STEP	2026-09-13T20:19:44.0949343Z Get:9 http://azure.archive.ubuntu.com/ubuntu noble-updates/main amd64 Packages [1263 kB]
phase2-backup-restore	UNKNOWN STEP	2026-09-13T20:19:44.1016561Z Get:10 http://azure.archive.ubuntu.com/ubuntu noble-updates/main Translation-en [292 kB]
phase2-backup-restore	UNKNOWN STEP	2026-09-13T20:19:44.1032804Z Get:11 http://azure.archive.ubuntu.com/ubuntu noble-updates/main amd64 Components [181 kB]
phase2-backup-restore	UNKNOWN STEP	2026-09-13T20:19:44.1045957Z Get:12 http://azure.archive.ubuntu.com/ubuntu noble-updates/universe amd64 Packages [1690 kB]
phase2-backup-restore	UNKNOWN STEP	2026-09-13T20:19:44.1126298Z Get:13 http://azure.archive.ubuntu.com/ubuntu noble-updates/universe amd64 Components [388 kB]
phase2-backup-restore	UNKNOWN STEP	2026-09-13T20:19:44.1150535Z Get:14 http://azure.archive.ubuntu.com/ubuntu noble-updates/restricted amd64 Packages [1544 kB]
phase2-backup-restore	UNKNOWN STEP	2026-09-13T20:19:44.1223696Z Get:15 http://azure.archive.ubuntu.com/ubuntu noble-updates/restricted Translation-en [354 kB]
phase2-backup-restore	UNKNOWN STEP	2026-09-13T20:19:44.1243396Z Get:16 http://azure.archive.ubuntu.com/ubuntu noble-updates/multiverse amd64 Components [940 B]
phase2-backup-restore	UNKNOWN STEP	2026-09-13T20:19:44.1279836Z Get:17 https://dl.google.com/linux/chrome-stable/deb stable InRelease [2548 B]
phase2-backup-restore	UNKNOWN STEP	2026-09-13T20:19:44.1343384Z Get:18 http://azure.archive.ubuntu.com/ubuntu noble-backports/main amd64 Components [5772 B]
phase2-backup-restore	UNKNOWN STEP	2026-09-13T20:19:44.1352713Z Get:19 http://azure.archive.ubuntu.com/ubuntu noble-backports/universe amd64 Components [12.6 kB]
phase2-backup-restore	UNKNOWN STEP	2026-09-13T20:19:44.1450982Z Get:20 https://apt.postgresql.org/pub/repos/apt noble-pgdg InRelease [189 kB]
phase2-backup-restore	UNKNOWN STEP	2026-09-13T20:19:44.2164299Z Get:21 http://azure.archive.ubuntu.com/ubuntu noble-security/main amd64 Packages [1006 kB]
phase2-backup-restore	UNKNOWN STEP	2026-09-13T20:19:44.2220112Z Get:22 http://azure.archive.ubuntu.com/ubuntu noble-security/main Translation-en [213 kB]
phase2-backup-restore	UNKNOWN STEP	2026-09-13T20:19:44.2234626Z Get:23 http://azure.archive.ubuntu.com/ubuntu noble-security/main amd64 Components [46.4 kB]
phase2-backup-restore	UNKNOWN STEP	2026-09-13T20:19:44.2267258Z Get:24 http://azure.archive.ubuntu.com/ubuntu noble-security/universe amd64 Packages [1206 kB]
phase2-backup-restore	UNKNOWN STEP	2026-09-13T20:19:44.2304304Z Get:25 http://azure.archive.ubuntu.com/ubuntu noble-security/universe amd64 Components [76.3 kB]
phase2-backup-restore	UNKNOWN STEP	2026-09-13T20:19:44.2313324Z Get:26 http://azure.archive.ubuntu.com/ubuntu noble-security/restricted amd64 Packages [1445 kB]
phase2-backup-restore	UNKNOWN STEP	2026-09-13T20:19:44.2383381Z Get:27 http://azure.archive.ubuntu.com/ubuntu noble-security/restricted Translation-en [336 kB]
phase2-backup-restore	UNKNOWN STEP	2026-09-13T20:19:44.2444563Z Get:28 https://dl.google.com/linux/chrome-stable/deb stable/main amd64 Packages [1413 B]
phase2-backup-restore	UNKNOWN STEP	2026-09-13T20:19:44.2629942Z Get:29 https://apt.postgresql.org/pub/repos/apt noble-pgdg/main amd64 Packages [825 kB]
phase2-backup-restore	UNKNOWN STEP	2026-09-13T20:19:48.8462752Z Fetched 12.3 MB in 1s (9843 kB/s)
phase2-backup-restore	UNKNOWN STEP	2026-09-13T20:19:49.5343954Z Reading package lists...
phase2-backup-restore	UNKNOWN STEP	2026-09-13T20:19:49.5631735Z Reading package lists...
phase2-backup-restore	UNKNOWN STEP	2026-09-13T20:19:49.6969708Z Building dependency tree...
phase2-backup-restore	UNKNOWN STEP	2026-09-13T20:19:49.6973785Z Reading state information...
phase2-backup-restore	UNKNOWN STEP	2026-09-13T20:19:49.8420970Z The following additional packages will be installed:
phase2-backup-restore	UNKNOWN STEP	2026-09-13T20:19:49.8422710Z   liburing2 postgresql-18-jit postgresql-client-18
phase2-backup-restore	UNKNOWN STEP	2026-09-13T20:19:49.8428877Z Suggested packages:
phase2-backup-restore	UNKNOWN STEP	2026-09-13T20:19:49.8429279Z   postgresql-doc-18
phase2-backup-restore	UNKNOWN STEP	2026-09-13T20:19:49.8602729Z The following NEW packages will be installed:
phase2-backup-restore	UNKNOWN STEP	2026-09-13T20:19:49.8605598Z   liburing2 postgresql-18 postgresql-18-jit postgresql-client-18
phase2-backup-restore	UNKNOWN STEP	2026-09-13T20:19:49.8783904Z 0 upgraded, 4 newly installed, 0 to remove and 50 not upgraded.
phase2-backup-restore	UNKNOWN STEP	2026-09-13T20:19:49.8784493Z Need to get 19.6 MB of archives.
phase2-backup-restore	UNKNOWN STEP	2026-09-13T20:19:49.8784935Z After this operation, 71.9 MB of additional disk space will be used.
phase2-backup-restore	UNKNOWN STEP	2026-09-13T20:19:49.8785676Z Get:1 file:/etc/apt/apt-mirrors.txt Mirrorlist [144 B]
phase2-backup-restore	UNKNOWN STEP	2026-09-13T20:19:49.9310862Z Get:2 http://azure.archive.ubuntu.com/ubuntu noble/main amd64 liburing2 amd64 2.5-1build1 [21.1 kB]
phase2-backup-restore	UNKNOWN STEP	2026-09-13T20:19:49.9563425Z Get:3 https://apt.postgresql.org/pub/repos/apt noble-pgdg/main amd64 postgresql-client-18 amd64 18.6-1.pgdg24.04+2 [2114 kB]
phase2-backup-restore	UNKNOWN STEP	2026-09-13T20:19:50.0790773Z Get:4 https://apt.postgresql.org/pub/repos/apt noble-pgdg/main amd64 postgresql-18 amd64 18.6-1.pgdg24.04+2 [7577 kB]
phase2-backup-restore	UNKNOWN STEP	2026-09-13T20:19:50.1525001Z Get:5 https://apt.postgresql.org/pub/repos/apt noble-pgdg/main amd64 postgresql-18-jit amd64 18.6-1.pgdg24.04+2 [9924 kB]
phase2-backup-restore	UNKNOWN STEP	2026-09-13T20:19:50.4280709Z Preconfiguring packages ...
phase2-backup-restore	UNKNOWN STEP	2026-09-13T20:19:50.4736169Z Fetched 19.6 MB in 0s (57.9 MB/s)
phase2-backup-restore	UNKNOWN STEP	2026-09-13T20:19:50.4912764Z Selecting previously unselected package liburing2:amd64.
phase2-backup-restore	UNKNOWN STEP	2026-09-13T20:19:50.5084046Z (Reading database ... 
phase2-backup-restore	UNKNOWN STEP	2026-09-13T20:19:50.5084566Z (Reading database ... 5%
phase2-backup-restore	UNKNOWN STEP	2026-09-13T20:19:50.5085109Z (Reading database ... 10%
phase2-backup-restore	UNKNOWN STEP	2026-09-13T20:19:50.5085652Z (Reading database ... 15%
phase2-backup-restore	UNKNOWN STEP	2026-09-13T20:19:50.5086618Z (Reading database ... 20%
phase2-backup-restore	UNKNOWN STEP	2026-09-13T20:19:50.5087104Z (Reading database ... 25%
phase2-backup-restore	UNKNOWN STEP	2026-09-13T20:19:50.5087630Z (Reading database ... 30%
phase2-backup-restore	UNKNOWN STEP	2026-09-13T20:19:50.5088157Z (Reading database ... 35%
phase2-backup-restore	UNKNOWN STEP	2026-09-13T20:19:50.5088639Z (Reading database ... 40%
phase2-backup-restore	UNKNOWN STEP	2026-09-13T20:19:50.5089195Z (Reading database ... 45%
phase2-backup-restore	UNKNOWN STEP	2026-09-13T20:19:50.5089663Z (Reading database ... 50%
phase2-backup-restore	UNKNOWN STEP	2026-09-13T20:19:50.5151622Z (Reading database ... 55%
phase2-backup-restore	UNKNOWN STEP	2026-09-13T20:19:50.8179265Z (Reading database ... 60%
phase2-backup-restore	UNKNOWN STEP	2026-09-13T20:19:51.0144447Z (Reading database ... 65%
phase2-backup-restore	UNKNOWN STEP	2026-09-13T20:19:51.1837974Z (Reading database ... 70%
phase2-backup-restore	UNKNOWN STEP	2026-09-13T20:19:51.3797571Z (Reading database ... 75%
phase2-backup-restore	UNKNOWN STEP	2026-09-13T20:19:51.6189250Z (Reading database ... 80%
phase2-backup-restore	UNKNOWN STEP	2026-09-13T20:19:52.0774724Z (Reading database ... 85%
phase2-backup-restore	UNKNOWN STEP	2026-09-13T20:19:52.3338754Z (Reading database ... 90%
phase2-backup-restore	UNKNOWN STEP	2026-09-13T20:19:52.6419742Z (Reading database ... 95%
phase2-backup-restore	UNKNOWN STEP	2026-09-13T20:19:52.6420212Z (Reading database ... 100%
phase2-backup-restore	UNKNOWN STEP	2026-09-13T20:19:52.6420808Z (Reading database ... 201818 files and directories currently installed.)
phase2-backup-restore	UNKNOWN STEP	2026-09-13T20:19:52.6460988Z Preparing to unpack .../liburing2_2.5-1build1_amd64.deb ...
phase2-backup-restore	UNKNOWN STEP	2026-09-13T20:19:52.7802400Z Unpacking liburing2:amd64 (2.5-1build1) ...
phase2-backup-restore	UNKNOWN STEP	2026-09-13T20:19:52.7973231Z Selecting previously unselected package postgresql-client-18.
phase2-backup-restore	UNKNOWN STEP	2026-09-13T20:19:52.8080671Z Preparing to unpack .../postgresql-client-18_18.6-1.pgdg24.04+2_amd64.deb ...
phase2-backup-restore	UNKNOWN STEP	2026-09-13T20:19:52.8460713Z Unpacking postgresql-client-18 (18.6-1.pgdg24.04+2) ...
phase2-backup-restore	UNKNOWN STEP	2026-09-13T20:19:53.1174434Z Selecting previously unselected package postgresql-18.
phase2-backup-restore	UNKNOWN STEP	2026-09-13T20:19:53.1284663Z Preparing to unpack .../postgresql-18_18.6-1.pgdg24.04+2_amd64.deb ...
phase2-backup-restore	UNKNOWN STEP	2026-09-13T20:19:53.1311230Z Unpacking postgresql-18 (18.6-1.pgdg24.04+2) ...
phase2-backup-restore	UNKNOWN STEP	2026-09-13T20:19:53.7873583Z Selecting previously unselected package postgresql-18-jit.
phase2-backup-restore	UNKNOWN STEP	2026-09-13T20:19:53.7985093Z Preparing to unpack .../postgresql-18-jit_18.6-1.pgdg24.04+2_amd64.deb ...
phase2-backup-restore	UNKNOWN STEP	2026-09-13T20:19:53.7996452Z Unpacking postgresql-18-jit (18.6-1.pgdg24.04+2) ...
phase2-backup-restore	UNKNOWN STEP	2026-09-13T20:19:54.5056534Z Setting up postgresql-client-18 (18.6-1.pgdg24.04+2) ...
phase2-backup-restore	UNKNOWN STEP	2026-09-13T20:19:54.7651608Z update-alternatives: using /usr/share/postgresql/18/man/man1/psql.1.gz to provide /usr/share/man/man1/psql.1.gz (psql.1.gz) in auto mode
phase2-backup-restore	UNKNOWN STEP	2026-09-13T20:19:54.8841448Z Setting up liburing2:amd64 (2.5-1build1) ...
phase2-backup-restore	UNKNOWN STEP	2026-09-13T20:19:54.8868786Z Setting up postgresql-18 (18.6-1.pgdg24.04+2) ...
phase2-backup-restore	UNKNOWN STEP	2026-09-13T20:19:55.6096711Z Setting up postgresql-18-jit (18.6-1.pgdg24.04+2) ...
phase2-backup-restore	UNKNOWN STEP	2026-09-13T20:19:55.6132388Z Processing triggers for libc-bin (2.39-0ubuntu8.8) ...
phase2-backup-restore	UNKNOWN STEP	2026-09-13T20:19:55.9796406Z Processing triggers for postgresql-common (293.pgdg24.04+1) ...
phase2-backup-restore	UNKNOWN STEP	2026-09-13T20:19:56.0732264Z Building PostgreSQL dictionaries from installed myspell/hunspell packages...
phase2-backup-restore	UNKNOWN STEP	2026-09-13T20:19:56.0807674Z   en_us
phase2-backup-restore	UNKNOWN STEP	2026-09-13T20:19:56.1583621Z Removing obsolete dictionary files:
phase2-backup-restore	UNKNOWN STEP	2026-09-13T20:19:56.8424047Z 
phase2-backup-restore	UNKNOWN STEP	2026-09-13T20:19:56.8424960Z Running kernel seems to be up-to-date.
phase2-backup-restore	UNKNOWN STEP	2026-09-13T20:19:56.8425280Z 
phase2-backup-restore	UNKNOWN STEP	2026-09-13T20:19:56.8425781Z No services need to be restarted.
phase2-backup-restore	UNKNOWN STEP	2026-09-13T20:19:56.8426031Z 
phase2-backup-restore	UNKNOWN STEP	2026-09-13T20:19:56.8426248Z No containers need to be restarted.
phase2-backup-restore	UNKNOWN STEP	2026-09-13T20:19:56.8426487Z 
phase2-backup-restore	UNKNOWN STEP	2026-09-13T20:19:56.8426797Z No user sessions are running outdated binaries.
phase2-backup-restore	UNKNOWN STEP	2026-09-13T20:19:56.8427057Z 
phase2-backup-restore	UNKNOWN STEP	2026-09-13T20:19:56.8427408Z No VM guests are running outdated hypervisor (qemu) binaries on this host.
phase2-backup-restore	UNKNOWN STEP	2026-09-13T20:19:57.8665122Z Runtime preflight passed: Elixir 1.20.2, OTP 29.0.5, PostgreSQL 18.6
phase2-backup-restore	UNKNOWN STEP	2026-09-13T20:19:57.9702622Z ! Corepack is about to download https://registry.npmjs.org/pnpm/-/pnpm-10.33.0.tgz
phase2-backup-restore	UNKNOWN STEP	2026-09-13T20:19:58.8840228Z Scope: all 4 workspace projects
phase2-backup-restore	UNKNOWN STEP	2026-09-13T20:19:58.9480323Z Lockfile is up to date, resolution step is skipped
phase2-backup-restore	UNKNOWN STEP	2026-09-13T20:19:59.6556241Z Packages: +2 -47
phase2-backup-restore	UNKNOWN STEP	2026-09-13T20:19:59.6557048Z ++-----------------------------------------------
phase2-backup-restore	UNKNOWN STEP	2026-09-13T20:19:59.9367877Z Progress: resolved 0, reused 0, downloaded 1, added 0
phase2-backup-restore	UNKNOWN STEP	2026-09-13T20:20:00.9346874Z Progress: resolved 0, reused 0, downloaded 32, added 0
phase2-backup-restore	UNKNOWN STEP	2026-09-13T20:20:01.3929535Z Progress: resolved 0, reused 0, downloaded 48, added 2, done
phase2-backup-restore	UNKNOWN STEP	2026-09-13T20:20:01.5781131Z 
phase2-backup-restore	UNKNOWN STEP	2026-09-13T20:20:01.6572707Z Done in 3s using pnpm v10.33.0
phase2-backup-restore	UNKNOWN STEP	2026-09-13T20:20:02.0471415Z Runtime preflight passed: Elixir 1.20.2, OTP 29.0.5, PostgreSQL 18.6
phase2-backup-restore	UNKNOWN STEP	2026-09-13T20:20:02.8689764Z * creating /home/runner/.mix/archives/hex-2.5.1
phase2-backup-restore	UNKNOWN STEP	2026-09-13T20:20:03.4069725Z Resolving Hex dependencies...
phase2-backup-restore	UNKNOWN STEP	2026-09-13T20:20:03.5087865Z Resolution completed in 0.099s
phase2-backup-restore	UNKNOWN STEP	2026-09-13T20:20:03.5254602Z Unchanged:
phase2-backup-restore	UNKNOWN STEP	2026-09-13T20:20:03.5255189Z   argon2_elixir 4.1.3
phase2-backup-restore	UNKNOWN STEP	2026-09-13T20:20:03.5263368Z   bandit 1.12.5
phase2-backup-restore	UNKNOWN STEP	2026-09-13T20:20:03.5263994Z   certifi 2.17.0
phase2-backup-restore	UNKNOWN STEP	2026-09-13T20:20:03.5264898Z   comeonin 5.5.1
phase2-backup-restore	UNKNOWN STEP	2026-09-13T20:20:03.5265262Z   db_connection 2.10.2
phase2-backup-restore	UNKNOWN STEP	2026-09-13T20:20:03.5266372Z   decimal 3.1.1
phase2-backup-restore	UNKNOWN STEP	2026-09-13T20:20:03.5266778Z   dns_cluster 0.2.0
phase2-backup-restore	UNKNOWN STEP	2026-09-13T20:20:03.5267529Z   ecto 3.14.2
phase2-backup-restore	UNKNOWN STEP	2026-09-13T20:20:03.5267895Z   ecto_sql 3.14.0
phase2-backup-restore	UNKNOWN STEP	2026-09-13T20:20:03.5268731Z   elixir_make 0.10.0
phase2-backup-restore	UNKNOWN STEP	2026-09-13T20:20:03.5269142Z   expo 1.1.1
phase2-backup-restore	UNKNOWN STEP	2026-09-13T20:20:03.5269934Z   gettext 1.0.2
phase2-backup-restore	UNKNOWN STEP	2026-09-13T20:20:03.5270304Z   h2 0.12.0
phase2-backup-restore	UNKNOWN STEP	2026-09-13T20:20:03.5271718Z   hackney 4.7.4
phase2-backup-restore	UNKNOWN STEP	2026-09-13T20:20:03.5272136Z   hammer 7.4.1
phase2-backup-restore	UNKNOWN STEP	2026-09-13T20:20:03.5272500Z   hex_core 0.15.0
phase2-backup-restore	UNKNOWN STEP	2026-09-13T20:20:03.5272819Z   hpax 1.0.4
phase2-backup-restore	UNKNOWN STEP	2026-09-13T20:20:03.5273126Z   idna 7.1.0
phase2-backup-restore	UNKNOWN STEP	2026-09-13T20:20:03.5276750Z   jason 1.4.5
phase2-backup-restore	UNKNOWN STEP	2026-09-13T20:20:03.5277130Z   mime 2.0.7
phase2-backup-restore	UNKNOWN STEP	2026-09-13T20:20:03.5277506Z   mimerl 1.5.0
phase2-backup-restore	UNKNOWN STEP	2026-09-13T20:20:03.5284697Z   optimus 0.6.1
phase2-backup-restore	UNKNOWN STEP	2026-09-13T20:20:03.5285279Z   parse_trans 3.4.2
phase2-backup-restore	UNKNOWN STEP	2026-09-13T20:20:03.5286613Z   phoenix 1.8.13
phase2-backup-restore	UNKNOWN STEP	2026-09-13T20:20:03.5287263Z   phoenix_ecto 4.7.0
phase2-backup-restore	UNKNOWN STEP	2026-09-13T20:20:03.5287797Z   phoenix_pubsub 2.3.0
phase2-backup-restore	UNKNOWN STEP	2026-09-13T20:20:03.5288338Z   phoenix_template 1.0.4
phase2-backup-restore	UNKNOWN STEP	2026-09-13T20:20:03.5288799Z   plug 1.20.3
phase2-backup-restore	UNKNOWN STEP	2026-09-13T20:20:03.5289623Z   plug_crypto 2.2.0
phase2-backup-restore	UNKNOWN STEP	2026-09-13T20:20:03.5290070Z   postgrex 0.22.4
phase2-backup-restore	UNKNOWN STEP	2026-09-13T20:20:03.5290540Z   protobuf 0.16.1
phase2-backup-restore	UNKNOWN STEP	2026-09-13T20:20:03.5291209Z   purl 0.3.0
phase2-backup-restore	UNKNOWN STEP	2026-09-13T20:20:03.5291628Z   quic 1.8.2
phase2-backup-restore	UNKNOWN STEP	2026-09-13T20:20:03.5292047Z   sbom 0.10.0
phase2-backup-restore	UNKNOWN STEP	2026-09-13T20:20:03.5292458Z   ssl_verify_fun 1.1.7
phase2-backup-restore	UNKNOWN STEP	2026-09-13T20:20:03.5292928Z   stream_data 1.4.0
phase2-backup-restore	UNKNOWN STEP	2026-09-13T20:20:03.5293372Z   telemetry 1.4.2
phase2-backup-restore	UNKNOWN STEP	2026-09-13T20:20:03.5293797Z   telemetry_metrics 1.2.0
phase2-backup-restore	UNKNOWN STEP	2026-09-13T20:20:03.5294313Z   telemetry_poller 1.3.0
phase2-backup-restore	UNKNOWN STEP	2026-09-13T20:20:03.5294757Z   thousand_island 1.5.0
phase2-backup-restore	UNKNOWN STEP	2026-09-13T20:20:03.5295183Z   tzdata 1.1.5
phase2-backup-restore	UNKNOWN STEP	2026-09-13T20:20:03.5295712Z   websock 0.5.3
phase2-backup-restore	UNKNOWN STEP	2026-09-13T20:20:03.5296200Z   websock_adapter 0.6.0
phase2-backup-restore	UNKNOWN STEP	2026-09-13T20:20:03.5296618Z   webtransport 0.4.5
phase2-backup-restore	UNKNOWN STEP	2026-09-13T20:20:03.7754756Z * creating /home/runner/.mix/elixir/1-20-otp-29/rebar3
phase2-backup-restore	UNKNOWN STEP	2026-09-13T20:20:03.8385254Z All dependencies have been fetched
phase2-backup-restore	UNKNOWN STEP	2026-09-13T20:20:03.8673707Z ##[group]Run set -o pipefail
phase2-backup-restore	UNKNOWN STEP	2026-09-13T20:20:03.8674243Z ^[[36;1mset -o pipefail^[[0m
phase2-backup-restore	UNKNOWN STEP	2026-09-13T20:20:03.8674914Z ^[[36;1m./tooling/test-phase-2.sh --lane "backup-restore" | tee "$RUNNER_TEMP/backup-restore.txt"^[[0m
phase2-backup-restore	UNKNOWN STEP	2026-09-13T20:20:03.8675859Z ^[[36;1m./tooling/verify-privacy.sh "$RUNNER_TEMP/backup-restore.txt"^[[0m
phase2-backup-restore	UNKNOWN STEP	2026-09-13T20:20:03.8702855Z shell: /usr/bin/bash -e {0}
phase2-backup-restore	UNKNOWN STEP	2026-09-13T20:20:03.8703304Z env:
phase2-backup-restore	UNKNOWN STEP	2026-09-13T20:20:03.8703722Z   KEEPLING_PHASE2_SEED: 20260901
phase2-backup-restore	UNKNOWN STEP	2026-09-13T20:20:03.8704386Z   KEEPLING_FLAKE_POLICY: no-retry; quarantine-requires-owner-issue-expiry
phase2-backup-restore	UNKNOWN STEP	2026-09-13T20:20:03.8705051Z ##[endgroup]
phase2-backup-restore	UNKNOWN STEP	2026-09-13T20:20:03.9265879Z lane=backup-restore status=RUNNING command=./tooling/verify-backup.sh and three ./tooling/verify-restore.sh fixtures cases=4 seed=20260901 inputs_sha256=d8a1ae0c06fd36a5daef7c2f88d22dfb8943b3c4f70b0b9b07223de7fa9c9422
phase2-backup-restore	UNKNOWN STEP	2026-09-13T20:20:26.5357180Z lane=backup-restore status=PASS command=./tooling/verify-backup.sh and three ./tooling/verify-restore.sh fixtures cases=4 seed=20260901 elapsed_ms=22609 inputs_sha256=d8a1ae0c06fd36a5daef7c2f88d22dfb8943b3c4f70b0b9b07223de7fa9c9422
phase2-backup-restore	UNKNOWN STEP	2026-09-13T20:20:26.5453383Z Privacy verification passed: artifacts=1 sentinels=7
phase2-backup-restore	UNKNOWN STEP	2026-09-13T20:20:26.5507931Z Node 20 is being deprecated. This workflow is running with Node 24 by default. If you need to temporarily use Node 20, you can set the ACTIONS_ALLOW_USE_UNSECURE_NODE_VERSION=true environment variable. For more information see: https://github.blog/changelog/2025-09-19-deprecation-of-node-20-on-github-actions-runners/
phase2-backup-restore	UNKNOWN STEP	2026-09-13T20:20:26.5509089Z ##[group]Run actions/upload-artifact@ea165f8d65b6e75b540449e92b4886f43607fa02
phase2-backup-restore	UNKNOWN STEP	2026-09-13T20:20:26.5509517Z with:
phase2-backup-restore	UNKNOWN STEP	2026-09-13T20:20:26.5509787Z   name: phase2-backup-restore-timing
phase2-backup-restore	UNKNOWN STEP	2026-09-13T20:20:26.5510150Z   path: /home/runner/work/_temp/backup-restore.txt
phase2-backup-restore	UNKNOWN STEP	2026-09-13T20:20:26.5510497Z   if-no-files-found: error
phase2-backup-restore	UNKNOWN STEP	2026-09-13T20:20:26.5510797Z   retention-days: 14
phase2-backup-restore	UNKNOWN STEP	2026-09-13T20:20:26.5511086Z   compression-level: 6
phase2-backup-restore	UNKNOWN STEP	2026-09-13T20:20:26.5511343Z   overwrite: false
phase2-backup-restore	UNKNOWN STEP	2026-09-13T20:20:26.5511622Z   include-hidden-files: false
phase2-backup-restore	UNKNOWN STEP	2026-09-13T20:20:26.5511937Z env:
phase2-backup-restore	UNKNOWN STEP	2026-09-13T20:20:26.5512175Z   KEEPLING_PHASE2_SEED: 20260901
phase2-backup-restore	UNKNOWN STEP	2026-09-13T20:20:26.5512668Z   KEEPLING_FLAKE_POLICY: no-retry; quarantine-requires-owner-issue-expiry
phase2-backup-restore	UNKNOWN STEP	2026-09-13T20:20:26.5513071Z ##[endgroup]
phase2-backup-restore	UNKNOWN STEP	2026-09-13T20:20:26.7050096Z (node:9110) [DEP0040] DeprecationWarning: The `punycode` module is deprecated. Please use a userland alternative instead.
phase2-backup-restore	UNKNOWN STEP	2026-09-13T20:20:26.7051399Z (Use `node --trace-deprecation ...` to show where the warning was created)
phase2-backup-restore	UNKNOWN STEP	2026-09-13T20:20:26.7088683Z With the provided path, there will be 1 file uploaded
phase2-backup-restore	UNKNOWN STEP	2026-09-13T20:20:26.7092539Z Artifact name is valid!
phase2-backup-restore	UNKNOWN STEP	2026-09-13T20:20:26.7093173Z Root directory input is valid!
phase2-backup-restore	UNKNOWN STEP	2026-09-13T20:20:26.9774692Z Beginning upload of artifact content to blob storage
phase2-backup-restore	UNKNOWN STEP	2026-09-13T20:20:26.9910744Z (node:9110) [DEP0169] DeprecationWarning: `url.parse()` behavior is not standardized and prone to errors that have security implications. Use the WHATWG URL API instead. CVEs are not issued for `url.parse()` vulnerabilities.
phase2-backup-restore	UNKNOWN STEP	2026-09-13T20:20:27.1151880Z Uploaded bytes 346
phase2-backup-restore	UNKNOWN STEP	2026-09-13T20:20:27.1512343Z Finished uploading artifact content to blob storage!
phase2-backup-restore	UNKNOWN STEP	2026-09-13T20:20:27.1513147Z SHA256 digest of uploaded artifact zip is e5c4b701c9dcd6dba0943ef5fdd46787f627fd592614ba64d7cf9709c673fc37
phase2-backup-restore	UNKNOWN STEP	2026-09-13T20:20:27.1514307Z Finalizing artifact upload
phase2-backup-restore	UNKNOWN STEP	2026-09-13T20:20:28.1634681Z Artifact phase2-backup-restore-timing.zip successfully finalized. Artifact ID 10324822075
phase2-backup-restore	UNKNOWN STEP	2026-09-13T20:20:28.1636585Z Artifact phase2-backup-restore-timing has been successfully uploaded! Final size is 346 bytes. Artifact ID is 10324822075
phase2-backup-restore	UNKNOWN STEP	2026-09-13T20:20:28.1641242Z Artifact download URL: https://github.com/szTheory/keepling/actions/runs/34780345148/artifacts/10324822075
phase2-backup-restore	UNKNOWN STEP	2026-09-13T20:20:28.2259907Z Node 20 is being deprecated. This workflow is running with Node 24 by default. If you need to temporarily use Node 20, you can set the ACTIONS_ALLOW_USE_UNSECURE_NODE_VERSION=true environment variable. For more information see: https://github.blog/changelog/2025-09-19-deprecation-of-node-20-on-github-actions-runners/
phase2-backup-restore	UNKNOWN STEP	2026-09-13T20:20:28.2260936Z Post job cleanup.
phase2-backup-restore	UNKNOWN STEP	2026-09-13T20:20:28.3140853Z Cache hit occurred on the primary key phase2-Linux-backup-restore-45b3b35ef45f5d65ae586b2b25dfb93049c099ec9870f23270bda4b35fe975d3, not saving cache.
phase2-backup-restore	UNKNOWN STEP	2026-09-13T20:20:28.3142368Z (node:9135) [DEP0040] DeprecationWarning: The `punycode` module is deprecated. Please use a userland alternative instead.
phase2-backup-restore	UNKNOWN STEP	2026-09-13T20:20:28.3143477Z (Use `node --trace-deprecation ...` to show where the warning was created)
phase2-backup-restore	UNKNOWN STEP	2026-09-13T20:20:28.3224095Z Node 20 is being deprecated. This workflow is running with Node 24 by default. If you need to temporarily use Node 20, you can set the ACTIONS_ALLOW_USE_UNSECURE_NODE_VERSION=true environment variable. For more information see: https://github.blog/changelog/2025-09-19-deprecation-of-node-20-on-github-actions-runners/
phase2-backup-restore	UNKNOWN STEP	2026-09-13T20:20:28.3225129Z Post job cleanup.
phase2-backup-restore	UNKNOWN STEP	2026-09-13T20:20:28.4244176Z (node:9143) [DEP0040] DeprecationWarning: The `punycode` module is deprecated. Please use a userland alternative instead.
phase2-backup-restore	UNKNOWN STEP	2026-09-13T20:20:28.4244993Z (Use `node --trace-deprecation ...` to show where the warning was created)
phase2-backup-restore	UNKNOWN STEP	2026-09-13T20:20:28.4351697Z Node 20 is being deprecated. This workflow is running with Node 24 by default. If you need to temporarily use Node 20, you can set the ACTIONS_ALLOW_USE_UNSECURE_NODE_VERSION=true environment variable. For more information see: https://github.blog/changelog/2025-09-19-deprecation-of-node-20-on-github-actions-runners/
phase2-backup-restore	UNKNOWN STEP	2026-09-13T20:20:28.4352759Z Post job cleanup.
phase2-backup-restore	UNKNOWN STEP	2026-09-13T20:20:28.5030515Z [command]/usr/bin/git version
phase2-backup-restore	UNKNOWN STEP	2026-09-13T20:20:28.5058385Z git version 2.55.0
phase2-backup-restore	UNKNOWN STEP	2026-09-13T20:20:28.5084350Z Temporarily overriding HOME='/home/runner/work/_temp/658f8169-8d8a-455a-9b04-4eacba11cdbd' before making global git config changes
phase2-backup-restore	UNKNOWN STEP	2026-09-13T20:20:28.5085546Z Adding repository directory to the temporary git global config as a safe directory
phase2-backup-restore	UNKNOWN STEP	2026-09-13T20:20:28.5089024Z [command]/usr/bin/git config --global --add safe.directory /home/runner/work/keepling/keepling
phase2-backup-restore	UNKNOWN STEP	2026-09-13T20:20:28.5116650Z [command]/usr/bin/git config --local --name-only --get-regexp core\.sshCommand
phase2-backup-restore	UNKNOWN STEP	2026-09-13T20:20:28.5141025Z [command]/usr/bin/git submodule foreach --recursive sh -c "git config --local --name-only --get-regexp 'core\.sshCommand' && git config --local --unset-all 'core.sshCommand' || :"
phase2-backup-restore	UNKNOWN STEP	2026-09-13T20:20:28.5301271Z [command]/usr/bin/git config --local --name-only --get-regexp http\.https\:\/\/github\.com\/\.extraheader
phase2-backup-restore	UNKNOWN STEP	2026-09-13T20:20:28.5320955Z http.https://github.com/.extraheader
phase2-backup-restore	UNKNOWN STEP	2026-09-13T20:20:28.5328846Z [command]/usr/bin/git config --local --unset-all http.https://github.com/.extraheader
phase2-backup-restore	UNKNOWN STEP	2026-09-13T20:20:28.5352003Z [command]/usr/bin/git submodule foreach --recursive sh -c "git config --local --name-only --get-regexp 'http\.https\:\/\/github\.com\/\.extraheader' && git config --local --unset-all 'http.https://github.com/.extraheader' || :"
phase2-backup-restore	UNKNOWN STEP	2026-09-13T20:20:28.5507787Z [command]/usr/bin/git config --local --name-only --get-regexp ^includeIf\.gitdir:
phase2-backup-restore	UNKNOWN STEP	2026-09-13T20:20:28.5529488Z [command]/usr/bin/git submodule foreach --recursive git config --local --show-origin --name-only --get-regexp remote.origin.url
phase2-backup-restore	UNKNOWN STEP	2026-09-13T20:20:28.5783202Z Cleaning up orphan processes
phase2-backup-restore	UNKNOWN STEP	2026-09-13T20:20:28.6009874Z ##[warning]Node.js 20 is deprecated. The following actions target Node.js 20 but are being forced to run on Node.js 24: actions/cache@0400d5f644dc74513175e3cd8d07132dd4860809, actions/checkout@34e114876b0b11c390a56381ad16ebd13914f8d5, actions/setup-node@49933ea5288caeca8642d1e84afbd3f7d6820020, actions/upload-artifact@ea165f8d65b6e75b540449e92b4886f43607fa02. For more information see: https://github.blog/changelog/2025-09-19-deprecation-of-node-20-on-github-actions-runners/
All required checks passed	UNKNOWN STEP	﻿2026-09-13T20:22:10.6504254Z Current runner version: '2.337.0'
All required checks passed	UNKNOWN STEP	2026-09-13T20:22:10.6528001Z ##[group]Runner Image Provisioner
All required checks passed	UNKNOWN STEP	2026-09-13T20:22:10.6529182Z Hosted Compute Agent
All required checks passed	UNKNOWN STEP	2026-09-13T20:22:10.6529906Z Version: 20260828.587
All required checks passed	UNKNOWN STEP	2026-09-13T20:22:10.6530564Z Commit: abac92662cab4cc7352de4f9f9d2e2419aad9c29
All required checks passed	UNKNOWN STEP	2026-09-13T20:22:10.6531523Z Build Date: 2026-08-28T16:44:25Z
All required checks passed	UNKNOWN STEP	2026-09-13T20:22:10.6532242Z Worker ID: {1925ebf0-259c-4f85-a4a4-15786ffb2db8}
All required checks passed	UNKNOWN STEP	2026-09-13T20:22:10.6533028Z Azure Region: westcentralus
All required checks passed	UNKNOWN STEP	2026-09-13T20:22:10.6533706Z ##[endgroup]
All required checks passed	UNKNOWN STEP	2026-09-13T20:22:10.6535347Z ##[group]Operating System
All required checks passed	UNKNOWN STEP	2026-09-13T20:22:10.6536109Z Ubuntu
All required checks passed	UNKNOWN STEP	2026-09-13T20:22:10.6536673Z 24.04.5
All required checks passed	UNKNOWN STEP	2026-09-13T20:22:10.6537189Z LTS
All required checks passed	UNKNOWN STEP	2026-09-13T20:22:10.6537876Z ##[endgroup]
All required checks passed	UNKNOWN STEP	2026-09-13T20:22:10.6538659Z ##[group]Runner Image
All required checks passed	UNKNOWN STEP	2026-09-13T20:22:10.6539352Z Image: ubuntu-24.04
All required checks passed	UNKNOWN STEP	2026-09-13T20:22:10.6539951Z Version: 20260907.300.1
All required checks passed	UNKNOWN STEP	2026-09-13T20:22:10.6541315Z Included Software: https://github.com/actions/runner-images/blob/ubuntu24/20260907.300/images/ubuntu/Ubuntu2404-Readme.md
All required checks passed	UNKNOWN STEP	2026-09-13T20:22:10.6542941Z Image Release: https://github.com/actions/runner-images/releases/tag/ubuntu24%2F20260907.300
All required checks passed	UNKNOWN STEP	2026-09-13T20:22:10.6543998Z ##[endgroup]
All required checks passed	UNKNOWN STEP	2026-09-13T20:22:10.6545155Z ##[group]GITHUB_TOKEN Permissions
All required checks passed	UNKNOWN STEP	2026-09-13T20:22:10.6547670Z Contents: read
All required checks passed	UNKNOWN STEP	2026-09-13T20:22:10.6548312Z Metadata: read
All required checks passed	UNKNOWN STEP	2026-09-13T20:22:10.6549385Z ##[endgroup]
All required checks passed	UNKNOWN STEP	2026-09-13T20:22:10.6551541Z Secret source: Actions
All required checks passed	UNKNOWN STEP	2026-09-13T20:22:10.6552573Z Cache mode: write
All required checks passed	UNKNOWN STEP	2026-09-13T20:22:10.6553593Z Prepare workflow directory
All required checks passed	UNKNOWN STEP	2026-09-13T20:22:10.6949201Z Prepare all required actions
All required checks passed	UNKNOWN STEP	2026-09-13T20:22:10.7009914Z Complete job name: All required checks passed
All required checks passed	UNKNOWN STEP	2026-09-13T20:22:10.7781418Z ##[group]Run node -e '
All required checks passed	UNKNOWN STEP	2026-09-13T20:22:10.7782259Z ^[[36;1mnode -e '^[[0m
All required checks passed	UNKNOWN STEP	2026-09-13T20:22:10.7783023Z ^[[36;1m  const needs = JSON.parse(process.env.NEEDS_CONTEXT);^[[0m
All required checks passed	UNKNOWN STEP	2026-09-13T20:22:10.7783941Z ^[[36;1m  let failed = false;^[[0m
All required checks passed	UNKNOWN STEP	2026-09-13T20:22:10.7784847Z ^[[36;1m  for (const [job, info] of Object.entries(needs)) {^[[0m
All required checks passed	UNKNOWN STEP	2026-09-13T20:22:10.7785731Z ^[[36;1m    const result = info.result;^[[0m
All required checks passed	UNKNOWN STEP	2026-09-13T20:22:10.7786590Z ^[[36;1m    console.log("needs job=" + job + " result=" + result);^[[0m
All required checks passed	UNKNOWN STEP	2026-09-13T20:22:10.7787445Z ^[[36;1m    if (result !== "success") {^[[0m
All required checks passed	UNKNOWN STEP	2026-09-13T20:22:10.7788842Z ^[[36;1m      console.error("required job " + job + " did not succeed (result=" + result + ")");^[[0m
All required checks passed	UNKNOWN STEP	2026-09-13T20:22:10.7789975Z ^[[36;1m      failed = true;^[[0m
All required checks passed	UNKNOWN STEP	2026-09-13T20:22:10.7790652Z ^[[36;1m    }^[[0m
All required checks passed	UNKNOWN STEP	2026-09-13T20:22:10.7791217Z ^[[36;1m  }^[[0m
All required checks passed	UNKNOWN STEP	2026-09-13T20:22:10.7791806Z ^[[36;1m  if (failed) process.exit(1);^[[0m
All required checks passed	UNKNOWN STEP	2026-09-13T20:22:10.7792583Z ^[[36;1m'^[[0m
All required checks passed	UNKNOWN STEP	2026-09-13T20:22:10.8463629Z shell: /usr/bin/bash -e {0}
All required checks passed	UNKNOWN STEP	2026-09-13T20:22:10.8464858Z env:
All required checks passed	UNKNOWN STEP	2026-09-13T20:22:10.8465515Z   KEEPLING_PHASE2_SEED: 20260901
All required checks passed	UNKNOWN STEP	2026-09-13T20:22:10.8466612Z   KEEPLING_FLAKE_POLICY: no-retry; quarantine-requires-owner-issue-expiry
All required checks passed	UNKNOWN STEP	2026-09-13T20:22:10.8470510Z   NEEDS_CONTEXT: {
All required checks passed	UNKNOWN STEP	  "ci-contract": {
All required checks passed	UNKNOWN STEP	    "result": "success",
All required checks passed	UNKNOWN STEP	    "outputs": {}
All required checks passed	UNKNOWN STEP	  },
All required checks passed	UNKNOWN STEP	  "repository-integrity": {
All required checks passed	UNKNOWN STEP	    "result": "success",
All required checks passed	UNKNOWN STEP	    "outputs": {}
All required checks passed	UNKNOWN STEP	  },
All required checks passed	UNKNOWN STEP	  "phase2-linux": {
All required checks passed	UNKNOWN STEP	    "result": "success",
All required checks passed	UNKNOWN STEP	    "outputs": {}
All required checks passed	UNKNOWN STEP	  },
All required checks passed	UNKNOWN STEP	  "phase2-runtime": {
All required checks passed	UNKNOWN STEP	    "result": "success",
All required checks passed	UNKNOWN STEP	    "outputs": {}
All required checks passed	UNKNOWN STEP	  },
All required checks passed	UNKNOWN STEP	  "image-compose-deploy": {
All required checks passed	UNKNOWN STEP	    "result": "success",
All required checks passed	UNKNOWN STEP	    "outputs": {}
All required checks passed	UNKNOWN STEP	  },
All required checks passed	UNKNOWN STEP	  "opentofu-host-fixtures": {
All required checks passed	UNKNOWN STEP	    "result": "success",
All required checks passed	UNKNOWN STEP	    "outputs": {}
All required checks passed	UNKNOWN STEP	  },
All required checks passed	UNKNOWN STEP	  "export-reader": {
All required checks passed	UNKNOWN STEP	    "result": "success",
All required checks passed	UNKNOWN STEP	    "outputs": {}
All required checks passed	UNKNOWN STEP	  }
All required checks passed	UNKNOWN STEP	}
All required checks passed	UNKNOWN STEP	2026-09-13T20:22:10.8473310Z ##[endgroup]
All required checks passed	UNKNOWN STEP	2026-09-13T20:22:11.0508817Z needs job=ci-contract result=success
All required checks passed	UNKNOWN STEP	2026-09-13T20:22:11.0510592Z needs job=repository-integrity result=success
All required checks passed	UNKNOWN STEP	2026-09-13T20:22:11.0512091Z needs job=phase2-linux result=success
All required checks passed	UNKNOWN STEP	2026-09-13T20:22:11.0513183Z needs job=phase2-runtime result=success
All required checks passed	UNKNOWN STEP	2026-09-13T20:22:11.0514167Z needs job=image-compose-deploy result=success
All required checks passed	UNKNOWN STEP	2026-09-13T20:22:11.0515047Z needs job=opentofu-host-fixtures result=success
All required checks passed	UNKNOWN STEP	2026-09-13T20:22:11.0515907Z needs job=export-reader result=success
All required checks passed	UNKNOWN STEP	2026-09-13T20:22:11.0697062Z Cleaning up orphan processes
