opentofu-host-fixtures	Set up job	﻿2026-09-13T19:28:50.6915169Z Current runner version: '2.337.0'
opentofu-host-fixtures	Set up job	2026-09-13T19:28:50.6939960Z ##[group]Runner Image Provisioner
opentofu-host-fixtures	Set up job	2026-09-13T19:28:50.6940872Z Hosted Compute Agent
opentofu-host-fixtures	Set up job	2026-09-13T19:28:50.6941407Z Version: 20260828.587
opentofu-host-fixtures	Set up job	2026-09-13T19:28:50.6942096Z Commit: abac92662cab4cc7352de4f9f9d2e2419aad9c29
opentofu-host-fixtures	Set up job	2026-09-13T19:28:50.6942750Z Build Date: 2026-08-28T16:44:25Z
opentofu-host-fixtures	Set up job	2026-09-13T19:28:50.6943374Z Worker ID: {7ed3ec3f-e623-454f-a124-524e153bbef7}
opentofu-host-fixtures	Set up job	2026-09-13T19:28:50.6944052Z Azure Region: westus3
opentofu-host-fixtures	Set up job	2026-09-13T19:28:50.6944561Z ##[endgroup]
opentofu-host-fixtures	Set up job	2026-09-13T19:28:50.6946007Z ##[group]Operating System
opentofu-host-fixtures	Set up job	2026-09-13T19:28:50.6946628Z Ubuntu
opentofu-host-fixtures	Set up job	2026-09-13T19:28:50.6947085Z 24.04.5
opentofu-host-fixtures	Set up job	2026-09-13T19:28:50.6947634Z LTS
opentofu-host-fixtures	Set up job	2026-09-13T19:28:50.6948119Z ##[endgroup]
opentofu-host-fixtures	Set up job	2026-09-13T19:28:50.6949132Z ##[group]Runner Image
opentofu-host-fixtures	Set up job	2026-09-13T19:28:50.6949715Z Image: ubuntu-24.04
opentofu-host-fixtures	Set up job	2026-09-13T19:28:50.6950262Z Version: 20260907.300.1
opentofu-host-fixtures	Set up job	2026-09-13T19:28:50.6951234Z Included Software: https://github.com/actions/runner-images/blob/ubuntu24/20260907.300/images/ubuntu/Ubuntu2404-Readme.md
opentofu-host-fixtures	Set up job	2026-09-13T19:28:50.6952815Z Image Release: https://github.com/actions/runner-images/releases/tag/ubuntu24%2F20260907.300
opentofu-host-fixtures	Set up job	2026-09-13T19:28:50.6953697Z ##[endgroup]
opentofu-host-fixtures	Set up job	2026-09-13T19:28:50.6955043Z ##[group]GITHUB_TOKEN Permissions
opentofu-host-fixtures	Set up job	2026-09-13T19:28:50.6957182Z Contents: read
opentofu-host-fixtures	Set up job	2026-09-13T19:28:50.6957718Z Metadata: read
opentofu-host-fixtures	Set up job	2026-09-13T19:28:50.6958391Z ##[endgroup]
opentofu-host-fixtures	Set up job	2026-09-13T19:28:50.6960499Z Secret source: Actions
opentofu-host-fixtures	Set up job	2026-09-13T19:28:50.6961425Z Cache mode: write
opentofu-host-fixtures	Set up job	2026-09-13T19:28:50.6962059Z Prepare workflow directory
opentofu-host-fixtures	Set up job	2026-09-13T19:28:50.7342620Z Prepare all required actions
opentofu-host-fixtures	Set up job	2026-09-13T19:28:50.7393175Z Getting action download info
opentofu-host-fixtures	Set up job	2026-09-13T19:28:51.0533591Z Download action repository 'actions/checkout@34e114876b0b11c390a56381ad16ebd13914f8d5' (SHA:34e114876b0b11c390a56381ad16ebd13914f8d5)
opentofu-host-fixtures	Set up job	2026-09-13T19:28:51.1808890Z Download action repository 'actions/upload-artifact@ea165f8d65b6e75b540449e92b4886f43607fa02' (SHA:ea165f8d65b6e75b540449e92b4886f43607fa02)
opentofu-host-fixtures	Set up job	2026-09-13T19:28:51.3529968Z Complete job name: opentofu-host-fixtures
opentofu-host-fixtures	Run actions/checkout@34e114876b0b11c390a56381ad16ebd13914f8d5	﻿2026-09-13T19:28:51.4176294Z Node 20 is being deprecated. This workflow is running with Node 24 by default. If you need to temporarily use Node 20, you can set the ACTIONS_ALLOW_USE_UNSECURE_NODE_VERSION=true environment variable. For more information see: https://github.blog/changelog/2025-09-19-deprecation-of-node-20-on-github-actions-runners/
opentofu-host-fixtures	Run actions/checkout@34e114876b0b11c390a56381ad16ebd13914f8d5	2026-09-13T19:28:51.4185180Z ##[group]Run actions/checkout@34e114876b0b11c390a56381ad16ebd13914f8d5
opentofu-host-fixtures	Run actions/checkout@34e114876b0b11c390a56381ad16ebd13914f8d5	2026-09-13T19:28:51.4186140Z with:
opentofu-host-fixtures	Run actions/checkout@34e114876b0b11c390a56381ad16ebd13914f8d5	2026-09-13T19:28:51.4186645Z   repository: szTheory/keepling
opentofu-host-fixtures	Run actions/checkout@34e114876b0b11c390a56381ad16ebd13914f8d5	2026-09-13T19:28:51.4190284Z   token: ***
opentofu-host-fixtures	Run actions/checkout@34e114876b0b11c390a56381ad16ebd13914f8d5	2026-09-13T19:28:51.4190799Z   ssh-strict: true
opentofu-host-fixtures	Run actions/checkout@34e114876b0b11c390a56381ad16ebd13914f8d5	2026-09-13T19:28:51.4191269Z   ssh-user: git
opentofu-host-fixtures	Run actions/checkout@34e114876b0b11c390a56381ad16ebd13914f8d5	2026-09-13T19:28:51.4191753Z   persist-credentials: true
opentofu-host-fixtures	Run actions/checkout@34e114876b0b11c390a56381ad16ebd13914f8d5	2026-09-13T19:28:51.4192285Z   clean: true
opentofu-host-fixtures	Run actions/checkout@34e114876b0b11c390a56381ad16ebd13914f8d5	2026-09-13T19:28:51.4192785Z   sparse-checkout-cone-mode: true
opentofu-host-fixtures	Run actions/checkout@34e114876b0b11c390a56381ad16ebd13914f8d5	2026-09-13T19:28:51.4193343Z   fetch-depth: 1
opentofu-host-fixtures	Run actions/checkout@34e114876b0b11c390a56381ad16ebd13914f8d5	2026-09-13T19:28:51.4193798Z   fetch-tags: false
opentofu-host-fixtures	Run actions/checkout@34e114876b0b11c390a56381ad16ebd13914f8d5	2026-09-13T19:28:51.4194498Z   show-progress: true
opentofu-host-fixtures	Run actions/checkout@34e114876b0b11c390a56381ad16ebd13914f8d5	2026-09-13T19:28:51.4194978Z   lfs: false
opentofu-host-fixtures	Run actions/checkout@34e114876b0b11c390a56381ad16ebd13914f8d5	2026-09-13T19:28:51.4195510Z   submodules: false
opentofu-host-fixtures	Run actions/checkout@34e114876b0b11c390a56381ad16ebd13914f8d5	2026-09-13T19:28:51.4196042Z   set-safe-directory: true
opentofu-host-fixtures	Run actions/checkout@34e114876b0b11c390a56381ad16ebd13914f8d5	2026-09-13T19:28:51.4196812Z env:
opentofu-host-fixtures	Run actions/checkout@34e114876b0b11c390a56381ad16ebd13914f8d5	2026-09-13T19:28:51.4197301Z   KEEPLING_PHASE2_SEED: 20260901
opentofu-host-fixtures	Run actions/checkout@34e114876b0b11c390a56381ad16ebd13914f8d5	2026-09-13T19:28:51.4198024Z   KEEPLING_FLAKE_POLICY: no-retry; quarantine-requires-owner-issue-expiry
opentofu-host-fixtures	Run actions/checkout@34e114876b0b11c390a56381ad16ebd13914f8d5	2026-09-13T19:28:51.4198887Z ##[endgroup]
opentofu-host-fixtures	Run actions/checkout@34e114876b0b11c390a56381ad16ebd13914f8d5	2026-09-13T19:28:51.5177913Z Syncing repository: szTheory/keepling
opentofu-host-fixtures	Run actions/checkout@34e114876b0b11c390a56381ad16ebd13914f8d5	2026-09-13T19:28:51.5288909Z ##[group]Getting Git version info
opentofu-host-fixtures	Run actions/checkout@34e114876b0b11c390a56381ad16ebd13914f8d5	2026-09-13T19:28:51.5290259Z Working directory is '/home/runner/work/keepling/keepling'
opentofu-host-fixtures	Run actions/checkout@34e114876b0b11c390a56381ad16ebd13914f8d5	2026-09-13T19:28:51.5292089Z [command]/usr/bin/git version
opentofu-host-fixtures	Run actions/checkout@34e114876b0b11c390a56381ad16ebd13914f8d5	2026-09-13T19:28:51.5292945Z git version 2.55.0
opentofu-host-fixtures	Run actions/checkout@34e114876b0b11c390a56381ad16ebd13914f8d5	2026-09-13T19:28:51.5295426Z ##[endgroup]
opentofu-host-fixtures	Run actions/checkout@34e114876b0b11c390a56381ad16ebd13914f8d5	2026-09-13T19:28:51.5302033Z Temporarily overriding HOME='/home/runner/work/_temp/be5797e4-a348-4df0-b128-5a39321e22a7' before making global git config changes
opentofu-host-fixtures	Run actions/checkout@34e114876b0b11c390a56381ad16ebd13914f8d5	2026-09-13T19:28:51.5304198Z Adding repository directory to the temporary git global config as a safe directory
opentofu-host-fixtures	Run actions/checkout@34e114876b0b11c390a56381ad16ebd13914f8d5	2026-09-13T19:28:51.5306025Z [command]/usr/bin/git config --global --add safe.directory /home/runner/work/keepling/keepling
opentofu-host-fixtures	Run actions/checkout@34e114876b0b11c390a56381ad16ebd13914f8d5	2026-09-13T19:28:51.5366961Z Deleting the contents of '/home/runner/work/keepling/keepling'
opentofu-host-fixtures	Run actions/checkout@34e114876b0b11c390a56381ad16ebd13914f8d5	2026-09-13T19:28:51.5370794Z ##[group]Initializing the repository
opentofu-host-fixtures	Run actions/checkout@34e114876b0b11c390a56381ad16ebd13914f8d5	2026-09-13T19:28:51.5375436Z [command]/usr/bin/git init /home/runner/work/keepling/keepling
opentofu-host-fixtures	Run actions/checkout@34e114876b0b11c390a56381ad16ebd13914f8d5	2026-09-13T19:28:51.5492040Z hint: Using 'master' as the name for the initial branch. This default branch name
opentofu-host-fixtures	Run actions/checkout@34e114876b0b11c390a56381ad16ebd13914f8d5	2026-09-13T19:28:51.5493704Z hint: will change to "main" in Git 3.0. To configure the initial branch name
opentofu-host-fixtures	Run actions/checkout@34e114876b0b11c390a56381ad16ebd13914f8d5	2026-09-13T19:28:51.5495008Z hint: to use in all of your new repositories, which will suppress this warning,
opentofu-host-fixtures	Run actions/checkout@34e114876b0b11c390a56381ad16ebd13914f8d5	2026-09-13T19:28:51.5496123Z hint: call:
opentofu-host-fixtures	Run actions/checkout@34e114876b0b11c390a56381ad16ebd13914f8d5	2026-09-13T19:28:51.5496754Z hint:
opentofu-host-fixtures	Run actions/checkout@34e114876b0b11c390a56381ad16ebd13914f8d5	2026-09-13T19:28:51.5497528Z hint: 	git config --global init.defaultBranch <name>
opentofu-host-fixtures	Run actions/checkout@34e114876b0b11c390a56381ad16ebd13914f8d5	2026-09-13T19:28:51.5498458Z hint:
opentofu-host-fixtures	Run actions/checkout@34e114876b0b11c390a56381ad16ebd13914f8d5	2026-09-13T19:28:51.5499142Z hint: Names commonly chosen instead of 'master' are 'main', 'trunk' and
opentofu-host-fixtures	Run actions/checkout@34e114876b0b11c390a56381ad16ebd13914f8d5	2026-09-13T19:28:51.5500130Z hint: 'development'. The just-created branch can be renamed via this command:
opentofu-host-fixtures	Run actions/checkout@34e114876b0b11c390a56381ad16ebd13914f8d5	2026-09-13T19:28:51.5501074Z hint:
opentofu-host-fixtures	Run actions/checkout@34e114876b0b11c390a56381ad16ebd13914f8d5	2026-09-13T19:28:51.5501456Z hint: 	git branch -m <name>
opentofu-host-fixtures	Run actions/checkout@34e114876b0b11c390a56381ad16ebd13914f8d5	2026-09-13T19:28:51.5502046Z hint:
opentofu-host-fixtures	Run actions/checkout@34e114876b0b11c390a56381ad16ebd13914f8d5	2026-09-13T19:28:51.5503061Z hint: Disable this message with "git config set advice.defaultBranchName false"
opentofu-host-fixtures	Run actions/checkout@34e114876b0b11c390a56381ad16ebd13914f8d5	2026-09-13T19:28:51.5504119Z Initialized empty Git repository in /home/runner/work/keepling/keepling/.git/
opentofu-host-fixtures	Run actions/checkout@34e114876b0b11c390a56381ad16ebd13914f8d5	2026-09-13T19:28:51.5505607Z [command]/usr/bin/git remote add origin https://github.com/szTheory/keepling
opentofu-host-fixtures	Run actions/checkout@34e114876b0b11c390a56381ad16ebd13914f8d5	2026-09-13T19:28:51.5547357Z ##[endgroup]
opentofu-host-fixtures	Run actions/checkout@34e114876b0b11c390a56381ad16ebd13914f8d5	2026-09-13T19:28:51.5548087Z ##[group]Disabling automatic garbage collection
opentofu-host-fixtures	Run actions/checkout@34e114876b0b11c390a56381ad16ebd13914f8d5	2026-09-13T19:28:51.5550827Z [command]/usr/bin/git config --local gc.auto 0
opentofu-host-fixtures	Run actions/checkout@34e114876b0b11c390a56381ad16ebd13914f8d5	2026-09-13T19:28:51.5574548Z ##[endgroup]
opentofu-host-fixtures	Run actions/checkout@34e114876b0b11c390a56381ad16ebd13914f8d5	2026-09-13T19:28:51.5575388Z ##[group]Setting up auth
opentofu-host-fixtures	Run actions/checkout@34e114876b0b11c390a56381ad16ebd13914f8d5	2026-09-13T19:28:51.5580063Z [command]/usr/bin/git config --local --name-only --get-regexp core\.sshCommand
opentofu-host-fixtures	Run actions/checkout@34e114876b0b11c390a56381ad16ebd13914f8d5	2026-09-13T19:28:51.5604839Z [command]/usr/bin/git submodule foreach --recursive sh -c "git config --local --name-only --get-regexp 'core\.sshCommand' && git config --local --unset-all 'core.sshCommand' || :"
opentofu-host-fixtures	Run actions/checkout@34e114876b0b11c390a56381ad16ebd13914f8d5	2026-09-13T19:28:51.5920293Z [command]/usr/bin/git config --local --name-only --get-regexp http\.https\:\/\/github\.com\/\.extraheader
opentofu-host-fixtures	Run actions/checkout@34e114876b0b11c390a56381ad16ebd13914f8d5	2026-09-13T19:28:51.5946905Z [command]/usr/bin/git submodule foreach --recursive sh -c "git config --local --name-only --get-regexp 'http\.https\:\/\/github\.com\/\.extraheader' && git config --local --unset-all 'http.https://github.com/.extraheader' || :"
opentofu-host-fixtures	Run actions/checkout@34e114876b0b11c390a56381ad16ebd13914f8d5	2026-09-13T19:28:51.6120121Z [command]/usr/bin/git config --local --name-only --get-regexp ^includeIf\.gitdir:
opentofu-host-fixtures	Run actions/checkout@34e114876b0b11c390a56381ad16ebd13914f8d5	2026-09-13T19:28:51.6146724Z [command]/usr/bin/git submodule foreach --recursive git config --local --show-origin --name-only --get-regexp remote.origin.url
opentofu-host-fixtures	Run actions/checkout@34e114876b0b11c390a56381ad16ebd13914f8d5	2026-09-13T19:28:51.6315882Z [command]/usr/bin/git config --local http.https://github.com/.extraheader AUTHORIZATION: basic ***
opentofu-host-fixtures	Run actions/checkout@34e114876b0b11c390a56381ad16ebd13914f8d5	2026-09-13T19:28:51.6345562Z ##[endgroup]
opentofu-host-fixtures	Run actions/checkout@34e114876b0b11c390a56381ad16ebd13914f8d5	2026-09-13T19:28:51.6346785Z ##[group]Fetching the repository
opentofu-host-fixtures	Run actions/checkout@34e114876b0b11c390a56381ad16ebd13914f8d5	2026-09-13T19:28:51.6353859Z [command]/usr/bin/git -c protocol.version=2 fetch --no-tags --prune --no-recurse-submodules --depth=1 origin +c2e4ce37ff0ca2c27067b098c2cfbdc59155ba96:refs/remotes/origin/main
opentofu-host-fixtures	Run actions/checkout@34e114876b0b11c390a56381ad16ebd13914f8d5	2026-09-13T19:28:53.3902985Z From https://github.com/szTheory/keepling
opentofu-host-fixtures	Run actions/checkout@34e114876b0b11c390a56381ad16ebd13914f8d5	2026-09-13T19:28:53.3906526Z  * [new ref]         c2e4ce37ff0ca2c27067b098c2cfbdc59155ba96 -> origin/main
opentofu-host-fixtures	Run actions/checkout@34e114876b0b11c390a56381ad16ebd13914f8d5	2026-09-13T19:28:53.3913622Z ##[endgroup]
opentofu-host-fixtures	Run actions/checkout@34e114876b0b11c390a56381ad16ebd13914f8d5	2026-09-13T19:28:53.3916369Z ##[group]Determining the checkout info
opentofu-host-fixtures	Run actions/checkout@34e114876b0b11c390a56381ad16ebd13914f8d5	2026-09-13T19:28:53.3919588Z ##[endgroup]
opentofu-host-fixtures	Run actions/checkout@34e114876b0b11c390a56381ad16ebd13914f8d5	2026-09-13T19:28:53.3921718Z [command]/usr/bin/git sparse-checkout disable
opentofu-host-fixtures	Run actions/checkout@34e114876b0b11c390a56381ad16ebd13914f8d5	2026-09-13T19:28:53.3962767Z [command]/usr/bin/git config --local --unset-all extensions.worktreeConfig
opentofu-host-fixtures	Run actions/checkout@34e114876b0b11c390a56381ad16ebd13914f8d5	2026-09-13T19:28:53.3987363Z ##[group]Checking out the ref
opentofu-host-fixtures	Run actions/checkout@34e114876b0b11c390a56381ad16ebd13914f8d5	2026-09-13T19:28:53.3990870Z [command]/usr/bin/git checkout --progress --force -B main refs/remotes/origin/main
opentofu-host-fixtures	Run actions/checkout@34e114876b0b11c390a56381ad16ebd13914f8d5	2026-09-13T19:28:53.5047530Z Switched to a new branch 'main'
opentofu-host-fixtures	Run actions/checkout@34e114876b0b11c390a56381ad16ebd13914f8d5	2026-09-13T19:28:53.5052674Z branch 'main' set up to track 'origin/main'.
opentofu-host-fixtures	Run actions/checkout@34e114876b0b11c390a56381ad16ebd13914f8d5	2026-09-13T19:28:53.5061757Z ##[endgroup]
opentofu-host-fixtures	Run actions/checkout@34e114876b0b11c390a56381ad16ebd13914f8d5	2026-09-13T19:28:53.5103761Z [command]/usr/bin/git log -1 --format=%H
opentofu-host-fixtures	Run actions/checkout@34e114876b0b11c390a56381ad16ebd13914f8d5	2026-09-13T19:28:53.5124647Z c2e4ce37ff0ca2c27067b098c2cfbdc59155ba96
opentofu-host-fixtures	Run exact hermetic host-boundary lane	﻿2026-09-13T19:28:53.5364545Z ##[group]Run set -o pipefail
opentofu-host-fixtures	Run exact hermetic host-boundary lane	2026-09-13T19:28:53.5366008Z ^[[36;1mset -o pipefail^[[0m
opentofu-host-fixtures	Run exact hermetic host-boundary lane	2026-09-13T19:28:53.5368233Z ^[[36;1m./tooling/test-phase-2.sh --lane opentofu-host-fixtures | tee "$RUNNER_TEMP/opentofu-host-fixtures.txt"^[[0m
opentofu-host-fixtures	Run exact hermetic host-boundary lane	2026-09-13T19:28:53.5371351Z ^[[36;1m./tooling/verify-privacy.sh "$RUNNER_TEMP/opentofu-host-fixtures.txt"^[[0m
opentofu-host-fixtures	Run exact hermetic host-boundary lane	2026-09-13T19:28:53.5398939Z shell: /usr/bin/bash -e {0}
opentofu-host-fixtures	Run exact hermetic host-boundary lane	2026-09-13T19:28:53.5400181Z env:
opentofu-host-fixtures	Run exact hermetic host-boundary lane	2026-09-13T19:28:53.5401146Z   KEEPLING_PHASE2_SEED: 20260901
opentofu-host-fixtures	Run exact hermetic host-boundary lane	2026-09-13T19:28:53.5402932Z   KEEPLING_FLAKE_POLICY: no-retry; quarantine-requires-owner-issue-expiry
opentofu-host-fixtures	Run exact hermetic host-boundary lane	2026-09-13T19:28:53.5404750Z ##[endgroup]
opentofu-host-fixtures	Run exact hermetic host-boundary lane	2026-09-13T19:28:53.7637543Z lane=opentofu-host-fixtures status=RUNNING command=eight hermetic OpenTofu/bootstrap/archive/teardown/DNS-fence fixture commands cases=8 seed=20260901 inputs_sha256=a2129174948e0f8d1f97efeeec96426adc96721c9473c48a40a3fa382d83b7a8
opentofu-host-fixtures	Run exact hermetic host-boundary lane	2026-09-13T19:28:56.2255165Z lane=opentofu-host-fixtures status=PASS command=eight hermetic OpenTofu/bootstrap/archive/teardown/DNS-fence fixture commands cases=8 seed=20260901 elapsed_ms=2463 inputs_sha256=a2129174948e0f8d1f97efeeec96426adc96721c9473c48a40a3fa382d83b7a8
opentofu-host-fixtures	Run exact hermetic host-boundary lane	2026-09-13T19:28:56.2367851Z Privacy verification passed: artifacts=1 sentinels=7
opentofu-host-fixtures	Run actions/upload-artifact@ea165f8d65b6e75b540449e92b4886f43607fa02	﻿2026-09-13T19:28:56.2465530Z Node 20 is being deprecated. This workflow is running with Node 24 by default. If you need to temporarily use Node 20, you can set the ACTIONS_ALLOW_USE_UNSECURE_NODE_VERSION=true environment variable. For more information see: https://github.blog/changelog/2025-09-19-deprecation-of-node-20-on-github-actions-runners/
opentofu-host-fixtures	Run actions/upload-artifact@ea165f8d65b6e75b540449e92b4886f43607fa02	2026-09-13T19:28:56.2467758Z ##[group]Run actions/upload-artifact@ea165f8d65b6e75b540449e92b4886f43607fa02
opentofu-host-fixtures	Run actions/upload-artifact@ea165f8d65b6e75b540449e92b4886f43607fa02	2026-09-13T19:28:56.2468188Z with:
opentofu-host-fixtures	Run actions/upload-artifact@ea165f8d65b6e75b540449e92b4886f43607fa02	2026-09-13T19:28:56.2468726Z   name: opentofu-host-fixtures-timing
opentofu-host-fixtures	Run actions/upload-artifact@ea165f8d65b6e75b540449e92b4886f43607fa02	2026-09-13T19:28:56.2469124Z   path: /home/runner/work/_temp/opentofu-host-fixtures.txt
opentofu-host-fixtures	Run actions/upload-artifact@ea165f8d65b6e75b540449e92b4886f43607fa02	2026-09-13T19:28:56.2469509Z   if-no-files-found: error
opentofu-host-fixtures	Run actions/upload-artifact@ea165f8d65b6e75b540449e92b4886f43607fa02	2026-09-13T19:28:56.2469777Z   retention-days: 14
opentofu-host-fixtures	Run actions/upload-artifact@ea165f8d65b6e75b540449e92b4886f43607fa02	2026-09-13T19:28:56.2470039Z   compression-level: 6
opentofu-host-fixtures	Run actions/upload-artifact@ea165f8d65b6e75b540449e92b4886f43607fa02	2026-09-13T19:28:56.2470293Z   overwrite: false
opentofu-host-fixtures	Run actions/upload-artifact@ea165f8d65b6e75b540449e92b4886f43607fa02	2026-09-13T19:28:56.2470556Z   include-hidden-files: false
opentofu-host-fixtures	Run actions/upload-artifact@ea165f8d65b6e75b540449e92b4886f43607fa02	2026-09-13T19:28:56.2470832Z env:
opentofu-host-fixtures	Run actions/upload-artifact@ea165f8d65b6e75b540449e92b4886f43607fa02	2026-09-13T19:28:56.2471065Z   KEEPLING_PHASE2_SEED: 20260901
opentofu-host-fixtures	Run actions/upload-artifact@ea165f8d65b6e75b540449e92b4886f43607fa02	2026-09-13T19:28:56.2471462Z   KEEPLING_FLAKE_POLICY: no-retry; quarantine-requires-owner-issue-expiry
opentofu-host-fixtures	Run actions/upload-artifact@ea165f8d65b6e75b540449e92b4886f43607fa02	2026-09-13T19:28:56.2471929Z ##[endgroup]
opentofu-host-fixtures	Run actions/upload-artifact@ea165f8d65b6e75b540449e92b4886f43607fa02	2026-09-13T19:28:56.4069547Z (node:5343) [DEP0040] DeprecationWarning: The `punycode` module is deprecated. Please use a userland alternative instead.
opentofu-host-fixtures	Run actions/upload-artifact@ea165f8d65b6e75b540449e92b4886f43607fa02	2026-09-13T19:28:56.4070579Z (Use `node --trace-deprecation ...` to show where the warning was created)
opentofu-host-fixtures	Run actions/upload-artifact@ea165f8d65b6e75b540449e92b4886f43607fa02	2026-09-13T19:28:56.4111734Z With the provided path, there will be 1 file uploaded
opentofu-host-fixtures	Run actions/upload-artifact@ea165f8d65b6e75b540449e92b4886f43607fa02	2026-09-13T19:28:56.4116336Z Artifact name is valid!
opentofu-host-fixtures	Run actions/upload-artifact@ea165f8d65b6e75b540449e92b4886f43607fa02	2026-09-13T19:28:56.4116998Z Root directory input is valid!
opentofu-host-fixtures	Run actions/upload-artifact@ea165f8d65b6e75b540449e92b4886f43607fa02	2026-09-13T19:28:56.7646175Z Beginning upload of artifact content to blob storage
opentofu-host-fixtures	Run actions/upload-artifact@ea165f8d65b6e75b540449e92b4886f43607fa02	2026-09-13T19:28:56.7811532Z (node:5343) [DEP0169] DeprecationWarning: `url.parse()` behavior is not standardized and prone to errors that have security implications. Use the WHATWG URL API instead. CVEs are not issued for `url.parse()` vulnerabilities.
opentofu-host-fixtures	Run actions/upload-artifact@ea165f8d65b6e75b540449e92b4886f43607fa02	2026-09-13T19:28:57.0015266Z Uploaded bytes 376
opentofu-host-fixtures	Run actions/upload-artifact@ea165f8d65b6e75b540449e92b4886f43607fa02	2026-09-13T19:28:57.0666456Z Finished uploading artifact content to blob storage!
opentofu-host-fixtures	Run actions/upload-artifact@ea165f8d65b6e75b540449e92b4886f43607fa02	2026-09-13T19:28:57.0668573Z SHA256 digest of uploaded artifact zip is e3d8af419b360caea52cc6aae8405d9d8ff2a9b445c21298a0e642f115e4b20f
opentofu-host-fixtures	Run actions/upload-artifact@ea165f8d65b6e75b540449e92b4886f43607fa02	2026-09-13T19:28:57.0670073Z Finalizing artifact upload
opentofu-host-fixtures	Run actions/upload-artifact@ea165f8d65b6e75b540449e92b4886f43607fa02	2026-09-13T19:28:57.3127178Z Artifact opentofu-host-fixtures-timing.zip successfully finalized. Artifact ID 10323538169
opentofu-host-fixtures	Run actions/upload-artifact@ea165f8d65b6e75b540449e92b4886f43607fa02	2026-09-13T19:28:57.3128616Z Artifact opentofu-host-fixtures-timing has been successfully uploaded! Final size is 376 bytes. Artifact ID is 10323538169
opentofu-host-fixtures	Run actions/upload-artifact@ea165f8d65b6e75b540449e92b4886f43607fa02	2026-09-13T19:28:57.3134442Z Artifact download URL: https://github.com/szTheory/keepling/actions/runs/34777805271/artifacts/10323538169
opentofu-host-fixtures	Post Run actions/checkout@34e114876b0b11c390a56381ad16ebd13914f8d5	﻿2026-09-13T19:28:57.3317004Z Node 20 is being deprecated. This workflow is running with Node 24 by default. If you need to temporarily use Node 20, you can set the ACTIONS_ALLOW_USE_UNSECURE_NODE_VERSION=true environment variable. For more information see: https://github.blog/changelog/2025-09-19-deprecation-of-node-20-on-github-actions-runners/
opentofu-host-fixtures	Post Run actions/checkout@34e114876b0b11c390a56381ad16ebd13914f8d5	2026-09-13T19:28:57.3318177Z Post job cleanup.
opentofu-host-fixtures	Post Run actions/checkout@34e114876b0b11c390a56381ad16ebd13914f8d5	2026-09-13T19:28:57.4116146Z [command]/usr/bin/git version
opentofu-host-fixtures	Post Run actions/checkout@34e114876b0b11c390a56381ad16ebd13914f8d5	2026-09-13T19:28:57.4149489Z git version 2.55.0
opentofu-host-fixtures	Post Run actions/checkout@34e114876b0b11c390a56381ad16ebd13914f8d5	2026-09-13T19:28:57.4182692Z Temporarily overriding HOME='/home/runner/work/_temp/a4158615-b28c-4827-b429-a1e772dca69f' before making global git config changes
opentofu-host-fixtures	Post Run actions/checkout@34e114876b0b11c390a56381ad16ebd13914f8d5	2026-09-13T19:28:57.4183617Z Adding repository directory to the temporary git global config as a safe directory
opentofu-host-fixtures	Post Run actions/checkout@34e114876b0b11c390a56381ad16ebd13914f8d5	2026-09-13T19:28:57.4187954Z [command]/usr/bin/git config --global --add safe.directory /home/runner/work/keepling/keepling
opentofu-host-fixtures	Post Run actions/checkout@34e114876b0b11c390a56381ad16ebd13914f8d5	2026-09-13T19:28:57.4219818Z [command]/usr/bin/git config --local --name-only --get-regexp core\.sshCommand
opentofu-host-fixtures	Post Run actions/checkout@34e114876b0b11c390a56381ad16ebd13914f8d5	2026-09-13T19:28:57.4249680Z [command]/usr/bin/git submodule foreach --recursive sh -c "git config --local --name-only --get-regexp 'core\.sshCommand' && git config --local --unset-all 'core.sshCommand' || :"
opentofu-host-fixtures	Post Run actions/checkout@34e114876b0b11c390a56381ad16ebd13914f8d5	2026-09-13T19:28:57.4433542Z [command]/usr/bin/git config --local --name-only --get-regexp http\.https\:\/\/github\.com\/\.extraheader
opentofu-host-fixtures	Post Run actions/checkout@34e114876b0b11c390a56381ad16ebd13914f8d5	2026-09-13T19:28:57.4460035Z http.https://github.com/.extraheader
opentofu-host-fixtures	Post Run actions/checkout@34e114876b0b11c390a56381ad16ebd13914f8d5	2026-09-13T19:28:57.4471575Z [command]/usr/bin/git config --local --unset-all http.https://github.com/.extraheader
opentofu-host-fixtures	Post Run actions/checkout@34e114876b0b11c390a56381ad16ebd13914f8d5	2026-09-13T19:28:57.4500999Z [command]/usr/bin/git submodule foreach --recursive sh -c "git config --local --name-only --get-regexp 'http\.https\:\/\/github\.com\/\.extraheader' && git config --local --unset-all 'http.https://github.com/.extraheader' || :"
opentofu-host-fixtures	Post Run actions/checkout@34e114876b0b11c390a56381ad16ebd13914f8d5	2026-09-13T19:28:57.4694228Z [command]/usr/bin/git config --local --name-only --get-regexp ^includeIf\.gitdir:
opentofu-host-fixtures	Post Run actions/checkout@34e114876b0b11c390a56381ad16ebd13914f8d5	2026-09-13T19:28:57.4727801Z [command]/usr/bin/git submodule foreach --recursive git config --local --show-origin --name-only --get-regexp remote.origin.url
opentofu-host-fixtures	Complete job	﻿2026-09-13T19:28:57.5067486Z Cleaning up orphan processes
opentofu-host-fixtures	Complete job	2026-09-13T19:28:57.5309814Z ##[warning]Node.js 20 is deprecated. The following actions target Node.js 20 but are being forced to run on Node.js 24: actions/checkout@34e114876b0b11c390a56381ad16ebd13914f8d5, actions/upload-artifact@ea165f8d65b6e75b540449e92b4886f43607fa02. For more information see: https://github.blog/changelog/2025-09-19-deprecation-of-node-20-on-github-actions-runners/
phase2-privacy	Set up job	﻿2026-09-13T19:28:52.8234490Z Current runner version: '2.337.0'
phase2-privacy	Set up job	2026-09-13T19:28:52.8249090Z ##[group]Runner Image Provisioner
phase2-privacy	Set up job	2026-09-13T19:28:52.8249560Z Hosted Compute Agent
phase2-privacy	Set up job	2026-09-13T19:28:52.8249910Z Version: 20260828.587
phase2-privacy	Set up job	2026-09-13T19:28:52.8250280Z Commit: abac92662cab4cc7352de4f9f9d2e2419aad9c29
phase2-privacy	Set up job	2026-09-13T19:28:52.8250720Z Build Date: 2026-08-28T16:44:25Z
phase2-privacy	Set up job	2026-09-13T19:28:52.8251120Z Worker ID: {c353328c-3de2-44e7-8705-c594b48016b0}
phase2-privacy	Set up job	2026-09-13T19:28:52.8251540Z Azure Region: westus
phase2-privacy	Set up job	2026-09-13T19:28:52.8251870Z ##[endgroup]
phase2-privacy	Set up job	2026-09-13T19:28:52.8252620Z ##[group]Operating System
phase2-privacy	Set up job	2026-09-13T19:28:52.8252990Z macOS
phase2-privacy	Set up job	2026-09-13T19:28:52.8253280Z 15.7.9
phase2-privacy	Set up job	2026-09-13T19:28:52.8253580Z 24G830
phase2-privacy	Set up job	2026-09-13T19:28:52.8253890Z ##[endgroup]
phase2-privacy	Set up job	2026-09-13T19:28:52.8254210Z ##[group]Runner Image
phase2-privacy	Set up job	2026-09-13T19:28:52.8254570Z Image: macos-15-arm64
phase2-privacy	Set up job	2026-09-13T19:28:52.8254900Z Version: 20260907.0337.1
phase2-privacy	Set up job	2026-09-13T19:28:52.8255590Z Included Software: https://github.com/actions/runner-images/blob/macos-15-arm64/20260907.0337/images/macos/macos-15-arm64-Readme.md
phase2-privacy	Set up job	2026-09-13T19:28:52.8256600Z Image Release: https://github.com/actions/runner-images/releases/tag/macos-15-arm64%2F20260907.0337
phase2-privacy	Set up job	2026-09-13T19:28:52.8257210Z ##[endgroup]
phase2-privacy	Set up job	2026-09-13T19:28:52.8257860Z ##[group]GITHUB_TOKEN Permissions
phase2-privacy	Set up job	2026-09-13T19:28:52.8258730Z Contents: read
phase2-privacy	Set up job	2026-09-13T19:28:52.8259070Z Metadata: read
phase2-privacy	Set up job	2026-09-13T19:28:52.8259410Z ##[endgroup]
phase2-privacy	Set up job	2026-09-13T19:28:52.8261250Z Secret source: Actions
phase2-privacy	Set up job	2026-09-13T19:28:52.8261810Z Cache mode: write
phase2-privacy	Set up job	2026-09-13T19:28:52.8262210Z Prepare workflow directory
phase2-privacy	Set up job	2026-09-13T19:28:52.8508780Z Prepare all required actions
phase2-privacy	Set up job	2026-09-13T19:28:52.8540970Z Getting action download info
phase2-privacy	Set up job	2026-09-13T19:28:52.9916010Z Download action repository 'actions/checkout@34e114876b0b11c390a56381ad16ebd13914f8d5' (SHA:34e114876b0b11c390a56381ad16ebd13914f8d5)
phase2-privacy	Set up job	2026-09-13T19:28:53.1977590Z Download action repository 'actions/setup-node@49933ea5288caeca8642d1e84afbd3f7d6820020' (SHA:49933ea5288caeca8642d1e84afbd3f7d6820020)
phase2-privacy	Set up job	2026-09-13T19:28:53.2853080Z Download action repository 'actions/cache@0400d5f644dc74513175e3cd8d07132dd4860809' (SHA:0400d5f644dc74513175e3cd8d07132dd4860809)
phase2-privacy	Set up job	2026-09-13T19:28:53.3539850Z Download action repository 'actions/upload-artifact@ea165f8d65b6e75b540449e92b4886f43607fa02' (SHA:ea165f8d65b6e75b540449e92b4886f43607fa02)
phase2-privacy	Set up job	2026-09-13T19:28:53.5099720Z Complete job name: phase2-privacy
phase2-privacy	Run actions/checkout@34e114876b0b11c390a56381ad16ebd13914f8d5	﻿2026-09-13T19:28:53.5472780Z Node 20 is being deprecated. This workflow is running with Node 24 by default. If you need to temporarily use Node 20, you can set the ACTIONS_ALLOW_USE_UNSECURE_NODE_VERSION=true environment variable. For more information see: https://github.blog/changelog/2025-09-19-deprecation-of-node-20-on-github-actions-runners/
phase2-privacy	Run actions/checkout@34e114876b0b11c390a56381ad16ebd13914f8d5	2026-09-13T19:28:53.5478630Z ##[group]Run actions/checkout@34e114876b0b11c390a56381ad16ebd13914f8d5
phase2-privacy	Run actions/checkout@34e114876b0b11c390a56381ad16ebd13914f8d5	2026-09-13T19:28:53.5479190Z with:
phase2-privacy	Run actions/checkout@34e114876b0b11c390a56381ad16ebd13914f8d5	2026-09-13T19:28:53.5479490Z   repository: szTheory/keepling
phase2-privacy	Run actions/checkout@34e114876b0b11c390a56381ad16ebd13914f8d5	2026-09-13T19:28:53.5482070Z   token: ***
phase2-privacy	Run actions/checkout@34e114876b0b11c390a56381ad16ebd13914f8d5	2026-09-13T19:28:53.5482370Z   ssh-strict: true
phase2-privacy	Run actions/checkout@34e114876b0b11c390a56381ad16ebd13914f8d5	2026-09-13T19:28:53.5482660Z   ssh-user: git
phase2-privacy	Run actions/checkout@34e114876b0b11c390a56381ad16ebd13914f8d5	2026-09-13T19:28:53.5483000Z   persist-credentials: true
phase2-privacy	Run actions/checkout@34e114876b0b11c390a56381ad16ebd13914f8d5	2026-09-13T19:28:53.5483330Z   clean: true
phase2-privacy	Run actions/checkout@34e114876b0b11c390a56381ad16ebd13914f8d5	2026-09-13T19:28:53.5483640Z   sparse-checkout-cone-mode: true
phase2-privacy	Run actions/checkout@34e114876b0b11c390a56381ad16ebd13914f8d5	2026-09-13T19:28:53.5483990Z   fetch-depth: 1
phase2-privacy	Run actions/checkout@34e114876b0b11c390a56381ad16ebd13914f8d5	2026-09-13T19:28:53.5484290Z   fetch-tags: false
phase2-privacy	Run actions/checkout@34e114876b0b11c390a56381ad16ebd13914f8d5	2026-09-13T19:28:53.5484590Z   show-progress: true
phase2-privacy	Run actions/checkout@34e114876b0b11c390a56381ad16ebd13914f8d5	2026-09-13T19:28:53.5484900Z   lfs: false
phase2-privacy	Run actions/checkout@34e114876b0b11c390a56381ad16ebd13914f8d5	2026-09-13T19:28:53.5485210Z   submodules: false
phase2-privacy	Run actions/checkout@34e114876b0b11c390a56381ad16ebd13914f8d5	2026-09-13T19:28:53.5485520Z   set-safe-directory: true
phase2-privacy	Run actions/checkout@34e114876b0b11c390a56381ad16ebd13914f8d5	2026-09-13T19:28:53.5485930Z env:
phase2-privacy	Run actions/checkout@34e114876b0b11c390a56381ad16ebd13914f8d5	2026-09-13T19:28:53.5486220Z   KEEPLING_PHASE2_SEED: 20260901
phase2-privacy	Run actions/checkout@34e114876b0b11c390a56381ad16ebd13914f8d5	2026-09-13T19:28:53.5486700Z   KEEPLING_FLAKE_POLICY: no-retry; quarantine-requires-owner-issue-expiry
phase2-privacy	Run actions/checkout@34e114876b0b11c390a56381ad16ebd13914f8d5	2026-09-13T19:28:53.5487190Z ##[endgroup]
phase2-privacy	Run actions/checkout@34e114876b0b11c390a56381ad16ebd13914f8d5	2026-09-13T19:28:53.8706930Z Syncing repository: szTheory/keepling
phase2-privacy	Run actions/checkout@34e114876b0b11c390a56381ad16ebd13914f8d5	2026-09-13T19:28:53.8718800Z ##[group]Getting Git version info
phase2-privacy	Run actions/checkout@34e114876b0b11c390a56381ad16ebd13914f8d5	2026-09-13T19:28:53.8719940Z Working directory is '/Users/runner/work/keepling/keepling'
phase2-privacy	Run actions/checkout@34e114876b0b11c390a56381ad16ebd13914f8d5	2026-09-13T19:28:53.8721550Z [command]/opt/homebrew/bin/git version
phase2-privacy	Run actions/checkout@34e114876b0b11c390a56381ad16ebd13914f8d5	2026-09-13T19:28:53.9257570Z git version 2.55.0
phase2-privacy	Run actions/checkout@34e114876b0b11c390a56381ad16ebd13914f8d5	2026-09-13T19:28:53.9269450Z ##[endgroup]
phase2-privacy	Run actions/checkout@34e114876b0b11c390a56381ad16ebd13914f8d5	2026-09-13T19:28:53.9275840Z Copying '/Users/runner/.gitconfig' to '/Users/runner/work/_temp/6f3cbcbe-cfad-43b6-8364-2cfe3f513ebd/.gitconfig'
phase2-privacy	Run actions/checkout@34e114876b0b11c390a56381ad16ebd13914f8d5	2026-09-13T19:28:53.9282540Z Temporarily overriding HOME='/Users/runner/work/_temp/6f3cbcbe-cfad-43b6-8364-2cfe3f513ebd' before making global git config changes
phase2-privacy	Run actions/checkout@34e114876b0b11c390a56381ad16ebd13914f8d5	2026-09-13T19:28:53.9283860Z Adding repository directory to the temporary git global config as a safe directory
phase2-privacy	Run actions/checkout@34e114876b0b11c390a56381ad16ebd13914f8d5	2026-09-13T19:28:53.9286050Z [command]/opt/homebrew/bin/git config --global --add safe.directory /Users/runner/work/keepling/keepling
phase2-privacy	Run actions/checkout@34e114876b0b11c390a56381ad16ebd13914f8d5	2026-09-13T19:28:53.9382520Z Deleting the contents of '/Users/runner/work/keepling/keepling'
phase2-privacy	Run actions/checkout@34e114876b0b11c390a56381ad16ebd13914f8d5	2026-09-13T19:28:53.9385480Z ##[group]Initializing the repository
phase2-privacy	Run actions/checkout@34e114876b0b11c390a56381ad16ebd13914f8d5	2026-09-13T19:28:53.9388670Z [command]/opt/homebrew/bin/git init /Users/runner/work/keepling/keepling
phase2-privacy	Run actions/checkout@34e114876b0b11c390a56381ad16ebd13914f8d5	2026-09-13T19:28:53.9563770Z hint: Using 'master' as the name for the initial branch. This default branch name
phase2-privacy	Run actions/checkout@34e114876b0b11c390a56381ad16ebd13914f8d5	2026-09-13T19:28:53.9565170Z hint: will change to "main" in Git 3.0. To configure the initial branch name
phase2-privacy	Run actions/checkout@34e114876b0b11c390a56381ad16ebd13914f8d5	2026-09-13T19:28:53.9566300Z hint: to use in all of your new repositories, which will suppress this warning,
phase2-privacy	Run actions/checkout@34e114876b0b11c390a56381ad16ebd13914f8d5	2026-09-13T19:28:53.9567080Z hint: call:
phase2-privacy	Run actions/checkout@34e114876b0b11c390a56381ad16ebd13914f8d5	2026-09-13T19:28:53.9567600Z hint:
phase2-privacy	Run actions/checkout@34e114876b0b11c390a56381ad16ebd13914f8d5	2026-09-13T19:28:53.9568130Z hint: 	git config --global init.defaultBranch <name>
phase2-privacy	Run actions/checkout@34e114876b0b11c390a56381ad16ebd13914f8d5	2026-09-13T19:28:53.9568820Z hint:
phase2-privacy	Run actions/checkout@34e114876b0b11c390a56381ad16ebd13914f8d5	2026-09-13T19:28:53.9569580Z hint: Names commonly chosen instead of 'master' are 'main', 'trunk' and
phase2-privacy	Run actions/checkout@34e114876b0b11c390a56381ad16ebd13914f8d5	2026-09-13T19:28:53.9570550Z hint: 'development'. The just-created branch can be renamed via this command:
phase2-privacy	Run actions/checkout@34e114876b0b11c390a56381ad16ebd13914f8d5	2026-09-13T19:28:53.9571320Z hint:
phase2-privacy	Run actions/checkout@34e114876b0b11c390a56381ad16ebd13914f8d5	2026-09-13T19:28:53.9571870Z hint: 	git branch -m <name>
phase2-privacy	Run actions/checkout@34e114876b0b11c390a56381ad16ebd13914f8d5	2026-09-13T19:28:53.9572490Z hint:
phase2-privacy	Run actions/checkout@34e114876b0b11c390a56381ad16ebd13914f8d5	2026-09-13T19:28:53.9573200Z hint: Disable this message with "git config set advice.defaultBranchName false"
phase2-privacy	Run actions/checkout@34e114876b0b11c390a56381ad16ebd13914f8d5	2026-09-13T19:28:53.9625530Z Initialized empty Git repository in /Users/runner/work/keepling/keepling/.git/
phase2-privacy	Run actions/checkout@34e114876b0b11c390a56381ad16ebd13914f8d5	2026-09-13T19:28:53.9633310Z [command]/opt/homebrew/bin/git remote add origin https://github.com/szTheory/keepling
phase2-privacy	Run actions/checkout@34e114876b0b11c390a56381ad16ebd13914f8d5	2026-09-13T19:28:53.9880630Z ##[endgroup]
phase2-privacy	Run actions/checkout@34e114876b0b11c390a56381ad16ebd13914f8d5	2026-09-13T19:28:53.9881470Z ##[group]Disabling automatic garbage collection
phase2-privacy	Run actions/checkout@34e114876b0b11c390a56381ad16ebd13914f8d5	2026-09-13T19:28:53.9883410Z [command]/opt/homebrew/bin/git config --local gc.auto 0
phase2-privacy	Run actions/checkout@34e114876b0b11c390a56381ad16ebd13914f8d5	2026-09-13T19:28:53.9959730Z ##[endgroup]
phase2-privacy	Run actions/checkout@34e114876b0b11c390a56381ad16ebd13914f8d5	2026-09-13T19:28:53.9960600Z ##[group]Setting up auth
phase2-privacy	Run actions/checkout@34e114876b0b11c390a56381ad16ebd13914f8d5	2026-09-13T19:28:53.9964050Z [command]/opt/homebrew/bin/git config --local --name-only --get-regexp core\.sshCommand
phase2-privacy	Run actions/checkout@34e114876b0b11c390a56381ad16ebd13914f8d5	2026-09-13T19:28:54.0045000Z [command]/opt/homebrew/bin/git submodule foreach --recursive sh -c "git config --local --name-only --get-regexp 'core\.sshCommand' && git config --local --unset-all 'core.sshCommand' || :"
phase2-privacy	Run actions/checkout@34e114876b0b11c390a56381ad16ebd13914f8d5	2026-09-13T19:28:54.0943560Z [command]/opt/homebrew/bin/git config --local --name-only --get-regexp http\.https\:\/\/github\.com\/\.extraheader
phase2-privacy	Run actions/checkout@34e114876b0b11c390a56381ad16ebd13914f8d5	2026-09-13T19:28:54.1009260Z [command]/opt/homebrew/bin/git submodule foreach --recursive sh -c "git config --local --name-only --get-regexp 'http\.https\:\/\/github\.com\/\.extraheader' && git config --local --unset-all 'http.https://github.com/.extraheader' || :"
phase2-privacy	Run actions/checkout@34e114876b0b11c390a56381ad16ebd13914f8d5	2026-09-13T19:28:54.1743990Z [command]/opt/homebrew/bin/git config --local --name-only --get-regexp ^includeIf\.gitdir:
phase2-privacy	Run actions/checkout@34e114876b0b11c390a56381ad16ebd13914f8d5	2026-09-13T19:28:54.1806950Z [command]/opt/homebrew/bin/git submodule foreach --recursive git config --local --show-origin --name-only --get-regexp remote.origin.url
phase2-privacy	Run actions/checkout@34e114876b0b11c390a56381ad16ebd13914f8d5	2026-09-13T19:28:54.3072590Z [command]/opt/homebrew/bin/git config --local http.https://github.com/.extraheader AUTHORIZATION: basic ***
phase2-privacy	Run actions/checkout@34e114876b0b11c390a56381ad16ebd13914f8d5	2026-09-13T19:28:54.3075250Z ##[endgroup]
phase2-privacy	Run actions/checkout@34e114876b0b11c390a56381ad16ebd13914f8d5	2026-09-13T19:28:54.3076730Z ##[group]Fetching the repository
phase2-privacy	Run actions/checkout@34e114876b0b11c390a56381ad16ebd13914f8d5	2026-09-13T19:28:54.3078030Z [command]/opt/homebrew/bin/git -c protocol.version=2 fetch --no-tags --prune --no-recurse-submodules --depth=1 origin +c2e4ce37ff0ca2c27067b098c2cfbdc59155ba96:refs/remotes/origin/main
phase2-privacy	Run actions/checkout@34e114876b0b11c390a56381ad16ebd13914f8d5	2026-09-13T19:28:55.7339760Z From https://github.com/szTheory/keepling
phase2-privacy	Run actions/checkout@34e114876b0b11c390a56381ad16ebd13914f8d5	2026-09-13T19:28:55.7347590Z  * [new ref]         c2e4ce37ff0ca2c27067b098c2cfbdc59155ba96 -> origin/main
phase2-privacy	Run actions/checkout@34e114876b0b11c390a56381ad16ebd13914f8d5	2026-09-13T19:28:55.7369730Z ##[endgroup]
phase2-privacy	Run actions/checkout@34e114876b0b11c390a56381ad16ebd13914f8d5	2026-09-13T19:28:55.7370540Z ##[group]Determining the checkout info
phase2-privacy	Run actions/checkout@34e114876b0b11c390a56381ad16ebd13914f8d5	2026-09-13T19:28:55.7387520Z ##[endgroup]
phase2-privacy	Run actions/checkout@34e114876b0b11c390a56381ad16ebd13914f8d5	2026-09-13T19:28:55.7388090Z [command]/opt/homebrew/bin/git sparse-checkout disable
phase2-privacy	Run actions/checkout@34e114876b0b11c390a56381ad16ebd13914f8d5	2026-09-13T19:28:55.7417500Z [command]/opt/homebrew/bin/git config --local --unset-all extensions.worktreeConfig
phase2-privacy	Run actions/checkout@34e114876b0b11c390a56381ad16ebd13914f8d5	2026-09-13T19:28:55.7465820Z ##[group]Checking out the ref
phase2-privacy	Run actions/checkout@34e114876b0b11c390a56381ad16ebd13914f8d5	2026-09-13T19:28:55.7468400Z [command]/opt/homebrew/bin/git checkout --progress --force -B main refs/remotes/origin/main
phase2-privacy	Run actions/checkout@34e114876b0b11c390a56381ad16ebd13914f8d5	2026-09-13T19:28:55.9135860Z Switched to a new branch 'main'
phase2-privacy	Run actions/checkout@34e114876b0b11c390a56381ad16ebd13914f8d5	2026-09-13T19:28:55.9155950Z branch 'main' set up to track 'origin/main'.
phase2-privacy	Run actions/checkout@34e114876b0b11c390a56381ad16ebd13914f8d5	2026-09-13T19:28:55.9161150Z ##[endgroup]
phase2-privacy	Run actions/checkout@34e114876b0b11c390a56381ad16ebd13914f8d5	2026-09-13T19:28:55.9245390Z [command]/opt/homebrew/bin/git log -1 --format=%H
phase2-privacy	Run actions/checkout@34e114876b0b11c390a56381ad16ebd13914f8d5	2026-09-13T19:28:55.9295710Z c2e4ce37ff0ca2c27067b098c2cfbdc59155ba96
phase2-privacy	Run actions/setup-node@49933ea5288caeca8642d1e84afbd3f7d6820020	﻿2026-09-13T19:28:55.9498190Z Node 20 is being deprecated. This workflow is running with Node 24 by default. If you need to temporarily use Node 20, you can set the ACTIONS_ALLOW_USE_UNSECURE_NODE_VERSION=true environment variable. For more information see: https://github.blog/changelog/2025-09-19-deprecation-of-node-20-on-github-actions-runners/
phase2-privacy	Run actions/setup-node@49933ea5288caeca8642d1e84afbd3f7d6820020	2026-09-13T19:28:55.9499560Z ##[group]Run actions/setup-node@49933ea5288caeca8642d1e84afbd3f7d6820020
phase2-privacy	Run actions/setup-node@49933ea5288caeca8642d1e84afbd3f7d6820020	2026-09-13T19:28:55.9499880Z with:
phase2-privacy	Run actions/setup-node@49933ea5288caeca8642d1e84afbd3f7d6820020	2026-09-13T19:28:55.9500060Z   node-version: 24.7.0
phase2-privacy	Run actions/setup-node@49933ea5288caeca8642d1e84afbd3f7d6820020	2026-09-13T19:28:55.9500260Z   always-auth: false
phase2-privacy	Run actions/setup-node@49933ea5288caeca8642d1e84afbd3f7d6820020	2026-09-13T19:28:55.9500450Z   check-latest: false
phase2-privacy	Run actions/setup-node@49933ea5288caeca8642d1e84afbd3f7d6820020	2026-09-13T19:28:55.9502550Z   token: ***
phase2-privacy	Run actions/setup-node@49933ea5288caeca8642d1e84afbd3f7d6820020	2026-09-13T19:28:55.9502720Z env:
phase2-privacy	Run actions/setup-node@49933ea5288caeca8642d1e84afbd3f7d6820020	2026-09-13T19:28:55.9502900Z   KEEPLING_PHASE2_SEED: 20260901
phase2-privacy	Run actions/setup-node@49933ea5288caeca8642d1e84afbd3f7d6820020	2026-09-13T19:28:55.9503220Z   KEEPLING_FLAKE_POLICY: no-retry; quarantine-requires-owner-issue-expiry
phase2-privacy	Run actions/setup-node@49933ea5288caeca8642d1e84afbd3f7d6820020	2026-09-13T19:28:55.9503560Z ##[endgroup]
phase2-privacy	Run actions/setup-node@49933ea5288caeca8642d1e84afbd3f7d6820020	2026-09-13T19:28:56.0588350Z Attempting to download 24.7.0...
phase2-privacy	Run actions/setup-node@49933ea5288caeca8642d1e84afbd3f7d6820020	2026-09-13T19:28:56.0735990Z (node:3709) [DEP0040] DeprecationWarning: The `punycode` module is deprecated. Please use a userland alternative instead.
phase2-privacy	Run actions/setup-node@49933ea5288caeca8642d1e84afbd3f7d6820020	2026-09-13T19:28:56.0745070Z (Use `node --trace-deprecation ...` to show where the warning was created)
phase2-privacy	Run actions/setup-node@49933ea5288caeca8642d1e84afbd3f7d6820020	2026-09-13T19:28:57.1036500Z Acquiring 24.7.0 - arm64 from https://github.com/actions/node-versions/releases/download/24.7.0-17283839804/node-24.7.0-darwin-arm64.tar.gz
phase2-privacy	Run actions/setup-node@49933ea5288caeca8642d1e84afbd3f7d6820020	2026-09-13T19:28:57.7604560Z Extracting ...
phase2-privacy	Run actions/setup-node@49933ea5288caeca8642d1e84afbd3f7d6820020	2026-09-13T19:28:57.7708550Z [command]/usr/bin/tar xz --strip 1 -C /Users/runner/work/_temp/6f2b29d4-a1e5-41b5-a7b2-b753f848aedd -f /Users/runner/work/_temp/9b535a93-8ebc-40c5-afb9-4a1d7b8bb4a5
phase2-privacy	Run actions/setup-node@49933ea5288caeca8642d1e84afbd3f7d6820020	2026-09-13T19:28:58.7431530Z Adding to the cache ...
phase2-privacy	Run actions/setup-node@49933ea5288caeca8642d1e84afbd3f7d6820020	2026-09-13T19:29:01.0808920Z ##[group]Environment details
phase2-privacy	Run actions/setup-node@49933ea5288caeca8642d1e84afbd3f7d6820020	2026-09-13T19:29:01.4602280Z node: v24.7.0
phase2-privacy	Run actions/setup-node@49933ea5288caeca8642d1e84afbd3f7d6820020	2026-09-13T19:29:01.4602680Z npm: 11.5.1
phase2-privacy	Run actions/setup-node@49933ea5288caeca8642d1e84afbd3f7d6820020	2026-09-13T19:29:01.4602960Z yarn: 1.22.22
phase2-privacy	Run actions/setup-node@49933ea5288caeca8642d1e84afbd3f7d6820020	2026-09-13T19:29:01.4604030Z ##[endgroup]
phase2-privacy	Run actions/cache@0400d5f644dc74513175e3cd8d07132dd4860809	﻿2026-09-13T19:29:01.7068610Z Node 20 is being deprecated. This workflow is running with Node 24 by default. If you need to temporarily use Node 20, you can set the ACTIONS_ALLOW_USE_UNSECURE_NODE_VERSION=true environment variable. For more information see: https://github.blog/changelog/2025-09-19-deprecation-of-node-20-on-github-actions-runners/
phase2-privacy	Run actions/cache@0400d5f644dc74513175e3cd8d07132dd4860809	2026-09-13T19:29:01.7069740Z ##[group]Run actions/cache@0400d5f644dc74513175e3cd8d07132dd4860809
phase2-privacy	Run actions/cache@0400d5f644dc74513175e3cd8d07132dd4860809	2026-09-13T19:29:01.7070090Z with:
phase2-privacy	Run actions/cache@0400d5f644dc74513175e3cd8d07132dd4860809	2026-09-13T19:29:01.7070310Z   path: ~/.asdf/installs
phase2-privacy	Run actions/cache@0400d5f644dc74513175e3cd8d07132dd4860809	apps/server/deps
phase2-privacy	Run actions/cache@0400d5f644dc74513175e3cd8d07132dd4860809	apps/server/_build
phase2-privacy	Run actions/cache@0400d5f644dc74513175e3cd8d07132dd4860809	node_modules
phase2-privacy	Run actions/cache@0400d5f644dc74513175e3cd8d07132dd4860809	
phase2-privacy	Run actions/cache@0400d5f644dc74513175e3cd8d07132dd4860809	2026-09-13T19:29:01.7070750Z   key: phase2-macOS-privacy-45b3b35ef45f5d65ae586b2b25dfb93049c099ec9870f23270bda4b35fe975d3
phase2-privacy	Run actions/cache@0400d5f644dc74513175e3cd8d07132dd4860809	2026-09-13T19:29:01.7071120Z   enableCrossOsArchive: false
phase2-privacy	Run actions/cache@0400d5f644dc74513175e3cd8d07132dd4860809	2026-09-13T19:29:01.7071390Z   fail-on-cache-miss: false
phase2-privacy	Run actions/cache@0400d5f644dc74513175e3cd8d07132dd4860809	2026-09-13T19:29:01.7071560Z   lookup-only: false
phase2-privacy	Run actions/cache@0400d5f644dc74513175e3cd8d07132dd4860809	2026-09-13T19:29:01.7071780Z   save-always: false
phase2-privacy	Run actions/cache@0400d5f644dc74513175e3cd8d07132dd4860809	2026-09-13T19:29:01.7071920Z env:
phase2-privacy	Run actions/cache@0400d5f644dc74513175e3cd8d07132dd4860809	2026-09-13T19:29:01.7072140Z   KEEPLING_PHASE2_SEED: 20260901
phase2-privacy	Run actions/cache@0400d5f644dc74513175e3cd8d07132dd4860809	2026-09-13T19:29:01.7072470Z   KEEPLING_FLAKE_POLICY: no-retry; quarantine-requires-owner-issue-expiry
phase2-privacy	Run actions/cache@0400d5f644dc74513175e3cd8d07132dd4860809	2026-09-13T19:29:01.7072930Z ##[endgroup]
phase2-privacy	Run actions/cache@0400d5f644dc74513175e3cd8d07132dd4860809	2026-09-13T19:29:01.8119240Z (node:3753) [DEP0040] DeprecationWarning: The `punycode` module is deprecated. Please use a userland alternative instead.
phase2-privacy	Run actions/cache@0400d5f644dc74513175e3cd8d07132dd4860809	2026-09-13T19:29:01.8120160Z (Use `node --trace-deprecation ...` to show where the warning was created)
phase2-privacy	Run actions/cache@0400d5f644dc74513175e3cd8d07132dd4860809	2026-09-13T19:29:01.9207820Z Cache hit for: phase2-macOS-privacy-45b3b35ef45f5d65ae586b2b25dfb93049c099ec9870f23270bda4b35fe975d3
phase2-privacy	Run actions/cache@0400d5f644dc74513175e3cd8d07132dd4860809	2026-09-13T19:29:01.9281670Z (node:3753) [DEP0169] DeprecationWarning: `url.parse()` behavior is not standardized and prone to errors that have security implications. Use the WHATWG URL API instead. CVEs are not issued for `url.parse()` vulnerabilities.
phase2-privacy	Run actions/cache@0400d5f644dc74513175e3cd8d07132dd4860809	2026-09-13T19:29:02.9606050Z Received 134217728 of 194499448 (69.0%), 128.0 MBs/sec
phase2-privacy	Run actions/cache@0400d5f644dc74513175e3cd8d07132dd4860809	2026-09-13T19:29:03.3521260Z Received 194499448 of 194499448 (100.0%), 133.3 MBs/sec
phase2-privacy	Run actions/cache@0400d5f644dc74513175e3cd8d07132dd4860809	2026-09-13T19:29:03.3528290Z Cache Size: ~185 MB (194499448 B)
phase2-privacy	Run actions/cache@0400d5f644dc74513175e3cd8d07132dd4860809	2026-09-13T19:29:03.3605680Z [command]/opt/homebrew/bin/gtar -xf /Users/runner/work/_temp/b3df03c7-5556-4d07-90a8-d8e3cca7cc7c/cache.tzst -P -C /Users/runner/work/keepling/keepling --delay-directory-restore --use-compress-program unzstd
phase2-privacy	Run actions/cache@0400d5f644dc74513175e3cd8d07132dd4860809	2026-09-13T19:29:10.9828650Z Cache restored successfully
phase2-privacy	Run actions/cache@0400d5f644dc74513175e3cd8d07132dd4860809	2026-09-13T19:29:11.0087680Z Cache restored from key: phase2-macOS-privacy-45b3b35ef45f5d65ae586b2b25dfb93049c099ec9870f23270bda4b35fe975d3
phase2-privacy	Provision exact repository runtimes	﻿2026-09-13T19:29:11.0247570Z ##[group]Run brew list asdf >/dev/null 2>&1 || brew install asdf
phase2-privacy	Provision exact repository runtimes	2026-09-13T19:29:11.0248170Z ^[[36;1mbrew list asdf >/dev/null 2>&1 || brew install asdf^[[0m
phase2-privacy	Provision exact repository runtimes	2026-09-13T19:29:11.0248640Z ^[[36;1m./tooling/runtime-preflight.sh --provision^[[0m
phase2-privacy	Provision exact repository runtimes	2026-09-13T19:29:11.0248960Z ^[[36;1mcorepack enable^[[0m
phase2-privacy	Provision exact repository runtimes	2026-09-13T19:29:11.0249260Z ^[[36;1mpnpm install --frozen-lockfile^[[0m
phase2-privacy	Provision exact repository runtimes	2026-09-13T19:29:11.0249710Z ^[[36;1m./tooling/runtime-preflight.sh --exec -- sh -c 'cd apps/server && mix deps.get --check-locked'^[[0m
phase2-privacy	Provision exact repository runtimes	2026-09-13T19:29:11.0299270Z shell: /bin/bash -e {0}
phase2-privacy	Provision exact repository runtimes	2026-09-13T19:29:11.0299580Z env:
phase2-privacy	Provision exact repository runtimes	2026-09-13T19:29:11.0299880Z   KEEPLING_PHASE2_SEED: 20260901
phase2-privacy	Provision exact repository runtimes	2026-09-13T19:29:11.0300210Z   KEEPLING_FLAKE_POLICY: no-retry; quarantine-requires-owner-issue-expiry
phase2-privacy	Provision exact repository runtimes	2026-09-13T19:29:11.0300620Z ##[endgroup]
phase2-privacy	Provision exact repository runtimes	2026-09-13T19:29:13.6828550Z ^[[32m==>^[[0m ^[[1mDownloading bottle manifests^[[0m
phase2-privacy	Provision exact repository runtimes	2026-09-13T19:29:13.6934360Z ✔︎ Bottle Manifest asdf (0.20.0)
phase2-privacy	Provision exact repository runtimes	2026-09-13T19:29:13.6936320Z ^[[34m==>^[[0m ^[[1mWould install 1 formula:^[[0m
phase2-privacy	Provision exact repository runtimes	2026-09-13T19:29:13.6937160Z asdf
phase2-privacy	Provision exact repository runtimes	2026-09-13T19:29:13.7257120Z ^[[32m==>^[[0m ^[[1mFetching downloads for: ^[[32masdf^[[39m^[[0m
phase2-privacy	Provision exact repository runtimes	2026-09-13T19:29:14.0522180Z ✔︎ Bottle asdf (0.20.0)
phase2-privacy	Provision exact repository runtimes	2026-09-13T19:29:14.0545000Z ^[[34m==>^[[0m ^[[1mPouring asdf--0.20.0.arm64_sequoia.bottle.tar.gz^[[0m
phase2-privacy	Provision exact repository runtimes	2026-09-13T19:29:14.1565840Z 🍺  /opt/homebrew/Cellar/asdf/0.20.0: 10 files, 4.4MB
phase2-privacy	Provision exact repository runtimes	2026-09-13T19:29:14.1566730Z ^[[32m==>^[[0m ^[[1mCaveats^[[0m
phase2-privacy	Provision exact repository runtimes	2026-09-13T19:29:14.1567240Z Bash completion has been installed to:
phase2-privacy	Provision exact repository runtimes	2026-09-13T19:29:14.1567860Z   /opt/homebrew/etc/bash_completion.d
phase2-privacy	Provision exact repository runtimes	2026-09-13T19:29:17.5852200Z version 29.0.5 of erlang is already installed
phase2-privacy	Provision exact repository runtimes	2026-09-13T19:29:17.5896180Z version 1.20.2-otp-29 of elixir is already installed
phase2-privacy	Provision exact repository runtimes	2026-09-13T19:29:17.9349790Z ^[[32m==>^[[0m ^[[1mDownloading bottle manifests^[[0m
phase2-privacy	Provision exact repository runtimes	2026-09-13T19:29:18.3637820Z ✔︎ Bottle Manifest postgresql@18 (18.6)
phase2-privacy	Provision exact repository runtimes	2026-09-13T19:29:18.3639540Z ^[[34m==>^[[0m ^[[1mWould install 1 formula:^[[0m
phase2-privacy	Provision exact repository runtimes	2026-09-13T19:29:18.3650530Z postgresql@18
phase2-privacy	Provision exact repository runtimes	2026-09-13T19:29:18.4471520Z ^[[32m==>^[[0m ^[[1mFetching downloads for: ^[[32mpostgresql@18^[[39m^[[0m
phase2-privacy	Provision exact repository runtimes	2026-09-13T19:29:19.6659230Z ✔︎ Bottle postgresql@18 (18.6)
phase2-privacy	Provision exact repository runtimes	2026-09-13T19:29:19.6869030Z ^[[34m==>^[[0m ^[[1mPouring postgresql@18--18.6.arm64_sequoia.bottle.tar.gz^[[0m
phase2-privacy	Provision exact repository runtimes	2026-09-13T19:29:22.2443090Z The files belonging to this database system will be owned by user "runner".
phase2-privacy	Provision exact repository runtimes	2026-09-13T19:29:22.2444740Z This user must also own the server process.
phase2-privacy	Provision exact repository runtimes	2026-09-13T19:29:22.2444930Z 
phase2-privacy	Provision exact repository runtimes	2026-09-13T19:29:22.2446060Z The database cluster will be initialized with locale "en_US.UTF-8".
phase2-privacy	Provision exact repository runtimes	2026-09-13T19:29:22.2447750Z The default text search configuration will be set to "english".
phase2-privacy	Provision exact repository runtimes	2026-09-13T19:29:22.2449060Z 
phase2-privacy	Provision exact repository runtimes	2026-09-13T19:29:22.2449300Z Data page checksums are enabled.
phase2-privacy	Provision exact repository runtimes	2026-09-13T19:29:22.2449580Z 
phase2-privacy	Provision exact repository runtimes	2026-09-13T19:29:22.2450030Z fixing permissions on existing directory /opt/homebrew/var/postgresql@18 ... ok
phase2-privacy	Provision exact repository runtimes	2026-09-13T19:29:22.2455020Z creating subdirectories ... ok
phase2-privacy	Provision exact repository runtimes	2026-09-13T19:29:22.2456270Z selecting dynamic shared memory implementation ... posix
phase2-privacy	Provision exact repository runtimes	2026-09-13T19:29:22.2825530Z selecting default "max_connections" ... 100
phase2-privacy	Provision exact repository runtimes	2026-09-13T19:29:22.3005270Z selecting default "shared_buffers" ... 128MB
phase2-privacy	Provision exact repository runtimes	2026-09-13T19:29:22.3027120Z selecting default time zone ... UTC
phase2-privacy	Provision exact repository runtimes	2026-09-13T19:29:22.3036080Z creating configuration files ... ok
phase2-privacy	Provision exact repository runtimes	2026-09-13T19:29:22.4076430Z running bootstrap script ... ok
phase2-privacy	Provision exact repository runtimes	2026-09-13T19:29:22.7602620Z performing post-bootstrap initialization ... ok
phase2-privacy	Provision exact repository runtimes	2026-09-13T19:29:22.7704110Z syncing data to disk ... ok
phase2-privacy	Provision exact repository runtimes	2026-09-13T19:29:22.7706760Z 
phase2-privacy	Provision exact repository runtimes	2026-09-13T19:29:22.7706860Z 
phase2-privacy	Provision exact repository runtimes	2026-09-13T19:29:22.7707240Z Success. You can now start the database server using:
phase2-privacy	Provision exact repository runtimes	2026-09-13T19:29:22.7707470Z 
phase2-privacy	Provision exact repository runtimes	2026-09-13T19:29:22.7707830Z     '/opt/homebrew/Cellar/postgresql@18/18.6/bin/pg_ctl' -D '/opt/homebrew/var/postgresql@18' -l logfile start
phase2-privacy	Provision exact repository runtimes	2026-09-13T19:29:22.7708190Z 
phase2-privacy	Provision exact repository runtimes	2026-09-13T19:29:22.7708460Z initdb: warning: enabling "trust" authentication for local connections
phase2-privacy	Provision exact repository runtimes	2026-09-13T19:29:22.7709360Z initdb: hint: You can change this by editing pg_hba.conf or using the option -A, or --auth-local and --auth-host, the next time you run initdb.
phase2-privacy	Provision exact repository runtimes	2026-09-13T19:29:23.1958110Z 🍺  /opt/homebrew/Cellar/postgresql@18/18.6: 3,873 files, 77.7MB
phase2-privacy	Provision exact repository runtimes	2026-09-13T19:29:23.1962110Z ^[[32m==>^[[0m ^[[1mCaveats^[[0m
phase2-privacy	Provision exact repository runtimes	2026-09-13T19:29:23.1962670Z ^[[34m==>^[[0m ^[[1mpostgresql@18^[[0m
phase2-privacy	Provision exact repository runtimes	2026-09-13T19:29:23.1963260Z This formula has created a default database cluster with:
phase2-privacy	Provision exact repository runtimes	2026-09-13T19:29:23.1963840Z   initdb --locale=en_US.UTF-8 -E UTF-8 /opt/homebrew/var/postgresql@18
phase2-privacy	Provision exact repository runtimes	2026-09-13T19:29:23.1964220Z 
phase2-privacy	Provision exact repository runtimes	2026-09-13T19:29:23.1964590Z When uninstalling, some dead symlinks are left behind so you may want to run:
phase2-privacy	Provision exact repository runtimes	2026-09-13T19:29:23.1965100Z   brew cleanup --prune-prefix
phase2-privacy	Provision exact repository runtimes	2026-09-13T19:29:23.1965280Z 
phase2-privacy	Provision exact repository runtimes	2026-09-13T19:29:23.1965610Z To start postgresql@18 now and restart at login:
phase2-privacy	Provision exact repository runtimes	2026-09-13T19:29:23.1966200Z   brew services start postgresql@18
phase2-privacy	Provision exact repository runtimes	2026-09-13T19:29:23.1966710Z Or, if you don't want/need a background service you can just run:
phase2-privacy	Provision exact repository runtimes	2026-09-13T19:29:23.1967480Z   LC_ALL="en_US.UTF-8" /opt/homebrew/opt/postgresql@18/bin/postgres -D /opt/homebrew/var/postgresql@18
phase2-privacy	Provision exact repository runtimes	2026-09-13T19:29:23.6754010Z Runtime preflight passed: Elixir 1.20.2, OTP 29.0.5, PostgreSQL 18.6
phase2-privacy	Provision exact repository runtimes	2026-09-13T19:29:23.8031120Z ! Corepack is about to download https://registry.npmjs.org/pnpm/-/pnpm-10.33.0.tgz
phase2-privacy	Provision exact repository runtimes	2026-09-13T19:29:24.4974020Z Scope: all 4 workspace projects
phase2-privacy	Provision exact repository runtimes	2026-09-13T19:29:24.5442200Z Lockfile is up to date, resolution step is skipped
phase2-privacy	Provision exact repository runtimes	2026-09-13T19:29:25.0545270Z Progress: resolved 0, reused 0, downloaded 1, added 0
phase2-privacy	Provision exact repository runtimes	2026-09-13T19:29:25.7306520Z Packages: +2 -45
phase2-privacy	Provision exact repository runtimes	2026-09-13T19:29:25.7410220Z ++---------------------------------------------
phase2-privacy	Provision exact repository runtimes	2026-09-13T19:29:26.0703920Z Progress: resolved 0, reused 0, downloaded 20, added 0
phase2-privacy	Provision exact repository runtimes	2026-09-13T19:29:26.8160990Z Progress: resolved 0, reused 0, downloaded 46, added 2, done
phase2-privacy	Provision exact repository runtimes	2026-09-13T19:29:26.9635820Z 
phase2-privacy	Provision exact repository runtimes	2026-09-13T19:29:27.0092750Z Done in 2.7s using pnpm v10.33.0
phase2-privacy	Provision exact repository runtimes	2026-09-13T19:29:27.4359650Z Runtime preflight passed: Elixir 1.20.2, OTP 29.0.5, PostgreSQL 18.6
phase2-privacy	Provision exact repository runtimes	2026-09-13T19:29:28.2543540Z * creating /Users/runner/.mix/archives/hex-2.5.1
phase2-privacy	Provision exact repository runtimes	2026-09-13T19:29:28.6487050Z Resolving Hex dependencies...
phase2-privacy	Provision exact repository runtimes	2026-09-13T19:29:28.7294140Z Resolution completed in 0.079s
phase2-privacy	Provision exact repository runtimes	2026-09-13T19:29:28.7414540Z Unchanged:
phase2-privacy	Provision exact repository runtimes	2026-09-13T19:29:28.7415040Z   argon2_elixir 4.1.3
phase2-privacy	Provision exact repository runtimes	2026-09-13T19:29:28.7420630Z   bandit 1.12.5
phase2-privacy	Provision exact repository runtimes	2026-09-13T19:29:28.7421540Z   certifi 2.17.0
phase2-privacy	Provision exact repository runtimes	2026-09-13T19:29:28.7422240Z   comeonin 5.5.1
phase2-privacy	Provision exact repository runtimes	2026-09-13T19:29:28.7422730Z   db_connection 2.10.2
phase2-privacy	Provision exact repository runtimes	2026-09-13T19:29:28.7422930Z   decimal 3.1.1
phase2-privacy	Provision exact repository runtimes	2026-09-13T19:29:28.7423250Z   dns_cluster 0.2.0
phase2-privacy	Provision exact repository runtimes	2026-09-13T19:29:28.7423520Z   ecto 3.14.2
phase2-privacy	Provision exact repository runtimes	2026-09-13T19:29:28.7423770Z   ecto_sql 3.14.0
phase2-privacy	Provision exact repository runtimes	2026-09-13T19:29:28.7424170Z   elixir_make 0.10.0
phase2-privacy	Provision exact repository runtimes	2026-09-13T19:29:28.7424440Z   expo 1.1.1
phase2-privacy	Provision exact repository runtimes	2026-09-13T19:29:28.7424770Z   gettext 1.0.2
phase2-privacy	Provision exact repository runtimes	2026-09-13T19:29:28.7425450Z   h2 0.12.0
phase2-privacy	Provision exact repository runtimes	2026-09-13T19:29:28.7425810Z   hackney 4.7.4
phase2-privacy	Provision exact repository runtimes	2026-09-13T19:29:28.7426070Z   hammer 7.4.1
phase2-privacy	Provision exact repository runtimes	2026-09-13T19:29:28.7426490Z   hex_core 0.15.0
phase2-privacy	Provision exact repository runtimes	2026-09-13T19:29:28.7426790Z   hpax 1.0.4
phase2-privacy	Provision exact repository runtimes	2026-09-13T19:29:28.7427010Z   idna 7.1.0
phase2-privacy	Provision exact repository runtimes	2026-09-13T19:29:28.7427790Z   jason 1.4.5
phase2-privacy	Provision exact repository runtimes	2026-09-13T19:29:28.7428020Z   mime 2.0.7
phase2-privacy	Provision exact repository runtimes	2026-09-13T19:29:28.7428180Z   mimerl 1.5.0
phase2-privacy	Provision exact repository runtimes	2026-09-13T19:29:28.7428530Z   optimus 0.6.1
phase2-privacy	Provision exact repository runtimes	2026-09-13T19:29:28.7428850Z   parse_trans 3.4.2
phase2-privacy	Provision exact repository runtimes	2026-09-13T19:29:28.7429210Z   phoenix 1.8.13
phase2-privacy	Provision exact repository runtimes	2026-09-13T19:29:28.7429530Z   phoenix_ecto 4.7.0
phase2-privacy	Provision exact repository runtimes	2026-09-13T19:29:28.7429960Z   phoenix_pubsub 2.3.0
phase2-privacy	Provision exact repository runtimes	2026-09-13T19:29:28.7430360Z   phoenix_template 1.0.4
phase2-privacy	Provision exact repository runtimes	2026-09-13T19:29:28.7430650Z   plug 1.20.3
phase2-privacy	Provision exact repository runtimes	2026-09-13T19:29:28.7431050Z   plug_crypto 2.2.0
phase2-privacy	Provision exact repository runtimes	2026-09-13T19:29:28.7431320Z   postgrex 0.22.4
phase2-privacy	Provision exact repository runtimes	2026-09-13T19:29:28.7431720Z   protobuf 0.16.1
phase2-privacy	Provision exact repository runtimes	2026-09-13T19:29:28.7432070Z   purl 0.3.0
phase2-privacy	Provision exact repository runtimes	2026-09-13T19:29:28.7432380Z   quic 1.8.2
phase2-privacy	Provision exact repository runtimes	2026-09-13T19:29:28.7432650Z   sbom 0.10.0
phase2-privacy	Provision exact repository runtimes	2026-09-13T19:29:28.7433000Z   ssl_verify_fun 1.1.7
phase2-privacy	Provision exact repository runtimes	2026-09-13T19:29:28.7433210Z   stream_data 1.4.0
phase2-privacy	Provision exact repository runtimes	2026-09-13T19:29:28.7433480Z   telemetry 1.4.2
phase2-privacy	Provision exact repository runtimes	2026-09-13T19:29:28.7433970Z   telemetry_metrics 1.2.0
phase2-privacy	Provision exact repository runtimes	2026-09-13T19:29:28.7434170Z   telemetry_poller 1.3.0
phase2-privacy	Provision exact repository runtimes	2026-09-13T19:29:28.7434530Z   thousand_island 1.5.0
phase2-privacy	Provision exact repository runtimes	2026-09-13T19:29:28.7434860Z   tzdata 1.1.5
phase2-privacy	Provision exact repository runtimes	2026-09-13T19:29:28.7438650Z   websock 0.5.3
phase2-privacy	Provision exact repository runtimes	2026-09-13T19:29:28.7438970Z   websock_adapter 0.6.0
phase2-privacy	Provision exact repository runtimes	2026-09-13T19:29:28.7439150Z   webtransport 0.4.5
phase2-privacy	Provision exact repository runtimes	2026-09-13T19:29:28.8583580Z * creating /Users/runner/.mix/elixir/1-20-otp-29/rebar3
phase2-privacy	Provision exact repository runtimes	2026-09-13T19:29:28.8736620Z All dependencies have been fetched
phase2-privacy	Run exact Phase 2 lane	﻿2026-09-13T19:29:28.8973930Z ##[group]Run set -o pipefail
phase2-privacy	Run exact Phase 2 lane	2026-09-13T19:29:28.8974310Z ^[[36;1mset -o pipefail^[[0m
phase2-privacy	Run exact Phase 2 lane	2026-09-13T19:29:28.8974650Z ^[[36;1m./tooling/test-phase-2.sh --lane "privacy" | tee "$RUNNER_TEMP/privacy.txt"^[[0m
phase2-privacy	Run exact Phase 2 lane	2026-09-13T19:29:28.8975240Z ^[[36;1m./tooling/verify-privacy.sh "$RUNNER_TEMP/privacy.txt"^[[0m
phase2-privacy	Run exact Phase 2 lane	2026-09-13T19:29:28.9016980Z shell: /bin/bash -e {0}
phase2-privacy	Run exact Phase 2 lane	2026-09-13T19:29:28.9017200Z env:
phase2-privacy	Run exact Phase 2 lane	2026-09-13T19:29:28.9017370Z   KEEPLING_PHASE2_SEED: 20260901
phase2-privacy	Run exact Phase 2 lane	2026-09-13T19:29:28.9017700Z   KEEPLING_FLAKE_POLICY: no-retry; quarantine-requires-owner-issue-expiry
phase2-privacy	Run exact Phase 2 lane	2026-09-13T19:29:28.9018040Z ##[endgroup]
phase2-privacy	Run exact Phase 2 lane	2026-09-13T19:29:30.8507100Z Runtime preflight passed: Elixir 1.20.2, OTP 29.0.5, PostgreSQL 18.6
phase2-privacy	Run exact Phase 2 lane	2026-09-13T19:29:31.0824760Z lane=privacy status=RUNNING command=mix test telemetry_redaction_test.exs ops_redaction_test.exs && verify-privacy.sh --self-test cases=17 seed=20260901 inputs_sha256=c6edd21e23c46a55d10b4ef943b72e5aea08d99b5e79ddde03b4e4ec6720fa97
phase2-privacy	Run exact Phase 2 lane	2026-09-13T19:29:33.3242730Z lane=privacy status=PASS command=mix test telemetry_redaction_test.exs ops_redaction_test.exs && verify-privacy.sh --self-test cases=17 seed=20260901 elapsed_ms=2226 inputs_sha256=c6edd21e23c46a55d10b4ef943b72e5aea08d99b5e79ddde03b4e4ec6720fa97
phase2-privacy	Run exact Phase 2 lane	2026-09-13T19:29:34.0087050Z Privacy verification passed: artifacts=1 sentinels=7
phase2-privacy	Run actions/upload-artifact@ea165f8d65b6e75b540449e92b4886f43607fa02	﻿2026-09-13T19:29:34.0203670Z Node 20 is being deprecated. This workflow is running with Node 24 by default. If you need to temporarily use Node 20, you can set the ACTIONS_ALLOW_USE_UNSECURE_NODE_VERSION=true environment variable. For more information see: https://github.blog/changelog/2025-09-19-deprecation-of-node-20-on-github-actions-runners/
phase2-privacy	Run actions/upload-artifact@ea165f8d65b6e75b540449e92b4886f43607fa02	2026-09-13T19:29:34.0204750Z ##[group]Run actions/upload-artifact@ea165f8d65b6e75b540449e92b4886f43607fa02
phase2-privacy	Run actions/upload-artifact@ea165f8d65b6e75b540449e92b4886f43607fa02	2026-09-13T19:29:34.0205050Z with:
phase2-privacy	Run actions/upload-artifact@ea165f8d65b6e75b540449e92b4886f43607fa02	2026-09-13T19:29:34.0205220Z   name: phase2-privacy-timing
phase2-privacy	Run actions/upload-artifact@ea165f8d65b6e75b540449e92b4886f43607fa02	2026-09-13T19:29:34.0205510Z   path: /Users/runner/work/_temp/privacy.txt
phase2-privacy	Run actions/upload-artifact@ea165f8d65b6e75b540449e92b4886f43607fa02	2026-09-13T19:29:34.0205730Z   if-no-files-found: error
phase2-privacy	Run actions/upload-artifact@ea165f8d65b6e75b540449e92b4886f43607fa02	2026-09-13T19:29:34.0205900Z   retention-days: 14
phase2-privacy	Run actions/upload-artifact@ea165f8d65b6e75b540449e92b4886f43607fa02	2026-09-13T19:29:34.0206050Z   compression-level: 6
phase2-privacy	Run actions/upload-artifact@ea165f8d65b6e75b540449e92b4886f43607fa02	2026-09-13T19:29:34.0206200Z   overwrite: false
phase2-privacy	Run actions/upload-artifact@ea165f8d65b6e75b540449e92b4886f43607fa02	2026-09-13T19:29:34.0206370Z   include-hidden-files: false
phase2-privacy	Run actions/upload-artifact@ea165f8d65b6e75b540449e92b4886f43607fa02	2026-09-13T19:29:34.0206540Z env:
phase2-privacy	Run actions/upload-artifact@ea165f8d65b6e75b540449e92b4886f43607fa02	2026-09-13T19:29:34.0206680Z   KEEPLING_PHASE2_SEED: 20260901
phase2-privacy	Run actions/upload-artifact@ea165f8d65b6e75b540449e92b4886f43607fa02	2026-09-13T19:29:34.0206960Z   KEEPLING_FLAKE_POLICY: no-retry; quarantine-requires-owner-issue-expiry
phase2-privacy	Run actions/upload-artifact@ea165f8d65b6e75b540449e92b4886f43607fa02	2026-09-13T19:29:34.0207290Z ##[endgroup]
phase2-privacy	Run actions/upload-artifact@ea165f8d65b6e75b540449e92b4886f43607fa02	2026-09-13T19:29:34.1622860Z (node:5315) [DEP0040] DeprecationWarning: The `punycode` module is deprecated. Please use a userland alternative instead.
phase2-privacy	Run actions/upload-artifact@ea165f8d65b6e75b540449e92b4886f43607fa02	2026-09-13T19:29:34.1623620Z (Use `node --trace-deprecation ...` to show where the warning was created)
phase2-privacy	Run actions/upload-artifact@ea165f8d65b6e75b540449e92b4886f43607fa02	2026-09-13T19:29:34.1645000Z With the provided path, there will be 1 file uploaded
phase2-privacy	Run actions/upload-artifact@ea165f8d65b6e75b540449e92b4886f43607fa02	2026-09-13T19:29:34.1647140Z Artifact name is valid!
phase2-privacy	Run actions/upload-artifact@ea165f8d65b6e75b540449e92b4886f43607fa02	2026-09-13T19:29:34.1647530Z Root directory input is valid!
phase2-privacy	Run actions/upload-artifact@ea165f8d65b6e75b540449e92b4886f43607fa02	2026-09-13T19:29:34.3595840Z (node:5315) [DEP0169] DeprecationWarning: `url.parse()` behavior is not standardized and prone to errors that have security implications. Use the WHATWG URL API instead. CVEs are not issued for `url.parse()` vulnerabilities.
phase2-privacy	Run actions/upload-artifact@ea165f8d65b6e75b540449e92b4886f43607fa02	2026-09-13T19:29:34.3599140Z Beginning upload of artifact content to blob storage
phase2-privacy	Run actions/upload-artifact@ea165f8d65b6e75b540449e92b4886f43607fa02	2026-09-13T19:29:34.3776610Z Uploaded bytes 389
phase2-privacy	Run actions/upload-artifact@ea165f8d65b6e75b540449e92b4886f43607fa02	2026-09-13T19:29:34.3889670Z Finished uploading artifact content to blob storage!
phase2-privacy	Run actions/upload-artifact@ea165f8d65b6e75b540449e92b4886f43607fa02	2026-09-13T19:29:34.3890310Z SHA256 digest of uploaded artifact zip is b0d64c40c0831c81f5653b557524cfe0224ffeb1119d1c01bb2ef8fd435e89db
phase2-privacy	Run actions/upload-artifact@ea165f8d65b6e75b540449e92b4886f43607fa02	2026-09-13T19:29:34.3890830Z Finalizing artifact upload
phase2-privacy	Run actions/upload-artifact@ea165f8d65b6e75b540449e92b4886f43607fa02	2026-09-13T19:29:34.6109570Z Artifact phase2-privacy-timing.zip successfully finalized. Artifact ID 10323772634
phase2-privacy	Run actions/upload-artifact@ea165f8d65b6e75b540449e92b4886f43607fa02	2026-09-13T19:29:34.6110420Z Artifact phase2-privacy-timing has been successfully uploaded! Final size is 389 bytes. Artifact ID is 10323772634
phase2-privacy	Run actions/upload-artifact@ea165f8d65b6e75b540449e92b4886f43607fa02	2026-09-13T19:29:34.6111240Z Artifact download URL: https://github.com/szTheory/keepling/actions/runs/34777805271/artifacts/10323772634
phase2-privacy	Post Run actions/cache@0400d5f644dc74513175e3cd8d07132dd4860809	﻿2026-09-13T19:29:34.7153880Z Node 20 is being deprecated. This workflow is running with Node 24 by default. If you need to temporarily use Node 20, you can set the ACTIONS_ALLOW_USE_UNSECURE_NODE_VERSION=true environment variable. For more information see: https://github.blog/changelog/2025-09-19-deprecation-of-node-20-on-github-actions-runners/
phase2-privacy	Post Run actions/cache@0400d5f644dc74513175e3cd8d07132dd4860809	2026-09-13T19:29:34.7154890Z Post job cleanup.
phase2-privacy	Post Run actions/cache@0400d5f644dc74513175e3cd8d07132dd4860809	2026-09-13T19:29:34.8111290Z Cache hit occurred on the primary key phase2-macOS-privacy-45b3b35ef45f5d65ae586b2b25dfb93049c099ec9870f23270bda4b35fe975d3, not saving cache.
phase2-privacy	Post Run actions/cache@0400d5f644dc74513175e3cd8d07132dd4860809	2026-09-13T19:29:34.8112550Z (node:5317) [DEP0040] DeprecationWarning: The `punycode` module is deprecated. Please use a userland alternative instead.
phase2-privacy	Post Run actions/cache@0400d5f644dc74513175e3cd8d07132dd4860809	2026-09-13T19:29:34.8113240Z (Use `node --trace-deprecation ...` to show where the warning was created)
phase2-privacy	Post Run actions/setup-node@49933ea5288caeca8642d1e84afbd3f7d6820020	﻿2026-09-13T19:29:34.8193370Z Node 20 is being deprecated. This workflow is running with Node 24 by default. If you need to temporarily use Node 20, you can set the ACTIONS_ALLOW_USE_UNSECURE_NODE_VERSION=true environment variable. For more information see: https://github.blog/changelog/2025-09-19-deprecation-of-node-20-on-github-actions-runners/
phase2-privacy	Post Run actions/setup-node@49933ea5288caeca8642d1e84afbd3f7d6820020	2026-09-13T19:29:34.8194300Z Post job cleanup.
phase2-privacy	Post Run actions/setup-node@49933ea5288caeca8642d1e84afbd3f7d6820020	2026-09-13T19:29:34.9169930Z (node:5318) [DEP0040] DeprecationWarning: The `punycode` module is deprecated. Please use a userland alternative instead.
phase2-privacy	Post Run actions/setup-node@49933ea5288caeca8642d1e84afbd3f7d6820020	2026-09-13T19:29:34.9170780Z (Use `node --trace-deprecation ...` to show where the warning was created)
phase2-privacy	Post Run actions/checkout@34e114876b0b11c390a56381ad16ebd13914f8d5	﻿2026-09-13T19:29:34.9257050Z Node 20 is being deprecated. This workflow is running with Node 24 by default. If you need to temporarily use Node 20, you can set the ACTIONS_ALLOW_USE_UNSECURE_NODE_VERSION=true environment variable. For more information see: https://github.blog/changelog/2025-09-19-deprecation-of-node-20-on-github-actions-runners/
phase2-privacy	Post Run actions/checkout@34e114876b0b11c390a56381ad16ebd13914f8d5	2026-09-13T19:29:34.9258050Z Post job cleanup.
phase2-privacy	Post Run actions/checkout@34e114876b0b11c390a56381ad16ebd13914f8d5	2026-09-13T19:29:35.0049940Z [command]/opt/homebrew/bin/git version
phase2-privacy	Post Run actions/checkout@34e114876b0b11c390a56381ad16ebd13914f8d5	2026-09-13T19:29:35.0101140Z git version 2.55.0
phase2-privacy	Post Run actions/checkout@34e114876b0b11c390a56381ad16ebd13914f8d5	2026-09-13T19:29:35.0117120Z Copying '/Users/runner/.gitconfig' to '/Users/runner/work/_temp/e607f6d3-2a92-45c9-8fbe-96438af62714/.gitconfig'
phase2-privacy	Post Run actions/checkout@34e114876b0b11c390a56381ad16ebd13914f8d5	2026-09-13T19:29:35.0123430Z Temporarily overriding HOME='/Users/runner/work/_temp/e607f6d3-2a92-45c9-8fbe-96438af62714' before making global git config changes
phase2-privacy	Post Run actions/checkout@34e114876b0b11c390a56381ad16ebd13914f8d5	2026-09-13T19:29:35.0124210Z Adding repository directory to the temporary git global config as a safe directory
phase2-privacy	Post Run actions/checkout@34e114876b0b11c390a56381ad16ebd13914f8d5	2026-09-13T19:29:35.0127010Z [command]/opt/homebrew/bin/git config --global --add safe.directory /Users/runner/work/keepling/keepling
phase2-privacy	Post Run actions/checkout@34e114876b0b11c390a56381ad16ebd13914f8d5	2026-09-13T19:29:35.0183570Z [command]/opt/homebrew/bin/git config --local --name-only --get-regexp core\.sshCommand
phase2-privacy	Post Run actions/checkout@34e114876b0b11c390a56381ad16ebd13914f8d5	2026-09-13T19:29:35.0228980Z [command]/opt/homebrew/bin/git submodule foreach --recursive sh -c "git config --local --name-only --get-regexp 'core\.sshCommand' && git config --local --unset-all 'core.sshCommand' || :"
phase2-privacy	Post Run actions/checkout@34e114876b0b11c390a56381ad16ebd13914f8d5	2026-09-13T19:29:35.0875690Z [command]/opt/homebrew/bin/git config --local --name-only --get-regexp http\.https\:\/\/github\.com\/\.extraheader
phase2-privacy	Post Run actions/checkout@34e114876b0b11c390a56381ad16ebd13914f8d5	2026-09-13T19:29:35.0919540Z http.https://github.com/.extraheader
phase2-privacy	Post Run actions/checkout@34e114876b0b11c390a56381ad16ebd13914f8d5	2026-09-13T19:29:35.0924770Z [command]/opt/homebrew/bin/git config --local --unset-all http.https://github.com/.extraheader
phase2-privacy	Post Run actions/checkout@34e114876b0b11c390a56381ad16ebd13914f8d5	2026-09-13T19:29:35.0992090Z [command]/opt/homebrew/bin/git submodule foreach --recursive sh -c "git config --local --name-only --get-regexp 'http\.https\:\/\/github\.com\/\.extraheader' && git config --local --unset-all 'http.https://github.com/.extraheader' || :"
phase2-privacy	Post Run actions/checkout@34e114876b0b11c390a56381ad16ebd13914f8d5	2026-09-13T19:29:35.1593440Z [command]/opt/homebrew/bin/git config --local --name-only --get-regexp ^includeIf\.gitdir:
phase2-privacy	Post Run actions/checkout@34e114876b0b11c390a56381ad16ebd13914f8d5	2026-09-13T19:29:35.1640120Z [command]/opt/homebrew/bin/git submodule foreach --recursive git config --local --show-origin --name-only --get-regexp remote.origin.url
phase2-privacy	Complete job	﻿2026-09-13T19:29:35.2643350Z Cleaning up orphan processes
phase2-privacy	Complete job	2026-09-13T19:29:36.0162580Z ##[warning]Node.js 20 is deprecated. The following actions target Node.js 20 but are being forced to run on Node.js 24: actions/cache@0400d5f644dc74513175e3cd8d07132dd4860809, actions/checkout@34e114876b0b11c390a56381ad16ebd13914f8d5, actions/setup-node@49933ea5288caeca8642d1e84afbd3f7d6820020, actions/upload-artifact@ea165f8d65b6e75b540449e92b4886f43607fa02. For more information see: https://github.blog/changelog/2025-09-19-deprecation-of-node-20-on-github-actions-runners/
repository-integrity	Set up job	﻿2026-09-13T19:28:50.6681219Z Current runner version: '2.337.0'
repository-integrity	Set up job	2026-09-13T19:28:50.6696191Z ##[group]Runner Image Provisioner
repository-integrity	Set up job	2026-09-13T19:28:50.6696702Z Hosted Compute Agent
repository-integrity	Set up job	2026-09-13T19:28:50.6697086Z Version: 20260828.587
repository-integrity	Set up job	2026-09-13T19:28:50.6697489Z Commit: abac92662cab4cc7352de4f9f9d2e2419aad9c29
repository-integrity	Set up job	2026-09-13T19:28:50.6698077Z Build Date: 2026-08-28T16:44:25Z
repository-integrity	Set up job	2026-09-13T19:28:50.6698628Z Worker ID: {53b8b51d-0884-40e7-8387-118bb87b7611}
repository-integrity	Set up job	2026-09-13T19:28:50.6699029Z Azure Region: westus2
repository-integrity	Set up job	2026-09-13T19:28:50.6699380Z ##[endgroup]
repository-integrity	Set up job	2026-09-13T19:28:50.6700228Z ##[group]Operating System
repository-integrity	Set up job	2026-09-13T19:28:50.6700578Z Ubuntu
repository-integrity	Set up job	2026-09-13T19:28:50.6700946Z 24.04.5
repository-integrity	Set up job	2026-09-13T19:28:50.6701243Z LTS
repository-integrity	Set up job	2026-09-13T19:28:50.6701533Z ##[endgroup]
repository-integrity	Set up job	2026-09-13T19:28:50.6701921Z ##[group]Runner Image
repository-integrity	Set up job	2026-09-13T19:28:50.6702263Z Image: ubuntu-24.04
repository-integrity	Set up job	2026-09-13T19:28:50.6702649Z Version: 20260907.300.1
repository-integrity	Set up job	2026-09-13T19:28:50.6703235Z Included Software: https://github.com/actions/runner-images/blob/ubuntu24/20260907.300/images/ubuntu/Ubuntu2404-Readme.md
repository-integrity	Set up job	2026-09-13T19:28:50.6704218Z Image Release: https://github.com/actions/runner-images/releases/tag/ubuntu24%2F20260907.300
repository-integrity	Set up job	2026-09-13T19:28:50.6704752Z ##[endgroup]
repository-integrity	Set up job	2026-09-13T19:28:50.6705638Z ##[group]GITHUB_TOKEN Permissions
repository-integrity	Set up job	2026-09-13T19:28:50.6706880Z Contents: read
repository-integrity	Set up job	2026-09-13T19:28:50.6707255Z Metadata: read
repository-integrity	Set up job	2026-09-13T19:28:50.6707576Z ##[endgroup]
repository-integrity	Set up job	2026-09-13T19:28:50.6708926Z Secret source: Actions
repository-integrity	Set up job	2026-09-13T19:28:50.6709522Z Cache mode: write
repository-integrity	Set up job	2026-09-13T19:28:50.6709916Z Prepare workflow directory
repository-integrity	Set up job	2026-09-13T19:28:50.6928632Z Prepare all required actions
repository-integrity	Set up job	2026-09-13T19:28:50.6957173Z Getting action download info
repository-integrity	Set up job	2026-09-13T19:28:51.0278252Z Download action repository 'actions/checkout@34e114876b0b11c390a56381ad16ebd13914f8d5' (SHA:34e114876b0b11c390a56381ad16ebd13914f8d5)
repository-integrity	Set up job	2026-09-13T19:28:51.1957125Z Download action repository 'actions/upload-artifact@ea165f8d65b6e75b540449e92b4886f43607fa02' (SHA:ea165f8d65b6e75b540449e92b4886f43607fa02)
repository-integrity	Set up job	2026-09-13T19:28:51.4100004Z Complete job name: repository-integrity
repository-integrity	Run actions/checkout@34e114876b0b11c390a56381ad16ebd13914f8d5	﻿2026-09-13T19:28:51.4499537Z Node 20 is being deprecated. This workflow is running with Node 24 by default. If you need to temporarily use Node 20, you can set the ACTIONS_ALLOW_USE_UNSECURE_NODE_VERSION=true environment variable. For more information see: https://github.blog/changelog/2025-09-19-deprecation-of-node-20-on-github-actions-runners/
repository-integrity	Run actions/checkout@34e114876b0b11c390a56381ad16ebd13914f8d5	2026-09-13T19:28:51.4504195Z ##[group]Run actions/checkout@34e114876b0b11c390a56381ad16ebd13914f8d5
repository-integrity	Run actions/checkout@34e114876b0b11c390a56381ad16ebd13914f8d5	2026-09-13T19:28:51.4504629Z with:
repository-integrity	Run actions/checkout@34e114876b0b11c390a56381ad16ebd13914f8d5	2026-09-13T19:28:51.4504863Z   repository: szTheory/keepling
repository-integrity	Run actions/checkout@34e114876b0b11c390a56381ad16ebd13914f8d5	2026-09-13T19:28:51.4506793Z   token: ***
repository-integrity	Run actions/checkout@34e114876b0b11c390a56381ad16ebd13914f8d5	2026-09-13T19:28:51.4507023Z   ssh-strict: true
repository-integrity	Run actions/checkout@34e114876b0b11c390a56381ad16ebd13914f8d5	2026-09-13T19:28:51.4507252Z   ssh-user: git
repository-integrity	Run actions/checkout@34e114876b0b11c390a56381ad16ebd13914f8d5	2026-09-13T19:28:51.4507491Z   persist-credentials: true
repository-integrity	Run actions/checkout@34e114876b0b11c390a56381ad16ebd13914f8d5	2026-09-13T19:28:51.4507747Z   clean: true
repository-integrity	Run actions/checkout@34e114876b0b11c390a56381ad16ebd13914f8d5	2026-09-13T19:28:51.4508174Z   sparse-checkout-cone-mode: true
repository-integrity	Run actions/checkout@34e114876b0b11c390a56381ad16ebd13914f8d5	2026-09-13T19:28:51.4508447Z   fetch-depth: 1
repository-integrity	Run actions/checkout@34e114876b0b11c390a56381ad16ebd13914f8d5	2026-09-13T19:28:51.4508675Z   fetch-tags: false
repository-integrity	Run actions/checkout@34e114876b0b11c390a56381ad16ebd13914f8d5	2026-09-13T19:28:51.4508910Z   show-progress: true
repository-integrity	Run actions/checkout@34e114876b0b11c390a56381ad16ebd13914f8d5	2026-09-13T19:28:51.4509146Z   lfs: false
repository-integrity	Run actions/checkout@34e114876b0b11c390a56381ad16ebd13914f8d5	2026-09-13T19:28:51.4509395Z   submodules: false
repository-integrity	Run actions/checkout@34e114876b0b11c390a56381ad16ebd13914f8d5	2026-09-13T19:28:51.4509633Z   set-safe-directory: true
repository-integrity	Run actions/checkout@34e114876b0b11c390a56381ad16ebd13914f8d5	2026-09-13T19:28:51.4509959Z env:
repository-integrity	Run actions/checkout@34e114876b0b11c390a56381ad16ebd13914f8d5	2026-09-13T19:28:51.4510184Z   KEEPLING_PHASE2_SEED: 20260901
repository-integrity	Run actions/checkout@34e114876b0b11c390a56381ad16ebd13914f8d5	2026-09-13T19:28:51.4510554Z   KEEPLING_FLAKE_POLICY: no-retry; quarantine-requires-owner-issue-expiry
repository-integrity	Run actions/checkout@34e114876b0b11c390a56381ad16ebd13914f8d5	2026-09-13T19:28:51.4510940Z ##[endgroup]
repository-integrity	Run actions/checkout@34e114876b0b11c390a56381ad16ebd13914f8d5	2026-09-13T19:28:51.5107839Z Syncing repository: szTheory/keepling
repository-integrity	Run actions/checkout@34e114876b0b11c390a56381ad16ebd13914f8d5	2026-09-13T19:28:51.5109473Z ##[group]Getting Git version info
repository-integrity	Run actions/checkout@34e114876b0b11c390a56381ad16ebd13914f8d5	2026-09-13T19:28:51.5109836Z Working directory is '/home/runner/work/keepling/keepling'
repository-integrity	Run actions/checkout@34e114876b0b11c390a56381ad16ebd13914f8d5	2026-09-13T19:28:51.5110375Z [command]/usr/bin/git version
repository-integrity	Run actions/checkout@34e114876b0b11c390a56381ad16ebd13914f8d5	2026-09-13T19:28:51.5486998Z git version 2.55.0
repository-integrity	Run actions/checkout@34e114876b0b11c390a56381ad16ebd13914f8d5	2026-09-13T19:28:51.5497631Z ##[endgroup]
repository-integrity	Run actions/checkout@34e114876b0b11c390a56381ad16ebd13914f8d5	2026-09-13T19:28:51.5505493Z Temporarily overriding HOME='/home/runner/work/_temp/5ae70f5e-016c-4b36-a88c-32f3cc991f7e' before making global git config changes
repository-integrity	Run actions/checkout@34e114876b0b11c390a56381ad16ebd13914f8d5	2026-09-13T19:28:51.5506584Z Adding repository directory to the temporary git global config as a safe directory
repository-integrity	Run actions/checkout@34e114876b0b11c390a56381ad16ebd13914f8d5	2026-09-13T19:28:51.5508242Z [command]/usr/bin/git config --global --add safe.directory /home/runner/work/keepling/keepling
repository-integrity	Run actions/checkout@34e114876b0b11c390a56381ad16ebd13914f8d5	2026-09-13T19:28:51.5547211Z Deleting the contents of '/home/runner/work/keepling/keepling'
repository-integrity	Run actions/checkout@34e114876b0b11c390a56381ad16ebd13914f8d5	2026-09-13T19:28:51.5549770Z ##[group]Initializing the repository
repository-integrity	Run actions/checkout@34e114876b0b11c390a56381ad16ebd13914f8d5	2026-09-13T19:28:51.5552418Z [command]/usr/bin/git init /home/runner/work/keepling/keepling
repository-integrity	Run actions/checkout@34e114876b0b11c390a56381ad16ebd13914f8d5	2026-09-13T19:28:51.5652244Z hint: Using 'master' as the name for the initial branch. This default branch name
repository-integrity	Run actions/checkout@34e114876b0b11c390a56381ad16ebd13914f8d5	2026-09-13T19:28:51.5653224Z hint: will change to "main" in Git 3.0. To configure the initial branch name
repository-integrity	Run actions/checkout@34e114876b0b11c390a56381ad16ebd13914f8d5	2026-09-13T19:28:51.5653710Z hint: to use in all of your new repositories, which will suppress this warning,
repository-integrity	Run actions/checkout@34e114876b0b11c390a56381ad16ebd13914f8d5	2026-09-13T19:28:51.5654118Z hint: call:
repository-integrity	Run actions/checkout@34e114876b0b11c390a56381ad16ebd13914f8d5	2026-09-13T19:28:51.5654425Z hint:
repository-integrity	Run actions/checkout@34e114876b0b11c390a56381ad16ebd13914f8d5	2026-09-13T19:28:51.5654837Z hint: 	git config --global init.defaultBranch <name>
repository-integrity	Run actions/checkout@34e114876b0b11c390a56381ad16ebd13914f8d5	2026-09-13T19:28:51.5655324Z hint:
repository-integrity	Run actions/checkout@34e114876b0b11c390a56381ad16ebd13914f8d5	2026-09-13T19:28:51.5655805Z hint: Names commonly chosen instead of 'master' are 'main', 'trunk' and
repository-integrity	Run actions/checkout@34e114876b0b11c390a56381ad16ebd13914f8d5	2026-09-13T19:28:51.5656335Z hint: 'development'. The just-created branch can be renamed via this command:
repository-integrity	Run actions/checkout@34e114876b0b11c390a56381ad16ebd13914f8d5	2026-09-13T19:28:51.5656953Z hint:
repository-integrity	Run actions/checkout@34e114876b0b11c390a56381ad16ebd13914f8d5	2026-09-13T19:28:51.5657195Z hint: 	git branch -m <name>
repository-integrity	Run actions/checkout@34e114876b0b11c390a56381ad16ebd13914f8d5	2026-09-13T19:28:51.5657444Z hint:
repository-integrity	Run actions/checkout@34e114876b0b11c390a56381ad16ebd13914f8d5	2026-09-13T19:28:51.5657764Z hint: Disable this message with "git config set advice.defaultBranchName false"
repository-integrity	Run actions/checkout@34e114876b0b11c390a56381ad16ebd13914f8d5	2026-09-13T19:28:51.5658460Z Initialized empty Git repository in /home/runner/work/keepling/keepling/.git/
repository-integrity	Run actions/checkout@34e114876b0b11c390a56381ad16ebd13914f8d5	2026-09-13T19:28:51.5661824Z [command]/usr/bin/git remote add origin https://github.com/szTheory/keepling
repository-integrity	Run actions/checkout@34e114876b0b11c390a56381ad16ebd13914f8d5	2026-09-13T19:28:51.5697847Z ##[endgroup]
repository-integrity	Run actions/checkout@34e114876b0b11c390a56381ad16ebd13914f8d5	2026-09-13T19:28:51.5698430Z ##[group]Disabling automatic garbage collection
repository-integrity	Run actions/checkout@34e114876b0b11c390a56381ad16ebd13914f8d5	2026-09-13T19:28:51.5700173Z [command]/usr/bin/git config --local gc.auto 0
repository-integrity	Run actions/checkout@34e114876b0b11c390a56381ad16ebd13914f8d5	2026-09-13T19:28:51.5720088Z ##[endgroup]
repository-integrity	Run actions/checkout@34e114876b0b11c390a56381ad16ebd13914f8d5	2026-09-13T19:28:51.5720479Z ##[group]Setting up auth
repository-integrity	Run actions/checkout@34e114876b0b11c390a56381ad16ebd13914f8d5	2026-09-13T19:28:51.5724090Z [command]/usr/bin/git config --local --name-only --get-regexp core\.sshCommand
repository-integrity	Run actions/checkout@34e114876b0b11c390a56381ad16ebd13914f8d5	2026-09-13T19:28:51.5745754Z [command]/usr/bin/git submodule foreach --recursive sh -c "git config --local --name-only --get-regexp 'core\.sshCommand' && git config --local --unset-all 'core.sshCommand' || :"
repository-integrity	Run actions/checkout@34e114876b0b11c390a56381ad16ebd13914f8d5	2026-09-13T19:28:51.6017708Z [command]/usr/bin/git config --local --name-only --get-regexp http\.https\:\/\/github\.com\/\.extraheader
repository-integrity	Run actions/checkout@34e114876b0b11c390a56381ad16ebd13914f8d5	2026-09-13T19:28:51.6039772Z [command]/usr/bin/git submodule foreach --recursive sh -c "git config --local --name-only --get-regexp 'http\.https\:\/\/github\.com\/\.extraheader' && git config --local --unset-all 'http.https://github.com/.extraheader' || :"
repository-integrity	Run actions/checkout@34e114876b0b11c390a56381ad16ebd13914f8d5	2026-09-13T19:28:51.6195638Z [command]/usr/bin/git config --local --name-only --get-regexp ^includeIf\.gitdir:
repository-integrity	Run actions/checkout@34e114876b0b11c390a56381ad16ebd13914f8d5	2026-09-13T19:28:51.6217481Z [command]/usr/bin/git submodule foreach --recursive git config --local --show-origin --name-only --get-regexp remote.origin.url
repository-integrity	Run actions/checkout@34e114876b0b11c390a56381ad16ebd13914f8d5	2026-09-13T19:28:51.6373943Z [command]/usr/bin/git config --local http.https://github.com/.extraheader AUTHORIZATION: basic ***
repository-integrity	Run actions/checkout@34e114876b0b11c390a56381ad16ebd13914f8d5	2026-09-13T19:28:51.6396943Z ##[endgroup]
repository-integrity	Run actions/checkout@34e114876b0b11c390a56381ad16ebd13914f8d5	2026-09-13T19:28:51.6397474Z ##[group]Fetching the repository
repository-integrity	Run actions/checkout@34e114876b0b11c390a56381ad16ebd13914f8d5	2026-09-13T19:28:51.6402145Z [command]/usr/bin/git -c protocol.version=2 fetch --no-tags --prune --no-recurse-submodules --depth=1 origin +c2e4ce37ff0ca2c27067b098c2cfbdc59155ba96:refs/remotes/origin/main
repository-integrity	Run actions/checkout@34e114876b0b11c390a56381ad16ebd13914f8d5	2026-09-13T19:28:52.8042816Z From https://github.com/szTheory/keepling
repository-integrity	Run actions/checkout@34e114876b0b11c390a56381ad16ebd13914f8d5	2026-09-13T19:28:52.8044021Z  * [new ref]         c2e4ce37ff0ca2c27067b098c2cfbdc59155ba96 -> origin/main
repository-integrity	Run actions/checkout@34e114876b0b11c390a56381ad16ebd13914f8d5	2026-09-13T19:28:52.8046251Z ##[endgroup]
repository-integrity	Run actions/checkout@34e114876b0b11c390a56381ad16ebd13914f8d5	2026-09-13T19:28:52.8047111Z ##[group]Determining the checkout info
repository-integrity	Run actions/checkout@34e114876b0b11c390a56381ad16ebd13914f8d5	2026-09-13T19:28:52.8048283Z ##[endgroup]
repository-integrity	Run actions/checkout@34e114876b0b11c390a56381ad16ebd13914f8d5	2026-09-13T19:28:52.8050108Z [command]/usr/bin/git sparse-checkout disable
repository-integrity	Run actions/checkout@34e114876b0b11c390a56381ad16ebd13914f8d5	2026-09-13T19:28:52.8087996Z [command]/usr/bin/git config --local --unset-all extensions.worktreeConfig
repository-integrity	Run actions/checkout@34e114876b0b11c390a56381ad16ebd13914f8d5	2026-09-13T19:28:52.8108118Z ##[group]Checking out the ref
repository-integrity	Run actions/checkout@34e114876b0b11c390a56381ad16ebd13914f8d5	2026-09-13T19:28:52.8110137Z [command]/usr/bin/git checkout --progress --force -B main refs/remotes/origin/main
repository-integrity	Run actions/checkout@34e114876b0b11c390a56381ad16ebd13914f8d5	2026-09-13T19:28:52.8979845Z Switched to a new branch 'main'
repository-integrity	Run actions/checkout@34e114876b0b11c390a56381ad16ebd13914f8d5	2026-09-13T19:28:52.8983213Z branch 'main' set up to track 'origin/main'.
repository-integrity	Run actions/checkout@34e114876b0b11c390a56381ad16ebd13914f8d5	2026-09-13T19:28:52.8993127Z ##[endgroup]
repository-integrity	Run actions/checkout@34e114876b0b11c390a56381ad16ebd13914f8d5	2026-09-13T19:28:52.9589560Z [command]/usr/bin/git log -1 --format=%H
repository-integrity	Run actions/checkout@34e114876b0b11c390a56381ad16ebd13914f8d5	2026-09-13T19:28:52.9606486Z c2e4ce37ff0ca2c27067b098c2cfbdc59155ba96
repository-integrity	Run exact repository lane	﻿2026-09-13T19:28:52.9776564Z ##[group]Run set -o pipefail
repository-integrity	Run exact repository lane	2026-09-13T19:28:52.9777439Z ^[[36;1mset -o pipefail^[[0m
repository-integrity	Run exact repository lane	2026-09-13T19:28:52.9779128Z ^[[36;1m./tooling/test-phase-2.sh --lane repository-integrity | tee "$RUNNER_TEMP/repository-integrity.txt"^[[0m
repository-integrity	Run exact repository lane	2026-09-13T19:28:52.9780912Z ^[[36;1m./tooling/verify-privacy.sh "$RUNNER_TEMP/repository-integrity.txt"^[[0m
repository-integrity	Run exact repository lane	2026-09-13T19:28:52.9812621Z shell: /usr/bin/bash -e {0}
repository-integrity	Run exact repository lane	2026-09-13T19:28:52.9813321Z env:
repository-integrity	Run exact repository lane	2026-09-13T19:28:52.9813904Z   KEEPLING_PHASE2_SEED: 20260901
repository-integrity	Run exact repository lane	2026-09-13T19:28:52.9814930Z   KEEPLING_FLAKE_POLICY: no-retry; quarantine-requires-owner-issue-expiry
repository-integrity	Run exact repository lane	2026-09-13T19:28:52.9816005Z ##[endgroup]
repository-integrity	Run exact repository lane	2026-09-13T19:28:53.3320718Z lane=repository-integrity status=RUNNING command=./tooling/check-repository-integrity.sh cases=3 seed=none inputs_sha256=39f25664f283d163c68ea163c3b95726abf70ab4d1de85ad6edd7099c632cbb1
repository-integrity	Run exact repository lane	2026-09-13T19:28:53.5563931Z lane=repository-integrity status=PASS command=./tooling/check-repository-integrity.sh cases=3 seed=none elapsed_ms=225 inputs_sha256=39f25664f283d163c68ea163c3b95726abf70ab4d1de85ad6edd7099c632cbb1
repository-integrity	Run exact repository lane	2026-09-13T19:28:53.5668849Z Privacy verification passed: artifacts=1 sentinels=7
repository-integrity	Run actions/upload-artifact@ea165f8d65b6e75b540449e92b4886f43607fa02	﻿2026-09-13T19:28:53.5733516Z Node 20 is being deprecated. This workflow is running with Node 24 by default. If you need to temporarily use Node 20, you can set the ACTIONS_ALLOW_USE_UNSECURE_NODE_VERSION=true environment variable. For more information see: https://github.blog/changelog/2025-09-19-deprecation-of-node-20-on-github-actions-runners/
repository-integrity	Run actions/upload-artifact@ea165f8d65b6e75b540449e92b4886f43607fa02	2026-09-13T19:28:53.5734628Z ##[group]Run actions/upload-artifact@ea165f8d65b6e75b540449e92b4886f43607fa02
repository-integrity	Run actions/upload-artifact@ea165f8d65b6e75b540449e92b4886f43607fa02	2026-09-13T19:28:53.5734860Z with:
repository-integrity	Run actions/upload-artifact@ea165f8d65b6e75b540449e92b4886f43607fa02	2026-09-13T19:28:53.5735025Z   name: repository-integrity-timing
repository-integrity	Run actions/upload-artifact@ea165f8d65b6e75b540449e92b4886f43607fa02	2026-09-13T19:28:53.5735248Z   path: /home/runner/work/_temp/repository-integrity.txt
repository-integrity	Run actions/upload-artifact@ea165f8d65b6e75b540449e92b4886f43607fa02	2026-09-13T19:28:53.5735453Z   if-no-files-found: error
repository-integrity	Run actions/upload-artifact@ea165f8d65b6e75b540449e92b4886f43607fa02	2026-09-13T19:28:53.5735608Z   retention-days: 14
repository-integrity	Run actions/upload-artifact@ea165f8d65b6e75b540449e92b4886f43607fa02	2026-09-13T19:28:53.5735765Z   compression-level: 6
repository-integrity	Run actions/upload-artifact@ea165f8d65b6e75b540449e92b4886f43607fa02	2026-09-13T19:28:53.5735912Z   overwrite: false
repository-integrity	Run actions/upload-artifact@ea165f8d65b6e75b540449e92b4886f43607fa02	2026-09-13T19:28:53.5736057Z   include-hidden-files: false
repository-integrity	Run actions/upload-artifact@ea165f8d65b6e75b540449e92b4886f43607fa02	2026-09-13T19:28:53.5736210Z env:
repository-integrity	Run actions/upload-artifact@ea165f8d65b6e75b540449e92b4886f43607fa02	2026-09-13T19:28:53.5736348Z   KEEPLING_PHASE2_SEED: 20260901
repository-integrity	Run actions/upload-artifact@ea165f8d65b6e75b540449e92b4886f43607fa02	2026-09-13T19:28:53.5736595Z   KEEPLING_FLAKE_POLICY: no-retry; quarantine-requires-owner-issue-expiry
repository-integrity	Run actions/upload-artifact@ea165f8d65b6e75b540449e92b4886f43607fa02	2026-09-13T19:28:53.5736848Z ##[endgroup]
repository-integrity	Run actions/upload-artifact@ea165f8d65b6e75b540449e92b4886f43607fa02	2026-09-13T19:28:53.6710634Z (node:2196) [DEP0040] DeprecationWarning: The `punycode` module is deprecated. Please use a userland alternative instead.
repository-integrity	Run actions/upload-artifact@ea165f8d65b6e75b540449e92b4886f43607fa02	2026-09-13T19:28:53.6711125Z (Use `node --trace-deprecation ...` to show where the warning was created)
repository-integrity	Run actions/upload-artifact@ea165f8d65b6e75b540449e92b4886f43607fa02	2026-09-13T19:28:53.6738214Z With the provided path, there will be 1 file uploaded
repository-integrity	Run actions/upload-artifact@ea165f8d65b6e75b540449e92b4886f43607fa02	2026-09-13T19:28:53.6741023Z Artifact name is valid!
repository-integrity	Run actions/upload-artifact@ea165f8d65b6e75b540449e92b4886f43607fa02	2026-09-13T19:28:53.6741401Z Root directory input is valid!
repository-integrity	Run actions/upload-artifact@ea165f8d65b6e75b540449e92b4886f43607fa02	2026-09-13T19:28:54.0545139Z Beginning upload of artifact content to blob storage
repository-integrity	Run actions/upload-artifact@ea165f8d65b6e75b540449e92b4886f43607fa02	2026-09-13T19:28:54.0645504Z (node:2196) [DEP0169] DeprecationWarning: `url.parse()` behavior is not standardized and prone to errors that have security implications. Use the WHATWG URL API instead. CVEs are not issued for `url.parse()` vulnerabilities.
repository-integrity	Run actions/upload-artifact@ea165f8d65b6e75b540449e92b4886f43607fa02	2026-09-13T19:28:54.3420835Z Uploaded bytes 335
repository-integrity	Run actions/upload-artifact@ea165f8d65b6e75b540449e92b4886f43607fa02	2026-09-13T19:28:54.4178742Z Finished uploading artifact content to blob storage!
repository-integrity	Run actions/upload-artifact@ea165f8d65b6e75b540449e92b4886f43607fa02	2026-09-13T19:28:54.4228847Z SHA256 digest of uploaded artifact zip is 7d3d153adeb859509dd58069a97a0c45274378c745a2ecb7899cca09b2a8cbc7
repository-integrity	Run actions/upload-artifact@ea165f8d65b6e75b540449e92b4886f43607fa02	2026-09-13T19:28:54.4229313Z Finalizing artifact upload
repository-integrity	Run actions/upload-artifact@ea165f8d65b6e75b540449e92b4886f43607fa02	2026-09-13T19:28:54.6625001Z Artifact repository-integrity-timing.zip successfully finalized. Artifact ID 10323348616
repository-integrity	Run actions/upload-artifact@ea165f8d65b6e75b540449e92b4886f43607fa02	2026-09-13T19:28:54.6625789Z Artifact repository-integrity-timing has been successfully uploaded! Final size is 335 bytes. Artifact ID is 10323348616
repository-integrity	Run actions/upload-artifact@ea165f8d65b6e75b540449e92b4886f43607fa02	2026-09-13T19:28:54.6629896Z Artifact download URL: https://github.com/szTheory/keepling/actions/runs/34777805271/artifacts/10323348616
repository-integrity	Post Run actions/checkout@34e114876b0b11c390a56381ad16ebd13914f8d5	﻿2026-09-13T19:28:54.6767801Z Node 20 is being deprecated. This workflow is running with Node 24 by default. If you need to temporarily use Node 20, you can set the ACTIONS_ALLOW_USE_UNSECURE_NODE_VERSION=true environment variable. For more information see: https://github.blog/changelog/2025-09-19-deprecation-of-node-20-on-github-actions-runners/
repository-integrity	Post Run actions/checkout@34e114876b0b11c390a56381ad16ebd13914f8d5	2026-09-13T19:28:54.6768738Z Post job cleanup.
repository-integrity	Post Run actions/checkout@34e114876b0b11c390a56381ad16ebd13914f8d5	2026-09-13T19:28:54.7253655Z [command]/usr/bin/git version
repository-integrity	Post Run actions/checkout@34e114876b0b11c390a56381ad16ebd13914f8d5	2026-09-13T19:28:54.7279455Z git version 2.55.0
repository-integrity	Post Run actions/checkout@34e114876b0b11c390a56381ad16ebd13914f8d5	2026-09-13T19:28:54.7298837Z Temporarily overriding HOME='/home/runner/work/_temp/362c422b-e085-425a-a673-b335c1020288' before making global git config changes
repository-integrity	Post Run actions/checkout@34e114876b0b11c390a56381ad16ebd13914f8d5	2026-09-13T19:28:54.7299465Z Adding repository directory to the temporary git global config as a safe directory
repository-integrity	Post Run actions/checkout@34e114876b0b11c390a56381ad16ebd13914f8d5	2026-09-13T19:28:54.7302243Z [command]/usr/bin/git config --global --add safe.directory /home/runner/work/keepling/keepling
repository-integrity	Post Run actions/checkout@34e114876b0b11c390a56381ad16ebd13914f8d5	2026-09-13T19:28:54.7326447Z [command]/usr/bin/git config --local --name-only --get-regexp core\.sshCommand
repository-integrity	Post Run actions/checkout@34e114876b0b11c390a56381ad16ebd13914f8d5	2026-09-13T19:28:54.7348810Z [command]/usr/bin/git submodule foreach --recursive sh -c "git config --local --name-only --get-regexp 'core\.sshCommand' && git config --local --unset-all 'core.sshCommand' || :"
repository-integrity	Post Run actions/checkout@34e114876b0b11c390a56381ad16ebd13914f8d5	2026-09-13T19:28:54.7509749Z [command]/usr/bin/git config --local --name-only --get-regexp http\.https\:\/\/github\.com\/\.extraheader
repository-integrity	Post Run actions/checkout@34e114876b0b11c390a56381ad16ebd13914f8d5	2026-09-13T19:28:54.7528878Z http.https://github.com/.extraheader
repository-integrity	Post Run actions/checkout@34e114876b0b11c390a56381ad16ebd13914f8d5	2026-09-13T19:28:54.7535084Z [command]/usr/bin/git config --local --unset-all http.https://github.com/.extraheader
repository-integrity	Post Run actions/checkout@34e114876b0b11c390a56381ad16ebd13914f8d5	2026-09-13T19:28:54.7557401Z [command]/usr/bin/git submodule foreach --recursive sh -c "git config --local --name-only --get-regexp 'http\.https\:\/\/github\.com\/\.extraheader' && git config --local --unset-all 'http.https://github.com/.extraheader' || :"
repository-integrity	Post Run actions/checkout@34e114876b0b11c390a56381ad16ebd13914f8d5	2026-09-13T19:28:54.7715641Z [command]/usr/bin/git config --local --name-only --get-regexp ^includeIf\.gitdir:
repository-integrity	Post Run actions/checkout@34e114876b0b11c390a56381ad16ebd13914f8d5	2026-09-13T19:28:54.7736058Z [command]/usr/bin/git submodule foreach --recursive git config --local --show-origin --name-only --get-regexp remote.origin.url
repository-integrity	Complete job	﻿2026-09-13T19:28:54.7985920Z Cleaning up orphan processes
repository-integrity	Complete job	2026-09-13T19:28:54.8154475Z ##[warning]Node.js 20 is deprecated. The following actions target Node.js 20 but are being forced to run on Node.js 24: actions/checkout@34e114876b0b11c390a56381ad16ebd13914f8d5, actions/upload-artifact@ea165f8d65b6e75b540449e92b4886f43607fa02. For more information see: https://github.blog/changelog/2025-09-19-deprecation-of-node-20-on-github-actions-runners/
image-compose-deploy	Set up job	﻿2026-09-13T19:28:50.9825057Z Current runner version: '2.337.0'
image-compose-deploy	Set up job	2026-09-13T19:28:50.9843772Z ##[group]Runner Image Provisioner
image-compose-deploy	Set up job	2026-09-13T19:28:50.9844505Z Hosted Compute Agent
image-compose-deploy	Set up job	2026-09-13T19:28:50.9845040Z Version: 20260828.587
image-compose-deploy	Set up job	2026-09-13T19:28:50.9845792Z Commit: abac92662cab4cc7352de4f9f9d2e2419aad9c29
image-compose-deploy	Set up job	2026-09-13T19:28:50.9846573Z Build Date: 2026-08-28T16:44:25Z
image-compose-deploy	Set up job	2026-09-13T19:28:50.9847167Z Worker ID: {62f6c306-47bb-4e63-abce-db10d1d9df6b}
image-compose-deploy	Set up job	2026-09-13T19:28:50.9847749Z Azure Region: westus3
image-compose-deploy	Set up job	2026-09-13T19:28:50.9848222Z ##[endgroup]
image-compose-deploy	Set up job	2026-09-13T19:28:50.9849365Z ##[group]Operating System
image-compose-deploy	Set up job	2026-09-13T19:28:50.9849895Z Ubuntu
image-compose-deploy	Set up job	2026-09-13T19:28:50.9850357Z 24.04.5
image-compose-deploy	Set up job	2026-09-13T19:28:50.9850771Z LTS
image-compose-deploy	Set up job	2026-09-13T19:28:50.9851204Z ##[endgroup]
image-compose-deploy	Set up job	2026-09-13T19:28:50.9851654Z ##[group]Runner Image
image-compose-deploy	Set up job	2026-09-13T19:28:50.9852123Z Image: ubuntu-24.04
image-compose-deploy	Set up job	2026-09-13T19:28:50.9852634Z Version: 20260907.300.1
image-compose-deploy	Set up job	2026-09-13T19:28:50.9853482Z Included Software: https://github.com/actions/runner-images/blob/ubuntu24/20260907.300/images/ubuntu/Ubuntu2404-Readme.md
image-compose-deploy	Set up job	2026-09-13T19:28:50.9855196Z Image Release: https://github.com/actions/runner-images/releases/tag/ubuntu24%2F20260907.300
image-compose-deploy	Set up job	2026-09-13T19:28:50.9856370Z ##[endgroup]
image-compose-deploy	Set up job	2026-09-13T19:28:50.9857462Z ##[group]GITHUB_TOKEN Permissions
image-compose-deploy	Set up job	2026-09-13T19:28:50.9859425Z Contents: read
image-compose-deploy	Set up job	2026-09-13T19:28:50.9859912Z Metadata: read
image-compose-deploy	Set up job	2026-09-13T19:28:50.9860369Z ##[endgroup]
image-compose-deploy	Set up job	2026-09-13T19:28:50.9862304Z Secret source: Actions
image-compose-deploy	Set up job	2026-09-13T19:28:50.9863045Z Cache mode: write
image-compose-deploy	Set up job	2026-09-13T19:28:50.9863635Z Prepare workflow directory
image-compose-deploy	Set up job	2026-09-13T19:28:51.0159639Z Prepare all required actions
image-compose-deploy	Set up job	2026-09-13T19:28:51.0216731Z Getting action download info
image-compose-deploy	Set up job	2026-09-13T19:28:51.3199590Z Download action repository 'actions/checkout@34e114876b0b11c390a56381ad16ebd13914f8d5' (SHA:34e114876b0b11c390a56381ad16ebd13914f8d5)
image-compose-deploy	Set up job	2026-09-13T19:28:51.4830379Z Download action repository 'actions/setup-node@49933ea5288caeca8642d1e84afbd3f7d6820020' (SHA:49933ea5288caeca8642d1e84afbd3f7d6820020)
image-compose-deploy	Set up job	2026-09-13T19:28:51.6001090Z Download action repository 'actions/upload-artifact@ea165f8d65b6e75b540449e92b4886f43607fa02' (SHA:ea165f8d65b6e75b540449e92b4886f43607fa02)
image-compose-deploy	Set up job	2026-09-13T19:28:52.9759122Z Complete job name: image-compose-deploy
image-compose-deploy	Run actions/checkout@34e114876b0b11c390a56381ad16ebd13914f8d5	﻿2026-09-13T19:28:53.0454454Z Node 20 is being deprecated. This workflow is running with Node 24 by default. If you need to temporarily use Node 20, you can set the ACTIONS_ALLOW_USE_UNSECURE_NODE_VERSION=true environment variable. For more information see: https://github.blog/changelog/2025-09-19-deprecation-of-node-20-on-github-actions-runners/
image-compose-deploy	Run actions/checkout@34e114876b0b11c390a56381ad16ebd13914f8d5	2026-09-13T19:28:53.0463815Z ##[group]Run actions/checkout@34e114876b0b11c390a56381ad16ebd13914f8d5
image-compose-deploy	Run actions/checkout@34e114876b0b11c390a56381ad16ebd13914f8d5	2026-09-13T19:28:53.0465372Z with:
image-compose-deploy	Run actions/checkout@34e114876b0b11c390a56381ad16ebd13914f8d5	2026-09-13T19:28:53.0466389Z   repository: szTheory/keepling
image-compose-deploy	Run actions/checkout@34e114876b0b11c390a56381ad16ebd13914f8d5	2026-09-13T19:28:53.0473228Z   token: ***
image-compose-deploy	Run actions/checkout@34e114876b0b11c390a56381ad16ebd13914f8d5	2026-09-13T19:28:53.0474075Z   ssh-strict: true
image-compose-deploy	Run actions/checkout@34e114876b0b11c390a56381ad16ebd13914f8d5	2026-09-13T19:28:53.0474901Z   ssh-user: git
image-compose-deploy	Run actions/checkout@34e114876b0b11c390a56381ad16ebd13914f8d5	2026-09-13T19:28:53.0475979Z   persist-credentials: true
image-compose-deploy	Run actions/checkout@34e114876b0b11c390a56381ad16ebd13914f8d5	2026-09-13T19:28:53.0476931Z   clean: true
image-compose-deploy	Run actions/checkout@34e114876b0b11c390a56381ad16ebd13914f8d5	2026-09-13T19:28:53.0477825Z   sparse-checkout-cone-mode: true
image-compose-deploy	Run actions/checkout@34e114876b0b11c390a56381ad16ebd13914f8d5	2026-09-13T19:28:53.0478874Z   fetch-depth: 1
image-compose-deploy	Run actions/checkout@34e114876b0b11c390a56381ad16ebd13914f8d5	2026-09-13T19:28:53.0479701Z   fetch-tags: false
image-compose-deploy	Run actions/checkout@34e114876b0b11c390a56381ad16ebd13914f8d5	2026-09-13T19:28:53.0480570Z   show-progress: true
image-compose-deploy	Run actions/checkout@34e114876b0b11c390a56381ad16ebd13914f8d5	2026-09-13T19:28:53.0481428Z   lfs: false
image-compose-deploy	Run actions/checkout@34e114876b0b11c390a56381ad16ebd13914f8d5	2026-09-13T19:28:53.0482387Z   submodules: false
image-compose-deploy	Run actions/checkout@34e114876b0b11c390a56381ad16ebd13914f8d5	2026-09-13T19:28:53.0483249Z   set-safe-directory: true
image-compose-deploy	Run actions/checkout@34e114876b0b11c390a56381ad16ebd13914f8d5	2026-09-13T19:28:53.0484333Z env:
image-compose-deploy	Run actions/checkout@34e114876b0b11c390a56381ad16ebd13914f8d5	2026-09-13T19:28:53.0485152Z   KEEPLING_PHASE2_SEED: 20260901
image-compose-deploy	Run actions/checkout@34e114876b0b11c390a56381ad16ebd13914f8d5	2026-09-13T19:28:53.0486643Z   KEEPLING_FLAKE_POLICY: no-retry; quarantine-requires-owner-issue-expiry
image-compose-deploy	Run actions/checkout@34e114876b0b11c390a56381ad16ebd13914f8d5	2026-09-13T19:28:53.0488108Z   KEEPLING_IMAGE_PLATFORM: linux/amd64
image-compose-deploy	Run actions/checkout@34e114876b0b11c390a56381ad16ebd13914f8d5	2026-09-13T19:28:53.0489120Z ##[endgroup]
image-compose-deploy	Run actions/checkout@34e114876b0b11c390a56381ad16ebd13914f8d5	2026-09-13T19:28:53.1309207Z Syncing repository: szTheory/keepling
image-compose-deploy	Run actions/checkout@34e114876b0b11c390a56381ad16ebd13914f8d5	2026-09-13T19:28:53.1311696Z ##[group]Getting Git version info
image-compose-deploy	Run actions/checkout@34e114876b0b11c390a56381ad16ebd13914f8d5	2026-09-13T19:28:53.1312940Z Working directory is '/home/runner/work/keepling/keepling'
image-compose-deploy	Run actions/checkout@34e114876b0b11c390a56381ad16ebd13914f8d5	2026-09-13T19:28:53.1314760Z [command]/usr/bin/git version
image-compose-deploy	Run actions/checkout@34e114876b0b11c390a56381ad16ebd13914f8d5	2026-09-13T19:28:53.4283892Z git version 2.55.0
image-compose-deploy	Run actions/checkout@34e114876b0b11c390a56381ad16ebd13914f8d5	2026-09-13T19:28:53.4298160Z ##[endgroup]
image-compose-deploy	Run actions/checkout@34e114876b0b11c390a56381ad16ebd13914f8d5	2026-09-13T19:28:53.4308711Z Temporarily overriding HOME='/home/runner/work/_temp/1caafa6b-86e6-4903-a838-15b75d8ab29a' before making global git config changes
image-compose-deploy	Run actions/checkout@34e114876b0b11c390a56381ad16ebd13914f8d5	2026-09-13T19:28:53.4309779Z Adding repository directory to the temporary git global config as a safe directory
image-compose-deploy	Run actions/checkout@34e114876b0b11c390a56381ad16ebd13914f8d5	2026-09-13T19:28:53.4312858Z [command]/usr/bin/git config --global --add safe.directory /home/runner/work/keepling/keepling
image-compose-deploy	Run actions/checkout@34e114876b0b11c390a56381ad16ebd13914f8d5	2026-09-13T19:28:53.4352358Z Deleting the contents of '/home/runner/work/keepling/keepling'
image-compose-deploy	Run actions/checkout@34e114876b0b11c390a56381ad16ebd13914f8d5	2026-09-13T19:28:53.4356247Z ##[group]Initializing the repository
image-compose-deploy	Run actions/checkout@34e114876b0b11c390a56381ad16ebd13914f8d5	2026-09-13T19:28:53.4359537Z [command]/usr/bin/git init /home/runner/work/keepling/keepling
image-compose-deploy	Run actions/checkout@34e114876b0b11c390a56381ad16ebd13914f8d5	2026-09-13T19:28:53.4465844Z hint: Using 'master' as the name for the initial branch. This default branch name
image-compose-deploy	Run actions/checkout@34e114876b0b11c390a56381ad16ebd13914f8d5	2026-09-13T19:28:53.4466769Z hint: will change to "main" in Git 3.0. To configure the initial branch name
image-compose-deploy	Run actions/checkout@34e114876b0b11c390a56381ad16ebd13914f8d5	2026-09-13T19:28:53.4467331Z hint: to use in all of your new repositories, which will suppress this warning,
image-compose-deploy	Run actions/checkout@34e114876b0b11c390a56381ad16ebd13914f8d5	2026-09-13T19:28:53.4467823Z hint: call:
image-compose-deploy	Run actions/checkout@34e114876b0b11c390a56381ad16ebd13914f8d5	2026-09-13T19:28:53.4468229Z hint:
image-compose-deploy	Run actions/checkout@34e114876b0b11c390a56381ad16ebd13914f8d5	2026-09-13T19:28:53.4468801Z hint: 	git config --global init.defaultBranch <name>
image-compose-deploy	Run actions/checkout@34e114876b0b11c390a56381ad16ebd13914f8d5	2026-09-13T19:28:53.4469407Z hint:
image-compose-deploy	Run actions/checkout@34e114876b0b11c390a56381ad16ebd13914f8d5	2026-09-13T19:28:53.4469939Z hint: Names commonly chosen instead of 'master' are 'main', 'trunk' and
image-compose-deploy	Run actions/checkout@34e114876b0b11c390a56381ad16ebd13914f8d5	2026-09-13T19:28:53.4470732Z hint: 'development'. The just-created branch can be renamed via this command:
image-compose-deploy	Run actions/checkout@34e114876b0b11c390a56381ad16ebd13914f8d5	2026-09-13T19:28:53.4471368Z hint:
image-compose-deploy	Run actions/checkout@34e114876b0b11c390a56381ad16ebd13914f8d5	2026-09-13T19:28:53.4471796Z hint: 	git branch -m <name>
image-compose-deploy	Run actions/checkout@34e114876b0b11c390a56381ad16ebd13914f8d5	2026-09-13T19:28:53.4472264Z hint:
image-compose-deploy	Run actions/checkout@34e114876b0b11c390a56381ad16ebd13914f8d5	2026-09-13T19:28:53.4472800Z hint: Disable this message with "git config set advice.defaultBranchName false"
image-compose-deploy	Run actions/checkout@34e114876b0b11c390a56381ad16ebd13914f8d5	2026-09-13T19:28:53.4473687Z Initialized empty Git repository in /home/runner/work/keepling/keepling/.git/
image-compose-deploy	Run actions/checkout@34e114876b0b11c390a56381ad16ebd13914f8d5	2026-09-13T19:28:53.4478927Z [command]/usr/bin/git remote add origin https://github.com/szTheory/keepling
image-compose-deploy	Run actions/checkout@34e114876b0b11c390a56381ad16ebd13914f8d5	2026-09-13T19:28:53.4518214Z ##[endgroup]
image-compose-deploy	Run actions/checkout@34e114876b0b11c390a56381ad16ebd13914f8d5	2026-09-13T19:28:53.4519227Z ##[group]Disabling automatic garbage collection
image-compose-deploy	Run actions/checkout@34e114876b0b11c390a56381ad16ebd13914f8d5	2026-09-13T19:28:53.4522017Z [command]/usr/bin/git config --local gc.auto 0
image-compose-deploy	Run actions/checkout@34e114876b0b11c390a56381ad16ebd13914f8d5	2026-09-13T19:28:53.4542345Z ##[endgroup]
image-compose-deploy	Run actions/checkout@34e114876b0b11c390a56381ad16ebd13914f8d5	2026-09-13T19:28:53.4543179Z ##[group]Setting up auth
image-compose-deploy	Run actions/checkout@34e114876b0b11c390a56381ad16ebd13914f8d5	2026-09-13T19:28:53.4548283Z [command]/usr/bin/git config --local --name-only --get-regexp core\.sshCommand
image-compose-deploy	Run actions/checkout@34e114876b0b11c390a56381ad16ebd13914f8d5	2026-09-13T19:28:53.4570771Z [command]/usr/bin/git submodule foreach --recursive sh -c "git config --local --name-only --get-regexp 'core\.sshCommand' && git config --local --unset-all 'core.sshCommand' || :"
image-compose-deploy	Run actions/checkout@34e114876b0b11c390a56381ad16ebd13914f8d5	2026-09-13T19:28:53.4850377Z [command]/usr/bin/git config --local --name-only --get-regexp http\.https\:\/\/github\.com\/\.extraheader
image-compose-deploy	Run actions/checkout@34e114876b0b11c390a56381ad16ebd13914f8d5	2026-09-13T19:28:53.4871903Z [command]/usr/bin/git submodule foreach --recursive sh -c "git config --local --name-only --get-regexp 'http\.https\:\/\/github\.com\/\.extraheader' && git config --local --unset-all 'http.https://github.com/.extraheader' || :"
image-compose-deploy	Run actions/checkout@34e114876b0b11c390a56381ad16ebd13914f8d5	2026-09-13T19:28:53.5025046Z [command]/usr/bin/git config --local --name-only --get-regexp ^includeIf\.gitdir:
image-compose-deploy	Run actions/checkout@34e114876b0b11c390a56381ad16ebd13914f8d5	2026-09-13T19:28:53.5047825Z [command]/usr/bin/git submodule foreach --recursive git config --local --show-origin --name-only --get-regexp remote.origin.url
image-compose-deploy	Run actions/checkout@34e114876b0b11c390a56381ad16ebd13914f8d5	2026-09-13T19:28:53.5198036Z [command]/usr/bin/git config --local http.https://github.com/.extraheader AUTHORIZATION: basic ***
image-compose-deploy	Run actions/checkout@34e114876b0b11c390a56381ad16ebd13914f8d5	2026-09-13T19:28:53.5220769Z ##[endgroup]
image-compose-deploy	Run actions/checkout@34e114876b0b11c390a56381ad16ebd13914f8d5	2026-09-13T19:28:53.5221762Z ##[group]Fetching the repository
image-compose-deploy	Run actions/checkout@34e114876b0b11c390a56381ad16ebd13914f8d5	2026-09-13T19:28:53.5228578Z [command]/usr/bin/git -c protocol.version=2 fetch --no-tags --prune --no-recurse-submodules --depth=1 origin +c2e4ce37ff0ca2c27067b098c2cfbdc59155ba96:refs/remotes/origin/main
image-compose-deploy	Run actions/checkout@34e114876b0b11c390a56381ad16ebd13914f8d5	2026-09-13T19:28:55.4704602Z From https://github.com/szTheory/keepling
image-compose-deploy	Run actions/checkout@34e114876b0b11c390a56381ad16ebd13914f8d5	2026-09-13T19:28:55.4705850Z  * [new ref]         c2e4ce37ff0ca2c27067b098c2cfbdc59155ba96 -> origin/main
image-compose-deploy	Run actions/checkout@34e114876b0b11c390a56381ad16ebd13914f8d5	2026-09-13T19:28:55.4709181Z ##[endgroup]
image-compose-deploy	Run actions/checkout@34e114876b0b11c390a56381ad16ebd13914f8d5	2026-09-13T19:28:55.4709714Z ##[group]Determining the checkout info
image-compose-deploy	Run actions/checkout@34e114876b0b11c390a56381ad16ebd13914f8d5	2026-09-13T19:28:55.4712166Z ##[endgroup]
image-compose-deploy	Run actions/checkout@34e114876b0b11c390a56381ad16ebd13914f8d5	2026-09-13T19:28:55.4719348Z [command]/usr/bin/git sparse-checkout disable
image-compose-deploy	Run actions/checkout@34e114876b0b11c390a56381ad16ebd13914f8d5	2026-09-13T19:28:55.4754812Z [command]/usr/bin/git config --local --unset-all extensions.worktreeConfig
image-compose-deploy	Run actions/checkout@34e114876b0b11c390a56381ad16ebd13914f8d5	2026-09-13T19:28:55.4779250Z ##[group]Checking out the ref
image-compose-deploy	Run actions/checkout@34e114876b0b11c390a56381ad16ebd13914f8d5	2026-09-13T19:28:55.4785564Z [command]/usr/bin/git checkout --progress --force -B main refs/remotes/origin/main
image-compose-deploy	Run actions/checkout@34e114876b0b11c390a56381ad16ebd13914f8d5	2026-09-13T19:28:55.5761044Z Switched to a new branch 'main'
image-compose-deploy	Run actions/checkout@34e114876b0b11c390a56381ad16ebd13914f8d5	2026-09-13T19:28:55.5765844Z branch 'main' set up to track 'origin/main'.
image-compose-deploy	Run actions/checkout@34e114876b0b11c390a56381ad16ebd13914f8d5	2026-09-13T19:28:55.5771562Z ##[endgroup]
image-compose-deploy	Run actions/checkout@34e114876b0b11c390a56381ad16ebd13914f8d5	2026-09-13T19:28:55.5801824Z [command]/usr/bin/git log -1 --format=%H
image-compose-deploy	Run actions/checkout@34e114876b0b11c390a56381ad16ebd13914f8d5	2026-09-13T19:28:55.5818592Z c2e4ce37ff0ca2c27067b098c2cfbdc59155ba96
image-compose-deploy	Run actions/setup-node@49933ea5288caeca8642d1e84afbd3f7d6820020	﻿2026-09-13T19:28:55.6023090Z Node 20 is being deprecated. This workflow is running with Node 24 by default. If you need to temporarily use Node 20, you can set the ACTIONS_ALLOW_USE_UNSECURE_NODE_VERSION=true environment variable. For more information see: https://github.blog/changelog/2025-09-19-deprecation-of-node-20-on-github-actions-runners/
image-compose-deploy	Run actions/setup-node@49933ea5288caeca8642d1e84afbd3f7d6820020	2026-09-13T19:28:55.6024574Z ##[group]Run actions/setup-node@49933ea5288caeca8642d1e84afbd3f7d6820020
image-compose-deploy	Run actions/setup-node@49933ea5288caeca8642d1e84afbd3f7d6820020	2026-09-13T19:28:55.6024943Z with:
image-compose-deploy	Run actions/setup-node@49933ea5288caeca8642d1e84afbd3f7d6820020	2026-09-13T19:28:55.6025234Z   node-version: 24.7.0
image-compose-deploy	Run actions/setup-node@49933ea5288caeca8642d1e84afbd3f7d6820020	2026-09-13T19:28:55.6025697Z   always-auth: false
image-compose-deploy	Run actions/setup-node@49933ea5288caeca8642d1e84afbd3f7d6820020	2026-09-13T19:28:55.6026027Z   check-latest: false
image-compose-deploy	Run actions/setup-node@49933ea5288caeca8642d1e84afbd3f7d6820020	2026-09-13T19:28:55.6028010Z   token: ***
image-compose-deploy	Run actions/setup-node@49933ea5288caeca8642d1e84afbd3f7d6820020	2026-09-13T19:28:55.6028270Z env:
image-compose-deploy	Run actions/setup-node@49933ea5288caeca8642d1e84afbd3f7d6820020	2026-09-13T19:28:55.6028550Z   KEEPLING_PHASE2_SEED: 20260901
image-compose-deploy	Run actions/setup-node@49933ea5288caeca8642d1e84afbd3f7d6820020	2026-09-13T19:28:55.6028944Z   KEEPLING_FLAKE_POLICY: no-retry; quarantine-requires-owner-issue-expiry
image-compose-deploy	Run actions/setup-node@49933ea5288caeca8642d1e84afbd3f7d6820020	2026-09-13T19:28:55.6029364Z   KEEPLING_IMAGE_PLATFORM: linux/amd64
image-compose-deploy	Run actions/setup-node@49933ea5288caeca8642d1e84afbd3f7d6820020	2026-09-13T19:28:55.6029676Z ##[endgroup]
image-compose-deploy	Run actions/setup-node@49933ea5288caeca8642d1e84afbd3f7d6820020	2026-09-13T19:28:55.7154225Z Attempting to download 24.7.0...
image-compose-deploy	Run actions/setup-node@49933ea5288caeca8642d1e84afbd3f7d6820020	2026-09-13T19:28:55.7238954Z (node:2042) [DEP0040] DeprecationWarning: The `punycode` module is deprecated. Please use a userland alternative instead.
image-compose-deploy	Run actions/setup-node@49933ea5288caeca8642d1e84afbd3f7d6820020	2026-09-13T19:28:55.7240007Z (Use `node --trace-deprecation ...` to show where the warning was created)
image-compose-deploy	Run actions/setup-node@49933ea5288caeca8642d1e84afbd3f7d6820020	2026-09-13T19:28:56.7017807Z Acquiring 24.7.0 - x64 from https://github.com/actions/node-versions/releases/download/24.7.0-17283839804/node-24.7.0-linux-x64.tar.gz
image-compose-deploy	Run actions/setup-node@49933ea5288caeca8642d1e84afbd3f7d6820020	2026-09-13T19:28:57.2711012Z Extracting ...
image-compose-deploy	Run actions/setup-node@49933ea5288caeca8642d1e84afbd3f7d6820020	2026-09-13T19:28:57.2804016Z [command]/usr/bin/tar xz --strip 1 --warning=no-unknown-keyword --overwrite -C /home/runner/work/_temp/a9c79869-2f5a-4d6b-a1bf-88ee7d8919f5 -f /home/runner/work/_temp/3b8660a8-56b8-429c-b536-151ccde62bbb
image-compose-deploy	Run actions/setup-node@49933ea5288caeca8642d1e84afbd3f7d6820020	2026-09-13T19:28:58.4315061Z Adding to the cache ...
image-compose-deploy	Run actions/setup-node@49933ea5288caeca8642d1e84afbd3f7d6820020	2026-09-13T19:29:01.6298439Z ##[group]Environment details
image-compose-deploy	Run actions/setup-node@49933ea5288caeca8642d1e84afbd3f7d6820020	2026-09-13T19:29:01.8161969Z node: v24.7.0
image-compose-deploy	Run actions/setup-node@49933ea5288caeca8642d1e84afbd3f7d6820020	2026-09-13T19:29:01.8162430Z npm: 11.5.1
image-compose-deploy	Run actions/setup-node@49933ea5288caeca8642d1e84afbd3f7d6820020	2026-09-13T19:29:01.8162809Z yarn: 1.22.22
image-compose-deploy	Run actions/setup-node@49933ea5288caeca8642d1e84afbd3f7d6820020	2026-09-13T19:29:01.8163536Z ##[endgroup]
image-compose-deploy	Install locked JavaScript inputs	﻿2026-09-13T19:29:01.8278557Z ##[group]Run corepack enable && pnpm install --frozen-lockfile
image-compose-deploy	Install locked JavaScript inputs	2026-09-13T19:29:01.8279143Z ^[[36;1mcorepack enable && pnpm install --frozen-lockfile^[[0m
image-compose-deploy	Install locked JavaScript inputs	2026-09-13T19:29:01.8305058Z shell: /usr/bin/bash -e {0}
image-compose-deploy	Install locked JavaScript inputs	2026-09-13T19:29:01.8305641Z env:
image-compose-deploy	Install locked JavaScript inputs	2026-09-13T19:29:01.8305976Z   KEEPLING_PHASE2_SEED: 20260901
image-compose-deploy	Install locked JavaScript inputs	2026-09-13T19:29:01.8306381Z   KEEPLING_FLAKE_POLICY: no-retry; quarantine-requires-owner-issue-expiry
image-compose-deploy	Install locked JavaScript inputs	2026-09-13T19:29:01.8306805Z   KEEPLING_IMAGE_PLATFORM: linux/amd64
image-compose-deploy	Install locked JavaScript inputs	2026-09-13T19:29:01.8307098Z ##[endgroup]
image-compose-deploy	Install locked JavaScript inputs	2026-09-13T19:29:01.9235209Z ! Corepack is about to download https://registry.npmjs.org/pnpm/-/pnpm-10.33.0.tgz
image-compose-deploy	Install locked JavaScript inputs	2026-09-13T19:29:02.6785651Z Scope: all 4 workspace projects
image-compose-deploy	Install locked JavaScript inputs	2026-09-13T19:29:02.7201622Z Lockfile is up to date, resolution step is skipped
image-compose-deploy	Install locked JavaScript inputs	2026-09-13T19:29:02.8418775Z Packages: +910
image-compose-deploy	Install locked JavaScript inputs	2026-09-13T19:29:02.8419499Z ++++++++++++++++++++++++++++++++++++++++++++++++++++++++++++++++++++++++++++++++
image-compose-deploy	Install locked JavaScript inputs	2026-09-13T19:29:02.9437031Z Progress: resolved 0, reused 0, downloaded 1, added 0
image-compose-deploy	Install locked JavaScript inputs	2026-09-13T19:29:03.9455420Z Progress: resolved 0, reused 0, downloaded 151, added 114
image-compose-deploy	Install locked JavaScript inputs	2026-09-13T19:29:04.9458789Z Progress: resolved 0, reused 0, downloaded 433, added 434
image-compose-deploy	Install locked JavaScript inputs	2026-09-13T19:29:05.6497261Z Packages are hard linked from the content-addressable store to the virtual store.
image-compose-deploy	Install locked JavaScript inputs	2026-09-13T19:29:05.6516993Z   Content-addressable store is at: /home/runner/.local/share/pnpm/store/v10
image-compose-deploy	Install locked JavaScript inputs	2026-09-13T19:29:05.6534184Z   Virtual store is at:             node_modules/.pnpm
image-compose-deploy	Install locked JavaScript inputs	2026-09-13T19:29:05.9463848Z Progress: resolved 0, reused 0, downloaded 784, added 805
image-compose-deploy	Install locked JavaScript inputs	2026-09-13T19:29:06.2628308Z Progress: resolved 0, reused 0, downloaded 868, added 910, done
image-compose-deploy	Install locked JavaScript inputs	2026-09-13T19:29:06.6411639Z 
image-compose-deploy	Install locked JavaScript inputs	2026-09-13T19:29:06.7193346Z Done in 4.3s using pnpm v10.33.0
image-compose-deploy	Run exact image, Compose, and deploy lane	﻿2026-09-13T19:29:06.7482006Z ##[group]Run set -o pipefail
image-compose-deploy	Run exact image, Compose, and deploy lane	2026-09-13T19:29:06.7482390Z ^[[36;1mset -o pipefail^[[0m
image-compose-deploy	Run exact image, Compose, and deploy lane	2026-09-13T19:29:06.7482895Z ^[[36;1m./tooling/test-phase-2.sh --lane image-compose-deploy | tee "$RUNNER_TEMP/image-compose-deploy.txt"^[[0m
image-compose-deploy	Run exact image, Compose, and deploy lane	2026-09-13T19:29:06.7483465Z ^[[36;1m./tooling/verify-privacy.sh "$RUNNER_TEMP/image-compose-deploy.txt"^[[0m
image-compose-deploy	Run exact image, Compose, and deploy lane	2026-09-13T19:29:06.7504026Z shell: /usr/bin/bash -e {0}
image-compose-deploy	Run exact image, Compose, and deploy lane	2026-09-13T19:29:06.7504347Z env:
image-compose-deploy	Run exact image, Compose, and deploy lane	2026-09-13T19:29:06.7504633Z   KEEPLING_PHASE2_SEED: 20260901
image-compose-deploy	Run exact image, Compose, and deploy lane	2026-09-13T19:29:06.7505039Z   KEEPLING_FLAKE_POLICY: no-retry; quarantine-requires-owner-issue-expiry
image-compose-deploy	Run exact image, Compose, and deploy lane	2026-09-13T19:29:06.7505566Z   KEEPLING_IMAGE_PLATFORM: linux/amd64
image-compose-deploy	Run exact image, Compose, and deploy lane	2026-09-13T19:29:06.7505853Z ##[endgroup]
image-compose-deploy	Run exact image, Compose, and deploy lane	2026-09-13T19:29:06.9010866Z lane=image-compose-deploy status=RUNNING command=./tooling/verify-image.sh && ./tooling/verify-compose.sh && ./tooling/verify-deploy.sh --local cases=3 seed=none inputs_sha256=b66292c73157a26fef8264963c54a478e24e739dacaf869b519266a64b07a883
image-compose-deploy	Run exact image, Compose, and deploy lane	2026-09-13T19:31:31.3508163Z lane=image-compose-deploy status=PASS command=./tooling/verify-image.sh && ./tooling/verify-compose.sh && ./tooling/verify-deploy.sh --local cases=3 seed=none elapsed_ms=144449 inputs_sha256=b66292c73157a26fef8264963c54a478e24e739dacaf869b519266a64b07a883
image-compose-deploy	Run exact image, Compose, and deploy lane	2026-09-13T19:31:31.3607672Z Privacy verification passed: artifacts=1 sentinels=7
image-compose-deploy	Run actions/upload-artifact@ea165f8d65b6e75b540449e92b4886f43607fa02	﻿2026-09-13T19:31:31.3708396Z Node 20 is being deprecated. This workflow is running with Node 24 by default. If you need to temporarily use Node 20, you can set the ACTIONS_ALLOW_USE_UNSECURE_NODE_VERSION=true environment variable. For more information see: https://github.blog/changelog/2025-09-19-deprecation-of-node-20-on-github-actions-runners/
image-compose-deploy	Run actions/upload-artifact@ea165f8d65b6e75b540449e92b4886f43607fa02	2026-09-13T19:31:31.3709529Z ##[group]Run actions/upload-artifact@ea165f8d65b6e75b540449e92b4886f43607fa02
image-compose-deploy	Run actions/upload-artifact@ea165f8d65b6e75b540449e92b4886f43607fa02	2026-09-13T19:31:31.3709896Z with:
image-compose-deploy	Run actions/upload-artifact@ea165f8d65b6e75b540449e92b4886f43607fa02	2026-09-13T19:31:31.3710172Z   name: image-compose-deploy-timing
image-compose-deploy	Run actions/upload-artifact@ea165f8d65b6e75b540449e92b4886f43607fa02	2026-09-13T19:31:31.3710513Z   path: /home/runner/work/_temp/image-compose-deploy.txt
image-compose-deploy	Run actions/upload-artifact@ea165f8d65b6e75b540449e92b4886f43607fa02	2026-09-13T19:31:31.3710885Z   if-no-files-found: error
image-compose-deploy	Run actions/upload-artifact@ea165f8d65b6e75b540449e92b4886f43607fa02	2026-09-13T19:31:31.3711150Z   retention-days: 14
image-compose-deploy	Run actions/upload-artifact@ea165f8d65b6e75b540449e92b4886f43607fa02	2026-09-13T19:31:31.3711398Z   compression-level: 6
image-compose-deploy	Run actions/upload-artifact@ea165f8d65b6e75b540449e92b4886f43607fa02	2026-09-13T19:31:31.3711677Z   overwrite: false
image-compose-deploy	Run actions/upload-artifact@ea165f8d65b6e75b540449e92b4886f43607fa02	2026-09-13T19:31:31.3711939Z   include-hidden-files: false
image-compose-deploy	Run actions/upload-artifact@ea165f8d65b6e75b540449e92b4886f43607fa02	2026-09-13T19:31:31.3712189Z env:
image-compose-deploy	Run actions/upload-artifact@ea165f8d65b6e75b540449e92b4886f43607fa02	2026-09-13T19:31:31.3712431Z   KEEPLING_PHASE2_SEED: 20260901
image-compose-deploy	Run actions/upload-artifact@ea165f8d65b6e75b540449e92b4886f43607fa02	2026-09-13T19:31:31.3712797Z   KEEPLING_FLAKE_POLICY: no-retry; quarantine-requires-owner-issue-expiry
image-compose-deploy	Run actions/upload-artifact@ea165f8d65b6e75b540449e92b4886f43607fa02	2026-09-13T19:31:31.3713276Z   KEEPLING_IMAGE_PLATFORM: linux/amd64
image-compose-deploy	Run actions/upload-artifact@ea165f8d65b6e75b540449e92b4886f43607fa02	2026-09-13T19:31:31.3713578Z ##[endgroup]
image-compose-deploy	Run actions/upload-artifact@ea165f8d65b6e75b540449e92b4886f43607fa02	2026-09-13T19:31:31.5077723Z (node:9100) [DEP0040] DeprecationWarning: The `punycode` module is deprecated. Please use a userland alternative instead.
image-compose-deploy	Run actions/upload-artifact@ea165f8d65b6e75b540449e92b4886f43607fa02	2026-09-13T19:31:31.5078977Z (Use `node --trace-deprecation ...` to show where the warning was created)
image-compose-deploy	Run actions/upload-artifact@ea165f8d65b6e75b540449e92b4886f43607fa02	2026-09-13T19:31:31.5118306Z With the provided path, there will be 1 file uploaded
image-compose-deploy	Run actions/upload-artifact@ea165f8d65b6e75b540449e92b4886f43607fa02	2026-09-13T19:31:31.5122872Z Artifact name is valid!
image-compose-deploy	Run actions/upload-artifact@ea165f8d65b6e75b540449e92b4886f43607fa02	2026-09-13T19:31:31.5123503Z Root directory input is valid!
image-compose-deploy	Run actions/upload-artifact@ea165f8d65b6e75b540449e92b4886f43607fa02	2026-09-13T19:31:31.8359038Z Beginning upload of artifact content to blob storage
image-compose-deploy	Run actions/upload-artifact@ea165f8d65b6e75b540449e92b4886f43607fa02	2026-09-13T19:31:31.8495142Z (node:9100) [DEP0169] DeprecationWarning: `url.parse()` behavior is not standardized and prone to errors that have security implications. Use the WHATWG URL API instead. CVEs are not issued for `url.parse()` vulnerabilities.
image-compose-deploy	Run actions/upload-artifact@ea165f8d65b6e75b540449e92b4886f43607fa02	2026-09-13T19:31:32.0796654Z Uploaded bytes 361
image-compose-deploy	Run actions/upload-artifact@ea165f8d65b6e75b540449e92b4886f43607fa02	2026-09-13T19:31:32.1420219Z Finished uploading artifact content to blob storage!
image-compose-deploy	Run actions/upload-artifact@ea165f8d65b6e75b540449e92b4886f43607fa02	2026-09-13T19:31:32.1421152Z SHA256 digest of uploaded artifact zip is 429c1f2fabb177d8d1a26945872588a886e3950830b6468978f40815f052e5a3
image-compose-deploy	Run actions/upload-artifact@ea165f8d65b6e75b540449e92b4886f43607fa02	2026-09-13T19:31:32.1422856Z Finalizing artifact upload
image-compose-deploy	Run actions/upload-artifact@ea165f8d65b6e75b540449e92b4886f43607fa02	2026-09-13T19:31:32.3778687Z Artifact image-compose-deploy-timing.zip successfully finalized. Artifact ID 10323772733
image-compose-deploy	Run actions/upload-artifact@ea165f8d65b6e75b540449e92b4886f43607fa02	2026-09-13T19:31:32.3780050Z Artifact image-compose-deploy-timing has been successfully uploaded! Final size is 361 bytes. Artifact ID is 10323772733
image-compose-deploy	Run actions/upload-artifact@ea165f8d65b6e75b540449e92b4886f43607fa02	2026-09-13T19:31:32.3783847Z Artifact download URL: https://github.com/szTheory/keepling/actions/runs/34777805271/artifacts/10323772733
image-compose-deploy	Post Run actions/setup-node@49933ea5288caeca8642d1e84afbd3f7d6820020	﻿2026-09-13T19:31:32.3910580Z Node 20 is being deprecated. This workflow is running with Node 24 by default. If you need to temporarily use Node 20, you can set the ACTIONS_ALLOW_USE_UNSECURE_NODE_VERSION=true environment variable. For more information see: https://github.blog/changelog/2025-09-19-deprecation-of-node-20-on-github-actions-runners/
image-compose-deploy	Post Run actions/setup-node@49933ea5288caeca8642d1e84afbd3f7d6820020	2026-09-13T19:31:32.3911583Z Post job cleanup.
image-compose-deploy	Post Run actions/setup-node@49933ea5288caeca8642d1e84afbd3f7d6820020	2026-09-13T19:31:32.4922566Z (node:9113) [DEP0040] DeprecationWarning: The `punycode` module is deprecated. Please use a userland alternative instead.
image-compose-deploy	Post Run actions/setup-node@49933ea5288caeca8642d1e84afbd3f7d6820020	2026-09-13T19:31:32.4923374Z (Use `node --trace-deprecation ...` to show where the warning was created)
image-compose-deploy	Post Run actions/checkout@34e114876b0b11c390a56381ad16ebd13914f8d5	﻿2026-09-13T19:31:32.5023259Z Node 20 is being deprecated. This workflow is running with Node 24 by default. If you need to temporarily use Node 20, you can set the ACTIONS_ALLOW_USE_UNSECURE_NODE_VERSION=true environment variable. For more information see: https://github.blog/changelog/2025-09-19-deprecation-of-node-20-on-github-actions-runners/
image-compose-deploy	Post Run actions/checkout@34e114876b0b11c390a56381ad16ebd13914f8d5	2026-09-13T19:31:32.5024271Z Post job cleanup.
image-compose-deploy	Post Run actions/checkout@34e114876b0b11c390a56381ad16ebd13914f8d5	2026-09-13T19:31:32.5735393Z [command]/usr/bin/git version
image-compose-deploy	Post Run actions/checkout@34e114876b0b11c390a56381ad16ebd13914f8d5	2026-09-13T19:31:32.5764643Z git version 2.55.0
image-compose-deploy	Post Run actions/checkout@34e114876b0b11c390a56381ad16ebd13914f8d5	2026-09-13T19:31:32.5792566Z Temporarily overriding HOME='/home/runner/work/_temp/47b36ca3-156d-481b-91f2-39d2077d2b85' before making global git config changes
image-compose-deploy	Post Run actions/checkout@34e114876b0b11c390a56381ad16ebd13914f8d5	2026-09-13T19:31:32.5793886Z Adding repository directory to the temporary git global config as a safe directory
image-compose-deploy	Post Run actions/checkout@34e114876b0b11c390a56381ad16ebd13914f8d5	2026-09-13T19:31:32.5797174Z [command]/usr/bin/git config --global --add safe.directory /home/runner/work/keepling/keepling
image-compose-deploy	Post Run actions/checkout@34e114876b0b11c390a56381ad16ebd13914f8d5	2026-09-13T19:31:32.5824336Z [command]/usr/bin/git config --local --name-only --get-regexp core\.sshCommand
image-compose-deploy	Post Run actions/checkout@34e114876b0b11c390a56381ad16ebd13914f8d5	2026-09-13T19:31:32.5848620Z [command]/usr/bin/git submodule foreach --recursive sh -c "git config --local --name-only --get-regexp 'core\.sshCommand' && git config --local --unset-all 'core.sshCommand' || :"
image-compose-deploy	Post Run actions/checkout@34e114876b0b11c390a56381ad16ebd13914f8d5	2026-09-13T19:31:32.6008153Z [command]/usr/bin/git config --local --name-only --get-regexp http\.https\:\/\/github\.com\/\.extraheader
image-compose-deploy	Post Run actions/checkout@34e114876b0b11c390a56381ad16ebd13914f8d5	2026-09-13T19:31:32.6029865Z http.https://github.com/.extraheader
image-compose-deploy	Post Run actions/checkout@34e114876b0b11c390a56381ad16ebd13914f8d5	2026-09-13T19:31:32.6038329Z [command]/usr/bin/git config --local --unset-all http.https://github.com/.extraheader
image-compose-deploy	Post Run actions/checkout@34e114876b0b11c390a56381ad16ebd13914f8d5	2026-09-13T19:31:32.6069504Z [command]/usr/bin/git submodule foreach --recursive sh -c "git config --local --name-only --get-regexp 'http\.https\:\/\/github\.com\/\.extraheader' && git config --local --unset-all 'http.https://github.com/.extraheader' || :"
image-compose-deploy	Post Run actions/checkout@34e114876b0b11c390a56381ad16ebd13914f8d5	2026-09-13T19:31:32.6242526Z [command]/usr/bin/git config --local --name-only --get-regexp ^includeIf\.gitdir:
image-compose-deploy	Post Run actions/checkout@34e114876b0b11c390a56381ad16ebd13914f8d5	2026-09-13T19:31:32.6266215Z [command]/usr/bin/git submodule foreach --recursive git config --local --show-origin --name-only --get-regexp remote.origin.url
image-compose-deploy	Complete job	﻿2026-09-13T19:31:32.6533972Z Cleaning up orphan processes
image-compose-deploy	Complete job	2026-09-13T19:31:32.6783693Z ##[warning]Node.js 20 is deprecated. The following actions target Node.js 20 but are being forced to run on Node.js 24: actions/checkout@34e114876b0b11c390a56381ad16ebd13914f8d5, actions/setup-node@49933ea5288caeca8642d1e84afbd3f7d6820020, actions/upload-artifact@ea165f8d65b6e75b540449e92b4886f43607fa02. For more information see: https://github.blog/changelog/2025-09-19-deprecation-of-node-20-on-github-actions-runners/
phase2-contracts-compatibility	Set up job	﻿2026-09-13T19:29:43.3273930Z Current runner version: '2.337.0'
phase2-contracts-compatibility	Set up job	2026-09-13T19:29:43.3288160Z ##[group]Runner Image Provisioner
phase2-contracts-compatibility	Set up job	2026-09-13T19:29:43.3288670Z Hosted Compute Agent
phase2-contracts-compatibility	Set up job	2026-09-13T19:29:43.3289050Z Version: 20260828.587
phase2-contracts-compatibility	Set up job	2026-09-13T19:29:43.3289460Z Commit: abac92662cab4cc7352de4f9f9d2e2419aad9c29
phase2-contracts-compatibility	Set up job	2026-09-13T19:29:43.3289940Z Build Date: 2026-08-28T16:44:25Z
phase2-contracts-compatibility	Set up job	2026-09-13T19:29:43.3290400Z Worker ID: {a771fc83-79f0-4746-b816-1ae25e4a3129}
phase2-contracts-compatibility	Set up job	2026-09-13T19:29:43.3290880Z Azure Region: westus
phase2-contracts-compatibility	Set up job	2026-09-13T19:29:43.3291230Z ##[endgroup]
phase2-contracts-compatibility	Set up job	2026-09-13T19:29:43.3292030Z ##[group]Operating System
phase2-contracts-compatibility	Set up job	2026-09-13T19:29:43.3292400Z macOS
phase2-contracts-compatibility	Set up job	2026-09-13T19:29:43.3292720Z 15.7.9
phase2-contracts-compatibility	Set up job	2026-09-13T19:29:43.3293030Z 24G830
phase2-contracts-compatibility	Set up job	2026-09-13T19:29:43.3293360Z ##[endgroup]
phase2-contracts-compatibility	Set up job	2026-09-13T19:29:43.3293700Z ##[group]Runner Image
phase2-contracts-compatibility	Set up job	2026-09-13T19:29:43.3294080Z Image: macos-15-arm64
phase2-contracts-compatibility	Set up job	2026-09-13T19:29:43.3294440Z Version: 20260907.0337.1
phase2-contracts-compatibility	Set up job	2026-09-13T19:29:43.3295140Z Included Software: https://github.com/actions/runner-images/blob/macos-15-arm64/20260907.0337/images/macos/macos-15-arm64-Readme.md
phase2-contracts-compatibility	Set up job	2026-09-13T19:29:43.3296190Z Image Release: https://github.com/actions/runner-images/releases/tag/macos-15-arm64%2F20260907.0337
phase2-contracts-compatibility	Set up job	2026-09-13T19:29:43.3296840Z ##[endgroup]
phase2-contracts-compatibility	Set up job	2026-09-13T19:29:43.3297510Z ##[group]GITHUB_TOKEN Permissions
phase2-contracts-compatibility	Set up job	2026-09-13T19:29:43.3298440Z Contents: read
phase2-contracts-compatibility	Set up job	2026-09-13T19:29:43.3298810Z Metadata: read
phase2-contracts-compatibility	Set up job	2026-09-13T19:29:43.3299140Z ##[endgroup]
phase2-contracts-compatibility	Set up job	2026-09-13T19:29:43.3300460Z Secret source: Actions
phase2-contracts-compatibility	Set up job	2026-09-13T19:29:43.3301010Z Cache mode: write
phase2-contracts-compatibility	Set up job	2026-09-13T19:29:43.3301440Z Prepare workflow directory
phase2-contracts-compatibility	Set up job	2026-09-13T19:29:43.3858890Z Prepare all required actions
phase2-contracts-compatibility	Set up job	2026-09-13T19:29:43.3925570Z Getting action download info
phase2-contracts-compatibility	Set up job	2026-09-13T19:29:43.5768760Z Download action repository 'actions/checkout@34e114876b0b11c390a56381ad16ebd13914f8d5' (SHA:34e114876b0b11c390a56381ad16ebd13914f8d5)
phase2-contracts-compatibility	Set up job	2026-09-13T19:29:43.9416620Z Download action repository 'actions/setup-node@49933ea5288caeca8642d1e84afbd3f7d6820020' (SHA:49933ea5288caeca8642d1e84afbd3f7d6820020)
phase2-contracts-compatibility	Set up job	2026-09-13T19:29:44.0638690Z Download action repository 'actions/cache@0400d5f644dc74513175e3cd8d07132dd4860809' (SHA:0400d5f644dc74513175e3cd8d07132dd4860809)
phase2-contracts-compatibility	Set up job	2026-09-13T19:29:44.1385070Z Download action repository 'actions/upload-artifact@ea165f8d65b6e75b540449e92b4886f43607fa02' (SHA:ea165f8d65b6e75b540449e92b4886f43607fa02)
phase2-contracts-compatibility	Set up job	2026-09-13T19:29:44.3437790Z Complete job name: phase2-contracts-compatibility
phase2-contracts-compatibility	Run actions/checkout@34e114876b0b11c390a56381ad16ebd13914f8d5	﻿2026-09-13T19:29:44.3819970Z Node 20 is being deprecated. This workflow is running with Node 24 by default. If you need to temporarily use Node 20, you can set the ACTIONS_ALLOW_USE_UNSECURE_NODE_VERSION=true environment variable. For more information see: https://github.blog/changelog/2025-09-19-deprecation-of-node-20-on-github-actions-runners/
phase2-contracts-compatibility	Run actions/checkout@34e114876b0b11c390a56381ad16ebd13914f8d5	2026-09-13T19:29:44.3825750Z ##[group]Run actions/checkout@34e114876b0b11c390a56381ad16ebd13914f8d5
phase2-contracts-compatibility	Run actions/checkout@34e114876b0b11c390a56381ad16ebd13914f8d5	2026-09-13T19:29:44.3826310Z with:
phase2-contracts-compatibility	Run actions/checkout@34e114876b0b11c390a56381ad16ebd13914f8d5	2026-09-13T19:29:44.3826620Z   repository: szTheory/keepling
phase2-contracts-compatibility	Run actions/checkout@34e114876b0b11c390a56381ad16ebd13914f8d5	2026-09-13T19:29:44.3829470Z   token: ***
phase2-contracts-compatibility	Run actions/checkout@34e114876b0b11c390a56381ad16ebd13914f8d5	2026-09-13T19:29:44.3829890Z   ssh-strict: true
phase2-contracts-compatibility	Run actions/checkout@34e114876b0b11c390a56381ad16ebd13914f8d5	2026-09-13T19:29:44.3830200Z   ssh-user: git
phase2-contracts-compatibility	Run actions/checkout@34e114876b0b11c390a56381ad16ebd13914f8d5	2026-09-13T19:29:44.3830520Z   persist-credentials: true
phase2-contracts-compatibility	Run actions/checkout@34e114876b0b11c390a56381ad16ebd13914f8d5	2026-09-13T19:29:44.3830850Z   clean: true
phase2-contracts-compatibility	Run actions/checkout@34e114876b0b11c390a56381ad16ebd13914f8d5	2026-09-13T19:29:44.3831160Z   sparse-checkout-cone-mode: true
phase2-contracts-compatibility	Run actions/checkout@34e114876b0b11c390a56381ad16ebd13914f8d5	2026-09-13T19:29:44.3831520Z   fetch-depth: 1
phase2-contracts-compatibility	Run actions/checkout@34e114876b0b11c390a56381ad16ebd13914f8d5	2026-09-13T19:29:44.3831810Z   fetch-tags: false
phase2-contracts-compatibility	Run actions/checkout@34e114876b0b11c390a56381ad16ebd13914f8d5	2026-09-13T19:29:44.3832120Z   show-progress: true
phase2-contracts-compatibility	Run actions/checkout@34e114876b0b11c390a56381ad16ebd13914f8d5	2026-09-13T19:29:44.3832420Z   lfs: false
phase2-contracts-compatibility	Run actions/checkout@34e114876b0b11c390a56381ad16ebd13914f8d5	2026-09-13T19:29:44.3832740Z   submodules: false
phase2-contracts-compatibility	Run actions/checkout@34e114876b0b11c390a56381ad16ebd13914f8d5	2026-09-13T19:29:44.3833040Z   set-safe-directory: true
phase2-contracts-compatibility	Run actions/checkout@34e114876b0b11c390a56381ad16ebd13914f8d5	2026-09-13T19:29:44.3833570Z env:
phase2-contracts-compatibility	Run actions/checkout@34e114876b0b11c390a56381ad16ebd13914f8d5	2026-09-13T19:29:44.3833870Z   KEEPLING_PHASE2_SEED: 20260901
phase2-contracts-compatibility	Run actions/checkout@34e114876b0b11c390a56381ad16ebd13914f8d5	2026-09-13T19:29:44.3834350Z   KEEPLING_FLAKE_POLICY: no-retry; quarantine-requires-owner-issue-expiry
phase2-contracts-compatibility	Run actions/checkout@34e114876b0b11c390a56381ad16ebd13914f8d5	2026-09-13T19:29:44.3834850Z ##[endgroup]
phase2-contracts-compatibility	Run actions/checkout@34e114876b0b11c390a56381ad16ebd13914f8d5	2026-09-13T19:29:44.7058730Z Syncing repository: szTheory/keepling
phase2-contracts-compatibility	Run actions/checkout@34e114876b0b11c390a56381ad16ebd13914f8d5	2026-09-13T19:29:44.7060220Z ##[group]Getting Git version info
phase2-contracts-compatibility	Run actions/checkout@34e114876b0b11c390a56381ad16ebd13914f8d5	2026-09-13T19:29:44.7060770Z Working directory is '/Users/runner/work/keepling/keepling'
phase2-contracts-compatibility	Run actions/checkout@34e114876b0b11c390a56381ad16ebd13914f8d5	2026-09-13T19:29:44.7061530Z [command]/opt/homebrew/bin/git version
phase2-contracts-compatibility	Run actions/checkout@34e114876b0b11c390a56381ad16ebd13914f8d5	2026-09-13T19:29:44.7541470Z git version 2.55.0
phase2-contracts-compatibility	Run actions/checkout@34e114876b0b11c390a56381ad16ebd13914f8d5	2026-09-13T19:29:44.7557510Z ##[endgroup]
phase2-contracts-compatibility	Run actions/checkout@34e114876b0b11c390a56381ad16ebd13914f8d5	2026-09-13T19:29:44.7563020Z Copying '/Users/runner/.gitconfig' to '/Users/runner/work/_temp/5f1d41ac-3b7a-4e82-97ca-268c3f3c6371/.gitconfig'
phase2-contracts-compatibility	Run actions/checkout@34e114876b0b11c390a56381ad16ebd13914f8d5	2026-09-13T19:29:44.7569060Z Temporarily overriding HOME='/Users/runner/work/_temp/5f1d41ac-3b7a-4e82-97ca-268c3f3c6371' before making global git config changes
phase2-contracts-compatibility	Run actions/checkout@34e114876b0b11c390a56381ad16ebd13914f8d5	2026-09-13T19:29:44.7570140Z Adding repository directory to the temporary git global config as a safe directory
phase2-contracts-compatibility	Run actions/checkout@34e114876b0b11c390a56381ad16ebd13914f8d5	2026-09-13T19:29:44.7572050Z [command]/opt/homebrew/bin/git config --global --add safe.directory /Users/runner/work/keepling/keepling
phase2-contracts-compatibility	Run actions/checkout@34e114876b0b11c390a56381ad16ebd13914f8d5	2026-09-13T19:29:44.7666940Z Deleting the contents of '/Users/runner/work/keepling/keepling'
phase2-contracts-compatibility	Run actions/checkout@34e114876b0b11c390a56381ad16ebd13914f8d5	2026-09-13T19:29:44.7669290Z ##[group]Initializing the repository
phase2-contracts-compatibility	Run actions/checkout@34e114876b0b11c390a56381ad16ebd13914f8d5	2026-09-13T19:29:44.7672300Z [command]/opt/homebrew/bin/git init /Users/runner/work/keepling/keepling
phase2-contracts-compatibility	Run actions/checkout@34e114876b0b11c390a56381ad16ebd13914f8d5	2026-09-13T19:29:44.7848170Z hint: Using 'master' as the name for the initial branch. This default branch name
phase2-contracts-compatibility	Run actions/checkout@34e114876b0b11c390a56381ad16ebd13914f8d5	2026-09-13T19:29:44.7849100Z hint: will change to "main" in Git 3.0. To configure the initial branch name
phase2-contracts-compatibility	Run actions/checkout@34e114876b0b11c390a56381ad16ebd13914f8d5	2026-09-13T19:29:44.7849920Z hint: to use in all of your new repositories, which will suppress this warning,
phase2-contracts-compatibility	Run actions/checkout@34e114876b0b11c390a56381ad16ebd13914f8d5	2026-09-13T19:29:44.7850470Z hint: call:
phase2-contracts-compatibility	Run actions/checkout@34e114876b0b11c390a56381ad16ebd13914f8d5	2026-09-13T19:29:44.7850830Z hint:
phase2-contracts-compatibility	Run actions/checkout@34e114876b0b11c390a56381ad16ebd13914f8d5	2026-09-13T19:29:44.7851210Z hint: 	git config --global init.defaultBranch <name>
phase2-contracts-compatibility	Run actions/checkout@34e114876b0b11c390a56381ad16ebd13914f8d5	2026-09-13T19:29:44.7851670Z hint:
phase2-contracts-compatibility	Run actions/checkout@34e114876b0b11c390a56381ad16ebd13914f8d5	2026-09-13T19:29:44.7852110Z hint: Names commonly chosen instead of 'master' are 'main', 'trunk' and
phase2-contracts-compatibility	Run actions/checkout@34e114876b0b11c390a56381ad16ebd13914f8d5	2026-09-13T19:29:44.7852780Z hint: 'development'. The just-created branch can be renamed via this command:
phase2-contracts-compatibility	Run actions/checkout@34e114876b0b11c390a56381ad16ebd13914f8d5	2026-09-13T19:29:44.7853360Z hint:
phase2-contracts-compatibility	Run actions/checkout@34e114876b0b11c390a56381ad16ebd13914f8d5	2026-09-13T19:29:44.7853690Z hint: 	git branch -m <name>
phase2-contracts-compatibility	Run actions/checkout@34e114876b0b11c390a56381ad16ebd13914f8d5	2026-09-13T19:29:44.7854050Z hint:
phase2-contracts-compatibility	Run actions/checkout@34e114876b0b11c390a56381ad16ebd13914f8d5	2026-09-13T19:29:44.7854500Z hint: Disable this message with "git config set advice.defaultBranchName false"
phase2-contracts-compatibility	Run actions/checkout@34e114876b0b11c390a56381ad16ebd13914f8d5	2026-09-13T19:29:44.7855620Z Initialized empty Git repository in /Users/runner/work/keepling/keepling/.git/
phase2-contracts-compatibility	Run actions/checkout@34e114876b0b11c390a56381ad16ebd13914f8d5	2026-09-13T19:29:44.7856970Z [command]/opt/homebrew/bin/git remote add origin https://github.com/szTheory/keepling
phase2-contracts-compatibility	Run actions/checkout@34e114876b0b11c390a56381ad16ebd13914f8d5	2026-09-13T19:29:44.7925970Z ##[endgroup]
phase2-contracts-compatibility	Run actions/checkout@34e114876b0b11c390a56381ad16ebd13914f8d5	2026-09-13T19:29:44.7926650Z ##[group]Disabling automatic garbage collection
phase2-contracts-compatibility	Run actions/checkout@34e114876b0b11c390a56381ad16ebd13914f8d5	2026-09-13T19:29:44.7928710Z [command]/opt/homebrew/bin/git config --local gc.auto 0
phase2-contracts-compatibility	Run actions/checkout@34e114876b0b11c390a56381ad16ebd13914f8d5	2026-09-13T19:29:44.7999700Z ##[endgroup]
phase2-contracts-compatibility	Run actions/checkout@34e114876b0b11c390a56381ad16ebd13914f8d5	2026-09-13T19:29:44.8000510Z ##[group]Setting up auth
phase2-contracts-compatibility	Run actions/checkout@34e114876b0b11c390a56381ad16ebd13914f8d5	2026-09-13T19:29:44.8005610Z [command]/opt/homebrew/bin/git config --local --name-only --get-regexp core\.sshCommand
phase2-contracts-compatibility	Run actions/checkout@34e114876b0b11c390a56381ad16ebd13914f8d5	2026-09-13T19:29:44.8084020Z [command]/opt/homebrew/bin/git submodule foreach --recursive sh -c "git config --local --name-only --get-regexp 'core\.sshCommand' && git config --local --unset-all 'core.sshCommand' || :"
phase2-contracts-compatibility	Run actions/checkout@34e114876b0b11c390a56381ad16ebd13914f8d5	2026-09-13T19:29:44.9012810Z [command]/opt/homebrew/bin/git config --local --name-only --get-regexp http\.https\:\/\/github\.com\/\.extraheader
phase2-contracts-compatibility	Run actions/checkout@34e114876b0b11c390a56381ad16ebd13914f8d5	2026-09-13T19:29:44.9073960Z [command]/opt/homebrew/bin/git submodule foreach --recursive sh -c "git config --local --name-only --get-regexp 'http\.https\:\/\/github\.com\/\.extraheader' && git config --local --unset-all 'http.https://github.com/.extraheader' || :"
phase2-contracts-compatibility	Run actions/checkout@34e114876b0b11c390a56381ad16ebd13914f8d5	2026-09-13T19:29:44.9708380Z [command]/opt/homebrew/bin/git config --local --name-only --get-regexp ^includeIf\.gitdir:
phase2-contracts-compatibility	Run actions/checkout@34e114876b0b11c390a56381ad16ebd13914f8d5	2026-09-13T19:29:44.9754740Z [command]/opt/homebrew/bin/git submodule foreach --recursive git config --local --show-origin --name-only --get-regexp remote.origin.url
phase2-contracts-compatibility	Run actions/checkout@34e114876b0b11c390a56381ad16ebd13914f8d5	2026-09-13T19:29:45.0649730Z [command]/opt/homebrew/bin/git config --local http.https://github.com/.extraheader AUTHORIZATION: basic ***
phase2-contracts-compatibility	Run actions/checkout@34e114876b0b11c390a56381ad16ebd13914f8d5	2026-09-13T19:29:45.0652020Z ##[endgroup]
phase2-contracts-compatibility	Run actions/checkout@34e114876b0b11c390a56381ad16ebd13914f8d5	2026-09-13T19:29:45.0652620Z ##[group]Fetching the repository
phase2-contracts-compatibility	Run actions/checkout@34e114876b0b11c390a56381ad16ebd13914f8d5	2026-09-13T19:29:45.0653610Z [command]/opt/homebrew/bin/git -c protocol.version=2 fetch --no-tags --prune --no-recurse-submodules --depth=1 origin +c2e4ce37ff0ca2c27067b098c2cfbdc59155ba96:refs/remotes/origin/main
phase2-contracts-compatibility	Run actions/checkout@34e114876b0b11c390a56381ad16ebd13914f8d5	2026-09-13T19:29:46.6976020Z From https://github.com/szTheory/keepling
phase2-contracts-compatibility	Run actions/checkout@34e114876b0b11c390a56381ad16ebd13914f8d5	2026-09-13T19:29:46.6977330Z  * [new ref]         c2e4ce37ff0ca2c27067b098c2cfbdc59155ba96 -> origin/main
phase2-contracts-compatibility	Run actions/checkout@34e114876b0b11c390a56381ad16ebd13914f8d5	2026-09-13T19:29:46.6979380Z ##[endgroup]
phase2-contracts-compatibility	Run actions/checkout@34e114876b0b11c390a56381ad16ebd13914f8d5	2026-09-13T19:29:46.6980180Z ##[group]Determining the checkout info
phase2-contracts-compatibility	Run actions/checkout@34e114876b0b11c390a56381ad16ebd13914f8d5	2026-09-13T19:29:46.6981380Z ##[endgroup]
phase2-contracts-compatibility	Run actions/checkout@34e114876b0b11c390a56381ad16ebd13914f8d5	2026-09-13T19:29:46.6981960Z [command]/opt/homebrew/bin/git sparse-checkout disable
phase2-contracts-compatibility	Run actions/checkout@34e114876b0b11c390a56381ad16ebd13914f8d5	2026-09-13T19:29:46.7043460Z [command]/opt/homebrew/bin/git config --local --unset-all extensions.worktreeConfig
phase2-contracts-compatibility	Run actions/checkout@34e114876b0b11c390a56381ad16ebd13914f8d5	2026-09-13T19:29:46.7097080Z ##[group]Checking out the ref
phase2-contracts-compatibility	Run actions/checkout@34e114876b0b11c390a56381ad16ebd13914f8d5	2026-09-13T19:29:46.7102910Z [command]/opt/homebrew/bin/git checkout --progress --force -B main refs/remotes/origin/main
phase2-contracts-compatibility	Run actions/checkout@34e114876b0b11c390a56381ad16ebd13914f8d5	2026-09-13T19:29:46.9788640Z Switched to a new branch 'main'
phase2-contracts-compatibility	Run actions/checkout@34e114876b0b11c390a56381ad16ebd13914f8d5	2026-09-13T19:29:46.9795160Z branch 'main' set up to track 'origin/main'.
phase2-contracts-compatibility	Run actions/checkout@34e114876b0b11c390a56381ad16ebd13914f8d5	2026-09-13T19:29:46.9800880Z ##[endgroup]
phase2-contracts-compatibility	Run actions/checkout@34e114876b0b11c390a56381ad16ebd13914f8d5	2026-09-13T19:29:46.9869970Z [command]/opt/homebrew/bin/git log -1 --format=%H
phase2-contracts-compatibility	Run actions/checkout@34e114876b0b11c390a56381ad16ebd13914f8d5	2026-09-13T19:29:46.9919950Z c2e4ce37ff0ca2c27067b098c2cfbdc59155ba96
phase2-contracts-compatibility	Run actions/setup-node@49933ea5288caeca8642d1e84afbd3f7d6820020	﻿2026-09-13T19:29:47.0167380Z Node 20 is being deprecated. This workflow is running with Node 24 by default. If you need to temporarily use Node 20, you can set the ACTIONS_ALLOW_USE_UNSECURE_NODE_VERSION=true environment variable. For more information see: https://github.blog/changelog/2025-09-19-deprecation-of-node-20-on-github-actions-runners/
phase2-contracts-compatibility	Run actions/setup-node@49933ea5288caeca8642d1e84afbd3f7d6820020	2026-09-13T19:29:47.0171430Z ##[group]Run actions/setup-node@49933ea5288caeca8642d1e84afbd3f7d6820020
phase2-contracts-compatibility	Run actions/setup-node@49933ea5288caeca8642d1e84afbd3f7d6820020	2026-09-13T19:29:47.0172490Z with:
phase2-contracts-compatibility	Run actions/setup-node@49933ea5288caeca8642d1e84afbd3f7d6820020	2026-09-13T19:29:47.0173060Z   node-version: 24.7.0
phase2-contracts-compatibility	Run actions/setup-node@49933ea5288caeca8642d1e84afbd3f7d6820020	2026-09-13T19:29:47.0173710Z   always-auth: false
phase2-contracts-compatibility	Run actions/setup-node@49933ea5288caeca8642d1e84afbd3f7d6820020	2026-09-13T19:29:47.0174340Z   check-latest: false
phase2-contracts-compatibility	Run actions/setup-node@49933ea5288caeca8642d1e84afbd3f7d6820020	2026-09-13T19:29:47.0180420Z   token: ***
phase2-contracts-compatibility	Run actions/setup-node@49933ea5288caeca8642d1e84afbd3f7d6820020	2026-09-13T19:29:47.0180990Z env:
phase2-contracts-compatibility	Run actions/setup-node@49933ea5288caeca8642d1e84afbd3f7d6820020	2026-09-13T19:29:47.0181550Z   KEEPLING_PHASE2_SEED: 20260901
phase2-contracts-compatibility	Run actions/setup-node@49933ea5288caeca8642d1e84afbd3f7d6820020	2026-09-13T19:29:47.0182580Z   KEEPLING_FLAKE_POLICY: no-retry; quarantine-requires-owner-issue-expiry
phase2-contracts-compatibility	Run actions/setup-node@49933ea5288caeca8642d1e84afbd3f7d6820020	2026-09-13T19:29:47.0183670Z ##[endgroup]
phase2-contracts-compatibility	Run actions/setup-node@49933ea5288caeca8642d1e84afbd3f7d6820020	2026-09-13T19:29:47.1267620Z Attempting to download 24.7.0...
phase2-contracts-compatibility	Run actions/setup-node@49933ea5288caeca8642d1e84afbd3f7d6820020	2026-09-13T19:29:47.1401350Z (node:6865) [DEP0040] DeprecationWarning: The `punycode` module is deprecated. Please use a userland alternative instead.
phase2-contracts-compatibility	Run actions/setup-node@49933ea5288caeca8642d1e84afbd3f7d6820020	2026-09-13T19:29:47.1404340Z (Use `node --trace-deprecation ...` to show where the warning was created)
phase2-contracts-compatibility	Run actions/setup-node@49933ea5288caeca8642d1e84afbd3f7d6820020	2026-09-13T19:29:48.3278450Z Acquiring 24.7.0 - arm64 from https://github.com/actions/node-versions/releases/download/24.7.0-17283839804/node-24.7.0-darwin-arm64.tar.gz
phase2-contracts-compatibility	Run actions/setup-node@49933ea5288caeca8642d1e84afbd3f7d6820020	2026-09-13T19:29:48.9702410Z Extracting ...
phase2-contracts-compatibility	Run actions/setup-node@49933ea5288caeca8642d1e84afbd3f7d6820020	2026-09-13T19:29:48.9814710Z [command]/usr/bin/tar xz --strip 1 -C /Users/runner/work/_temp/900dd3f9-d686-462d-a997-d8c145c6c922 -f /Users/runner/work/_temp/dc9cf3fa-c637-4dee-a648-b05b0fca966d
phase2-contracts-compatibility	Run actions/setup-node@49933ea5288caeca8642d1e84afbd3f7d6820020	2026-09-13T19:29:50.4725600Z Adding to the cache ...
phase2-contracts-compatibility	Run actions/setup-node@49933ea5288caeca8642d1e84afbd3f7d6820020	2026-09-13T19:29:52.6685610Z ##[group]Environment details
phase2-contracts-compatibility	Run actions/setup-node@49933ea5288caeca8642d1e84afbd3f7d6820020	2026-09-13T19:29:52.9801620Z node: v24.7.0
phase2-contracts-compatibility	Run actions/setup-node@49933ea5288caeca8642d1e84afbd3f7d6820020	2026-09-13T19:29:52.9803340Z npm: 11.5.1
phase2-contracts-compatibility	Run actions/setup-node@49933ea5288caeca8642d1e84afbd3f7d6820020	2026-09-13T19:29:52.9803910Z yarn: 1.22.22
phase2-contracts-compatibility	Run actions/setup-node@49933ea5288caeca8642d1e84afbd3f7d6820020	2026-09-13T19:29:52.9805260Z ##[endgroup]
phase2-contracts-compatibility	Run actions/cache@0400d5f644dc74513175e3cd8d07132dd4860809	﻿2026-09-13T19:29:53.2328020Z Node 20 is being deprecated. This workflow is running with Node 24 by default. If you need to temporarily use Node 20, you can set the ACTIONS_ALLOW_USE_UNSECURE_NODE_VERSION=true environment variable. For more information see: https://github.blog/changelog/2025-09-19-deprecation-of-node-20-on-github-actions-runners/
phase2-contracts-compatibility	Run actions/cache@0400d5f644dc74513175e3cd8d07132dd4860809	2026-09-13T19:29:53.2329130Z ##[group]Run actions/cache@0400d5f644dc74513175e3cd8d07132dd4860809
phase2-contracts-compatibility	Run actions/cache@0400d5f644dc74513175e3cd8d07132dd4860809	2026-09-13T19:29:53.2329430Z with:
phase2-contracts-compatibility	Run actions/cache@0400d5f644dc74513175e3cd8d07132dd4860809	2026-09-13T19:29:53.2329670Z   path: ~/.asdf/installs
phase2-contracts-compatibility	Run actions/cache@0400d5f644dc74513175e3cd8d07132dd4860809	apps/server/deps
phase2-contracts-compatibility	Run actions/cache@0400d5f644dc74513175e3cd8d07132dd4860809	apps/server/_build
phase2-contracts-compatibility	Run actions/cache@0400d5f644dc74513175e3cd8d07132dd4860809	node_modules
phase2-contracts-compatibility	Run actions/cache@0400d5f644dc74513175e3cd8d07132dd4860809	
phase2-contracts-compatibility	Run actions/cache@0400d5f644dc74513175e3cd8d07132dd4860809	2026-09-13T19:29:53.2330240Z   key: phase2-macOS-contracts-compatibility-45b3b35ef45f5d65ae586b2b25dfb93049c099ec9870f23270bda4b35fe975d3
phase2-contracts-compatibility	Run actions/cache@0400d5f644dc74513175e3cd8d07132dd4860809	2026-09-13T19:29:53.2330690Z   enableCrossOsArchive: false
phase2-contracts-compatibility	Run actions/cache@0400d5f644dc74513175e3cd8d07132dd4860809	2026-09-13T19:29:53.2330900Z   fail-on-cache-miss: false
phase2-contracts-compatibility	Run actions/cache@0400d5f644dc74513175e3cd8d07132dd4860809	2026-09-13T19:29:53.2331070Z   lookup-only: false
phase2-contracts-compatibility	Run actions/cache@0400d5f644dc74513175e3cd8d07132dd4860809	2026-09-13T19:29:53.2331280Z   save-always: false
phase2-contracts-compatibility	Run actions/cache@0400d5f644dc74513175e3cd8d07132dd4860809	2026-09-13T19:29:53.2331510Z env:
phase2-contracts-compatibility	Run actions/cache@0400d5f644dc74513175e3cd8d07132dd4860809	2026-09-13T19:29:53.2331650Z   KEEPLING_PHASE2_SEED: 20260901
phase2-contracts-compatibility	Run actions/cache@0400d5f644dc74513175e3cd8d07132dd4860809	2026-09-13T19:29:53.2331970Z   KEEPLING_FLAKE_POLICY: no-retry; quarantine-requires-owner-issue-expiry
phase2-contracts-compatibility	Run actions/cache@0400d5f644dc74513175e3cd8d07132dd4860809	2026-09-13T19:29:53.2332240Z ##[endgroup]
phase2-contracts-compatibility	Run actions/cache@0400d5f644dc74513175e3cd8d07132dd4860809	2026-09-13T19:29:53.3338160Z (node:7061) [DEP0040] DeprecationWarning: The `punycode` module is deprecated. Please use a userland alternative instead.
phase2-contracts-compatibility	Run actions/cache@0400d5f644dc74513175e3cd8d07132dd4860809	2026-09-13T19:29:53.3339250Z (Use `node --trace-deprecation ...` to show where the warning was created)
phase2-contracts-compatibility	Run actions/cache@0400d5f644dc74513175e3cd8d07132dd4860809	2026-09-13T19:29:53.3941060Z Cache hit for: phase2-macOS-contracts-compatibility-45b3b35ef45f5d65ae586b2b25dfb93049c099ec9870f23270bda4b35fe975d3
phase2-contracts-compatibility	Run actions/cache@0400d5f644dc74513175e3cd8d07132dd4860809	2026-09-13T19:29:53.3999580Z (node:7061) [DEP0169] DeprecationWarning: `url.parse()` behavior is not standardized and prone to errors that have security implications. Use the WHATWG URL API instead. CVEs are not issued for `url.parse()` vulnerabilities.
phase2-contracts-compatibility	Run actions/cache@0400d5f644dc74513175e3cd8d07132dd4860809	2026-09-13T19:29:54.4825320Z Received 155189248 of 194532178 (79.8%), 144.1 MBs/sec
phase2-contracts-compatibility	Run actions/cache@0400d5f644dc74513175e3cd8d07132dd4860809	2026-09-13T19:29:54.6396040Z Received 194532178 of 194532178 (100.0%), 155.4 MBs/sec
phase2-contracts-compatibility	Run actions/cache@0400d5f644dc74513175e3cd8d07132dd4860809	2026-09-13T19:29:54.6465460Z Cache Size: ~186 MB (194532178 B)
phase2-contracts-compatibility	Run actions/cache@0400d5f644dc74513175e3cd8d07132dd4860809	2026-09-13T19:29:54.6469500Z [command]/opt/homebrew/bin/gtar -xf /Users/runner/work/_temp/30557f01-3db7-4406-a978-f1ea95205fa1/cache.tzst -P -C /Users/runner/work/keepling/keepling --delay-directory-restore --use-compress-program unzstd
phase2-contracts-compatibility	Run actions/cache@0400d5f644dc74513175e3cd8d07132dd4860809	2026-09-13T19:30:00.3832970Z Cache restored successfully
phase2-contracts-compatibility	Run actions/cache@0400d5f644dc74513175e3cd8d07132dd4860809	2026-09-13T19:30:00.4866250Z Cache restored from key: phase2-macOS-contracts-compatibility-45b3b35ef45f5d65ae586b2b25dfb93049c099ec9870f23270bda4b35fe975d3
phase2-contracts-compatibility	Provision exact repository runtimes	﻿2026-09-13T19:30:00.5033780Z ##[group]Run brew list asdf >/dev/null 2>&1 || brew install asdf
phase2-contracts-compatibility	Provision exact repository runtimes	2026-09-13T19:30:00.5034360Z ^[[36;1mbrew list asdf >/dev/null 2>&1 || brew install asdf^[[0m
phase2-contracts-compatibility	Provision exact repository runtimes	2026-09-13T19:30:00.5034760Z ^[[36;1m./tooling/runtime-preflight.sh --provision^[[0m
phase2-contracts-compatibility	Provision exact repository runtimes	2026-09-13T19:30:00.5036070Z ^[[36;1mcorepack enable^[[0m
phase2-contracts-compatibility	Provision exact repository runtimes	2026-09-13T19:30:00.5036320Z ^[[36;1mpnpm install --frozen-lockfile^[[0m
phase2-contracts-compatibility	Provision exact repository runtimes	2026-09-13T19:30:00.5036800Z ^[[36;1m./tooling/runtime-preflight.sh --exec -- sh -c 'cd apps/server && mix deps.get --check-locked'^[[0m
phase2-contracts-compatibility	Provision exact repository runtimes	2026-09-13T19:30:00.5101110Z shell: /bin/bash -e {0}
phase2-contracts-compatibility	Provision exact repository runtimes	2026-09-13T19:30:00.5101520Z env:
phase2-contracts-compatibility	Provision exact repository runtimes	2026-09-13T19:30:00.5101760Z   KEEPLING_PHASE2_SEED: 20260901
phase2-contracts-compatibility	Provision exact repository runtimes	2026-09-13T19:30:00.5102220Z   KEEPLING_FLAKE_POLICY: no-retry; quarantine-requires-owner-issue-expiry
phase2-contracts-compatibility	Provision exact repository runtimes	2026-09-13T19:30:00.5102610Z ##[endgroup]
phase2-contracts-compatibility	Provision exact repository runtimes	2026-09-13T19:30:03.4206360Z ^[[32m==>^[[0m ^[[1mDownloading bottle manifests^[[0m
phase2-contracts-compatibility	Provision exact repository runtimes	2026-09-13T19:30:03.4405390Z ✔︎ Bottle Manifest asdf (0.20.0)
phase2-contracts-compatibility	Provision exact repository runtimes	2026-09-13T19:30:03.4406040Z ^[[34m==>^[[0m ^[[1mWould install 1 formula:^[[0m
phase2-contracts-compatibility	Provision exact repository runtimes	2026-09-13T19:30:03.4493410Z asdf
phase2-contracts-compatibility	Provision exact repository runtimes	2026-09-13T19:30:03.5110240Z ^[[32m==>^[[0m ^[[1mFetching downloads for: ^[[32masdf^[[39m^[[0m
phase2-contracts-compatibility	Provision exact repository runtimes	2026-09-13T19:30:04.3218330Z ✔︎ Bottle asdf (0.20.0)
phase2-contracts-compatibility	Provision exact repository runtimes	2026-09-13T19:30:04.3242090Z ^[[34m==>^[[0m ^[[1mPouring asdf--0.20.0.arm64_sequoia.bottle.tar.gz^[[0m
phase2-contracts-compatibility	Provision exact repository runtimes	2026-09-13T19:30:04.4611470Z 🍺  /opt/homebrew/Cellar/asdf/0.20.0: 10 files, 4.4MB
phase2-contracts-compatibility	Provision exact repository runtimes	2026-09-13T19:30:04.4614120Z ^[[32m==>^[[0m ^[[1mCaveats^[[0m
phase2-contracts-compatibility	Provision exact repository runtimes	2026-09-13T19:30:04.4615990Z Bash completion has been installed to:
phase2-contracts-compatibility	Provision exact repository runtimes	2026-09-13T19:30:04.4616630Z   /opt/homebrew/etc/bash_completion.d
phase2-contracts-compatibility	Provision exact repository runtimes	2026-09-13T19:30:08.4704690Z version 29.0.5 of erlang is already installed
phase2-contracts-compatibility	Provision exact repository runtimes	2026-09-13T19:30:08.4733160Z version 1.20.2-otp-29 of elixir is already installed
phase2-contracts-compatibility	Provision exact repository runtimes	2026-09-13T19:30:08.9711180Z ^[[32m==>^[[0m ^[[1mDownloading bottle manifests^[[0m
phase2-contracts-compatibility	Provision exact repository runtimes	2026-09-13T19:30:09.3930750Z ✔︎ Bottle Manifest postgresql@18 (18.6)
phase2-contracts-compatibility	Provision exact repository runtimes	2026-09-13T19:30:09.3931970Z ^[[34m==>^[[0m ^[[1mWould install 1 formula:^[[0m
phase2-contracts-compatibility	Provision exact repository runtimes	2026-09-13T19:30:09.3934120Z postgresql@18
phase2-contracts-compatibility	Provision exact repository runtimes	2026-09-13T19:30:09.4573680Z ^[[32m==>^[[0m ^[[1mFetching downloads for: ^[[32mpostgresql@18^[[39m^[[0m
phase2-contracts-compatibility	Provision exact repository runtimes	2026-09-13T19:30:10.7255850Z ✔︎ Bottle postgresql@18 (18.6)
phase2-contracts-compatibility	Provision exact repository runtimes	2026-09-13T19:30:10.7459520Z ^[[34m==>^[[0m ^[[1mPouring postgresql@18--18.6.arm64_sequoia.bottle.tar.gz^[[0m
phase2-contracts-compatibility	Provision exact repository runtimes	2026-09-13T19:30:12.7707170Z The files belonging to this database system will be owned by user "runner".
phase2-contracts-compatibility	Provision exact repository runtimes	2026-09-13T19:30:12.7710440Z This user must also own the server process.
phase2-contracts-compatibility	Provision exact repository runtimes	2026-09-13T19:30:12.7710740Z 
phase2-contracts-compatibility	Provision exact repository runtimes	2026-09-13T19:30:12.7711070Z The database cluster will be initialized with locale "en_US.UTF-8".
phase2-contracts-compatibility	Provision exact repository runtimes	2026-09-13T19:30:12.7711840Z The default text search configuration will be set to "english".
phase2-contracts-compatibility	Provision exact repository runtimes	2026-09-13T19:30:12.7712140Z 
phase2-contracts-compatibility	Provision exact repository runtimes	2026-09-13T19:30:12.7712550Z Data page checksums are enabled.
phase2-contracts-compatibility	Provision exact repository runtimes	2026-09-13T19:30:12.7712920Z 
phase2-contracts-compatibility	Provision exact repository runtimes	2026-09-13T19:30:12.7713400Z fixing permissions on existing directory /opt/homebrew/var/postgresql@18 ... ok
phase2-contracts-compatibility	Provision exact repository runtimes	2026-09-13T19:30:12.7713850Z creating subdirectories ... ok
phase2-contracts-compatibility	Provision exact repository runtimes	2026-09-13T19:30:12.7719420Z selecting dynamic shared memory implementation ... posix
phase2-contracts-compatibility	Provision exact repository runtimes	2026-09-13T19:30:12.8072980Z selecting default "max_connections" ... 100
phase2-contracts-compatibility	Provision exact repository runtimes	2026-09-13T19:30:12.8256830Z selecting default "shared_buffers" ... 128MB
phase2-contracts-compatibility	Provision exact repository runtimes	2026-09-13T19:30:12.8279560Z selecting default time zone ... UTC
phase2-contracts-compatibility	Provision exact repository runtimes	2026-09-13T19:30:12.8288870Z creating configuration files ... ok
phase2-contracts-compatibility	Provision exact repository runtimes	2026-09-13T19:30:12.9547670Z running bootstrap script ... ok
phase2-contracts-compatibility	Provision exact repository runtimes	2026-09-13T19:30:13.3491530Z performing post-bootstrap initialization ... ok
phase2-contracts-compatibility	Provision exact repository runtimes	2026-09-13T19:30:13.3646560Z syncing data to disk ... ok
phase2-contracts-compatibility	Provision exact repository runtimes	2026-09-13T19:30:13.3648210Z 
phase2-contracts-compatibility	Provision exact repository runtimes	2026-09-13T19:30:13.3648380Z 
phase2-contracts-compatibility	Provision exact repository runtimes	2026-09-13T19:30:13.3648790Z Success. You can now start the database server using:
phase2-contracts-compatibility	Provision exact repository runtimes	2026-09-13T19:30:13.3649220Z 
phase2-contracts-compatibility	Provision exact repository runtimes	2026-09-13T19:30:13.3649760Z     '/opt/homebrew/Cellar/postgresql@18/18.6/bin/pg_ctl' -D '/opt/homebrew/var/postgresql@18' -l logfile start
phase2-contracts-compatibility	Provision exact repository runtimes	2026-09-13T19:30:13.3650350Z 
phase2-contracts-compatibility	Provision exact repository runtimes	2026-09-13T19:30:13.3650750Z initdb: warning: enabling "trust" authentication for local connections
phase2-contracts-compatibility	Provision exact repository runtimes	2026-09-13T19:30:13.3652280Z initdb: hint: You can change this by editing pg_hba.conf or using the option -A, or --auth-local and --auth-host, the next time you run initdb.
phase2-contracts-compatibility	Provision exact repository runtimes	2026-09-13T19:30:13.8638220Z 🍺  /opt/homebrew/Cellar/postgresql@18/18.6: 3,873 files, 77.7MB
phase2-contracts-compatibility	Provision exact repository runtimes	2026-09-13T19:30:13.8641970Z ^[[32m==>^[[0m ^[[1mCaveats^[[0m
phase2-contracts-compatibility	Provision exact repository runtimes	2026-09-13T19:30:13.8642410Z ^[[34m==>^[[0m ^[[1mpostgresql@18^[[0m
phase2-contracts-compatibility	Provision exact repository runtimes	2026-09-13T19:30:13.8642830Z This formula has created a default database cluster with:
phase2-contracts-compatibility	Provision exact repository runtimes	2026-09-13T19:30:13.8643270Z   initdb --locale=en_US.UTF-8 -E UTF-8 /opt/homebrew/var/postgresql@18
phase2-contracts-compatibility	Provision exact repository runtimes	2026-09-13T19:30:13.8643530Z 
phase2-contracts-compatibility	Provision exact repository runtimes	2026-09-13T19:30:13.8660150Z When uninstalling, some dead symlinks are left behind so you may want to run:
phase2-contracts-compatibility	Provision exact repository runtimes	2026-09-13T19:30:13.8660700Z   brew cleanup --prune-prefix
phase2-contracts-compatibility	Provision exact repository runtimes	2026-09-13T19:30:13.8660890Z 
phase2-contracts-compatibility	Provision exact repository runtimes	2026-09-13T19:30:13.8661120Z To start postgresql@18 now and restart at login:
phase2-contracts-compatibility	Provision exact repository runtimes	2026-09-13T19:30:13.8661560Z   brew services start postgresql@18
phase2-contracts-compatibility	Provision exact repository runtimes	2026-09-13T19:30:13.8662070Z Or, if you don't want/need a background service you can just run:
phase2-contracts-compatibility	Provision exact repository runtimes	2026-09-13T19:30:13.8662910Z   LC_ALL="en_US.UTF-8" /opt/homebrew/opt/postgresql@18/bin/postgres -D /opt/homebrew/var/postgresql@18
phase2-contracts-compatibility	Provision exact repository runtimes	2026-09-13T19:30:14.2894820Z Runtime preflight passed: Elixir 1.20.2, OTP 29.0.5, PostgreSQL 18.6
phase2-contracts-compatibility	Provision exact repository runtimes	2026-09-13T19:30:14.4322910Z ! Corepack is about to download https://registry.npmjs.org/pnpm/-/pnpm-10.33.0.tgz
phase2-contracts-compatibility	Provision exact repository runtimes	2026-09-13T19:30:15.1226910Z Scope: all 4 workspace projects
phase2-contracts-compatibility	Provision exact repository runtimes	2026-09-13T19:30:15.1713430Z Lockfile is up to date, resolution step is skipped
phase2-contracts-compatibility	Provision exact repository runtimes	2026-09-13T19:30:15.6231290Z Progress: resolved 0, reused 0, downloaded 1, added 0
phase2-contracts-compatibility	Provision exact repository runtimes	2026-09-13T19:30:16.3426050Z Packages: +2 -45
phase2-contracts-compatibility	Provision exact repository runtimes	2026-09-13T19:30:16.3527400Z ++---------------------------------------------
phase2-contracts-compatibility	Provision exact repository runtimes	2026-09-13T19:30:16.6205810Z Progress: resolved 0, reused 0, downloaded 16, added 0
phase2-contracts-compatibility	Provision exact repository runtimes	2026-09-13T19:30:17.4360880Z Progress: resolved 0, reused 0, downloaded 46, added 2, done
phase2-contracts-compatibility	Provision exact repository runtimes	2026-09-13T19:30:17.5732870Z 
phase2-contracts-compatibility	Provision exact repository runtimes	2026-09-13T19:30:17.6228950Z Done in 2.7s using pnpm v10.33.0
phase2-contracts-compatibility	Provision exact repository runtimes	2026-09-13T19:30:18.2214530Z Runtime preflight passed: Elixir 1.20.2, OTP 29.0.5, PostgreSQL 18.6
phase2-contracts-compatibility	Provision exact repository runtimes	2026-09-13T19:30:19.1802570Z * creating /Users/runner/.mix/archives/hex-2.5.1
phase2-contracts-compatibility	Provision exact repository runtimes	2026-09-13T19:30:19.9217470Z Resolving Hex dependencies...
phase2-contracts-compatibility	Provision exact repository runtimes	2026-09-13T19:30:20.0778370Z Resolution completed in 0.163s
phase2-contracts-compatibility	Provision exact repository runtimes	2026-09-13T19:30:20.0896390Z Unchanged:
phase2-contracts-compatibility	Provision exact repository runtimes	2026-09-13T19:30:20.0897560Z   argon2_elixir 4.1.3
phase2-contracts-compatibility	Provision exact repository runtimes	2026-09-13T19:30:20.0904450Z   bandit 1.12.5
phase2-contracts-compatibility	Provision exact repository runtimes	2026-09-13T19:30:20.0904640Z   certifi 2.17.0
phase2-contracts-compatibility	Provision exact repository runtimes	2026-09-13T19:30:20.0904810Z   comeonin 5.5.1
phase2-contracts-compatibility	Provision exact repository runtimes	2026-09-13T19:30:20.0905280Z   db_connection 2.10.2
phase2-contracts-compatibility	Provision exact repository runtimes	2026-09-13T19:30:20.0905720Z   decimal 3.1.1
phase2-contracts-compatibility	Provision exact repository runtimes	2026-09-13T19:30:20.0906130Z   dns_cluster 0.2.0
phase2-contracts-compatibility	Provision exact repository runtimes	2026-09-13T19:30:20.0906380Z   ecto 3.14.2
phase2-contracts-compatibility	Provision exact repository runtimes	2026-09-13T19:30:20.0906710Z   ecto_sql 3.14.0
phase2-contracts-compatibility	Provision exact repository runtimes	2026-09-13T19:30:20.0907030Z   elixir_make 0.10.0
phase2-contracts-compatibility	Provision exact repository runtimes	2026-09-13T19:30:20.0907270Z   expo 1.1.1
phase2-contracts-compatibility	Provision exact repository runtimes	2026-09-13T19:30:20.0907560Z   gettext 1.0.2
phase2-contracts-compatibility	Provision exact repository runtimes	2026-09-13T19:30:20.0907980Z   h2 0.12.0
phase2-contracts-compatibility	Provision exact repository runtimes	2026-09-13T19:30:20.0908140Z   hackney 4.7.4
phase2-contracts-compatibility	Provision exact repository runtimes	2026-09-13T19:30:20.0908460Z   hammer 7.4.1
phase2-contracts-compatibility	Provision exact repository runtimes	2026-09-13T19:30:20.0908830Z   hex_core 0.15.0
phase2-contracts-compatibility	Provision exact repository runtimes	2026-09-13T19:30:20.0909120Z   hpax 1.0.4
phase2-contracts-compatibility	Provision exact repository runtimes	2026-09-13T19:30:20.0909820Z   idna 7.1.0
phase2-contracts-compatibility	Provision exact repository runtimes	2026-09-13T19:30:20.0910120Z   jason 1.4.5
phase2-contracts-compatibility	Provision exact repository runtimes	2026-09-13T19:30:20.0910470Z   mime 2.0.7
phase2-contracts-compatibility	Provision exact repository runtimes	2026-09-13T19:30:20.0910630Z   mimerl 1.5.0
phase2-contracts-compatibility	Provision exact repository runtimes	2026-09-13T19:30:20.0910790Z   optimus 0.6.1
phase2-contracts-compatibility	Provision exact repository runtimes	2026-09-13T19:30:20.0911070Z   parse_trans 3.4.2
phase2-contracts-compatibility	Provision exact repository runtimes	2026-09-13T19:30:20.0911720Z   phoenix 1.8.13
phase2-contracts-compatibility	Provision exact repository runtimes	2026-09-13T19:30:20.0912120Z   phoenix_ecto 4.7.0
phase2-contracts-compatibility	Provision exact repository runtimes	2026-09-13T19:30:20.0912550Z   phoenix_pubsub 2.3.0
phase2-contracts-compatibility	Provision exact repository runtimes	2026-09-13T19:30:20.0912800Z   phoenix_template 1.0.4
phase2-contracts-compatibility	Provision exact repository runtimes	2026-09-13T19:30:20.0913030Z   plug 1.20.3
phase2-contracts-compatibility	Provision exact repository runtimes	2026-09-13T19:30:20.0913260Z   plug_crypto 2.2.0
phase2-contracts-compatibility	Provision exact repository runtimes	2026-09-13T19:30:20.0913820Z   postgrex 0.22.4
phase2-contracts-compatibility	Provision exact repository runtimes	2026-09-13T19:30:20.0914200Z   protobuf 0.16.1
phase2-contracts-compatibility	Provision exact repository runtimes	2026-09-13T19:30:20.0914520Z   purl 0.3.0
phase2-contracts-compatibility	Provision exact repository runtimes	2026-09-13T19:30:20.0914910Z   quic 1.8.2
phase2-contracts-compatibility	Provision exact repository runtimes	2026-09-13T19:30:20.0915270Z   sbom 0.10.0
phase2-contracts-compatibility	Provision exact repository runtimes	2026-09-13T19:30:20.0915440Z   ssl_verify_fun 1.1.7
phase2-contracts-compatibility	Provision exact repository runtimes	2026-09-13T19:30:20.0915870Z   stream_data 1.4.0
phase2-contracts-compatibility	Provision exact repository runtimes	2026-09-13T19:30:20.0916460Z   telemetry 1.4.2
phase2-contracts-compatibility	Provision exact repository runtimes	2026-09-13T19:30:20.0917000Z   telemetry_metrics 1.2.0
phase2-contracts-compatibility	Provision exact repository runtimes	2026-09-13T19:30:20.0917260Z   telemetry_poller 1.3.0
phase2-contracts-compatibility	Provision exact repository runtimes	2026-09-13T19:30:20.0917530Z   thousand_island 1.5.0
phase2-contracts-compatibility	Provision exact repository runtimes	2026-09-13T19:30:20.0917880Z   tzdata 1.1.5
phase2-contracts-compatibility	Provision exact repository runtimes	2026-09-13T19:30:20.0923160Z   websock 0.5.3
phase2-contracts-compatibility	Provision exact repository runtimes	2026-09-13T19:30:20.0923410Z   websock_adapter 0.6.0
phase2-contracts-compatibility	Provision exact repository runtimes	2026-09-13T19:30:20.0923600Z   webtransport 0.4.5
phase2-contracts-compatibility	Provision exact repository runtimes	2026-09-13T19:30:20.3801210Z * creating /Users/runner/.mix/elixir/1-20-otp-29/rebar3
phase2-contracts-compatibility	Provision exact repository runtimes	2026-09-13T19:30:20.4386410Z All dependencies have been fetched
phase2-contracts-compatibility	Run exact Phase 2 lane	﻿2026-09-13T19:30:20.4602630Z ##[group]Run set -o pipefail
phase2-contracts-compatibility	Run exact Phase 2 lane	2026-09-13T19:30:20.4602900Z ^[[36;1mset -o pipefail^[[0m
phase2-contracts-compatibility	Run exact Phase 2 lane	2026-09-13T19:30:20.4603380Z ^[[36;1m./tooling/test-phase-2.sh --lane "contracts-compatibility" | tee "$RUNNER_TEMP/contracts-compatibility.txt"^[[0m
phase2-contracts-compatibility	Run exact Phase 2 lane	2026-09-13T19:30:20.4604000Z ^[[36;1m./tooling/verify-privacy.sh "$RUNNER_TEMP/contracts-compatibility.txt"^[[0m
phase2-contracts-compatibility	Run exact Phase 2 lane	2026-09-13T19:30:20.5301530Z shell: /bin/bash -e {0}
phase2-contracts-compatibility	Run exact Phase 2 lane	2026-09-13T19:30:20.5301800Z env:
phase2-contracts-compatibility	Run exact Phase 2 lane	2026-09-13T19:30:20.5301970Z   KEEPLING_PHASE2_SEED: 20260901
phase2-contracts-compatibility	Run exact Phase 2 lane	2026-09-13T19:30:20.5302280Z   KEEPLING_FLAKE_POLICY: no-retry; quarantine-requires-owner-issue-expiry
phase2-contracts-compatibility	Run exact Phase 2 lane	2026-09-13T19:30:20.5302620Z ##[endgroup]
phase2-contracts-compatibility	Run exact Phase 2 lane	2026-09-13T19:30:20.6741860Z lane=contracts-compatibility status=RUNNING command=pnpm contracts:check && ./tooling/test-compatibility.sh cases=30 seed=20260901 inputs_sha256=dfa0a5c186e2763696c5c720bdaa039477ea51eb9d9d1bb7dab188fdeb3a4614
phase2-contracts-compatibility	Run exact Phase 2 lane	2026-09-13T19:30:30.4636460Z lane=contracts-compatibility status=PASS command=pnpm contracts:check && ./tooling/test-compatibility.sh cases=30 seed=20260901 elapsed_ms=9789 inputs_sha256=dfa0a5c186e2763696c5c720bdaa039477ea51eb9d9d1bb7dab188fdeb3a4614
phase2-contracts-compatibility	Run exact Phase 2 lane	2026-09-13T19:30:30.5004800Z Privacy verification passed: artifacts=1 sentinels=7
phase2-contracts-compatibility	Run actions/upload-artifact@ea165f8d65b6e75b540449e92b4886f43607fa02	﻿2026-09-13T19:30:30.5139160Z Node 20 is being deprecated. This workflow is running with Node 24 by default. If you need to temporarily use Node 20, you can set the ACTIONS_ALLOW_USE_UNSECURE_NODE_VERSION=true environment variable. For more information see: https://github.blog/changelog/2025-09-19-deprecation-of-node-20-on-github-actions-runners/
phase2-contracts-compatibility	Run actions/upload-artifact@ea165f8d65b6e75b540449e92b4886f43607fa02	2026-09-13T19:30:30.5140320Z ##[group]Run actions/upload-artifact@ea165f8d65b6e75b540449e92b4886f43607fa02
phase2-contracts-compatibility	Run actions/upload-artifact@ea165f8d65b6e75b540449e92b4886f43607fa02	2026-09-13T19:30:30.5140690Z with:
phase2-contracts-compatibility	Run actions/upload-artifact@ea165f8d65b6e75b540449e92b4886f43607fa02	2026-09-13T19:30:30.5140870Z   name: phase2-contracts-compatibility-timing
phase2-contracts-compatibility	Run actions/upload-artifact@ea165f8d65b6e75b540449e92b4886f43607fa02	2026-09-13T19:30:30.5141170Z   path: /Users/runner/work/_temp/contracts-compatibility.txt
phase2-contracts-compatibility	Run actions/upload-artifact@ea165f8d65b6e75b540449e92b4886f43607fa02	2026-09-13T19:30:30.5141440Z   if-no-files-found: error
phase2-contracts-compatibility	Run actions/upload-artifact@ea165f8d65b6e75b540449e92b4886f43607fa02	2026-09-13T19:30:30.5141610Z   retention-days: 14
phase2-contracts-compatibility	Run actions/upload-artifact@ea165f8d65b6e75b540449e92b4886f43607fa02	2026-09-13T19:30:30.5141760Z   compression-level: 6
phase2-contracts-compatibility	Run actions/upload-artifact@ea165f8d65b6e75b540449e92b4886f43607fa02	2026-09-13T19:30:30.5141920Z   overwrite: false
phase2-contracts-compatibility	Run actions/upload-artifact@ea165f8d65b6e75b540449e92b4886f43607fa02	2026-09-13T19:30:30.5142160Z   include-hidden-files: false
phase2-contracts-compatibility	Run actions/upload-artifact@ea165f8d65b6e75b540449e92b4886f43607fa02	2026-09-13T19:30:30.5142340Z env:
phase2-contracts-compatibility	Run actions/upload-artifact@ea165f8d65b6e75b540449e92b4886f43607fa02	2026-09-13T19:30:30.5142500Z   KEEPLING_PHASE2_SEED: 20260901
phase2-contracts-compatibility	Run actions/upload-artifact@ea165f8d65b6e75b540449e92b4886f43607fa02	2026-09-13T19:30:30.5142840Z   KEEPLING_FLAKE_POLICY: no-retry; quarantine-requires-owner-issue-expiry
phase2-contracts-compatibility	Run actions/upload-artifact@ea165f8d65b6e75b540449e92b4886f43607fa02	2026-09-13T19:30:30.5143170Z ##[endgroup]
phase2-contracts-compatibility	Run actions/upload-artifact@ea165f8d65b6e75b540449e92b4886f43607fa02	2026-09-13T19:30:30.7903460Z (node:9292) [DEP0040] DeprecationWarning: The `punycode` module is deprecated. Please use a userland alternative instead.
phase2-contracts-compatibility	Run actions/upload-artifact@ea165f8d65b6e75b540449e92b4886f43607fa02	2026-09-13T19:30:30.7904360Z (Use `node --trace-deprecation ...` to show where the warning was created)
phase2-contracts-compatibility	Run actions/upload-artifact@ea165f8d65b6e75b540449e92b4886f43607fa02	2026-09-13T19:30:30.7936780Z With the provided path, there will be 1 file uploaded
phase2-contracts-compatibility	Run actions/upload-artifact@ea165f8d65b6e75b540449e92b4886f43607fa02	2026-09-13T19:30:30.7939870Z Artifact name is valid!
phase2-contracts-compatibility	Run actions/upload-artifact@ea165f8d65b6e75b540449e92b4886f43607fa02	2026-09-13T19:30:30.7940240Z Root directory input is valid!
phase2-contracts-compatibility	Run actions/upload-artifact@ea165f8d65b6e75b540449e92b4886f43607fa02	2026-09-13T19:30:31.0119500Z (node:9292) [DEP0169] DeprecationWarning: `url.parse()` behavior is not standardized and prone to errors that have security implications. Use the WHATWG URL API instead. CVEs are not issued for `url.parse()` vulnerabilities.
phase2-contracts-compatibility	Run actions/upload-artifact@ea165f8d65b6e75b540449e92b4886f43607fa02	2026-09-13T19:30:31.0122920Z Beginning upload of artifact content to blob storage
phase2-contracts-compatibility	Run actions/upload-artifact@ea165f8d65b6e75b540449e92b4886f43607fa02	2026-09-13T19:30:31.0304340Z Uploaded bytes 362
phase2-contracts-compatibility	Run actions/upload-artifact@ea165f8d65b6e75b540449e92b4886f43607fa02	2026-09-13T19:30:31.0426020Z Finished uploading artifact content to blob storage!
phase2-contracts-compatibility	Run actions/upload-artifact@ea165f8d65b6e75b540449e92b4886f43607fa02	2026-09-13T19:30:31.0432000Z SHA256 digest of uploaded artifact zip is f753c7b89fb5fe7b73ebfad73a9043b788af06b595d8178ee6c34e3a90c3d469
phase2-contracts-compatibility	Run actions/upload-artifact@ea165f8d65b6e75b540449e92b4886f43607fa02	2026-09-13T19:30:31.0432610Z Finalizing artifact upload
phase2-contracts-compatibility	Run actions/upload-artifact@ea165f8d65b6e75b540449e92b4886f43607fa02	2026-09-13T19:30:31.2360020Z Artifact phase2-contracts-compatibility-timing.zip successfully finalized. Artifact ID 10323823842
phase2-contracts-compatibility	Run actions/upload-artifact@ea165f8d65b6e75b540449e92b4886f43607fa02	2026-09-13T19:30:31.2361130Z Artifact phase2-contracts-compatibility-timing has been successfully uploaded! Final size is 362 bytes. Artifact ID is 10323823842
phase2-contracts-compatibility	Run actions/upload-artifact@ea165f8d65b6e75b540449e92b4886f43607fa02	2026-09-13T19:30:31.2362470Z Artifact download URL: https://github.com/szTheory/keepling/actions/runs/34777805271/artifacts/10323823842
phase2-contracts-compatibility	Post Run actions/cache@0400d5f644dc74513175e3cd8d07132dd4860809	﻿2026-09-13T19:30:31.4359650Z Node 20 is being deprecated. This workflow is running with Node 24 by default. If you need to temporarily use Node 20, you can set the ACTIONS_ALLOW_USE_UNSECURE_NODE_VERSION=true environment variable. For more information see: https://github.blog/changelog/2025-09-19-deprecation-of-node-20-on-github-actions-runners/
phase2-contracts-compatibility	Post Run actions/cache@0400d5f644dc74513175e3cd8d07132dd4860809	2026-09-13T19:30:31.4360660Z Post job cleanup.
phase2-contracts-compatibility	Post Run actions/cache@0400d5f644dc74513175e3cd8d07132dd4860809	2026-09-13T19:30:31.5407790Z Cache hit occurred on the primary key phase2-macOS-contracts-compatibility-45b3b35ef45f5d65ae586b2b25dfb93049c099ec9870f23270bda4b35fe975d3, not saving cache.
phase2-contracts-compatibility	Post Run actions/cache@0400d5f644dc74513175e3cd8d07132dd4860809	2026-09-13T19:30:31.5409140Z (node:9418) [DEP0040] DeprecationWarning: The `punycode` module is deprecated. Please use a userland alternative instead.
phase2-contracts-compatibility	Post Run actions/cache@0400d5f644dc74513175e3cd8d07132dd4860809	2026-09-13T19:30:31.5409860Z (Use `node --trace-deprecation ...` to show where the warning was created)
phase2-contracts-compatibility	Post Run actions/setup-node@49933ea5288caeca8642d1e84afbd3f7d6820020	﻿2026-09-13T19:30:31.5495570Z Node 20 is being deprecated. This workflow is running with Node 24 by default. If you need to temporarily use Node 20, you can set the ACTIONS_ALLOW_USE_UNSECURE_NODE_VERSION=true environment variable. For more information see: https://github.blog/changelog/2025-09-19-deprecation-of-node-20-on-github-actions-runners/
phase2-contracts-compatibility	Post Run actions/setup-node@49933ea5288caeca8642d1e84afbd3f7d6820020	2026-09-13T19:30:31.5496490Z Post job cleanup.
phase2-contracts-compatibility	Post Run actions/setup-node@49933ea5288caeca8642d1e84afbd3f7d6820020	2026-09-13T19:30:31.6484990Z (node:9419) [DEP0040] DeprecationWarning: The `punycode` module is deprecated. Please use a userland alternative instead.
phase2-contracts-compatibility	Post Run actions/setup-node@49933ea5288caeca8642d1e84afbd3f7d6820020	2026-09-13T19:30:31.6485950Z (Use `node --trace-deprecation ...` to show where the warning was created)
phase2-contracts-compatibility	Post Run actions/checkout@34e114876b0b11c390a56381ad16ebd13914f8d5	﻿2026-09-13T19:30:31.6571400Z Node 20 is being deprecated. This workflow is running with Node 24 by default. If you need to temporarily use Node 20, you can set the ACTIONS_ALLOW_USE_UNSECURE_NODE_VERSION=true environment variable. For more information see: https://github.blog/changelog/2025-09-19-deprecation-of-node-20-on-github-actions-runners/
phase2-contracts-compatibility	Post Run actions/checkout@34e114876b0b11c390a56381ad16ebd13914f8d5	2026-09-13T19:30:31.6572370Z Post job cleanup.
phase2-contracts-compatibility	Post Run actions/checkout@34e114876b0b11c390a56381ad16ebd13914f8d5	2026-09-13T19:30:31.7386830Z [command]/opt/homebrew/bin/git version
phase2-contracts-compatibility	Post Run actions/checkout@34e114876b0b11c390a56381ad16ebd13914f8d5	2026-09-13T19:30:31.7446120Z git version 2.55.0
phase2-contracts-compatibility	Post Run actions/checkout@34e114876b0b11c390a56381ad16ebd13914f8d5	2026-09-13T19:30:31.7471930Z Copying '/Users/runner/.gitconfig' to '/Users/runner/work/_temp/5014f9a3-4f52-4169-b142-853675363e92/.gitconfig'
phase2-contracts-compatibility	Post Run actions/checkout@34e114876b0b11c390a56381ad16ebd13914f8d5	2026-09-13T19:30:31.7473720Z Temporarily overriding HOME='/Users/runner/work/_temp/5014f9a3-4f52-4169-b142-853675363e92' before making global git config changes
phase2-contracts-compatibility	Post Run actions/checkout@34e114876b0b11c390a56381ad16ebd13914f8d5	2026-09-13T19:30:31.7475830Z Adding repository directory to the temporary git global config as a safe directory
phase2-contracts-compatibility	Post Run actions/checkout@34e114876b0b11c390a56381ad16ebd13914f8d5	2026-09-13T19:30:31.7476660Z [command]/opt/homebrew/bin/git config --global --add safe.directory /Users/runner/work/keepling/keepling
phase2-contracts-compatibility	Post Run actions/checkout@34e114876b0b11c390a56381ad16ebd13914f8d5	2026-09-13T19:30:31.7539940Z [command]/opt/homebrew/bin/git config --local --name-only --get-regexp core\.sshCommand
phase2-contracts-compatibility	Post Run actions/checkout@34e114876b0b11c390a56381ad16ebd13914f8d5	2026-09-13T19:30:31.7590910Z [command]/opt/homebrew/bin/git submodule foreach --recursive sh -c "git config --local --name-only --get-regexp 'core\.sshCommand' && git config --local --unset-all 'core.sshCommand' || :"
phase2-contracts-compatibility	Post Run actions/checkout@34e114876b0b11c390a56381ad16ebd13914f8d5	2026-09-13T19:30:31.8210110Z [command]/opt/homebrew/bin/git config --local --name-only --get-regexp http\.https\:\/\/github\.com\/\.extraheader
phase2-contracts-compatibility	Post Run actions/checkout@34e114876b0b11c390a56381ad16ebd13914f8d5	2026-09-13T19:30:31.8250930Z http.https://github.com/.extraheader
phase2-contracts-compatibility	Post Run actions/checkout@34e114876b0b11c390a56381ad16ebd13914f8d5	2026-09-13T19:30:31.8256660Z [command]/opt/homebrew/bin/git config --local --unset-all http.https://github.com/.extraheader
phase2-contracts-compatibility	Post Run actions/checkout@34e114876b0b11c390a56381ad16ebd13914f8d5	2026-09-13T19:30:31.8306640Z [command]/opt/homebrew/bin/git submodule foreach --recursive sh -c "git config --local --name-only --get-regexp 'http\.https\:\/\/github\.com\/\.extraheader' && git config --local --unset-all 'http.https://github.com/.extraheader' || :"
phase2-contracts-compatibility	Post Run actions/checkout@34e114876b0b11c390a56381ad16ebd13914f8d5	2026-09-13T19:30:31.8879360Z [command]/opt/homebrew/bin/git config --local --name-only --get-regexp ^includeIf\.gitdir:
phase2-contracts-compatibility	Post Run actions/checkout@34e114876b0b11c390a56381ad16ebd13914f8d5	2026-09-13T19:30:31.8930010Z [command]/opt/homebrew/bin/git submodule foreach --recursive git config --local --show-origin --name-only --get-regexp remote.origin.url
phase2-contracts-compatibility	Complete job	﻿2026-09-13T19:30:32.0155020Z Cleaning up orphan processes
phase2-contracts-compatibility	Complete job	2026-09-13T19:30:32.9064860Z ##[warning]Node.js 20 is deprecated. The following actions target Node.js 20 but are being forced to run on Node.js 24: actions/cache@0400d5f644dc74513175e3cd8d07132dd4860809, actions/checkout@34e114876b0b11c390a56381ad16ebd13914f8d5, actions/setup-node@49933ea5288caeca8642d1e84afbd3f7d6820020, actions/upload-artifact@ea165f8d65b6e75b540449e92b4886f43607fa02. For more information see: https://github.blog/changelog/2025-09-19-deprecation-of-node-20-on-github-actions-runners/
phase2-sync-property	Set up job	﻿2026-09-13T19:28:52.0440516Z Current runner version: '2.337.0'
phase2-sync-property	Set up job	2026-09-13T19:28:52.0466995Z ##[group]Runner Image Provisioner
phase2-sync-property	Set up job	2026-09-13T19:28:52.0467990Z Hosted Compute Agent
phase2-sync-property	Set up job	2026-09-13T19:28:52.0468585Z Version: 20260828.587
phase2-sync-property	Set up job	2026-09-13T19:28:52.0469297Z Commit: abac92662cab4cc7352de4f9f9d2e2419aad9c29
phase2-sync-property	Set up job	2026-09-13T19:28:52.0470061Z Build Date: 2026-08-28T16:44:25Z
phase2-sync-property	Set up job	2026-09-13T19:28:52.0470754Z Worker ID: {a87f4756-804c-491c-bd2c-01cc434404b3}
phase2-sync-property	Set up job	2026-09-13T19:28:52.0471518Z Azure Region: centralus
phase2-sync-property	Set up job	2026-09-13T19:28:52.0472143Z ##[endgroup]
phase2-sync-property	Set up job	2026-09-13T19:28:52.0473806Z ##[group]Operating System
phase2-sync-property	Set up job	2026-09-13T19:28:52.0474719Z Ubuntu
phase2-sync-property	Set up job	2026-09-13T19:28:52.0475245Z 24.04.5
phase2-sync-property	Set up job	2026-09-13T19:28:52.0475813Z LTS
phase2-sync-property	Set up job	2026-09-13T19:28:52.0476328Z ##[endgroup]
phase2-sync-property	Set up job	2026-09-13T19:28:52.0477223Z ##[group]Runner Image
phase2-sync-property	Set up job	2026-09-13T19:28:52.0477950Z Image: ubuntu-24.04
phase2-sync-property	Set up job	2026-09-13T19:28:52.0478520Z Version: 20260907.300.1
phase2-sync-property	Set up job	2026-09-13T19:28:52.0479696Z Included Software: https://github.com/actions/runner-images/blob/ubuntu24/20260907.300/images/ubuntu/Ubuntu2404-Readme.md
phase2-sync-property	Set up job	2026-09-13T19:28:52.0481461Z Image Release: https://github.com/actions/runner-images/releases/tag/ubuntu24%2F20260907.300
phase2-sync-property	Set up job	2026-09-13T19:28:52.0482564Z ##[endgroup]
phase2-sync-property	Set up job	2026-09-13T19:28:52.0483669Z ##[group]GITHUB_TOKEN Permissions
phase2-sync-property	Set up job	2026-09-13T19:28:52.0485998Z Contents: read
phase2-sync-property	Set up job	2026-09-13T19:28:52.0486682Z Metadata: read
phase2-sync-property	Set up job	2026-09-13T19:28:52.0487310Z ##[endgroup]
phase2-sync-property	Set up job	2026-09-13T19:28:52.0489371Z Secret source: Actions
phase2-sync-property	Set up job	2026-09-13T19:28:52.0490378Z Cache mode: write
phase2-sync-property	Set up job	2026-09-13T19:28:52.0491134Z Prepare workflow directory
phase2-sync-property	Set up job	2026-09-13T19:28:52.0955401Z Prepare all required actions
phase2-sync-property	Set up job	2026-09-13T19:28:52.1013954Z Getting action download info
phase2-sync-property	Set up job	2026-09-13T19:28:52.3701412Z Download action repository 'actions/checkout@34e114876b0b11c390a56381ad16ebd13914f8d5' (SHA:34e114876b0b11c390a56381ad16ebd13914f8d5)
phase2-sync-property	Set up job	2026-09-13T19:28:52.5017368Z Download action repository 'actions/setup-node@49933ea5288caeca8642d1e84afbd3f7d6820020' (SHA:49933ea5288caeca8642d1e84afbd3f7d6820020)
phase2-sync-property	Set up job	2026-09-13T19:28:52.5945581Z Download action repository 'actions/cache@0400d5f644dc74513175e3cd8d07132dd4860809' (SHA:0400d5f644dc74513175e3cd8d07132dd4860809)
phase2-sync-property	Set up job	2026-09-13T19:28:52.7648027Z Download action repository 'actions/upload-artifact@ea165f8d65b6e75b540449e92b4886f43607fa02' (SHA:ea165f8d65b6e75b540449e92b4886f43607fa02)
phase2-sync-property	Set up job	2026-09-13T19:28:52.9876611Z Complete job name: phase2-sync-property
phase2-sync-property	Run actions/checkout@34e114876b0b11c390a56381ad16ebd13914f8d5	﻿2026-09-13T19:28:53.0640994Z Node 20 is being deprecated. This workflow is running with Node 24 by default. If you need to temporarily use Node 20, you can set the ACTIONS_ALLOW_USE_UNSECURE_NODE_VERSION=true environment variable. For more information see: https://github.blog/changelog/2025-09-19-deprecation-of-node-20-on-github-actions-runners/
phase2-sync-property	Run actions/checkout@34e114876b0b11c390a56381ad16ebd13914f8d5	2026-09-13T19:28:53.0650023Z ##[group]Run actions/checkout@34e114876b0b11c390a56381ad16ebd13914f8d5
phase2-sync-property	Run actions/checkout@34e114876b0b11c390a56381ad16ebd13914f8d5	2026-09-13T19:28:53.0651011Z with:
phase2-sync-property	Run actions/checkout@34e114876b0b11c390a56381ad16ebd13914f8d5	2026-09-13T19:28:53.0651471Z   repository: szTheory/keepling
phase2-sync-property	Run actions/checkout@34e114876b0b11c390a56381ad16ebd13914f8d5	2026-09-13T19:28:53.0655496Z   token: ***
phase2-sync-property	Run actions/checkout@34e114876b0b11c390a56381ad16ebd13914f8d5	2026-09-13T19:28:53.0655933Z   ssh-strict: true
phase2-sync-property	Run actions/checkout@34e114876b0b11c390a56381ad16ebd13914f8d5	2026-09-13T19:28:53.0656367Z   ssh-user: git
phase2-sync-property	Run actions/checkout@34e114876b0b11c390a56381ad16ebd13914f8d5	2026-09-13T19:28:53.0656826Z   persist-credentials: true
phase2-sync-property	Run actions/checkout@34e114876b0b11c390a56381ad16ebd13914f8d5	2026-09-13T19:28:53.0657302Z   clean: true
phase2-sync-property	Run actions/checkout@34e114876b0b11c390a56381ad16ebd13914f8d5	2026-09-13T19:28:53.0657736Z   sparse-checkout-cone-mode: true
phase2-sync-property	Run actions/checkout@34e114876b0b11c390a56381ad16ebd13914f8d5	2026-09-13T19:28:53.0658263Z   fetch-depth: 1
phase2-sync-property	Run actions/checkout@34e114876b0b11c390a56381ad16ebd13914f8d5	2026-09-13T19:28:53.0658680Z   fetch-tags: false
phase2-sync-property	Run actions/checkout@34e114876b0b11c390a56381ad16ebd13914f8d5	2026-09-13T19:28:53.0659118Z   show-progress: true
phase2-sync-property	Run actions/checkout@34e114876b0b11c390a56381ad16ebd13914f8d5	2026-09-13T19:28:53.0659553Z   lfs: false
phase2-sync-property	Run actions/checkout@34e114876b0b11c390a56381ad16ebd13914f8d5	2026-09-13T19:28:53.0659994Z   submodules: false
phase2-sync-property	Run actions/checkout@34e114876b0b11c390a56381ad16ebd13914f8d5	2026-09-13T19:28:53.0660439Z   set-safe-directory: true
phase2-sync-property	Run actions/checkout@34e114876b0b11c390a56381ad16ebd13914f8d5	2026-09-13T19:28:53.0661184Z env:
phase2-sync-property	Run actions/checkout@34e114876b0b11c390a56381ad16ebd13914f8d5	2026-09-13T19:28:53.0661619Z   KEEPLING_PHASE2_SEED: 20260901
phase2-sync-property	Run actions/checkout@34e114876b0b11c390a56381ad16ebd13914f8d5	2026-09-13T19:28:53.0662342Z   KEEPLING_FLAKE_POLICY: no-retry; quarantine-requires-owner-issue-expiry
phase2-sync-property	Run actions/checkout@34e114876b0b11c390a56381ad16ebd13914f8d5	2026-09-13T19:28:53.0663083Z ##[endgroup]
phase2-sync-property	Run actions/checkout@34e114876b0b11c390a56381ad16ebd13914f8d5	2026-09-13T19:28:53.1628533Z Syncing repository: szTheory/keepling
phase2-sync-property	Run actions/checkout@34e114876b0b11c390a56381ad16ebd13914f8d5	2026-09-13T19:28:53.1630331Z ##[group]Getting Git version info
phase2-sync-property	Run actions/checkout@34e114876b0b11c390a56381ad16ebd13914f8d5	2026-09-13T19:28:53.1631084Z Working directory is '/home/runner/work/keepling/keepling'
phase2-sync-property	Run actions/checkout@34e114876b0b11c390a56381ad16ebd13914f8d5	2026-09-13T19:28:53.1632073Z [command]/usr/bin/git version
phase2-sync-property	Run actions/checkout@34e114876b0b11c390a56381ad16ebd13914f8d5	2026-09-13T19:28:53.1711964Z git version 2.55.0
phase2-sync-property	Run actions/checkout@34e114876b0b11c390a56381ad16ebd13914f8d5	2026-09-13T19:28:53.1732928Z ##[endgroup]
phase2-sync-property	Run actions/checkout@34e114876b0b11c390a56381ad16ebd13914f8d5	2026-09-13T19:28:53.1747376Z Temporarily overriding HOME='/home/runner/work/_temp/ed3a5012-dc99-431d-87fe-75c59ca0cc25' before making global git config changes
phase2-sync-property	Run actions/checkout@34e114876b0b11c390a56381ad16ebd13914f8d5	2026-09-13T19:28:53.1752099Z Adding repository directory to the temporary git global config as a safe directory
phase2-sync-property	Run actions/checkout@34e114876b0b11c390a56381ad16ebd13914f8d5	2026-09-13T19:28:53.1753480Z [command]/usr/bin/git config --global --add safe.directory /home/runner/work/keepling/keepling
phase2-sync-property	Run actions/checkout@34e114876b0b11c390a56381ad16ebd13914f8d5	2026-09-13T19:28:53.1801511Z Deleting the contents of '/home/runner/work/keepling/keepling'
phase2-sync-property	Run actions/checkout@34e114876b0b11c390a56381ad16ebd13914f8d5	2026-09-13T19:28:53.1805772Z ##[group]Initializing the repository
phase2-sync-property	Run actions/checkout@34e114876b0b11c390a56381ad16ebd13914f8d5	2026-09-13T19:28:53.1810884Z [command]/usr/bin/git init /home/runner/work/keepling/keepling
phase2-sync-property	Run actions/checkout@34e114876b0b11c390a56381ad16ebd13914f8d5	2026-09-13T19:28:53.1932409Z hint: Using 'master' as the name for the initial branch. This default branch name
phase2-sync-property	Run actions/checkout@34e114876b0b11c390a56381ad16ebd13914f8d5	2026-09-13T19:28:53.1934617Z hint: will change to "main" in Git 3.0. To configure the initial branch name
phase2-sync-property	Run actions/checkout@34e114876b0b11c390a56381ad16ebd13914f8d5	2026-09-13T19:28:53.1936329Z hint: to use in all of your new repositories, which will suppress this warning,
phase2-sync-property	Run actions/checkout@34e114876b0b11c390a56381ad16ebd13914f8d5	2026-09-13T19:28:53.1937430Z hint: call:
phase2-sync-property	Run actions/checkout@34e114876b0b11c390a56381ad16ebd13914f8d5	2026-09-13T19:28:53.1937918Z hint:
phase2-sync-property	Run actions/checkout@34e114876b0b11c390a56381ad16ebd13914f8d5	2026-09-13T19:28:53.1938433Z hint: 	git config --global init.defaultBranch <name>
phase2-sync-property	Run actions/checkout@34e114876b0b11c390a56381ad16ebd13914f8d5	2026-09-13T19:28:53.1939047Z hint:
phase2-sync-property	Run actions/checkout@34e114876b0b11c390a56381ad16ebd13914f8d5	2026-09-13T19:28:53.1939630Z hint: Names commonly chosen instead of 'master' are 'main', 'trunk' and
phase2-sync-property	Run actions/checkout@34e114876b0b11c390a56381ad16ebd13914f8d5	2026-09-13T19:28:53.1940580Z hint: 'development'. The just-created branch can be renamed via this command:
phase2-sync-property	Run actions/checkout@34e114876b0b11c390a56381ad16ebd13914f8d5	2026-09-13T19:28:53.1941324Z hint:
phase2-sync-property	Run actions/checkout@34e114876b0b11c390a56381ad16ebd13914f8d5	2026-09-13T19:28:53.1941844Z hint: 	git branch -m <name>
phase2-sync-property	Run actions/checkout@34e114876b0b11c390a56381ad16ebd13914f8d5	2026-09-13T19:28:53.1942618Z hint:
phase2-sync-property	Run actions/checkout@34e114876b0b11c390a56381ad16ebd13914f8d5	2026-09-13T19:28:53.1943467Z hint: Disable this message with "git config set advice.defaultBranchName false"
phase2-sync-property	Run actions/checkout@34e114876b0b11c390a56381ad16ebd13914f8d5	2026-09-13T19:28:53.1944804Z Initialized empty Git repository in /home/runner/work/keepling/keepling/.git/
phase2-sync-property	Run actions/checkout@34e114876b0b11c390a56381ad16ebd13914f8d5	2026-09-13T19:28:53.1947546Z [command]/usr/bin/git remote add origin https://github.com/szTheory/keepling
phase2-sync-property	Run actions/checkout@34e114876b0b11c390a56381ad16ebd13914f8d5	2026-09-13T19:28:53.1992233Z ##[endgroup]
phase2-sync-property	Run actions/checkout@34e114876b0b11c390a56381ad16ebd13914f8d5	2026-09-13T19:28:53.1993039Z ##[group]Disabling automatic garbage collection
phase2-sync-property	Run actions/checkout@34e114876b0b11c390a56381ad16ebd13914f8d5	2026-09-13T19:28:53.1996220Z [command]/usr/bin/git config --local gc.auto 0
phase2-sync-property	Run actions/checkout@34e114876b0b11c390a56381ad16ebd13914f8d5	2026-09-13T19:28:53.2023799Z ##[endgroup]
phase2-sync-property	Run actions/checkout@34e114876b0b11c390a56381ad16ebd13914f8d5	2026-09-13T19:28:53.2024860Z ##[group]Setting up auth
phase2-sync-property	Run actions/checkout@34e114876b0b11c390a56381ad16ebd13914f8d5	2026-09-13T19:28:53.2030591Z [command]/usr/bin/git config --local --name-only --get-regexp core\.sshCommand
phase2-sync-property	Run actions/checkout@34e114876b0b11c390a56381ad16ebd13914f8d5	2026-09-13T19:28:53.2060255Z [command]/usr/bin/git submodule foreach --recursive sh -c "git config --local --name-only --get-regexp 'core\.sshCommand' && git config --local --unset-all 'core.sshCommand' || :"
phase2-sync-property	Run actions/checkout@34e114876b0b11c390a56381ad16ebd13914f8d5	2026-09-13T19:28:53.2408697Z [command]/usr/bin/git config --local --name-only --get-regexp http\.https\:\/\/github\.com\/\.extraheader
phase2-sync-property	Run actions/checkout@34e114876b0b11c390a56381ad16ebd13914f8d5	2026-09-13T19:28:53.2442199Z [command]/usr/bin/git submodule foreach --recursive sh -c "git config --local --name-only --get-regexp 'http\.https\:\/\/github\.com\/\.extraheader' && git config --local --unset-all 'http.https://github.com/.extraheader' || :"
phase2-sync-property	Run actions/checkout@34e114876b0b11c390a56381ad16ebd13914f8d5	2026-09-13T19:28:53.2660434Z [command]/usr/bin/git config --local --name-only --get-regexp ^includeIf\.gitdir:
phase2-sync-property	Run actions/checkout@34e114876b0b11c390a56381ad16ebd13914f8d5	2026-09-13T19:28:53.2694704Z [command]/usr/bin/git submodule foreach --recursive git config --local --show-origin --name-only --get-regexp remote.origin.url
phase2-sync-property	Run actions/checkout@34e114876b0b11c390a56381ad16ebd13914f8d5	2026-09-13T19:28:53.2916940Z [command]/usr/bin/git config --local http.https://github.com/.extraheader AUTHORIZATION: basic ***
phase2-sync-property	Run actions/checkout@34e114876b0b11c390a56381ad16ebd13914f8d5	2026-09-13T19:28:53.2950816Z ##[endgroup]
phase2-sync-property	Run actions/checkout@34e114876b0b11c390a56381ad16ebd13914f8d5	2026-09-13T19:28:53.2952222Z ##[group]Fetching the repository
phase2-sync-property	Run actions/checkout@34e114876b0b11c390a56381ad16ebd13914f8d5	2026-09-13T19:28:53.2962606Z [command]/usr/bin/git -c protocol.version=2 fetch --no-tags --prune --no-recurse-submodules --depth=1 origin +c2e4ce37ff0ca2c27067b098c2cfbdc59155ba96:refs/remotes/origin/main
phase2-sync-property	Run actions/checkout@34e114876b0b11c390a56381ad16ebd13914f8d5	2026-09-13T19:28:53.9675359Z From https://github.com/szTheory/keepling
phase2-sync-property	Run actions/checkout@34e114876b0b11c390a56381ad16ebd13914f8d5	2026-09-13T19:28:53.9677752Z  * [new ref]         c2e4ce37ff0ca2c27067b098c2cfbdc59155ba96 -> origin/main
phase2-sync-property	Run actions/checkout@34e114876b0b11c390a56381ad16ebd13914f8d5	2026-09-13T19:28:53.9687619Z ##[endgroup]
phase2-sync-property	Run actions/checkout@34e114876b0b11c390a56381ad16ebd13914f8d5	2026-09-13T19:28:53.9695427Z ##[group]Determining the checkout info
phase2-sync-property	Run actions/checkout@34e114876b0b11c390a56381ad16ebd13914f8d5	2026-09-13T19:28:53.9696854Z ##[endgroup]
phase2-sync-property	Run actions/checkout@34e114876b0b11c390a56381ad16ebd13914f8d5	2026-09-13T19:28:53.9697603Z [command]/usr/bin/git sparse-checkout disable
phase2-sync-property	Run actions/checkout@34e114876b0b11c390a56381ad16ebd13914f8d5	2026-09-13T19:28:53.9734159Z [command]/usr/bin/git config --local --unset-all extensions.worktreeConfig
phase2-sync-property	Run actions/checkout@34e114876b0b11c390a56381ad16ebd13914f8d5	2026-09-13T19:28:53.9761476Z ##[group]Checking out the ref
phase2-sync-property	Run actions/checkout@34e114876b0b11c390a56381ad16ebd13914f8d5	2026-09-13T19:28:53.9771048Z [command]/usr/bin/git checkout --progress --force -B main refs/remotes/origin/main
phase2-sync-property	Run actions/checkout@34e114876b0b11c390a56381ad16ebd13914f8d5	2026-09-13T19:28:54.1018689Z Switched to a new branch 'main'
phase2-sync-property	Run actions/checkout@34e114876b0b11c390a56381ad16ebd13914f8d5	2026-09-13T19:28:54.1024094Z branch 'main' set up to track 'origin/main'.
phase2-sync-property	Run actions/checkout@34e114876b0b11c390a56381ad16ebd13914f8d5	2026-09-13T19:28:54.1037600Z ##[endgroup]
phase2-sync-property	Run actions/checkout@34e114876b0b11c390a56381ad16ebd13914f8d5	2026-09-13T19:28:54.1101539Z [command]/usr/bin/git log -1 --format=%H
phase2-sync-property	Run actions/checkout@34e114876b0b11c390a56381ad16ebd13914f8d5	2026-09-13T19:28:54.1126342Z c2e4ce37ff0ca2c27067b098c2cfbdc59155ba96
phase2-sync-property	Run actions/setup-node@49933ea5288caeca8642d1e84afbd3f7d6820020	﻿2026-09-13T19:28:54.1575920Z Node 20 is being deprecated. This workflow is running with Node 24 by default. If you need to temporarily use Node 20, you can set the ACTIONS_ALLOW_USE_UNSECURE_NODE_VERSION=true environment variable. For more information see: https://github.blog/changelog/2025-09-19-deprecation-of-node-20-on-github-actions-runners/
phase2-sync-property	Run actions/setup-node@49933ea5288caeca8642d1e84afbd3f7d6820020	2026-09-13T19:28:54.1582124Z ##[group]Run actions/setup-node@49933ea5288caeca8642d1e84afbd3f7d6820020
phase2-sync-property	Run actions/setup-node@49933ea5288caeca8642d1e84afbd3f7d6820020	2026-09-13T19:28:54.1583701Z with:
phase2-sync-property	Run actions/setup-node@49933ea5288caeca8642d1e84afbd3f7d6820020	2026-09-13T19:28:54.1584772Z   node-version: 24.7.0
phase2-sync-property	Run actions/setup-node@49933ea5288caeca8642d1e84afbd3f7d6820020	2026-09-13T19:28:54.1585717Z   always-auth: false
phase2-sync-property	Run actions/setup-node@49933ea5288caeca8642d1e84afbd3f7d6820020	2026-09-13T19:28:54.1586648Z   check-latest: false
phase2-sync-property	Run actions/setup-node@49933ea5288caeca8642d1e84afbd3f7d6820020	2026-09-13T19:28:54.1596928Z   token: ***
phase2-sync-property	Run actions/setup-node@49933ea5288caeca8642d1e84afbd3f7d6820020	2026-09-13T19:28:54.1597750Z env:
phase2-sync-property	Run actions/setup-node@49933ea5288caeca8642d1e84afbd3f7d6820020	2026-09-13T19:28:54.1598539Z   KEEPLING_PHASE2_SEED: 20260901
phase2-sync-property	Run actions/setup-node@49933ea5288caeca8642d1e84afbd3f7d6820020	2026-09-13T19:28:54.1600074Z   KEEPLING_FLAKE_POLICY: no-retry; quarantine-requires-owner-issue-expiry
phase2-sync-property	Run actions/setup-node@49933ea5288caeca8642d1e84afbd3f7d6820020	2026-09-13T19:28:54.1601662Z ##[endgroup]
phase2-sync-property	Run actions/setup-node@49933ea5288caeca8642d1e84afbd3f7d6820020	2026-09-13T19:28:54.3120949Z Attempting to download 24.7.0...
phase2-sync-property	Run actions/setup-node@49933ea5288caeca8642d1e84afbd3f7d6820020	2026-09-13T19:28:54.3228898Z (node:2252) [DEP0040] DeprecationWarning: The `punycode` module is deprecated. Please use a userland alternative instead.
phase2-sync-property	Run actions/setup-node@49933ea5288caeca8642d1e84afbd3f7d6820020	2026-09-13T19:28:54.3231927Z (Use `node --trace-deprecation ...` to show where the warning was created)
phase2-sync-property	Run actions/setup-node@49933ea5288caeca8642d1e84afbd3f7d6820020	2026-09-13T19:28:55.0779294Z Acquiring 24.7.0 - x64 from https://github.com/actions/node-versions/releases/download/24.7.0-17283839804/node-24.7.0-linux-x64.tar.gz
phase2-sync-property	Run actions/setup-node@49933ea5288caeca8642d1e84afbd3f7d6820020	2026-09-13T19:28:55.6768150Z Extracting ...
phase2-sync-property	Run actions/setup-node@49933ea5288caeca8642d1e84afbd3f7d6820020	2026-09-13T19:28:55.6890615Z [command]/usr/bin/tar xz --strip 1 --warning=no-unknown-keyword --overwrite -C /home/runner/work/_temp/e57f4316-ea9a-4657-bb4b-d6833a3e8bfc -f /home/runner/work/_temp/b73f55d8-65bc-4e8f-b875-00919ab3c8b1
phase2-sync-property	Run actions/setup-node@49933ea5288caeca8642d1e84afbd3f7d6820020	2026-09-13T19:28:56.9513087Z Adding to the cache ...
phase2-sync-property	Run actions/setup-node@49933ea5288caeca8642d1e84afbd3f7d6820020	2026-09-13T19:29:00.3190670Z ##[group]Environment details
phase2-sync-property	Run actions/setup-node@49933ea5288caeca8642d1e84afbd3f7d6820020	2026-09-13T19:29:00.5842924Z node: v24.7.0
phase2-sync-property	Run actions/setup-node@49933ea5288caeca8642d1e84afbd3f7d6820020	2026-09-13T19:29:00.5843735Z npm: 11.5.1
phase2-sync-property	Run actions/setup-node@49933ea5288caeca8642d1e84afbd3f7d6820020	2026-09-13T19:29:00.5844135Z yarn: 1.22.22
phase2-sync-property	Run actions/setup-node@49933ea5288caeca8642d1e84afbd3f7d6820020	2026-09-13T19:29:00.5855984Z ##[endgroup]
phase2-sync-property	Run actions/cache@0400d5f644dc74513175e3cd8d07132dd4860809	﻿2026-09-13T19:29:00.6661787Z Node 20 is being deprecated. This workflow is running with Node 24 by default. If you need to temporarily use Node 20, you can set the ACTIONS_ALLOW_USE_UNSECURE_NODE_VERSION=true environment variable. For more information see: https://github.blog/changelog/2025-09-19-deprecation-of-node-20-on-github-actions-runners/
phase2-sync-property	Run actions/cache@0400d5f644dc74513175e3cd8d07132dd4860809	2026-09-13T19:29:00.6663204Z ##[group]Run actions/cache@0400d5f644dc74513175e3cd8d07132dd4860809
phase2-sync-property	Run actions/cache@0400d5f644dc74513175e3cd8d07132dd4860809	2026-09-13T19:29:00.6663557Z with:
phase2-sync-property	Run actions/cache@0400d5f644dc74513175e3cd8d07132dd4860809	2026-09-13T19:29:00.6663864Z   path: ~/.asdf/installs
phase2-sync-property	Run actions/cache@0400d5f644dc74513175e3cd8d07132dd4860809	apps/server/deps
phase2-sync-property	Run actions/cache@0400d5f644dc74513175e3cd8d07132dd4860809	apps/server/_build
phase2-sync-property	Run actions/cache@0400d5f644dc74513175e3cd8d07132dd4860809	node_modules
phase2-sync-property	Run actions/cache@0400d5f644dc74513175e3cd8d07132dd4860809	
phase2-sync-property	Run actions/cache@0400d5f644dc74513175e3cd8d07132dd4860809	2026-09-13T19:29:00.6664953Z   key: phase2-Linux-sync-property-45b3b35ef45f5d65ae586b2b25dfb93049c099ec9870f23270bda4b35fe975d3
phase2-sync-property	Run actions/cache@0400d5f644dc74513175e3cd8d07132dd4860809	2026-09-13T19:29:00.6665549Z   enableCrossOsArchive: false
phase2-sync-property	Run actions/cache@0400d5f644dc74513175e3cd8d07132dd4860809	2026-09-13T19:29:00.6665852Z   fail-on-cache-miss: false
phase2-sync-property	Run actions/cache@0400d5f644dc74513175e3cd8d07132dd4860809	2026-09-13T19:29:00.6666095Z   lookup-only: false
phase2-sync-property	Run actions/cache@0400d5f644dc74513175e3cd8d07132dd4860809	2026-09-13T19:29:00.6666309Z   save-always: false
phase2-sync-property	Run actions/cache@0400d5f644dc74513175e3cd8d07132dd4860809	2026-09-13T19:29:00.6666509Z env:
phase2-sync-property	Run actions/cache@0400d5f644dc74513175e3cd8d07132dd4860809	2026-09-13T19:29:00.6666722Z   KEEPLING_PHASE2_SEED: 20260901
phase2-sync-property	Run actions/cache@0400d5f644dc74513175e3cd8d07132dd4860809	2026-09-13T19:29:00.6667095Z   KEEPLING_FLAKE_POLICY: no-retry; quarantine-requires-owner-issue-expiry
phase2-sync-property	Run actions/cache@0400d5f644dc74513175e3cd8d07132dd4860809	2026-09-13T19:29:00.6667528Z ##[endgroup]
phase2-sync-property	Run actions/cache@0400d5f644dc74513175e3cd8d07132dd4860809	2026-09-13T19:29:00.7786742Z (node:2299) [DEP0040] DeprecationWarning: The `punycode` module is deprecated. Please use a userland alternative instead.
phase2-sync-property	Run actions/cache@0400d5f644dc74513175e3cd8d07132dd4860809	2026-09-13T19:29:00.7788355Z (Use `node --trace-deprecation ...` to show where the warning was created)
phase2-sync-property	Run actions/cache@0400d5f644dc74513175e3cd8d07132dd4860809	2026-09-13T19:29:00.9105795Z Cache hit for: phase2-Linux-sync-property-45b3b35ef45f5d65ae586b2b25dfb93049c099ec9870f23270bda4b35fe975d3
phase2-sync-property	Run actions/cache@0400d5f644dc74513175e3cd8d07132dd4860809	2026-09-13T19:29:00.9216890Z (node:2299) [DEP0169] DeprecationWarning: `url.parse()` behavior is not standardized and prone to errors that have security implications. Use the WHATWG URL API instead. CVEs are not issued for `url.parse()` vulnerabilities.
phase2-sync-property	Run actions/cache@0400d5f644dc74513175e3cd8d07132dd4860809	2026-09-13T19:29:02.0502722Z Received 75497472 of 172338255 (43.8%), 72.0 MBs/sec
phase2-sync-property	Run actions/cache@0400d5f644dc74513175e3cd8d07132dd4860809	2026-09-13T19:29:02.7564698Z Received 172338255 of 172338255 (100.0%), 96.3 MBs/sec
phase2-sync-property	Run actions/cache@0400d5f644dc74513175e3cd8d07132dd4860809	2026-09-13T19:29:02.7567415Z Cache Size: ~164 MB (172338255 B)
phase2-sync-property	Run actions/cache@0400d5f644dc74513175e3cd8d07132dd4860809	2026-09-13T19:29:02.7610906Z [command]/usr/bin/tar -xf /home/runner/work/_temp/849802c2-579e-4b31-89bd-0312c4f0128b/cache.tzst -P -C /home/runner/work/keepling/keepling --use-compress-program unzstd
phase2-sync-property	Run actions/cache@0400d5f644dc74513175e3cd8d07132dd4860809	2026-09-13T19:29:04.9058453Z Cache restored successfully
phase2-sync-property	Run actions/cache@0400d5f644dc74513175e3cd8d07132dd4860809	2026-09-13T19:29:04.9261257Z Cache restored from key: phase2-Linux-sync-property-45b3b35ef45f5d65ae586b2b25dfb93049c099ec9870f23270bda4b35fe975d3
phase2-sync-property	Install asdf	﻿2026-09-13T19:29:04.9392548Z ##[group]Run set -eu
phase2-sync-property	Install asdf	2026-09-13T19:29:04.9392905Z ^[[36;1mset -eu^[[0m
phase2-sync-property	Install asdf	2026-09-13T19:29:04.9393256Z ^[[36;1m# The cache step above restores ~/.asdf/installs, which CREATES^[[0m
phase2-sync-property	Install asdf	2026-09-13T19:29:04.9393777Z ^[[36;1m# $HOME/.asdf before this step runs. An unconditional clone then dies^[[0m
phase2-sync-property	Install asdf	2026-09-13T19:29:04.9394479Z ^[[36;1m# with "destination path already exists and is not an empty^[[0m
phase2-sync-property	Install asdf	2026-09-13T19:29:04.9394958Z ^[[36;1m# directory" (exit 128) and the lane never reaches any project code.^[[0m
phase2-sync-property	Install asdf	2026-09-13T19:29:04.9395439Z ^[[36;1m# Clone into a scratch directory and move only the parts that are^[[0m
phase2-sync-property	Install asdf	2026-09-13T19:29:04.9395940Z ^[[36;1m# missing, so a restored cache and a cold runner both end up with the^[[0m
phase2-sync-property	Install asdf	2026-09-13T19:29:04.9396318Z ^[[36;1m# same tree.^[[0m
phase2-sync-property	Install asdf	2026-09-13T19:29:04.9396565Z ^[[36;1mif [ ! -d "$HOME/.asdf/.git" ]; then^[[0m
phase2-sync-property	Install asdf	2026-09-13T19:29:04.9396860Z ^[[36;1m  scratch="$(mktemp -d)"^[[0m
phase2-sync-property	Install asdf	2026-09-13T19:29:04.9397297Z ^[[36;1m  git clone https://github.com/asdf-vm/asdf.git "$scratch/asdf" --branch v0.14.1^[[0m
phase2-sync-property	Install asdf	2026-09-13T19:29:04.9397793Z ^[[36;1m  mkdir -p "$HOME/.asdf"^[[0m
phase2-sync-property	Install asdf	2026-09-13T19:29:04.9398150Z ^[[36;1m  # `cp -R src/. dst` merges into an existing directory instead of^[[0m
phase2-sync-property	Install asdf	2026-09-13T19:29:04.9398594Z ^[[36;1m  # nesting, which is what the restored-cache case needs.^[[0m
phase2-sync-property	Install asdf	2026-09-13T19:29:04.9399005Z ^[[36;1m  cp -R "$scratch/asdf/." "$HOME/.asdf/"^[[0m
phase2-sync-property	Install asdf	2026-09-13T19:29:04.9399304Z ^[[36;1m  rm -rf "$scratch"^[[0m
phase2-sync-property	Install asdf	2026-09-13T19:29:04.9399537Z ^[[36;1mfi^[[0m
phase2-sync-property	Install asdf	2026-09-13T19:29:04.9399764Z ^[[36;1mecho "$HOME/.asdf/bin" >> "$GITHUB_PATH"^[[0m
phase2-sync-property	Install asdf	2026-09-13T19:29:04.9400091Z ^[[36;1mecho "$HOME/.asdf/shims" >> "$GITHUB_PATH"^[[0m
phase2-sync-property	Install asdf	2026-09-13T19:29:04.9441000Z shell: /usr/bin/bash -e {0}
phase2-sync-property	Install asdf	2026-09-13T19:29:04.9441276Z env:
phase2-sync-property	Install asdf	2026-09-13T19:29:04.9441484Z   KEEPLING_PHASE2_SEED: 20260901
phase2-sync-property	Install asdf	2026-09-13T19:29:04.9441881Z   KEEPLING_FLAKE_POLICY: no-retry; quarantine-requires-owner-issue-expiry
phase2-sync-property	Install asdf	2026-09-13T19:29:04.9442283Z ##[endgroup]
phase2-sync-property	Install asdf	2026-09-13T19:29:04.9548678Z Cloning into '/tmp/tmp.YOXXHOlPXO/asdf'...
phase2-sync-property	Install asdf	2026-09-13T19:29:05.7994104Z Note: switching to 'f00f759f3d8d405468d0071310a91b8f5a9c3798'.
phase2-sync-property	Install asdf	2026-09-13T19:29:05.7994969Z 
phase2-sync-property	Install asdf	2026-09-13T19:29:05.7995410Z You are in 'detached HEAD' state. You can look around, make experimental
phase2-sync-property	Install asdf	2026-09-13T19:29:05.7996065Z changes and commit them, and you can discard any commits you make in this
phase2-sync-property	Install asdf	2026-09-13T19:29:05.7996671Z state without impacting any branches by switching back to a branch.
phase2-sync-property	Install asdf	2026-09-13T19:29:05.7996975Z 
phase2-sync-property	Install asdf	2026-09-13T19:29:05.7997254Z If you want to create a new branch to retain commits you create, you may
phase2-sync-property	Install asdf	2026-09-13T19:29:05.7997800Z do so (now or later) by using -c with the switch command. Example:
phase2-sync-property	Install asdf	2026-09-13T19:29:05.7998065Z 
phase2-sync-property	Install asdf	2026-09-13T19:29:05.7998213Z   git switch -c <new-branch-name>
phase2-sync-property	Install asdf	2026-09-13T19:29:05.7998399Z 
phase2-sync-property	Install asdf	2026-09-13T19:29:05.7998522Z Or undo this operation with:
phase2-sync-property	Install asdf	2026-09-13T19:29:05.7998691Z 
phase2-sync-property	Install asdf	2026-09-13T19:29:05.7998788Z   git switch -
phase2-sync-property	Install asdf	2026-09-13T19:29:05.7998913Z 
phase2-sync-property	Install asdf	2026-09-13T19:29:05.7999223Z Turn off this advice by setting config variable advice.detachedHead to false
phase2-sync-property	Install asdf	2026-09-13T19:29:05.7999555Z 
phase2-sync-property	Provision exact repository runtimes	﻿2026-09-13T19:29:05.8396092Z ##[group]Run ./tooling/runtime-preflight.sh --provision
phase2-sync-property	Provision exact repository runtimes	2026-09-13T19:29:05.8396588Z ^[[36;1m./tooling/runtime-preflight.sh --provision^[[0m
phase2-sync-property	Provision exact repository runtimes	2026-09-13T19:29:05.8396909Z ^[[36;1mcorepack enable^[[0m
phase2-sync-property	Provision exact repository runtimes	2026-09-13T19:29:05.8397348Z ^[[36;1mpnpm install --frozen-lockfile^[[0m
phase2-sync-property	Provision exact repository runtimes	2026-09-13T19:29:05.8397844Z ^[[36;1m./tooling/runtime-preflight.sh --exec -- sh -c 'cd apps/server && mix deps.get --check-locked'^[[0m
phase2-sync-property	Provision exact repository runtimes	2026-09-13T19:29:05.8434855Z shell: /usr/bin/bash -e {0}
phase2-sync-property	Provision exact repository runtimes	2026-09-13T19:29:05.8435110Z env:
phase2-sync-property	Provision exact repository runtimes	2026-09-13T19:29:05.8435311Z   KEEPLING_PHASE2_SEED: 20260901
phase2-sync-property	Provision exact repository runtimes	2026-09-13T19:29:05.8435708Z   KEEPLING_FLAKE_POLICY: no-retry; quarantine-requires-owner-issue-expiry
phase2-sync-property	Provision exact repository runtimes	2026-09-13T19:29:05.8436100Z ##[endgroup]
phase2-sync-property	Provision exact repository runtimes	2026-09-13T19:29:05.9299902Z Cloning into '/home/runner/.asdf/repository'...
phase2-sync-property	Provision exact repository runtimes	2026-09-13T19:29:08.5389562Z initializing plugin repository...erlang 29.0.5 is already installed
phase2-sync-property	Provision exact repository runtimes	2026-09-13T19:29:08.5759315Z elixir 1.20.2-otp-29 is already installed
phase2-sync-property	Provision exact repository runtimes	2026-09-13T19:29:09.1648304Z Get:1 file:/etc/apt/apt-mirrors.txt Mirrorlist [144 B]
phase2-sync-property	Provision exact repository runtimes	2026-09-13T19:29:09.2075455Z Hit:2 http://azure.archive.ubuntu.com/ubuntu noble InRelease
phase2-sync-property	Provision exact repository runtimes	2026-09-13T19:29:09.2077078Z Get:6 https://packages.microsoft.com/ubuntu/24.04/prod noble InRelease [3600 B]
phase2-sync-property	Provision exact repository runtimes	2026-09-13T19:29:09.2133007Z Get:3 http://azure.archive.ubuntu.com/ubuntu noble-updates InRelease [126 kB]
phase2-sync-property	Provision exact repository runtimes	2026-09-13T19:29:09.2197275Z Get:4 http://azure.archive.ubuntu.com/ubuntu noble-backports InRelease [126 kB]
phase2-sync-property	Provision exact repository runtimes	2026-09-13T19:29:09.2258321Z Get:5 http://azure.archive.ubuntu.com/ubuntu noble-security InRelease [126 kB]
phase2-sync-property	Provision exact repository runtimes	2026-09-13T19:29:09.3256004Z Get:7 https://dl.google.com/linux/chrome-stable/deb stable InRelease [2548 B]
phase2-sync-property	Provision exact repository runtimes	2026-09-13T19:29:09.3333942Z Get:8 https://packages.microsoft.com/ubuntu/24.04/prod noble/main amd64 Packages [463 kB]
phase2-sync-property	Provision exact repository runtimes	2026-09-13T19:29:09.3494631Z Get:9 https://packages.microsoft.com/ubuntu/24.04/prod noble/main arm64 Packages [414 kB]
phase2-sync-property	Provision exact repository runtimes	2026-09-13T19:29:09.3818517Z Get:10 http://azure.archive.ubuntu.com/ubuntu noble-updates/main amd64 Packages [1263 kB]
phase2-sync-property	Provision exact repository runtimes	2026-09-13T19:29:09.3902229Z Get:11 http://azure.archive.ubuntu.com/ubuntu noble-updates/main Translation-en [292 kB]
phase2-sync-property	Provision exact repository runtimes	2026-09-13T19:29:09.3919405Z Get:12 http://azure.archive.ubuntu.com/ubuntu noble-updates/main amd64 Components [181 kB]
phase2-sync-property	Provision exact repository runtimes	2026-09-13T19:29:09.3935421Z Get:13 http://azure.archive.ubuntu.com/ubuntu noble-updates/universe amd64 Packages [1690 kB]
phase2-sync-property	Provision exact repository runtimes	2026-09-13T19:29:09.4030671Z Get:14 http://azure.archive.ubuntu.com/ubuntu noble-updates/universe amd64 Components [388 kB]
phase2-sync-property	Provision exact repository runtimes	2026-09-13T19:29:09.4058757Z Get:15 http://azure.archive.ubuntu.com/ubuntu noble-updates/restricted amd64 Packages [1544 kB]
phase2-sync-property	Provision exact repository runtimes	2026-09-13T19:29:09.4142792Z Get:16 http://azure.archive.ubuntu.com/ubuntu noble-updates/restricted Translation-en [354 kB]
phase2-sync-property	Provision exact repository runtimes	2026-09-13T19:29:09.4167649Z Get:17 http://azure.archive.ubuntu.com/ubuntu noble-updates/multiverse amd64 Components [940 B]
phase2-sync-property	Provision exact repository runtimes	2026-09-13T19:29:09.4389626Z Get:18 http://azure.archive.ubuntu.com/ubuntu noble-backports/main amd64 Components [5772 B]
phase2-sync-property	Provision exact repository runtimes	2026-09-13T19:29:09.4398020Z Get:19 http://azure.archive.ubuntu.com/ubuntu noble-backports/universe amd64 Components [12.6 kB]
phase2-sync-property	Provision exact repository runtimes	2026-09-13T19:29:09.5358681Z Get:20 http://azure.archive.ubuntu.com/ubuntu noble-security/main amd64 Packages [1006 kB]
phase2-sync-property	Provision exact repository runtimes	2026-09-13T19:29:09.5408562Z Get:21 http://azure.archive.ubuntu.com/ubuntu noble-security/main Translation-en [213 kB]
phase2-sync-property	Provision exact repository runtimes	2026-09-13T19:29:09.5423610Z Get:22 http://azure.archive.ubuntu.com/ubuntu noble-security/main amd64 Components [46.4 kB]
phase2-sync-property	Provision exact repository runtimes	2026-09-13T19:29:09.5433024Z Get:23 http://azure.archive.ubuntu.com/ubuntu noble-security/universe amd64 Packages [1206 kB]
phase2-sync-property	Provision exact repository runtimes	2026-09-13T19:29:09.5486298Z Get:24 http://azure.archive.ubuntu.com/ubuntu noble-security/universe amd64 Components [76.3 kB]
phase2-sync-property	Provision exact repository runtimes	2026-09-13T19:29:09.5495852Z Get:25 http://azure.archive.ubuntu.com/ubuntu noble-security/restricted amd64 Packages [1445 kB]
phase2-sync-property	Provision exact repository runtimes	2026-09-13T19:29:09.5560141Z Get:26 http://azure.archive.ubuntu.com/ubuntu noble-security/restricted Translation-en [336 kB]
phase2-sync-property	Provision exact repository runtimes	2026-09-13T19:29:09.6418503Z Get:27 https://dl.google.com/linux/chrome-stable/deb stable/main amd64 Packages [1408 B]
phase2-sync-property	Provision exact repository runtimes	2026-09-13T19:29:10.0577684Z Get:28 https://apt.postgresql.org/pub/repos/apt noble-pgdg InRelease [189 kB]
phase2-sync-property	Provision exact repository runtimes	2026-09-13T19:29:10.1815806Z Get:29 https://apt.postgresql.org/pub/repos/apt noble-pgdg/main amd64 Packages [825 kB]
phase2-sync-property	Provision exact repository runtimes	2026-09-13T19:29:14.2208753Z Fetched 12.3 MB in 1s (8861 kB/s)
phase2-sync-property	Provision exact repository runtimes	2026-09-13T19:29:15.0426787Z Reading package lists...
phase2-sync-property	Provision exact repository runtimes	2026-09-13T19:29:15.0739899Z Reading package lists...
phase2-sync-property	Provision exact repository runtimes	2026-09-13T19:29:15.2435896Z Building dependency tree...
phase2-sync-property	Provision exact repository runtimes	2026-09-13T19:29:15.2443121Z Reading state information...
phase2-sync-property	Provision exact repository runtimes	2026-09-13T19:29:15.3834100Z The following additional packages will be installed:
phase2-sync-property	Provision exact repository runtimes	2026-09-13T19:29:15.3835571Z   liburing2 postgresql-18-jit postgresql-client-18
phase2-sync-property	Provision exact repository runtimes	2026-09-13T19:29:15.3841459Z Suggested packages:
phase2-sync-property	Provision exact repository runtimes	2026-09-13T19:29:15.3842271Z   postgresql-doc-18
phase2-sync-property	Provision exact repository runtimes	2026-09-13T19:29:15.4067093Z The following NEW packages will be installed:
phase2-sync-property	Provision exact repository runtimes	2026-09-13T19:29:15.4069115Z   liburing2 postgresql-18 postgresql-18-jit postgresql-client-18
phase2-sync-property	Provision exact repository runtimes	2026-09-13T19:29:15.4285817Z 0 upgraded, 4 newly installed, 0 to remove and 50 not upgraded.
phase2-sync-property	Provision exact repository runtimes	2026-09-13T19:29:15.4286694Z Need to get 19.6 MB of archives.
phase2-sync-property	Provision exact repository runtimes	2026-09-13T19:29:15.4287582Z After this operation, 71.9 MB of additional disk space will be used.
phase2-sync-property	Provision exact repository runtimes	2026-09-13T19:29:15.4288140Z Get:1 file:/etc/apt/apt-mirrors.txt Mirrorlist [144 B]
phase2-sync-property	Provision exact repository runtimes	2026-09-13T19:29:15.4767261Z Get:2 http://azure.archive.ubuntu.com/ubuntu noble/main amd64 liburing2 amd64 2.5-1build1 [21.1 kB]
phase2-sync-property	Provision exact repository runtimes	2026-09-13T19:29:15.6183351Z Get:3 https://apt.postgresql.org/pub/repos/apt noble-pgdg/main amd64 postgresql-client-18 amd64 18.6-1.pgdg24.04+2 [2114 kB]
phase2-sync-property	Provision exact repository runtimes	2026-09-13T19:29:15.7552126Z Get:4 https://apt.postgresql.org/pub/repos/apt noble-pgdg/main amd64 postgresql-18 amd64 18.6-1.pgdg24.04+2 [7577 kB]
phase2-sync-property	Provision exact repository runtimes	2026-09-13T19:29:15.8474433Z Get:5 https://apt.postgresql.org/pub/repos/apt noble-pgdg/main amd64 postgresql-18-jit amd64 18.6-1.pgdg24.04+2 [9924 kB]
phase2-sync-property	Provision exact repository runtimes	2026-09-13T19:29:16.1347811Z Preconfiguring packages ...
phase2-sync-property	Provision exact repository runtimes	2026-09-13T19:29:16.1818980Z Fetched 19.6 MB in 0s (39.3 MB/s)
phase2-sync-property	Provision exact repository runtimes	2026-09-13T19:29:16.2047316Z Selecting previously unselected package liburing2:amd64.
phase2-sync-property	Provision exact repository runtimes	2026-09-13T19:29:16.2400141Z (Reading database ... 
phase2-sync-property	Provision exact repository runtimes	2026-09-13T19:29:16.2400646Z (Reading database ... 5%
phase2-sync-property	Provision exact repository runtimes	2026-09-13T19:29:16.2400961Z (Reading database ... 10%
phase2-sync-property	Provision exact repository runtimes	2026-09-13T19:29:16.2401300Z (Reading database ... 15%
phase2-sync-property	Provision exact repository runtimes	2026-09-13T19:29:16.2401591Z (Reading database ... 20%
phase2-sync-property	Provision exact repository runtimes	2026-09-13T19:29:16.2401886Z (Reading database ... 25%
phase2-sync-property	Provision exact repository runtimes	2026-09-13T19:29:16.2402729Z (Reading database ... 30%
phase2-sync-property	Provision exact repository runtimes	2026-09-13T19:29:16.2403085Z (Reading database ... 35%
phase2-sync-property	Provision exact repository runtimes	2026-09-13T19:29:16.2403594Z (Reading database ... 40%
phase2-sync-property	Provision exact repository runtimes	2026-09-13T19:29:16.2404133Z (Reading database ... 45%
phase2-sync-property	Provision exact repository runtimes	2026-09-13T19:29:16.2404844Z (Reading database ... 50%
phase2-sync-property	Provision exact repository runtimes	2026-09-13T19:29:16.2451360Z (Reading database ... 55%
phase2-sync-property	Provision exact repository runtimes	2026-09-13T19:29:16.3879479Z (Reading database ... 60%
phase2-sync-property	Provision exact repository runtimes	2026-09-13T19:29:16.5783690Z (Reading database ... 65%
phase2-sync-property	Provision exact repository runtimes	2026-09-13T19:29:16.7354831Z (Reading database ... 70%
phase2-sync-property	Provision exact repository runtimes	2026-09-13T19:29:16.9253509Z (Reading database ... 75%
phase2-sync-property	Provision exact repository runtimes	2026-09-13T19:29:17.1305456Z (Reading database ... 80%
phase2-sync-property	Provision exact repository runtimes	2026-09-13T19:29:17.3224573Z (Reading database ... 85%
phase2-sync-property	Provision exact repository runtimes	2026-09-13T19:29:17.5160386Z (Reading database ... 90%
phase2-sync-property	Provision exact repository runtimes	2026-09-13T19:29:17.7334953Z (Reading database ... 95%
phase2-sync-property	Provision exact repository runtimes	2026-09-13T19:29:17.7335660Z (Reading database ... 100%
phase2-sync-property	Provision exact repository runtimes	2026-09-13T19:29:17.7336329Z (Reading database ... 201818 files and directories currently installed.)
phase2-sync-property	Provision exact repository runtimes	2026-09-13T19:29:17.7377856Z Preparing to unpack .../liburing2_2.5-1build1_amd64.deb ...
phase2-sync-property	Provision exact repository runtimes	2026-09-13T19:29:17.7465052Z Unpacking liburing2:amd64 (2.5-1build1) ...
phase2-sync-property	Provision exact repository runtimes	2026-09-13T19:29:17.7672898Z Selecting previously unselected package postgresql-client-18.
phase2-sync-property	Provision exact repository runtimes	2026-09-13T19:29:17.7797245Z Preparing to unpack .../postgresql-client-18_18.6-1.pgdg24.04+2_amd64.deb ...
phase2-sync-property	Provision exact repository runtimes	2026-09-13T19:29:17.7805244Z Unpacking postgresql-client-18 (18.6-1.pgdg24.04+2) ...
phase2-sync-property	Provision exact repository runtimes	2026-09-13T19:29:17.9894071Z Selecting previously unselected package postgresql-18.
phase2-sync-property	Provision exact repository runtimes	2026-09-13T19:29:18.0020426Z Preparing to unpack .../postgresql-18_18.6-1.pgdg24.04+2_amd64.deb ...
phase2-sync-property	Provision exact repository runtimes	2026-09-13T19:29:18.0050220Z Unpacking postgresql-18 (18.6-1.pgdg24.04+2) ...
phase2-sync-property	Provision exact repository runtimes	2026-09-13T19:29:18.5047336Z Selecting previously unselected package postgresql-18-jit.
phase2-sync-property	Provision exact repository runtimes	2026-09-13T19:29:18.5175312Z Preparing to unpack .../postgresql-18-jit_18.6-1.pgdg24.04+2_amd64.deb ...
phase2-sync-property	Provision exact repository runtimes	2026-09-13T19:29:18.5183466Z Unpacking postgresql-18-jit (18.6-1.pgdg24.04+2) ...
phase2-sync-property	Provision exact repository runtimes	2026-09-13T19:29:19.1863257Z Setting up postgresql-client-18 (18.6-1.pgdg24.04+2) ...
phase2-sync-property	Provision exact repository runtimes	2026-09-13T19:29:19.5768454Z update-alternatives: using /usr/share/postgresql/18/man/man1/psql.1.gz to provide /usr/share/man/man1/psql.1.gz (psql.1.gz) in auto mode
phase2-sync-property	Provision exact repository runtimes	2026-09-13T19:29:19.6259172Z Setting up liburing2:amd64 (2.5-1build1) ...
phase2-sync-property	Provision exact repository runtimes	2026-09-13T19:29:19.6280140Z Setting up postgresql-18 (18.6-1.pgdg24.04+2) ...
phase2-sync-property	Provision exact repository runtimes	2026-09-13T19:29:20.4858262Z Setting up postgresql-18-jit (18.6-1.pgdg24.04+2) ...
phase2-sync-property	Provision exact repository runtimes	2026-09-13T19:29:20.4886244Z Processing triggers for libc-bin (2.39-0ubuntu8.8) ...
phase2-sync-property	Provision exact repository runtimes	2026-09-13T19:29:20.5492815Z Processing triggers for postgresql-common (293.pgdg24.04+1) ...
phase2-sync-property	Provision exact repository runtimes	2026-09-13T19:29:20.6652089Z Building PostgreSQL dictionaries from installed myspell/hunspell packages...
phase2-sync-property	Provision exact repository runtimes	2026-09-13T19:29:20.6760950Z   en_us
phase2-sync-property	Provision exact repository runtimes	2026-09-13T19:29:20.7138633Z Removing obsolete dictionary files:
phase2-sync-property	Provision exact repository runtimes	2026-09-13T19:29:21.3591350Z 
phase2-sync-property	Provision exact repository runtimes	2026-09-13T19:29:21.3592065Z Running kernel seems to be up-to-date.
phase2-sync-property	Provision exact repository runtimes	2026-09-13T19:29:21.3592477Z 
phase2-sync-property	Provision exact repository runtimes	2026-09-13T19:29:21.3592780Z No services need to be restarted.
phase2-sync-property	Provision exact repository runtimes	2026-09-13T19:29:21.3593128Z 
phase2-sync-property	Provision exact repository runtimes	2026-09-13T19:29:21.3593409Z No containers need to be restarted.
phase2-sync-property	Provision exact repository runtimes	2026-09-13T19:29:21.3593739Z 
phase2-sync-property	Provision exact repository runtimes	2026-09-13T19:29:21.3594076Z No user sessions are running outdated binaries.
phase2-sync-property	Provision exact repository runtimes	2026-09-13T19:29:21.3595064Z 
phase2-sync-property	Provision exact repository runtimes	2026-09-13T19:29:21.3595594Z No VM guests are running outdated hypervisor (qemu) binaries on this host.
phase2-sync-property	Provision exact repository runtimes	2026-09-13T19:29:22.6739283Z Runtime preflight passed: Elixir 1.20.2, OTP 29.0.5, PostgreSQL 18.6
phase2-sync-property	Provision exact repository runtimes	2026-09-13T19:29:22.8020498Z ! Corepack is about to download https://registry.npmjs.org/pnpm/-/pnpm-10.33.0.tgz
phase2-sync-property	Provision exact repository runtimes	2026-09-13T19:29:23.8200417Z Scope: all 4 workspace projects
phase2-sync-property	Provision exact repository runtimes	2026-09-13T19:29:23.9072906Z Lockfile is up to date, resolution step is skipped
phase2-sync-property	Provision exact repository runtimes	2026-09-13T19:29:24.9536825Z Packages: +2 -47
phase2-sync-property	Provision exact repository runtimes	2026-09-13T19:29:24.9537798Z ++-----------------------------------------------
phase2-sync-property	Provision exact repository runtimes	2026-09-13T19:29:25.4375497Z Progress: resolved 0, reused 0, downloaded 1, added 0
phase2-sync-property	Provision exact repository runtimes	2026-09-13T19:29:26.4455733Z Progress: resolved 0, reused 0, downloaded 26, added 0
phase2-sync-property	Provision exact repository runtimes	2026-09-13T19:29:27.1210300Z Progress: resolved 0, reused 0, downloaded 48, added 2, done
phase2-sync-property	Provision exact repository runtimes	2026-09-13T19:29:27.3038536Z 
phase2-sync-property	Provision exact repository runtimes	2026-09-13T19:29:27.4010482Z Done in 3.9s using pnpm v10.33.0
phase2-sync-property	Provision exact repository runtimes	2026-09-13T19:29:27.9644876Z Runtime preflight passed: Elixir 1.20.2, OTP 29.0.5, PostgreSQL 18.6
phase2-sync-property	Provision exact repository runtimes	2026-09-13T19:29:28.9223023Z * creating /home/runner/.mix/archives/hex-2.5.1
phase2-sync-property	Provision exact repository runtimes	2026-09-13T19:29:29.4365752Z Resolving Hex dependencies...
phase2-sync-property	Provision exact repository runtimes	2026-09-13T19:29:29.5670163Z Resolution completed in 0.129s
phase2-sync-property	Provision exact repository runtimes	2026-09-13T19:29:29.5877675Z Unchanged:
phase2-sync-property	Provision exact repository runtimes	2026-09-13T19:29:29.5878298Z   argon2_elixir 4.1.3
phase2-sync-property	Provision exact repository runtimes	2026-09-13T19:29:29.5885400Z   bandit 1.12.5
phase2-sync-property	Provision exact repository runtimes	2026-09-13T19:29:29.5886083Z   certifi 2.17.0
phase2-sync-property	Provision exact repository runtimes	2026-09-13T19:29:29.5886469Z   comeonin 5.5.1
phase2-sync-property	Provision exact repository runtimes	2026-09-13T19:29:29.5888616Z   db_connection 2.10.2
phase2-sync-property	Provision exact repository runtimes	2026-09-13T19:29:29.5889393Z   decimal 3.1.1
phase2-sync-property	Provision exact repository runtimes	2026-09-13T19:29:29.5889846Z   dns_cluster 0.2.0
phase2-sync-property	Provision exact repository runtimes	2026-09-13T19:29:29.5890244Z   ecto 3.14.2
phase2-sync-property	Provision exact repository runtimes	2026-09-13T19:29:29.5890613Z   ecto_sql 3.14.0
phase2-sync-property	Provision exact repository runtimes	2026-09-13T19:29:29.5890998Z   elixir_make 0.10.0
phase2-sync-property	Provision exact repository runtimes	2026-09-13T19:29:29.5891396Z   expo 1.1.1
phase2-sync-property	Provision exact repository runtimes	2026-09-13T19:29:29.5891760Z   gettext 1.0.2
phase2-sync-property	Provision exact repository runtimes	2026-09-13T19:29:29.5892119Z   h2 0.12.0
phase2-sync-property	Provision exact repository runtimes	2026-09-13T19:29:29.5892457Z   hackney 4.7.4
phase2-sync-property	Provision exact repository runtimes	2026-09-13T19:29:29.5892794Z   hammer 7.4.1
phase2-sync-property	Provision exact repository runtimes	2026-09-13T19:29:29.5893129Z   hex_core 0.15.0
phase2-sync-property	Provision exact repository runtimes	2026-09-13T19:29:29.5893482Z   hpax 1.0.4
phase2-sync-property	Provision exact repository runtimes	2026-09-13T19:29:29.5893810Z   idna 7.1.0
phase2-sync-property	Provision exact repository runtimes	2026-09-13T19:29:29.5894131Z   jason 1.4.5
phase2-sync-property	Provision exact repository runtimes	2026-09-13T19:29:29.5894765Z   mime 2.0.7
phase2-sync-property	Provision exact repository runtimes	2026-09-13T19:29:29.5895090Z   mimerl 1.5.0
phase2-sync-property	Provision exact repository runtimes	2026-09-13T19:29:29.5895427Z   optimus 0.6.1
phase2-sync-property	Provision exact repository runtimes	2026-09-13T19:29:29.5895773Z   parse_trans 3.4.2
phase2-sync-property	Provision exact repository runtimes	2026-09-13T19:29:29.5896140Z   phoenix 1.8.13
phase2-sync-property	Provision exact repository runtimes	2026-09-13T19:29:29.5896493Z   phoenix_ecto 4.7.0
phase2-sync-property	Provision exact repository runtimes	2026-09-13T19:29:29.5896867Z   phoenix_pubsub 2.3.0
phase2-sync-property	Provision exact repository runtimes	2026-09-13T19:29:29.5897270Z   phoenix_template 1.0.4
phase2-sync-property	Provision exact repository runtimes	2026-09-13T19:29:29.5897660Z   plug 1.20.3
phase2-sync-property	Provision exact repository runtimes	2026-09-13T19:29:29.5897999Z   plug_crypto 2.2.0
phase2-sync-property	Provision exact repository runtimes	2026-09-13T19:29:29.5898674Z   postgrex 0.22.4
phase2-sync-property	Provision exact repository runtimes	2026-09-13T19:29:29.5899026Z   protobuf 0.16.1
phase2-sync-property	Provision exact repository runtimes	2026-09-13T19:29:29.5899366Z   purl 0.3.0
phase2-sync-property	Provision exact repository runtimes	2026-09-13T19:29:29.5899686Z   quic 1.8.2
phase2-sync-property	Provision exact repository runtimes	2026-09-13T19:29:29.5900221Z   sbom 0.10.0
phase2-sync-property	Provision exact repository runtimes	2026-09-13T19:29:29.5900453Z   ssl_verify_fun 1.1.7
phase2-sync-property	Provision exact repository runtimes	2026-09-13T19:29:29.5900669Z   stream_data 1.4.0
phase2-sync-property	Provision exact repository runtimes	2026-09-13T19:29:29.5900883Z   telemetry 1.4.2
phase2-sync-property	Provision exact repository runtimes	2026-09-13T19:29:29.5901097Z   telemetry_metrics 1.2.0
phase2-sync-property	Provision exact repository runtimes	2026-09-13T19:29:29.5901332Z   telemetry_poller 1.3.0
phase2-sync-property	Provision exact repository runtimes	2026-09-13T19:29:29.5901577Z   thousand_island 1.5.0
phase2-sync-property	Provision exact repository runtimes	2026-09-13T19:29:29.5901797Z   tzdata 1.1.5
phase2-sync-property	Provision exact repository runtimes	2026-09-13T19:29:29.5902004Z   websock 0.5.3
phase2-sync-property	Provision exact repository runtimes	2026-09-13T19:29:29.5902209Z   websock_adapter 0.6.0
phase2-sync-property	Provision exact repository runtimes	2026-09-13T19:29:29.5902436Z   webtransport 0.4.5
phase2-sync-property	Provision exact repository runtimes	2026-09-13T19:29:29.7919217Z * creating /home/runner/.mix/elixir/1-20-otp-29/rebar3
phase2-sync-property	Provision exact repository runtimes	2026-09-13T19:29:29.8468016Z All dependencies have been fetched
phase2-sync-property	Run exact Phase 2 lane	﻿2026-09-13T19:29:29.8787103Z ##[group]Run set -o pipefail
phase2-sync-property	Run exact Phase 2 lane	2026-09-13T19:29:29.8787442Z ^[[36;1mset -o pipefail^[[0m
phase2-sync-property	Run exact Phase 2 lane	2026-09-13T19:29:29.8787882Z ^[[36;1m./tooling/test-phase-2.sh --lane "sync-property" | tee "$RUNNER_TEMP/sync-property.txt"^[[0m
phase2-sync-property	Run exact Phase 2 lane	2026-09-13T19:29:29.8788486Z ^[[36;1m./tooling/verify-privacy.sh "$RUNNER_TEMP/sync-property.txt"^[[0m
phase2-sync-property	Run exact Phase 2 lane	2026-09-13T19:29:29.8827852Z shell: /usr/bin/bash -e {0}
phase2-sync-property	Run exact Phase 2 lane	2026-09-13T19:29:29.8828106Z env:
phase2-sync-property	Run exact Phase 2 lane	2026-09-13T19:29:29.8828307Z   KEEPLING_PHASE2_SEED: 20260901
phase2-sync-property	Run exact Phase 2 lane	2026-09-13T19:29:29.8828706Z   KEEPLING_FLAKE_POLICY: no-retry; quarantine-requires-owner-issue-expiry
phase2-sync-property	Run exact Phase 2 lane	2026-09-13T19:29:29.8829107Z ##[endgroup]
phase2-sync-property	Run exact Phase 2 lane	2026-09-13T19:29:32.1069319Z Runtime preflight passed: Elixir 1.20.2, OTP 29.0.5, PostgreSQL 18.6
phase2-sync-property	Run exact Phase 2 lane	2026-09-13T19:29:32.2548994Z lane=sync-property status=RUNNING command=mix test test/keepling/application/sync test/keepling/adapters/postgres/sync_feed_test.exs cases=20 seed=20260901 inputs_sha256=61b3304932f2e61b1e63d0aba457f7ca896bbd91259e8c4e670378597cdb9b32
phase2-sync-property	Run exact Phase 2 lane	2026-09-13T19:29:34.7119468Z lane=sync-property status=PASS command=mix test test/keepling/application/sync test/keepling/adapters/postgres/sync_feed_test.exs cases=20 seed=20260901 elapsed_ms=2457 inputs_sha256=61b3304932f2e61b1e63d0aba457f7ca896bbd91259e8c4e670378597cdb9b32
phase2-sync-property	Run exact Phase 2 lane	2026-09-13T19:29:35.3496345Z Privacy verification passed: artifacts=1 sentinels=7
phase2-sync-property	Run actions/upload-artifact@ea165f8d65b6e75b540449e92b4886f43607fa02	﻿2026-09-13T19:29:35.3558325Z Node 20 is being deprecated. This workflow is running with Node 24 by default. If you need to temporarily use Node 20, you can set the ACTIONS_ALLOW_USE_UNSECURE_NODE_VERSION=true environment variable. For more information see: https://github.blog/changelog/2025-09-19-deprecation-of-node-20-on-github-actions-runners/
phase2-sync-property	Run actions/upload-artifact@ea165f8d65b6e75b540449e92b4886f43607fa02	2026-09-13T19:29:35.3559694Z ##[group]Run actions/upload-artifact@ea165f8d65b6e75b540449e92b4886f43607fa02
phase2-sync-property	Run actions/upload-artifact@ea165f8d65b6e75b540449e92b4886f43607fa02	2026-09-13T19:29:35.3560095Z with:
phase2-sync-property	Run actions/upload-artifact@ea165f8d65b6e75b540449e92b4886f43607fa02	2026-09-13T19:29:35.3560316Z   name: phase2-sync-property-timing
phase2-sync-property	Run actions/upload-artifact@ea165f8d65b6e75b540449e92b4886f43607fa02	2026-09-13T19:29:35.3560634Z   path: /home/runner/work/_temp/sync-property.txt
phase2-sync-property	Run actions/upload-artifact@ea165f8d65b6e75b540449e92b4886f43607fa02	2026-09-13T19:29:35.3560950Z   if-no-files-found: error
phase2-sync-property	Run actions/upload-artifact@ea165f8d65b6e75b540449e92b4886f43607fa02	2026-09-13T19:29:35.3561188Z   retention-days: 14
phase2-sync-property	Run actions/upload-artifact@ea165f8d65b6e75b540449e92b4886f43607fa02	2026-09-13T19:29:35.3561407Z   compression-level: 6
phase2-sync-property	Run actions/upload-artifact@ea165f8d65b6e75b540449e92b4886f43607fa02	2026-09-13T19:29:35.3561625Z   overwrite: false
phase2-sync-property	Run actions/upload-artifact@ea165f8d65b6e75b540449e92b4886f43607fa02	2026-09-13T19:29:35.3561851Z   include-hidden-files: false
phase2-sync-property	Run actions/upload-artifact@ea165f8d65b6e75b540449e92b4886f43607fa02	2026-09-13T19:29:35.3562087Z env:
phase2-sync-property	Run actions/upload-artifact@ea165f8d65b6e75b540449e92b4886f43607fa02	2026-09-13T19:29:35.3562283Z   KEEPLING_PHASE2_SEED: 20260901
phase2-sync-property	Run actions/upload-artifact@ea165f8d65b6e75b540449e92b4886f43607fa02	2026-09-13T19:29:35.3562658Z   KEEPLING_FLAKE_POLICY: no-retry; quarantine-requires-owner-issue-expiry
phase2-sync-property	Run actions/upload-artifact@ea165f8d65b6e75b540449e92b4886f43607fa02	2026-09-13T19:29:35.3563094Z ##[endgroup]
phase2-sync-property	Run actions/upload-artifact@ea165f8d65b6e75b540449e92b4886f43607fa02	2026-09-13T19:29:35.5189357Z (node:5898) [DEP0040] DeprecationWarning: The `punycode` module is deprecated. Please use a userland alternative instead.
phase2-sync-property	Run actions/upload-artifact@ea165f8d65b6e75b540449e92b4886f43607fa02	2026-09-13T19:29:35.5190995Z (Use `node --trace-deprecation ...` to show where the warning was created)
phase2-sync-property	Run actions/upload-artifact@ea165f8d65b6e75b540449e92b4886f43607fa02	2026-09-13T19:29:35.5234910Z With the provided path, there will be 1 file uploaded
phase2-sync-property	Run actions/upload-artifact@ea165f8d65b6e75b540449e92b4886f43607fa02	2026-09-13T19:29:35.5239846Z Artifact name is valid!
phase2-sync-property	Run actions/upload-artifact@ea165f8d65b6e75b540449e92b4886f43607fa02	2026-09-13T19:29:35.5240860Z Root directory input is valid!
phase2-sync-property	Run actions/upload-artifact@ea165f8d65b6e75b540449e92b4886f43607fa02	2026-09-13T19:29:35.7861766Z Beginning upload of artifact content to blob storage
phase2-sync-property	Run actions/upload-artifact@ea165f8d65b6e75b540449e92b4886f43607fa02	2026-09-13T19:29:35.8042632Z (node:5898) [DEP0169] DeprecationWarning: `url.parse()` behavior is not standardized and prone to errors that have security implications. Use the WHATWG URL API instead. CVEs are not issued for `url.parse()` vulnerabilities.
phase2-sync-property	Run actions/upload-artifact@ea165f8d65b6e75b540449e92b4886f43607fa02	2026-09-13T19:29:35.9165456Z Uploaded bytes 407
phase2-sync-property	Run actions/upload-artifact@ea165f8d65b6e75b540449e92b4886f43607fa02	2026-09-13T19:29:35.9538162Z Finished uploading artifact content to blob storage!
phase2-sync-property	Run actions/upload-artifact@ea165f8d65b6e75b540449e92b4886f43607fa02	2026-09-13T19:29:35.9540184Z SHA256 digest of uploaded artifact zip is fef323a6e758c352ae486dc2d38b2503605fbe029c218535f5eed9995437cdd1
phase2-sync-property	Run actions/upload-artifact@ea165f8d65b6e75b540449e92b4886f43607fa02	2026-09-13T19:29:35.9541337Z Finalizing artifact upload
phase2-sync-property	Run actions/upload-artifact@ea165f8d65b6e75b540449e92b4886f43607fa02	2026-09-13T19:29:36.1611932Z Artifact phase2-sync-property-timing.zip successfully finalized. Artifact ID 10323519805
phase2-sync-property	Run actions/upload-artifact@ea165f8d65b6e75b540449e92b4886f43607fa02	2026-09-13T19:29:36.1613790Z Artifact phase2-sync-property-timing has been successfully uploaded! Final size is 407 bytes. Artifact ID is 10323519805
phase2-sync-property	Run actions/upload-artifact@ea165f8d65b6e75b540449e92b4886f43607fa02	2026-09-13T19:29:36.1620428Z Artifact download URL: https://github.com/szTheory/keepling/actions/runs/34777805271/artifacts/10323519805
phase2-sync-property	Post Run actions/cache@0400d5f644dc74513175e3cd8d07132dd4860809	﻿2026-09-13T19:29:36.2362938Z Node 20 is being deprecated. This workflow is running with Node 24 by default. If you need to temporarily use Node 20, you can set the ACTIONS_ALLOW_USE_UNSECURE_NODE_VERSION=true environment variable. For more information see: https://github.blog/changelog/2025-09-19-deprecation-of-node-20-on-github-actions-runners/
phase2-sync-property	Post Run actions/cache@0400d5f644dc74513175e3cd8d07132dd4860809	2026-09-13T19:29:36.2364573Z Post job cleanup.
phase2-sync-property	Post Run actions/cache@0400d5f644dc74513175e3cd8d07132dd4860809	2026-09-13T19:29:36.3479092Z Cache hit occurred on the primary key phase2-Linux-sync-property-45b3b35ef45f5d65ae586b2b25dfb93049c099ec9870f23270bda4b35fe975d3, not saving cache.
phase2-sync-property	Post Run actions/cache@0400d5f644dc74513175e3cd8d07132dd4860809	2026-09-13T19:29:36.3482734Z (node:5921) [DEP0040] DeprecationWarning: The `punycode` module is deprecated. Please use a userland alternative instead.
phase2-sync-property	Post Run actions/cache@0400d5f644dc74513175e3cd8d07132dd4860809	2026-09-13T19:29:36.3483937Z (Use `node --trace-deprecation ...` to show where the warning was created)
phase2-sync-property	Post Run actions/setup-node@49933ea5288caeca8642d1e84afbd3f7d6820020	﻿2026-09-13T19:29:36.3612493Z Node 20 is being deprecated. This workflow is running with Node 24 by default. If you need to temporarily use Node 20, you can set the ACTIONS_ALLOW_USE_UNSECURE_NODE_VERSION=true environment variable. For more information see: https://github.blog/changelog/2025-09-19-deprecation-of-node-20-on-github-actions-runners/
phase2-sync-property	Post Run actions/setup-node@49933ea5288caeca8642d1e84afbd3f7d6820020	2026-09-13T19:29:36.3613757Z Post job cleanup.
phase2-sync-property	Post Run actions/setup-node@49933ea5288caeca8642d1e84afbd3f7d6820020	2026-09-13T19:29:36.4831766Z (node:5929) [DEP0040] DeprecationWarning: The `punycode` module is deprecated. Please use a userland alternative instead.
phase2-sync-property	Post Run actions/setup-node@49933ea5288caeca8642d1e84afbd3f7d6820020	2026-09-13T19:29:36.4832805Z (Use `node --trace-deprecation ...` to show where the warning was created)
phase2-sync-property	Post Run actions/checkout@34e114876b0b11c390a56381ad16ebd13914f8d5	﻿2026-09-13T19:29:36.5030212Z Node 20 is being deprecated. This workflow is running with Node 24 by default. If you need to temporarily use Node 20, you can set the ACTIONS_ALLOW_USE_UNSECURE_NODE_VERSION=true environment variable. For more information see: https://github.blog/changelog/2025-09-19-deprecation-of-node-20-on-github-actions-runners/
phase2-sync-property	Post Run actions/checkout@34e114876b0b11c390a56381ad16ebd13914f8d5	2026-09-13T19:29:36.5031514Z Post job cleanup.
phase2-sync-property	Post Run actions/checkout@34e114876b0b11c390a56381ad16ebd13914f8d5	2026-09-13T19:29:36.5850707Z [command]/usr/bin/git version
phase2-sync-property	Post Run actions/checkout@34e114876b0b11c390a56381ad16ebd13914f8d5	2026-09-13T19:29:36.5886383Z git version 2.55.0
phase2-sync-property	Post Run actions/checkout@34e114876b0b11c390a56381ad16ebd13914f8d5	2026-09-13T19:29:36.5925392Z Temporarily overriding HOME='/home/runner/work/_temp/693d6407-71b5-4918-b3bf-38747d7cc118' before making global git config changes
phase2-sync-property	Post Run actions/checkout@34e114876b0b11c390a56381ad16ebd13914f8d5	2026-09-13T19:29:36.5927062Z Adding repository directory to the temporary git global config as a safe directory
phase2-sync-property	Post Run actions/checkout@34e114876b0b11c390a56381ad16ebd13914f8d5	2026-09-13T19:29:36.5931570Z [command]/usr/bin/git config --global --add safe.directory /home/runner/work/keepling/keepling
phase2-sync-property	Post Run actions/checkout@34e114876b0b11c390a56381ad16ebd13914f8d5	2026-09-13T19:29:36.5967188Z [command]/usr/bin/git config --local --name-only --get-regexp core\.sshCommand
phase2-sync-property	Post Run actions/checkout@34e114876b0b11c390a56381ad16ebd13914f8d5	2026-09-13T19:29:36.6000922Z [command]/usr/bin/git submodule foreach --recursive sh -c "git config --local --name-only --get-regexp 'core\.sshCommand' && git config --local --unset-all 'core.sshCommand' || :"
phase2-sync-property	Post Run actions/checkout@34e114876b0b11c390a56381ad16ebd13914f8d5	2026-09-13T19:29:36.6224178Z [command]/usr/bin/git config --local --name-only --get-regexp http\.https\:\/\/github\.com\/\.extraheader
phase2-sync-property	Post Run actions/checkout@34e114876b0b11c390a56381ad16ebd13914f8d5	2026-09-13T19:29:36.6247891Z http.https://github.com/.extraheader
phase2-sync-property	Post Run actions/checkout@34e114876b0b11c390a56381ad16ebd13914f8d5	2026-09-13T19:29:36.6258851Z [command]/usr/bin/git config --local --unset-all http.https://github.com/.extraheader
phase2-sync-property	Post Run actions/checkout@34e114876b0b11c390a56381ad16ebd13914f8d5	2026-09-13T19:29:36.6289910Z [command]/usr/bin/git submodule foreach --recursive sh -c "git config --local --name-only --get-regexp 'http\.https\:\/\/github\.com\/\.extraheader' && git config --local --unset-all 'http.https://github.com/.extraheader' || :"
phase2-sync-property	Post Run actions/checkout@34e114876b0b11c390a56381ad16ebd13914f8d5	2026-09-13T19:29:36.6508375Z [command]/usr/bin/git config --local --name-only --get-regexp ^includeIf\.gitdir:
phase2-sync-property	Post Run actions/checkout@34e114876b0b11c390a56381ad16ebd13914f8d5	2026-09-13T19:29:36.6537944Z [command]/usr/bin/git submodule foreach --recursive git config --local --show-origin --name-only --get-regexp remote.origin.url
phase2-sync-property	Complete job	﻿2026-09-13T19:29:36.6928203Z Cleaning up orphan processes
phase2-sync-property	Complete job	2026-09-13T19:29:36.7246064Z ##[warning]Node.js 20 is deprecated. The following actions target Node.js 20 but are being forced to run on Node.js 24: actions/cache@0400d5f644dc74513175e3cd8d07132dd4860809, actions/checkout@34e114876b0b11c390a56381ad16ebd13914f8d5, actions/setup-node@49933ea5288caeca8642d1e84afbd3f7d6820020, actions/upload-artifact@ea165f8d65b6e75b540449e92b4886f43607fa02. For more information see: https://github.blog/changelog/2025-09-19-deprecation-of-node-20-on-github-actions-runners/
ci-contract	Set up job	﻿2026-09-13T19:29:20.6446386Z Current runner version: '2.337.0'
ci-contract	Set up job	2026-09-13T19:29:20.6471863Z ##[group]Runner Image Provisioner
ci-contract	Set up job	2026-09-13T19:29:20.6472780Z Hosted Compute Agent
ci-contract	Set up job	2026-09-13T19:29:20.6473915Z Version: 20260828.587
ci-contract	Set up job	2026-09-13T19:29:20.6474610Z Commit: abac92662cab4cc7352de4f9f9d2e2419aad9c29
ci-contract	Set up job	2026-09-13T19:29:20.6475416Z Build Date: 2026-08-28T16:44:25Z
ci-contract	Set up job	2026-09-13T19:29:20.6476227Z Worker ID: {5e45f2cd-ca8b-4ad1-9f3d-eff6ea23360c}
ci-contract	Set up job	2026-09-13T19:29:20.6477026Z Azure Region: westus
ci-contract	Set up job	2026-09-13T19:29:20.6477710Z ##[endgroup]
ci-contract	Set up job	2026-09-13T19:29:20.6479400Z ##[group]Operating System
ci-contract	Set up job	2026-09-13T19:29:20.6480156Z Ubuntu
ci-contract	Set up job	2026-09-13T19:29:20.6480768Z 24.04.5
ci-contract	Set up job	2026-09-13T19:29:20.6481338Z LTS
ci-contract	Set up job	2026-09-13T19:29:20.6482008Z ##[endgroup]
ci-contract	Set up job	2026-09-13T19:29:20.6482561Z ##[group]Runner Image
ci-contract	Set up job	2026-09-13T19:29:20.6483147Z Image: ubuntu-24.04
ci-contract	Set up job	2026-09-13T19:29:20.6484011Z Version: 20260907.300.1
ci-contract	Set up job	2026-09-13T19:29:20.6485128Z Included Software: https://github.com/actions/runner-images/blob/ubuntu24/20260907.300/images/ubuntu/Ubuntu2404-Readme.md
ci-contract	Set up job	2026-09-13T19:29:20.6486890Z Image Release: https://github.com/actions/runner-images/releases/tag/ubuntu24%2F20260907.300
ci-contract	Set up job	2026-09-13T19:29:20.6487871Z ##[endgroup]
ci-contract	Set up job	2026-09-13T19:29:20.6489040Z ##[group]GITHUB_TOKEN Permissions
ci-contract	Set up job	2026-09-13T19:29:20.6491373Z Contents: read
ci-contract	Set up job	2026-09-13T19:29:20.6492043Z Metadata: read
ci-contract	Set up job	2026-09-13T19:29:20.6492635Z ##[endgroup]
ci-contract	Set up job	2026-09-13T19:29:20.6495035Z Secret source: Actions
ci-contract	Set up job	2026-09-13T19:29:20.6496056Z Cache mode: write
ci-contract	Set up job	2026-09-13T19:29:20.6496842Z Prepare workflow directory
ci-contract	Set up job	2026-09-13T19:29:20.6907801Z Prepare all required actions
ci-contract	Set up job	2026-09-13T19:29:20.6957890Z Getting action download info
ci-contract	Set up job	2026-09-13T19:29:21.0531889Z Download action repository 'actions/checkout@34e114876b0b11c390a56381ad16ebd13914f8d5' (SHA:34e114876b0b11c390a56381ad16ebd13914f8d5)
ci-contract	Set up job	2026-09-13T19:29:21.1637296Z Download action repository 'actions/setup-node@49933ea5288caeca8642d1e84afbd3f7d6820020' (SHA:49933ea5288caeca8642d1e84afbd3f7d6820020)
ci-contract	Set up job	2026-09-13T19:29:21.3619743Z Complete job name: ci-contract
ci-contract	Run actions/checkout@34e114876b0b11c390a56381ad16ebd13914f8d5	﻿2026-09-13T19:29:21.4397170Z Node 20 is being deprecated. This workflow is running with Node 24 by default. If you need to temporarily use Node 20, you can set the ACTIONS_ALLOW_USE_UNSECURE_NODE_VERSION=true environment variable. For more information see: https://github.blog/changelog/2025-09-19-deprecation-of-node-20-on-github-actions-runners/
ci-contract	Run actions/checkout@34e114876b0b11c390a56381ad16ebd13914f8d5	2026-09-13T19:29:21.4406354Z ##[group]Run actions/checkout@34e114876b0b11c390a56381ad16ebd13914f8d5
ci-contract	Run actions/checkout@34e114876b0b11c390a56381ad16ebd13914f8d5	2026-09-13T19:29:21.4407290Z with:
ci-contract	Run actions/checkout@34e114876b0b11c390a56381ad16ebd13914f8d5	2026-09-13T19:29:21.4407744Z   repository: szTheory/keepling
ci-contract	Run actions/checkout@34e114876b0b11c390a56381ad16ebd13914f8d5	2026-09-13T19:29:21.4411753Z   token: ***
ci-contract	Run actions/checkout@34e114876b0b11c390a56381ad16ebd13914f8d5	2026-09-13T19:29:21.4412199Z   ssh-strict: true
ci-contract	Run actions/checkout@34e114876b0b11c390a56381ad16ebd13914f8d5	2026-09-13T19:29:21.4412653Z   ssh-user: git
ci-contract	Run actions/checkout@34e114876b0b11c390a56381ad16ebd13914f8d5	2026-09-13T19:29:21.4413105Z   persist-credentials: true
ci-contract	Run actions/checkout@34e114876b0b11c390a56381ad16ebd13914f8d5	2026-09-13T19:29:21.4413834Z   clean: true
ci-contract	Run actions/checkout@34e114876b0b11c390a56381ad16ebd13914f8d5	2026-09-13T19:29:21.4414283Z   sparse-checkout-cone-mode: true
ci-contract	Run actions/checkout@34e114876b0b11c390a56381ad16ebd13914f8d5	2026-09-13T19:29:21.4414813Z   fetch-depth: 1
ci-contract	Run actions/checkout@34e114876b0b11c390a56381ad16ebd13914f8d5	2026-09-13T19:29:21.4415253Z   fetch-tags: false
ci-contract	Run actions/checkout@34e114876b0b11c390a56381ad16ebd13914f8d5	2026-09-13T19:29:21.4415716Z   show-progress: true
ci-contract	Run actions/checkout@34e114876b0b11c390a56381ad16ebd13914f8d5	2026-09-13T19:29:21.4416170Z   lfs: false
ci-contract	Run actions/checkout@34e114876b0b11c390a56381ad16ebd13914f8d5	2026-09-13T19:29:21.4416641Z   submodules: false
ci-contract	Run actions/checkout@34e114876b0b11c390a56381ad16ebd13914f8d5	2026-09-13T19:29:21.4417095Z   set-safe-directory: true
ci-contract	Run actions/checkout@34e114876b0b11c390a56381ad16ebd13914f8d5	2026-09-13T19:29:21.4417836Z env:
ci-contract	Run actions/checkout@34e114876b0b11c390a56381ad16ebd13914f8d5	2026-09-13T19:29:21.4418267Z   KEEPLING_PHASE2_SEED: 20260901
ci-contract	Run actions/checkout@34e114876b0b11c390a56381ad16ebd13914f8d5	2026-09-13T19:29:21.4418978Z   KEEPLING_FLAKE_POLICY: no-retry; quarantine-requires-owner-issue-expiry
ci-contract	Run actions/checkout@34e114876b0b11c390a56381ad16ebd13914f8d5	2026-09-13T19:29:21.4419718Z ##[endgroup]
ci-contract	Run actions/checkout@34e114876b0b11c390a56381ad16ebd13914f8d5	2026-09-13T19:29:21.5413092Z Syncing repository: szTheory/keepling
ci-contract	Run actions/checkout@34e114876b0b11c390a56381ad16ebd13914f8d5	2026-09-13T19:29:21.5415594Z ##[group]Getting Git version info
ci-contract	Run actions/checkout@34e114876b0b11c390a56381ad16ebd13914f8d5	2026-09-13T19:29:21.5416345Z Working directory is '/home/runner/work/keepling/keepling'
ci-contract	Run actions/checkout@34e114876b0b11c390a56381ad16ebd13914f8d5	2026-09-13T19:29:21.5417349Z [command]/usr/bin/git version
ci-contract	Run actions/checkout@34e114876b0b11c390a56381ad16ebd13914f8d5	2026-09-13T19:29:21.5486060Z git version 2.55.0
ci-contract	Run actions/checkout@34e114876b0b11c390a56381ad16ebd13914f8d5	2026-09-13T19:29:21.5508746Z ##[endgroup]
ci-contract	Run actions/checkout@34e114876b0b11c390a56381ad16ebd13914f8d5	2026-09-13T19:29:21.5524067Z Temporarily overriding HOME='/home/runner/work/_temp/7366e9aa-b300-41be-858b-6cd867b288cc' before making global git config changes
ci-contract	Run actions/checkout@34e114876b0b11c390a56381ad16ebd13914f8d5	2026-09-13T19:29:21.5526286Z Adding repository directory to the temporary git global config as a safe directory
ci-contract	Run actions/checkout@34e114876b0b11c390a56381ad16ebd13914f8d5	2026-09-13T19:29:21.5529215Z [command]/usr/bin/git config --global --add safe.directory /home/runner/work/keepling/keepling
ci-contract	Run actions/checkout@34e114876b0b11c390a56381ad16ebd13914f8d5	2026-09-13T19:29:21.5582265Z Deleting the contents of '/home/runner/work/keepling/keepling'
ci-contract	Run actions/checkout@34e114876b0b11c390a56381ad16ebd13914f8d5	2026-09-13T19:29:21.5588189Z ##[group]Initializing the repository
ci-contract	Run actions/checkout@34e114876b0b11c390a56381ad16ebd13914f8d5	2026-09-13T19:29:21.5593117Z [command]/usr/bin/git init /home/runner/work/keepling/keepling
ci-contract	Run actions/checkout@34e114876b0b11c390a56381ad16ebd13914f8d5	2026-09-13T19:29:21.5693260Z hint: Using 'master' as the name for the initial branch. This default branch name
ci-contract	Run actions/checkout@34e114876b0b11c390a56381ad16ebd13914f8d5	2026-09-13T19:29:21.5694808Z hint: will change to "main" in Git 3.0. To configure the initial branch name
ci-contract	Run actions/checkout@34e114876b0b11c390a56381ad16ebd13914f8d5	2026-09-13T19:29:21.5696408Z hint: to use in all of your new repositories, which will suppress this warning,
ci-contract	Run actions/checkout@34e114876b0b11c390a56381ad16ebd13914f8d5	2026-09-13T19:29:21.5697672Z hint: call:
ci-contract	Run actions/checkout@34e114876b0b11c390a56381ad16ebd13914f8d5	2026-09-13T19:29:21.5698104Z hint:
ci-contract	Run actions/checkout@34e114876b0b11c390a56381ad16ebd13914f8d5	2026-09-13T19:29:21.5698646Z hint: 	git config --global init.defaultBranch <name>
ci-contract	Run actions/checkout@34e114876b0b11c390a56381ad16ebd13914f8d5	2026-09-13T19:29:21.5699280Z hint:
ci-contract	Run actions/checkout@34e114876b0b11c390a56381ad16ebd13914f8d5	2026-09-13T19:29:21.5699877Z hint: Names commonly chosen instead of 'master' are 'main', 'trunk' and
ci-contract	Run actions/checkout@34e114876b0b11c390a56381ad16ebd13914f8d5	2026-09-13T19:29:21.5700842Z hint: 'development'. The just-created branch can be renamed via this command:
ci-contract	Run actions/checkout@34e114876b0b11c390a56381ad16ebd13914f8d5	2026-09-13T19:29:21.5701646Z hint:
ci-contract	Run actions/checkout@34e114876b0b11c390a56381ad16ebd13914f8d5	2026-09-13T19:29:21.5702077Z hint: 	git branch -m <name>
ci-contract	Run actions/checkout@34e114876b0b11c390a56381ad16ebd13914f8d5	2026-09-13T19:29:21.5702563Z hint:
ci-contract	Run actions/checkout@34e114876b0b11c390a56381ad16ebd13914f8d5	2026-09-13T19:29:21.5703213Z hint: Disable this message with "git config set advice.defaultBranchName false"
ci-contract	Run actions/checkout@34e114876b0b11c390a56381ad16ebd13914f8d5	2026-09-13T19:29:21.5704535Z Initialized empty Git repository in /home/runner/work/keepling/keepling/.git/
ci-contract	Run actions/checkout@34e114876b0b11c390a56381ad16ebd13914f8d5	2026-09-13T19:29:21.5708231Z [command]/usr/bin/git remote add origin https://github.com/szTheory/keepling
ci-contract	Run actions/checkout@34e114876b0b11c390a56381ad16ebd13914f8d5	2026-09-13T19:29:21.5753721Z ##[endgroup]
ci-contract	Run actions/checkout@34e114876b0b11c390a56381ad16ebd13914f8d5	2026-09-13T19:29:21.5754648Z ##[group]Disabling automatic garbage collection
ci-contract	Run actions/checkout@34e114876b0b11c390a56381ad16ebd13914f8d5	2026-09-13T19:29:21.5757505Z [command]/usr/bin/git config --local gc.auto 0
ci-contract	Run actions/checkout@34e114876b0b11c390a56381ad16ebd13914f8d5	2026-09-13T19:29:21.5786162Z ##[endgroup]
ci-contract	Run actions/checkout@34e114876b0b11c390a56381ad16ebd13914f8d5	2026-09-13T19:29:21.5786903Z ##[group]Setting up auth
ci-contract	Run actions/checkout@34e114876b0b11c390a56381ad16ebd13914f8d5	2026-09-13T19:29:21.5792614Z [command]/usr/bin/git config --local --name-only --get-regexp core\.sshCommand
ci-contract	Run actions/checkout@34e114876b0b11c390a56381ad16ebd13914f8d5	2026-09-13T19:29:21.5825235Z [command]/usr/bin/git submodule foreach --recursive sh -c "git config --local --name-only --get-regexp 'core\.sshCommand' && git config --local --unset-all 'core.sshCommand' || :"
ci-contract	Run actions/checkout@34e114876b0b11c390a56381ad16ebd13914f8d5	2026-09-13T19:29:21.6174102Z [command]/usr/bin/git config --local --name-only --get-regexp http\.https\:\/\/github\.com\/\.extraheader
ci-contract	Run actions/checkout@34e114876b0b11c390a56381ad16ebd13914f8d5	2026-09-13T19:29:21.6210323Z [command]/usr/bin/git submodule foreach --recursive sh -c "git config --local --name-only --get-regexp 'http\.https\:\/\/github\.com\/\.extraheader' && git config --local --unset-all 'http.https://github.com/.extraheader' || :"
ci-contract	Run actions/checkout@34e114876b0b11c390a56381ad16ebd13914f8d5	2026-09-13T19:29:21.6432575Z [command]/usr/bin/git config --local --name-only --get-regexp ^includeIf\.gitdir:
ci-contract	Run actions/checkout@34e114876b0b11c390a56381ad16ebd13914f8d5	2026-09-13T19:29:21.6463924Z [command]/usr/bin/git submodule foreach --recursive git config --local --show-origin --name-only --get-regexp remote.origin.url
ci-contract	Run actions/checkout@34e114876b0b11c390a56381ad16ebd13914f8d5	2026-09-13T19:29:21.6685382Z [command]/usr/bin/git config --local http.https://github.com/.extraheader AUTHORIZATION: basic ***
ci-contract	Run actions/checkout@34e114876b0b11c390a56381ad16ebd13914f8d5	2026-09-13T19:29:21.6721305Z ##[endgroup]
ci-contract	Run actions/checkout@34e114876b0b11c390a56381ad16ebd13914f8d5	2026-09-13T19:29:21.6722152Z ##[group]Fetching the repository
ci-contract	Run actions/checkout@34e114876b0b11c390a56381ad16ebd13914f8d5	2026-09-13T19:29:21.6731270Z [command]/usr/bin/git -c protocol.version=2 fetch --no-tags --prune --no-recurse-submodules --depth=1 origin +c2e4ce37ff0ca2c27067b098c2cfbdc59155ba96:refs/remotes/origin/main
ci-contract	Run actions/checkout@34e114876b0b11c390a56381ad16ebd13914f8d5	2026-09-13T19:29:22.8651879Z From https://github.com/szTheory/keepling
ci-contract	Run actions/checkout@34e114876b0b11c390a56381ad16ebd13914f8d5	2026-09-13T19:29:22.8653758Z  * [new ref]         c2e4ce37ff0ca2c27067b098c2cfbdc59155ba96 -> origin/main
ci-contract	Run actions/checkout@34e114876b0b11c390a56381ad16ebd13914f8d5	2026-09-13T19:29:22.8658174Z ##[endgroup]
ci-contract	Run actions/checkout@34e114876b0b11c390a56381ad16ebd13914f8d5	2026-09-13T19:29:22.8659582Z ##[group]Determining the checkout info
ci-contract	Run actions/checkout@34e114876b0b11c390a56381ad16ebd13914f8d5	2026-09-13T19:29:22.8661270Z ##[endgroup]
ci-contract	Run actions/checkout@34e114876b0b11c390a56381ad16ebd13914f8d5	2026-09-13T19:29:22.8666922Z [command]/usr/bin/git sparse-checkout disable
ci-contract	Run actions/checkout@34e114876b0b11c390a56381ad16ebd13914f8d5	2026-09-13T19:29:22.8715189Z [command]/usr/bin/git config --local --unset-all extensions.worktreeConfig
ci-contract	Run actions/checkout@34e114876b0b11c390a56381ad16ebd13914f8d5	2026-09-13T19:29:22.8744257Z ##[group]Checking out the ref
ci-contract	Run actions/checkout@34e114876b0b11c390a56381ad16ebd13914f8d5	2026-09-13T19:29:22.8748125Z [command]/usr/bin/git checkout --progress --force -B main refs/remotes/origin/main
ci-contract	Run actions/checkout@34e114876b0b11c390a56381ad16ebd13914f8d5	2026-09-13T19:29:23.0006837Z Switched to a new branch 'main'
ci-contract	Run actions/checkout@34e114876b0b11c390a56381ad16ebd13914f8d5	2026-09-13T19:29:23.0011681Z branch 'main' set up to track 'origin/main'.
ci-contract	Run actions/checkout@34e114876b0b11c390a56381ad16ebd13914f8d5	2026-09-13T19:29:23.0023825Z ##[endgroup]
ci-contract	Run actions/checkout@34e114876b0b11c390a56381ad16ebd13914f8d5	2026-09-13T19:29:23.0068559Z [command]/usr/bin/git log -1 --format=%H
ci-contract	Run actions/checkout@34e114876b0b11c390a56381ad16ebd13914f8d5	2026-09-13T19:29:23.0093958Z c2e4ce37ff0ca2c27067b098c2cfbdc59155ba96
ci-contract	Run actions/setup-node@49933ea5288caeca8642d1e84afbd3f7d6820020	﻿2026-09-13T19:29:23.0389752Z Node 20 is being deprecated. This workflow is running with Node 24 by default. If you need to temporarily use Node 20, you can set the ACTIONS_ALLOW_USE_UNSECURE_NODE_VERSION=true environment variable. For more information see: https://github.blog/changelog/2025-09-19-deprecation-of-node-20-on-github-actions-runners/
ci-contract	Run actions/setup-node@49933ea5288caeca8642d1e84afbd3f7d6820020	2026-09-13T19:29:23.0392902Z ##[group]Run actions/setup-node@49933ea5288caeca8642d1e84afbd3f7d6820020
ci-contract	Run actions/setup-node@49933ea5288caeca8642d1e84afbd3f7d6820020	2026-09-13T19:29:23.0393874Z with:
ci-contract	Run actions/setup-node@49933ea5288caeca8642d1e84afbd3f7d6820020	2026-09-13T19:29:23.0394337Z   node-version: 24.7.0
ci-contract	Run actions/setup-node@49933ea5288caeca8642d1e84afbd3f7d6820020	2026-09-13T19:29:23.0394848Z   always-auth: false
ci-contract	Run actions/setup-node@49933ea5288caeca8642d1e84afbd3f7d6820020	2026-09-13T19:29:23.0395446Z   check-latest: false
ci-contract	Run actions/setup-node@49933ea5288caeca8642d1e84afbd3f7d6820020	2026-09-13T19:29:23.0399812Z   token: ***
ci-contract	Run actions/setup-node@49933ea5288caeca8642d1e84afbd3f7d6820020	2026-09-13T19:29:23.0400280Z env:
ci-contract	Run actions/setup-node@49933ea5288caeca8642d1e84afbd3f7d6820020	2026-09-13T19:29:23.0400740Z   KEEPLING_PHASE2_SEED: 20260901
ci-contract	Run actions/setup-node@49933ea5288caeca8642d1e84afbd3f7d6820020	2026-09-13T19:29:23.0401524Z   KEEPLING_FLAKE_POLICY: no-retry; quarantine-requires-owner-issue-expiry
ci-contract	Run actions/setup-node@49933ea5288caeca8642d1e84afbd3f7d6820020	2026-09-13T19:29:23.0402351Z ##[endgroup]
ci-contract	Run actions/setup-node@49933ea5288caeca8642d1e84afbd3f7d6820020	2026-09-13T19:29:23.1876600Z Attempting to download 24.7.0...
ci-contract	Run actions/setup-node@49933ea5288caeca8642d1e84afbd3f7d6820020	2026-09-13T19:29:23.1995412Z (node:2252) [DEP0040] DeprecationWarning: The `punycode` module is deprecated. Please use a userland alternative instead.
ci-contract	Run actions/setup-node@49933ea5288caeca8642d1e84afbd3f7d6820020	2026-09-13T19:29:23.1999382Z (Use `node --trace-deprecation ...` to show where the warning was created)
ci-contract	Run actions/setup-node@49933ea5288caeca8642d1e84afbd3f7d6820020	2026-09-13T19:29:24.0399100Z Acquiring 24.7.0 - x64 from https://github.com/actions/node-versions/releases/download/24.7.0-17283839804/node-24.7.0-linux-x64.tar.gz
ci-contract	Run actions/setup-node@49933ea5288caeca8642d1e84afbd3f7d6820020	2026-09-13T19:29:24.5532900Z Extracting ...
ci-contract	Run actions/setup-node@49933ea5288caeca8642d1e84afbd3f7d6820020	2026-09-13T19:29:24.5682865Z [command]/usr/bin/tar xz --strip 1 --warning=no-unknown-keyword --overwrite -C /home/runner/work/_temp/596516e3-fe6b-4399-b588-71da0c127f14 -f /home/runner/work/_temp/98a425d6-d811-4f77-8c5e-1ca24254a338
ci-contract	Run actions/setup-node@49933ea5288caeca8642d1e84afbd3f7d6820020	2026-09-13T19:29:25.8492955Z Adding to the cache ...
ci-contract	Run actions/setup-node@49933ea5288caeca8642d1e84afbd3f7d6820020	2026-09-13T19:29:28.3849080Z ##[group]Environment details
ci-contract	Run actions/setup-node@49933ea5288caeca8642d1e84afbd3f7d6820020	2026-09-13T19:29:28.6261043Z node: v24.7.0
ci-contract	Run actions/setup-node@49933ea5288caeca8642d1e84afbd3f7d6820020	2026-09-13T19:29:28.6261701Z npm: 11.5.1
ci-contract	Run actions/setup-node@49933ea5288caeca8642d1e84afbd3f7d6820020	2026-09-13T19:29:28.6262096Z yarn: 1.22.22
ci-contract	Run actions/setup-node@49933ea5288caeca8642d1e84afbd3f7d6820020	2026-09-13T19:29:28.6263522Z ##[endgroup]
ci-contract	Verify committed CI contract and lane inventory	﻿2026-09-13T19:29:28.6512261Z ##[group]Run ./tooling/check-ci-contract.mjs && ./tooling/test-phase-2.sh --list
ci-contract	Verify committed CI contract and lane inventory	2026-09-13T19:29:28.6512986Z ^[[36;1m./tooling/check-ci-contract.mjs && ./tooling/test-phase-2.sh --list^[[0m
ci-contract	Verify committed CI contract and lane inventory	2026-09-13T19:29:28.6555131Z shell: /usr/bin/bash -e {0}
ci-contract	Verify committed CI contract and lane inventory	2026-09-13T19:29:28.6555453Z env:
ci-contract	Verify committed CI contract and lane inventory	2026-09-13T19:29:28.6555670Z   KEEPLING_PHASE2_SEED: 20260901
ci-contract	Verify committed CI contract and lane inventory	2026-09-13T19:29:28.6556072Z   KEEPLING_FLAKE_POLICY: no-retry; quarantine-requires-owner-issue-expiry
ci-contract	Verify committed CI contract and lane inventory	2026-09-13T19:29:28.6556517Z ##[endgroup]
ci-contract	Verify committed CI contract and lane inventory	2026-09-13T19:29:28.7699225Z CI contract passed: lanes=9 pins=full-sha caches=exact scheduled=non-vacuous privacy_self_test=passed
ci-contract	Verify committed CI contract and lane inventory	2026-09-13T19:29:28.7775646Z repository-integrity       repository boundary checks
ci-contract	Verify committed CI contract and lane inventory	2026-09-13T19:29:28.7776457Z server                     complete ExUnit suite against disposable PostgreSQL
ci-contract	Verify committed CI contract and lane inventory	2026-09-13T19:29:28.7777131Z sync-property              seeded reference model and PostgreSQL feed tests
ci-contract	Verify committed CI contract and lane inventory	2026-09-13T19:29:28.7777825Z contracts-compatibility    generated contracts and current/previous skew matrix
ci-contract	Verify committed CI contract and lane inventory	2026-09-13T19:29:28.7779304Z image-compose-deploy       disposable OCI, Compose, migration, and retry proof
ci-contract	Verify committed CI contract and lane inventory	2026-09-13T19:29:28.7780243Z backup-restore             backup policy and three isolated restore fixtures
ci-contract	Verify committed CI contract and lane inventory	2026-09-13T19:29:28.7780987Z opentofu-host-fixtures     pinned provider graph and hermetic live-boundary regressions
ci-contract	Verify committed CI contract and lane inventory	2026-09-13T19:29:28.7781695Z privacy                    producer redaction tests and aggregate hostile scan
ci-contract	Verify committed CI contract and lane inventory	2026-09-13T19:29:28.7782443Z live-host-dns-acceptance   credentialed outer acceptance; runs only with every input present
ci-contract	Prove the release verifier still refuses a vanished lane and a locally bound lane	﻿2026-09-13T19:29:28.7822022Z ##[group]Run # NOTE: deliberately no `set -o pipefail` here. Each fixture makes the
ci-contract	Prove the release verifier still refuses a vanished lane and a locally bound lane	2026-09-13T19:29:28.7822749Z ^[[36;1m# NOTE: deliberately no `set -o pipefail` here. Each fixture makes the^[[0m
ci-contract	Prove the release verifier still refuses a vanished lane and a locally bound lane	2026-09-13T19:29:28.7823594Z ^[[36;1m# verifier exit non-zero ON PURPOSE -- that refusal IS the assertion.^[[0m
ci-contract	Prove the release verifier still refuses a vanished lane and a locally bound lane	2026-09-13T19:29:28.7824176Z ^[[36;1m# Piping it straight into grep under pipefail fails the step precisely^[[0m
ci-contract	Prove the release verifier still refuses a vanished lane and a locally bound lane	2026-09-13T19:29:28.7824971Z ^[[36;1m# WHEN THE GUARD WORKS, because the node exit status poisons the^[[0m
ci-contract	Prove the release verifier still refuses a vanished lane and a locally bound lane	2026-09-13T19:29:28.7825471Z ^[[36;1m# pipeline. Capture the output first, then assert against it.^[[0m
ci-contract	Prove the release verifier still refuses a vanished lane and a locally bound lane	2026-09-13T19:29:28.7825879Z ^[[36;1mset -u^[[0m
ci-contract	Prove the release verifier still refuses a vanished lane and a locally bound lane	2026-09-13T19:29:28.7826095Z ^[[36;1massert_refused() {^[[0m
ci-contract	Prove the release verifier still refuses a vanished lane and a locally bound lane	2026-09-13T19:29:28.7826348Z ^[[36;1m  fixture="$1"^[[0m
ci-contract	Prove the release verifier still refuses a vanished lane and a locally bound lane	2026-09-13T19:29:28.7826575Z ^[[36;1m  expected="$2"^[[0m
ci-contract	Prove the release verifier still refuses a vanished lane and a locally bound lane	2026-09-13T19:29:28.7827004Z ^[[36;1m  output="$(node tooling/verify-release.mjs --manifest "$fixture" --offline 2>&1)" && {^[[0m
ci-contract	Prove the release verifier still refuses a vanished lane and a locally bound lane	2026-09-13T19:29:28.7827593Z ^[[36;1m    echo "verify-release ACCEPTED $fixture; the guard is gone" >&2^[[0m
ci-contract	Prove the release verifier still refuses a vanished lane and a locally bound lane	2026-09-13T19:29:28.7828032Z ^[[36;1m    printf '%s\n' "$output" >&2^[[0m
ci-contract	Prove the release verifier still refuses a vanished lane and a locally bound lane	2026-09-13T19:29:28.7828321Z ^[[36;1m    exit 1^[[0m
ci-contract	Prove the release verifier still refuses a vanished lane and a locally bound lane	2026-09-13T19:29:28.7828536Z ^[[36;1m  }^[[0m
ci-contract	Prove the release verifier still refuses a vanished lane and a locally bound lane	2026-09-13T19:29:28.7828807Z ^[[36;1m  printf '%s\n' "$output" | grep -q "$expected" || {^[[0m
ci-contract	Prove the release verifier still refuses a vanished lane and a locally bound lane	2026-09-13T19:29:28.7829290Z ^[[36;1m    echo "verify-release refused $fixture but not for the stated reason:" >&2^[[0m
ci-contract	Prove the release verifier still refuses a vanished lane and a locally bound lane	2026-09-13T19:29:28.7829755Z ^[[36;1m    echo "  expected to find: $expected" >&2^[[0m
ci-contract	Prove the release verifier still refuses a vanished lane and a locally bound lane	2026-09-13T19:29:28.7830070Z ^[[36;1m    printf '%s\n' "$output" >&2^[[0m
ci-contract	Prove the release verifier still refuses a vanished lane and a locally bound lane	2026-09-13T19:29:28.7830336Z ^[[36;1m    exit 1^[[0m
ci-contract	Prove the release verifier still refuses a vanished lane and a locally bound lane	2026-09-13T19:29:28.7830536Z ^[[36;1m  }^[[0m
ci-contract	Prove the release verifier still refuses a vanished lane and a locally bound lane	2026-09-13T19:29:28.7830737Z ^[[36;1m}^[[0m
ci-contract	Prove the release verifier still refuses a vanished lane and a locally bound lane	2026-09-13T19:29:28.7831181Z ^[[36;1massert_refused tooling/fixtures/release-manifest.vanished-lane.json 'lane vanished from manifest'^[[0m
ci-contract	Prove the release verifier still refuses a vanished lane and a locally bound lane	2026-09-13T19:29:28.7832020Z ^[[36;1massert_refused tooling/fixtures/release-manifest.local-unattested.json 'nothing local may bind to locally built bytes'^[[0m
ci-contract	Prove the release verifier still refuses a vanished lane and a locally bound lane	2026-09-13T19:29:28.7832983Z ^[[36;1massert_refused tooling/fixtures/release-manifest.not-produced-artifact.json 'a lane cannot have tested bytes that were never built'^[[0m
ci-contract	Prove the release verifier still refuses a vanished lane and a locally bound lane	2026-09-13T19:29:28.7834223Z ^[[36;1massert_refused tooling/fixtures/release-manifest.dangling-evidence.json 'a digest naming nothing proves nothing'^[[0m
ci-contract	Prove the release verifier still refuses a vanished lane and a locally bound lane	2026-09-13T19:29:28.7835214Z ^[[36;1mecho 'release-verifier guards intact: vanished-lane=refused local-unattested=refused not-produced-artifact=refused dangling-evidence=refused'^[[0m
ci-contract	Prove the release verifier still refuses a vanished lane and a locally bound lane	2026-09-13T19:29:28.7872756Z shell: /usr/bin/bash -e {0}
ci-contract	Prove the release verifier still refuses a vanished lane and a locally bound lane	2026-09-13T19:29:28.7873035Z env:
ci-contract	Prove the release verifier still refuses a vanished lane and a locally bound lane	2026-09-13T19:29:28.7873486Z   KEEPLING_PHASE2_SEED: 20260901
ci-contract	Prove the release verifier still refuses a vanished lane and a locally bound lane	2026-09-13T19:29:28.7873915Z   KEEPLING_FLAKE_POLICY: no-retry; quarantine-requires-owner-issue-expiry
ci-contract	Prove the release verifier still refuses a vanished lane and a locally bound lane	2026-09-13T19:29:28.7874328Z ##[endgroup]
ci-contract	Prove the release verifier still refuses a vanished lane and a locally bound lane	2026-09-13T19:29:28.9630140Z release-verifier guards intact: vanished-lane=refused local-unattested=refused not-produced-artifact=refused dangling-evidence=refused
ci-contract	Report the committed release evidence that exists at this revision	﻿2026-09-13T19:29:28.9668103Z ##[group]Run set -o pipefail
ci-contract	Report the committed release evidence that exists at this revision	2026-09-13T19:29:28.9668481Z ^[[36;1mset -o pipefail^[[0m
ci-contract	Report the committed release evidence that exists at this revision	2026-09-13T19:29:28.9668854Z ^[[36;1mfor manifest in .planning/releases/*/release-manifest.json; do^[[0m
ci-contract	Report the committed release evidence that exists at this revision	2026-09-13T19:29:28.9669272Z ^[[36;1m  [ -e "$manifest" ] || continue^[[0m
ci-contract	Report the committed release evidence that exists at this revision	2026-09-13T19:29:28.9669607Z ^[[36;1m  echo "::group::verify-release $manifest"^[[0m
ci-contract	Report the committed release evidence that exists at this revision	2026-09-13T19:29:28.9670163Z ^[[36;1m  node tooling/verify-release.mjs --manifest "$manifest" --offline || echo "NON-PASSING: $manifest"^[[0m
ci-contract	Report the committed release evidence that exists at this revision	2026-09-13T19:29:28.9670699Z ^[[36;1m  echo "::endgroup::"^[[0m
ci-contract	Report the committed release evidence that exists at this revision	2026-09-13T19:29:28.9670952Z ^[[36;1mdone^[[0m
ci-contract	Report the committed release evidence that exists at this revision	2026-09-13T19:29:28.9709554Z shell: /usr/bin/bash -e {0}
ci-contract	Report the committed release evidence that exists at this revision	2026-09-13T19:29:28.9709859Z env:
ci-contract	Report the committed release evidence that exists at this revision	2026-09-13T19:29:28.9710130Z   KEEPLING_PHASE2_SEED: 20260901
ci-contract	Report the committed release evidence that exists at this revision	2026-09-13T19:29:28.9710566Z   KEEPLING_FLAKE_POLICY: no-retry; quarantine-requires-owner-issue-expiry
ci-contract	Report the committed release evidence that exists at this revision	2026-09-13T19:29:28.9711026Z ##[endgroup]
ci-contract	Report the committed release evidence that exists at this revision	2026-09-13T19:29:28.9779268Z ##[group]verify-release .planning/releases/candidate-0/release-manifest.json
ci-contract	Report the committed release evidence that exists at this revision	2026-09-13T19:29:29.0111587Z verify-release tracked_input_sha256=60fa3884bb89514c28056ad7cf678e6dbeb28556615f7889bb56b5e4f8f9e49f
ci-contract	Report the committed release evidence that exists at this revision	2026-09-13T19:29:29.0117128Z attestation=UNVERIFIED artifact=.planning/releases/candidate-0/artifact reason=offline-flag
ci-contract	Report the committed release evidence that exists at this revision	2026-09-13T19:29:29.0122660Z verify-release failed: lane vanished from manifest: repository-integrity
ci-contract	Report the committed release evidence that exists at this revision	2026-09-13T19:29:29.0124316Z verify-release failed: lane vanished from manifest: all-required-passed
ci-contract	Report the committed release evidence that exists at this revision	2026-09-13T19:29:29.0125720Z verify-release failed: lane vanished from manifest: phase2-server
ci-contract	Report the committed release evidence that exists at this revision	2026-09-13T19:29:29.0126801Z verify-release failed: lane vanished from manifest: phase2-sync-property
ci-contract	Report the committed release evidence that exists at this revision	2026-09-13T19:29:29.0127561Z verify-release failed: lane vanished from manifest: phase2-backup-restore
ci-contract	Report the committed release evidence that exists at this revision	2026-09-13T19:29:29.0128357Z verify-release failed: lane vanished from manifest: phase2-contracts-compatibility
ci-contract	Report the committed release evidence that exists at this revision	2026-09-13T19:29:29.0129107Z verify-release failed: lane vanished from manifest: phase2-privacy
ci-contract	Report the committed release evidence that exists at this revision	2026-09-13T19:29:29.0129824Z verify-release failed: lane vanished from manifest: image-compose-deploy
ci-contract	Report the committed release evidence that exists at this revision	2026-09-13T19:29:29.0130624Z verify-release failed: lane vanished from manifest: opentofu-host-fixtures
ci-contract	Report the committed release evidence that exists at this revision	2026-09-13T19:29:29.0132178Z verify-release failed: lane vanished from manifest: export-elixir
ci-contract	Report the committed release evidence that exists at this revision	2026-09-13T19:29:29.0133731Z verify-release failed: lane vanished from manifest: export-reader
ci-contract	Report the committed release evidence that exists at this revision	2026-09-13T19:29:29.0134623Z verify-release failed: lane vanished from manifest: desktop-units
ci-contract	Report the committed release evidence that exists at this revision	2026-09-13T19:29:29.0135284Z verify-release failed: lane vanished from manifest: desktop-package
ci-contract	Report the committed release evidence that exists at this revision	2026-09-13T19:29:29.0135949Z verify-release failed: lane vanished from manifest: desktop-packaged
ci-contract	Report the committed release evidence that exists at this revision	2026-09-13T19:29:29.0136524Z verify-release failed: lane vanished from manifest: desktop-e2e
ci-contract	Report the committed release evidence that exists at this revision	2026-09-13T19:29:29.0137140Z verify-release failed: lane vanished from manifest: macos-integration-no-grant
ci-contract	Report the committed release evidence that exists at this revision	2026-09-13T19:29:29.0137836Z verify-release failed: lane vanished from manifest: macos-integration-live-appearance
ci-contract	Report the committed release evidence that exists at this revision	2026-09-13T19:29:29.0138504Z verify-release failed: lane vanished from manifest: hosted-runner-tcc-report
ci-contract	Report the committed release evidence that exists at this revision	2026-09-13T19:29:29.0139108Z verify-release failed: lane vanished from manifest: desktop-promote
ci-contract	Report the committed release evidence that exists at this revision	2026-09-13T19:29:29.0139731Z verify-release failed: lane vanished from manifest: slsa-provenance-attestation
ci-contract	Report the committed release evidence that exists at this revision	2026-09-13T19:29:29.0140699Z verify-release failed: lane vanished from manifest: sbom-generation
ci-contract	Report the committed release evidence that exists at this revision	2026-09-13T19:29:29.0141724Z verify-release failed: lane vanished from manifest: package-reproducible
ci-contract	Report the committed release evidence that exists at this revision	2026-09-13T19:29:29.0142740Z verify-release failed: lane vanished from manifest: daily-restore
ci-contract	Report the committed release evidence that exists at this revision	2026-09-13T19:29:29.0144075Z verify-release failed: lane vanished from manifest: weekly-historical-pitr
ci-contract	Report the committed release evidence that exists at this revision	2026-09-13T19:29:29.0145151Z verify-release failed: lane vanished from manifest: quarterly-host-replacement
ci-contract	Report the committed release evidence that exists at this revision	2026-09-13T19:29:29.0146192Z verify-release failed: lane vanished from manifest: phase-1-desktop
ci-contract	Report the committed release evidence that exists at this revision	2026-09-13T19:29:29.0147193Z verify-release failed: lane vanished from manifest: mcp-gate-selftest
ci-contract	Report the committed release evidence that exists at this revision	2026-09-13T19:29:29.0148172Z verify-release failed: lane vanished from manifest: mcp-phase-non-model
ci-contract	Report the committed release evidence that exists at this revision	2026-09-13T19:29:29.0149587Z verify-release failed: lane vanished from manifest: cross-adapter-phase
ci-contract	Report the committed release evidence that exists at this revision	2026-09-13T19:29:29.0150542Z verify-release failed: lane vanished from manifest: ios-simulator
ci-contract	Report the committed release evidence that exists at this revision	2026-09-13T19:29:29.0151543Z verify-release failed: lane vanished from manifest: ios-signed-build
ci-contract	Report the committed release evidence that exists at this revision	2026-09-13T19:29:29.0152548Z verify-release failed: lane vanished from manifest: real-stack-desktop
ci-contract	Report the committed release evidence that exists at this revision	2026-09-13T19:29:29.0153841Z verify-release failed: lane vanished from manifest: real-stack-ios-simulator
ci-contract	Report the committed release evidence that exists at this revision	2026-09-13T19:29:29.0154892Z verify-release failed: lane vanished from manifest: trust-soak
ci-contract	Report the committed release evidence that exists at this revision	2026-09-13T19:29:29.0155937Z verify-release failed: lane vanished from manifest: macos-integration-full-grant
ci-contract	Report the committed release evidence that exists at this revision	2026-09-13T19:29:29.0156968Z verify-release failed: lane vanished from manifest: ios-device
ci-contract	Report the committed release evidence that exists at this revision	2026-09-13T19:29:29.0157981Z verify-release failed: lane vanished from manifest: mcp-representative-model
ci-contract	Report the committed release evidence that exists at this revision	2026-09-13T19:29:29.0159082Z verify-release failed: lane vanished from manifest: live-host-dns-acceptance
ci-contract	Report the committed release evidence that exists at this revision	2026-09-13T19:29:29.0161617Z verify-release failed: lane ci-contract records evidenceDigestSha256=82db996cfd088bbf67dd4aed1297edbd4174ca41df24e9f205baec6162ee37be but its evidence file does not exist at evidence/lanes/ci-contract.log -- a digest naming nothing proves nothing
ci-contract	Report the committed release evidence that exists at this revision	2026-09-13T19:29:29.0163870Z verify-release failed: revision f7b7c902cd13c8b0ca6a1c78467b3f67e30b5213 verification did not pass (PASSED)
ci-contract	Report the committed release evidence that exists at this revision	2026-09-13T19:29:29.0165248Z NON-PASSING: .planning/releases/candidate-0/release-manifest.json
ci-contract	Report the committed release evidence that exists at this revision	2026-09-13T19:29:29.0166549Z ##[endgroup]
ci-contract	Report the committed release evidence that exists at this revision	2026-09-13T19:29:29.0167192Z ##[group]verify-release .planning/releases/candidate-1/release-manifest.json
ci-contract	Report the committed release evidence that exists at this revision	2026-09-13T19:29:29.0499442Z verify-release tracked_input_sha256=60fa3884bb89514c28056ad7cf678e6dbeb28556615f7889bb56b5e4f8f9e49f
ci-contract	Report the committed release evidence that exists at this revision	2026-09-13T19:29:29.0507040Z attestation=UNVERIFIED artifact=.planning/releases/candidate-1/artifacts/desktop-macos-app.package-manifest.json reason=offline-flag
ci-contract	Report the committed release evidence that exists at this revision	2026-09-13T19:29:29.0509290Z attestation=UNVERIFIED artifact=.planning/releases/candidate-1/artifacts/ios-archive.absence-record.json reason=offline-flag
ci-contract	Report the committed release evidence that exists at this revision	2026-09-13T19:29:29.0511533Z attestation=UNVERIFIED artifact=.planning/releases/candidate-1/artifacts/server-oci-image.absence-record.json reason=offline-flag
ci-contract	Report the committed release evidence that exists at this revision	2026-09-13T19:29:29.0513941Z attestation=UNVERIFIED artifact=.planning/releases/candidate-1/artifacts/web-bundle.absence-record.json reason=offline-flag
ci-contract	Report the committed release evidence that exists at this revision	2026-09-13T19:29:29.0515943Z attestation=UNVERIFIED artifact=.planning/releases/candidate-1/artifacts/source-tree.record.json reason=offline-flag
ci-contract	Report the committed release evidence that exists at this revision	2026-09-13T19:29:29.0518225Z lane=ci-contract status=PASSED cases=5 authority=ci ranAgainstArtifactDigest=2aa86c8ebc448eed9fb3c7e2cb20c33cf26a7c5bdbfba4e6f521837227672fde
ci-contract	Report the committed release evidence that exists at this revision	2026-09-13T19:29:29.0520787Z lane=repository-integrity status=PASSED cases=3 authority=ci ranAgainstArtifactDigest=2aa86c8ebc448eed9fb3c7e2cb20c33cf26a7c5bdbfba4e6f521837227672fde
ci-contract	Report the committed release evidence that exists at this revision	2026-09-13T19:29:29.0525811Z lane=all-required-passed status=BLOCKED cases=0 owner=backlog reason=The aggregator ran with if: always() and FAILED: it reports `required job phase2-linux did not succeed (result=failure)` and `required job image-compose-deploy did not succeed (result=failure)`. The aggregator working correctly is what produces this BLOCKED entry; the blockers are the two lanes it names, each of which carries its own entry below.
ci-contract	Report the committed release evidence that exists at this revision	2026-09-13T19:29:29.0529215Z verify-release failed: lane all-required-passed reports BLOCKED
ci-contract	Report the committed release evidence that exists at this revision	2026-09-13T19:29:29.0530243Z verify-release failed: lane phase2-server reports BLOCKED
ci-contract	Report the committed release evidence that exists at this revision	2026-09-13T19:29:29.0531333Z verify-release failed: lane phase2-sync-property reports BLOCKED
ci-contract	Report the committed release evidence that exists at this revision	2026-09-13T19:29:29.0532416Z verify-release failed: lane phase2-backup-restore reports BLOCKED
ci-contract	Report the committed release evidence that exists at this revision	2026-09-13T19:29:29.0540652Z lane=phase2-server status=BLOCKED cases=0 owner=backlog reason=The lane's own command SUCCEEDED (`mix compile --warnings-as-errors && mix test`, 337 declared cases) and then the mandatory post-run privacy scan over the lane's diagnostic log FAILED: `Privacy verification failed: hostile sentinel found in a diagnostic artifact` (tooling/verify-privacy.sh, run 34668212479). No PASS line was emitted, so no case count from this lane may be claimed. The 337 figure is the lane's DECLARED case count from its RUNNING line, not a passing count, and is deliberately not recorded as cases here. TO CLOSE: reproduce with `./tooling/test-phase-2.sh --lane server` and identify which emitter puts a vector sentinel into the lane log -- apps/server/test/keepling_web/mcp/content_isolation_test.exs is the only server test outside the two redaction suites that uses one. See .planning/WINDOWS.md.
ci-contract	Report the committed release evidence that exists at this revision	2026-09-13T19:29:29.0550805Z lane=phase2-sync-property status=BLOCKED cases=0 owner=backlog reason=Never reached the lane: the job failed at its `Install asdf` step with `fatal: destination path '/home/runner/.asdf' already exists and is not an empty directory` (exit 128). The actions/cache restore of ~/.asdf/installs creates $HOME/.asdf, after which the unconditional `git clone ... $HOME/.asdf` cannot succeed. Toolchain provisioning, before any project code ran. See .planning/WINDOWS.md.
ci-contract	Report the committed release evidence that exists at this revision	2026-09-13T19:29:29.0557217Z lane=phase2-backup-restore status=BLOCKED cases=0 owner=backlog reason=Never reached the lane: identical `Install asdf` failure to phase2-sync-property in the same run (`fatal: destination path '/home/runner/.asdf' already exists and is not an empty directory`, exit 128). Toolchain provisioning, before any project code ran. See .planning/WINDOWS.md.
ci-contract	Report the committed release evidence that exists at this revision	2026-09-13T19:29:29.0560574Z lane=phase2-contracts-compatibility status=PASSED cases=30 authority=ci ranAgainstArtifactDigest=2aa86c8ebc448eed9fb3c7e2cb20c33cf26a7c5bdbfba4e6f521837227672fde
ci-contract	Report the committed release evidence that exists at this revision	2026-09-13T19:29:29.0562508Z verify-release failed: lane image-compose-deploy reports BLOCKED
ci-contract	Report the committed release evidence that exists at this revision	2026-09-13T19:29:29.0563664Z verify-release failed: lane export-elixir reports BLOCKED
ci-contract	Report the committed release evidence that exists at this revision	2026-09-13T19:29:29.0564563Z verify-release failed: lane export-reader reports BLOCKED
ci-contract	Report the committed release evidence that exists at this revision	2026-09-13T19:29:29.0565587Z verify-release failed: lane macos-integration-live-appearance reports BLOCKED
ci-contract	Report the committed release evidence that exists at this revision	2026-09-13T19:29:29.0566698Z verify-release failed: lane desktop-promote reports BLOCKED
ci-contract	Report the committed release evidence that exists at this revision	2026-09-13T19:29:29.0567676Z verify-release failed: lane slsa-provenance-attestation reports BLOCKED
ci-contract	Report the committed release evidence that exists at this revision	2026-09-13T19:29:29.0568607Z verify-release failed: lane sbom-generation reports BLOCKED
ci-contract	Report the committed release evidence that exists at this revision	2026-09-13T19:29:29.0569483Z verify-release failed: lane package-reproducible reports BLOCKED
ci-contract	Report the committed release evidence that exists at this revision	2026-09-13T19:29:29.0570369Z verify-release failed: lane daily-restore reports BLOCKED
ci-contract	Report the committed release evidence that exists at this revision	2026-09-13T19:29:29.0571288Z verify-release failed: lane weekly-historical-pitr reports BLOCKED
ci-contract	Report the committed release evidence that exists at this revision	2026-09-13T19:29:29.0572286Z verify-release failed: lane quarterly-host-replacement reports BLOCKED
ci-contract	Report the committed release evidence that exists at this revision	2026-09-13T19:29:29.0573513Z verify-release failed: lane phase-1-desktop reports BLOCKED
ci-contract	Report the committed release evidence that exists at this revision	2026-09-13T19:29:29.0574451Z verify-release failed: lane mcp-gate-selftest reports BLOCKED
ci-contract	Report the committed release evidence that exists at this revision	2026-09-13T19:29:29.0575396Z verify-release failed: lane mcp-phase-non-model reports BLOCKED
ci-contract	Report the committed release evidence that exists at this revision	2026-09-13T19:29:29.0576348Z verify-release failed: lane cross-adapter-phase reports BLOCKED
ci-contract	Report the committed release evidence that exists at this revision	2026-09-13T19:29:29.0577232Z verify-release failed: lane ios-simulator reports BLOCKED
ci-contract	Report the committed release evidence that exists at this revision	2026-09-13T19:29:29.0578134Z verify-release failed: lane ios-signed-build reports BLOCKED
ci-contract	Report the committed release evidence that exists at this revision	2026-09-13T19:29:29.0579047Z verify-release failed: lane real-stack-desktop reports BLOCKED
ci-contract	Report the committed release evidence that exists at this revision	2026-09-13T19:29:29.0580027Z verify-release failed: lane real-stack-ios-simulator reports BLOCKED
ci-contract	Report the committed release evidence that exists at this revision	2026-09-13T19:29:29.0580609Z verify-release failed: lane trust-soak reports BLOCKED
ci-contract	Report the committed release evidence that exists at this revision	2026-09-13T19:29:29.0581663Z verify-release failed: lane macos-integration-full-grant reports BLOCKED
ci-contract	Report the committed release evidence that exists at this revision	2026-09-13T19:29:29.0582687Z verify-release failed: lane ios-device reports BLOCKED
ci-contract	Report the committed release evidence that exists at this revision	2026-09-13T19:29:29.0583726Z verify-release failed: lane mcp-representative-model reports BLOCKED
ci-contract	Report the committed release evidence that exists at this revision	2026-09-13T19:29:29.0584396Z verify-release failed: lane live-host-dns-acceptance reports BLOCKED
ci-contract	Report the committed release evidence that exists at this revision	2026-09-13T19:29:29.0585190Z verify-release failed: revision 26628e1771d5b90569b5eec232047456fdda9f2e verification did not pass (PASSED)
ci-contract	Report the committed release evidence that exists at this revision	2026-09-13T19:29:29.0586345Z lane=phase2-privacy status=PASSED cases=17 authority=ci ranAgainstArtifactDigest=2aa86c8ebc448eed9fb3c7e2cb20c33cf26a7c5bdbfba4e6f521837227672fde
ci-contract	Report the committed release evidence that exists at this revision	2026-09-13T19:29:29.0590493Z lane=image-compose-deploy status=BLOCKED cases=0 owner=backlog reason=The lane FAILED building the server image: the image build's dependency audit reports hackney 1.25.0 as VULNERABLE with four advisories, one HIGH (EEF-CVE-2026-47071, SOCKS5 TLS upgrade ignores caller timeout) and three MEDIUM/LOW CR/LF-injection and SSRF-allowlist-bypass advisories. This is a real supply-chain finding in the bytes the server image would ship, not an infrastructure fault. TO CLOSE: update the hackney dependency (directly or via its parent) to a version carrying no open advisory and re-run `./tooling/test-phase-2.sh --lane image-compose-deploy`. See .planning/WINDOWS.md.
ci-contract	Report the committed release evidence that exists at this revision	2026-09-13T19:29:29.0593794Z lane=opentofu-host-fixtures status=PASSED cases=8 authority=ci ranAgainstArtifactDigest=2aa86c8ebc448eed9fb3c7e2cb20c33cf26a7c5bdbfba4e6f521837227672fde
ci-contract	Report the committed release evidence that exists at this revision	2026-09-13T19:29:29.0596591Z lane=export-elixir status=BLOCKED cases=0 owner=backlog reason=This lane's evidence is the phase2-server job, which produced no PASS line at this revision (its post-run privacy scan failed -- see the phase2-server entry). The export suite's own result is therefore not separable from a lane that did not pass, and no case count may be claimed for it. TO CLOSE: close the phase2-server privacy finding, or give the export suite its own job with its own PASS line.
ci-contract	Report the committed release evidence that exists at this revision	2026-09-13T19:29:29.0600903Z lane=export-reader status=BLOCKED cases=0 owner=ci reason=Unwired. The independent reader `tooling/verify-export-reader.mjs` exists and runs locally, but NO committed workflow job under .github/ invokes it -- it is referenced only by SUPPORT.md, PRIVACY.md and itself. An unwired lane may never report PASSED because it has no job it could have passed in. DATA-01 and the public PRIVACY.md both lean on this reader. TO CLOSE: add a job running `node tooling/verify-export-reader.mjs --golden` to repository-integrity.yml and add it to the required-lane list. See .planning/WINDOWS.md.
ci-contract	Report the committed release evidence that exists at this revision	2026-09-13T19:29:29.0604106Z lane=desktop-units status=PASSED cases=381 authority=ci ranAgainstArtifactDigest=2aa86c8ebc448eed9fb3c7e2cb20c33cf26a7c5bdbfba4e6f521837227672fde
ci-contract	Report the committed release evidence that exists at this revision	2026-09-13T19:29:29.0605379Z lane=desktop-package status=PASSED cases=1 authority=ci ranAgainstArtifactDigest=f14a8d8ab2dc61ec3d47c0f45b3f50f7cd73d02597dce0199d73d4511b74d02e
ci-contract	Report the committed release evidence that exists at this revision	2026-09-13T19:29:29.0606640Z lane=desktop-packaged status=PASSED cases=11 authority=ci ranAgainstArtifactDigest=f14a8d8ab2dc61ec3d47c0f45b3f50f7cd73d02597dce0199d73d4511b74d02e
ci-contract	Report the committed release evidence that exists at this revision	2026-09-13T19:29:29.0607915Z lane=desktop-e2e status=PASSED cases=65 authority=ci ranAgainstArtifactDigest=2aa86c8ebc448eed9fb3c7e2cb20c33cf26a7c5bdbfba4e6f521837227672fde
ci-contract	Report the committed release evidence that exists at this revision	2026-09-13T19:29:29.0609223Z lane=macos-integration-no-grant status=PASSED cases=9 authority=ci ranAgainstArtifactDigest=f14a8d8ab2dc61ec3d47c0f45b3f50f7cd73d02597dce0199d73d4511b74d02e
ci-contract	Report the committed release evidence that exists at this revision	2026-09-13T19:29:29.0613650Z lane=macos-integration-live-appearance status=BLOCKED cases=0 owner=backlog reason=Physical blocker. Row A14 changes the system appearance WHILE the app is running and asserts the window re-themes without a relaunch. That requires a logged-in Aqua session whose appearance daemon posts AppleInterfaceThemeChangedNotification; a hosted GitHub runner has none. Observed at this revision: `ROW id=A14 status=FAIL cases=4` on macos-15 with `background stayed {"b":0,"g":0,"r":0}` (run 34668212473). The identical row reports `status=PASS cases=4` on a real logged-in session. That local pass is NOT recorded as a passing status here: it binds to locally built bytes, and nothing local may bind to locally built bytes. See .planning/WINDOWS.md.
ci-contract	Report the committed release evidence that exists at this revision	2026-09-13T19:29:29.0617013Z lane=hosted-runner-tcc-report status=PASSED cases=1 authority=ci ranAgainstArtifactDigest=f14a8d8ab2dc61ec3d47c0f45b3f50f7cd73d02597dce0199d73d4511b74d02e
ci-contract	Report the committed release evidence that exists at this revision	2026-09-13T19:29:29.0619450Z lane=desktop-promote status=BLOCKED cases=0 owner=backlog reason=The job was SKIPPED: its `needs` gate requires every required desktop lane to have succeeded, and desktop-macos-integration did not (row A14, physical blocker above). The gate refusing to promote is the gate working. No promotion occurred at this revision, so QUAL-03's promotion clause has no passing lane behind it here.
ci-contract	Report the committed release evidence that exists at this revision	2026-09-13T19:29:29.0622716Z lane=slsa-provenance-attestation status=BLOCKED cases=0 owner=backlog reason=Lives in the skipped desktop-promote job, so `actions/attest-build-provenance` never ran and no provenance attestation exists for this revision's archive. Consequently `verify-release.mjs` cannot report anything other than attestation=UNVERIFIED for these bytes, online or offline.
ci-contract	Report the committed release evidence that exists at this revision	2026-09-13T19:29:29.0625275Z lane=sbom-generation status=BLOCKED cases=0 owner=backlog reason=Lives in the skipped desktop-promote job, so `node tooling/generate-sbom.mjs` never ran and no bill of materials exists for this revision.
ci-contract	Report the committed release evidence that exists at this revision	2026-09-13T19:29:29.0628539Z lane=package-reproducible status=BLOCKED cases=0 owner=backlog reason=Unwired, by a deliberate open decision recorded as .planning/WINDOWS.md row 82: a notarized Developer ID build is not byte-reproducible by construction, because @electron/osx-sign embeds a fresh RFC 3161 secure timestamp -- required for notarization -- into every signature blob. 16 of 618 entries differ and they are exactly the signature-bearing ones. The lane may not report PASSED while unwired. TO CLOSE: pick option (a) or (b) in row 82. Owner: BACKLOG.
ci-contract	Report the committed release evidence that exists at this revision	2026-09-13T19:29:29.0632107Z lane=daily-restore status=BLOCKED cases=0 owner=backlog reason=Scheduled lane (recovery-drills.yml, `on: schedule`). No run exists at this revision, so it has no evidence here. An absent scheduled run is reported explicitly rather than omitted, because an omitted lane reads as satisfied. TO CLOSE at a revision: dispatch recovery-drills.yml at that revision and bind its run id.
ci-contract	Report the committed release evidence that exists at this revision	2026-09-13T19:29:29.0635599Z lane=weekly-historical-pitr status=BLOCKED cases=0 owner=backlog reason=Scheduled lane (recovery-drills.yml, `on: schedule`). No run exists at this revision. TO CLOSE at a revision: dispatch recovery-drills.yml at that revision and bind its run id.
ci-contract	Report the committed release evidence that exists at this revision	2026-09-13T19:29:29.0637801Z lane=quarterly-host-replacement status=BLOCKED cases=0 owner=backlog reason=Scheduled lane (recovery-drills.yml, `on: schedule`). No run exists at this revision. TO CLOSE at a revision: dispatch recovery-drills.yml at that revision and bind its run id.
ci-contract	Report the committed release evidence that exists at this revision	2026-09-13T19:29:29.0640401Z lane=phase-1-desktop status=BLOCKED cases=0 owner=backlog reason=Unwired: D-14 names this lane required on pull requests and main, but no committed workflow job runs `./tooling/test-phase-1.sh`. An unwired lane may never report PASSED. TO CLOSE: add the job and add the lane to the required-lane list in tooling/check-ci-contract.mjs.
ci-contract	Report the committed release evidence that exists at this revision	2026-09-13T19:29:29.0642810Z lane=mcp-gate-selftest status=BLOCKED cases=0 owner=backlog reason=Unwired: D-14 names this lane required on pull requests and main, but no committed workflow job runs `node tooling/mcp-gate-selftest.mjs`. TO CLOSE: add the job and add the lane to the required-lane list.
ci-contract	Report the committed release evidence that exists at this revision	2026-09-13T19:29:29.0645348Z lane=mcp-phase-non-model status=BLOCKED cases=0 owner=backlog reason=Unwired: D-14 names this lane required on pull requests and main, but no committed workflow job runs `node tooling/verify-mcp-phase.mjs` non-model lanes. TO CLOSE: add the job and add the lane to the required-lane list.
ci-contract	Report the committed release evidence that exists at this revision	2026-09-13T19:29:29.0647887Z lane=cross-adapter-phase status=BLOCKED cases=0 owner=backlog reason=Unwired: D-14 names this lane required on pull requests and main, but no committed workflow job runs `node tooling/verify-cross-adapter-phase.mjs`. SRV-02 depends on this lane and stays unchecked. TO CLOSE: add the job and add the lane to the required-lane list.
ci-contract	Report the committed release evidence that exists at this revision	2026-09-13T19:29:29.0650187Z lane=ios-simulator status=BLOCKED cases=0 owner=backlog reason=Unwired: D-14 names the iOS simulator lanes required on main, but no committed workflow job runs them. TO CLOSE: add a macOS job running `node tooling/verify-ios-phase.mjs --lane simulator`.
ci-contract	Report the committed release evidence that exists at this revision	2026-09-13T19:29:29.0652622Z lane=ios-signed-build status=BLOCKED cases=0 owner=backlog reason=Unwired: D-14 names this lane required on main only, never on forked pull requests, but no committed workflow job runs `node tooling/build-ios-signed.mjs`. It also requires repository secrets that are not present. TO CLOSE: add the main-only job and provision the signing secrets.
ci-contract	Report the committed release evidence that exists at this revision	2026-09-13T19:29:29.0655527Z lane=real-stack-desktop status=BLOCKED cases=0 owner=backlog reason=Unwired: D-14 places this lane on-demand via workflow_dispatch on main, and no such committed job exists. It also requires repository secrets. TO CLOSE: add the workflow_dispatch job.
ci-contract	Report the committed release evidence that exists at this revision	2026-09-13T19:29:29.0657661Z lane=real-stack-ios-simulator status=BLOCKED cases=0 owner=backlog reason=Unwired: D-14 places this lane on-demand via workflow_dispatch on main, and no such committed job exists. It also requires repository secrets. TO CLOSE: add the workflow_dispatch job.
ci-contract	Report the committed release evidence that exists at this revision	2026-09-13T19:29:29.0661878Z lane=trust-soak status=BLOCKED cases=0 owner=backlog reason=The soak's verdict at this revision is BLOCKED with zero samples: .artifacts/trust-soak/trust-soak-evidence.json reports verdict=BLOCKED, every chaos operator count 0, every invariant I1-I10 samples=0 violations=0 disposition=BLOCKED, an empty dailyUsageCensus, and detectionFloor confidence=null with the note 'Insufficient accumulated samples to state a detection floor. This proves nothing about defects of any rarity yet.' The measurement window accumulates in calendar time. This is the correct and honest outcome, and it keeps the overall run non-zero. TO CLOSE: accumulate the stated window and re-run `node tooling/verify-trust-soak.mjs`.
ci-contract	Report the committed release evidence that exists at this revision	2026-09-13T19:29:29.0669035Z lane=macos-integration-full-grant status=BLOCKED cases=0 owner=backlog reason=Physical blocker as recorded in the inventory: a hosted runner cannot be given a non-interactive TCC Accessibility grant. A signed, notarized, stapled local build exists and the full-grant rows have passed locally in the past, but that evidence binds to LOCALLY BUILT bytes and to a different revision, so under the anti-loophole rule it may not be recorded as a passing status here. It additionally could NOT be regenerated during this plan: two attempts at the current local artefact were aborted by the lane's own focus guard (`FOCUS_STOLEN by_bundle=dev.playstead.mac`), and the lane correctly refuses to claim a row it could not drive. TO CLOSE with CI authority: sign a CI build (export the Developer ID .p12 to repository secrets), then run the full-grant rows against those exact CI bytes on a machine with the grant.
ci-contract	Report the committed release evidence that exists at this revision	2026-09-13T19:29:29.0672993Z lane=ios-device status=BLOCKED cases=0 owner=backlog reason=Physical blocker as recorded in the inventory: the lane drives a physically present, unlocked iPhone, which a hosted runner does not have.
ci-contract	Report the committed release evidence that exists at this revision	2026-09-13T19:29:29.0674842Z lane=mcp-representative-model status=BLOCKED cases=0 owner=backlog reason=Physical blocker as recorded in the inventory: the lane calls a real, paid, non-deterministic third-party model credential.
ci-contract	Report the committed release evidence that exists at this revision	2026-09-13T19:29:29.0677386Z lane=live-host-dns-acceptance status=BLOCKED cases=0 owner=backlog reason=Protected outer lane, carried forward unchanged per D-40: the lane provisions a real paid host and real DNS and is single-attempt. It keeps exiting non-zero so that no skip is ever counted as evidence. DATA-03 and OPS-02 stay unchecked, which is the honest outcome and is already recorded as a dated narrowing. Owner: BACKLOG.
ci-contract	Report the committed release evidence that exists at this revision	2026-09-13T19:29:29.0679144Z NON-PASSING: .planning/releases/candidate-1/release-manifest.json
ci-contract	Report the committed release evidence that exists at this revision	2026-09-13T19:29:29.0679808Z ##[endgroup]
ci-contract	Report the committed release evidence that exists at this revision	2026-09-13T19:29:29.0680308Z ##[group]verify-release .planning/releases/candidate-2/release-manifest.json
ci-contract	Report the committed release evidence that exists at this revision	2026-09-13T19:29:29.0952862Z verify-release tracked_input_sha256=60fa3884bb89514c28056ad7cf678e6dbeb28556615f7889bb56b5e4f8f9e49f
ci-contract	Report the committed release evidence that exists at this revision	2026-09-13T19:29:29.0960259Z attestation=UNVERIFIED artifact=.planning/releases/candidate-2/artifacts/desktop-macos-app.package-manifest.json reason=offline-flag
ci-contract	Report the committed release evidence that exists at this revision	2026-09-13T19:29:29.0962198Z attestation=UNVERIFIED artifact=.planning/releases/candidate-2/artifacts/ios-archive.absence-record.json reason=offline-flag
ci-contract	Report the committed release evidence that exists at this revision	2026-09-13T19:29:29.0964924Z attestation=UNVERIFIED artifact=.planning/releases/candidate-2/artifacts/server-oci-image.absence-record.json reason=offline-flag
ci-contract	Report the committed release evidence that exists at this revision	2026-09-13T19:29:29.0966958Z attestation=UNVERIFIED artifact=.planning/releases/candidate-2/artifacts/web-bundle.absence-record.json reason=offline-flag
ci-contract	Report the committed release evidence that exists at this revision	2026-09-13T19:29:29.0968503Z attestation=UNVERIFIED artifact=.planning/releases/candidate-2/artifacts/source-tree.record.json reason=offline-flag
ci-contract	Report the committed release evidence that exists at this revision	2026-09-13T19:29:29.0974055Z verify-release failed: lane all-required-passed reports BLOCKED
ci-contract	Report the committed release evidence that exists at this revision	2026-09-13T19:29:29.0975542Z lane=ci-contract status=PASSED cases=5 authority=ci ranAgainstArtifactDigest=5a8b79ace9953076cc44298a6f3543b42ec54859cc93037afc17b78716268dcc
ci-contract	Report the committed release evidence that exists at this revision	2026-09-13T19:29:29.0976674Z verify-release failed: lane phase2-server reports BLOCKED
ci-contract	Report the committed release evidence that exists at this revision	2026-09-13T19:29:29.0977238Z verify-release failed: lane phase2-sync-property reports BLOCKED
ci-contract	Report the committed release evidence that exists at this revision	2026-09-13T19:29:29.0977799Z verify-release failed: lane phase2-backup-restore reports BLOCKED
ci-contract	Report the committed release evidence that exists at this revision	2026-09-13T19:29:29.0978932Z lane=repository-integrity status=PASSED cases=3 authority=ci ranAgainstArtifactDigest=5a8b79ace9953076cc44298a6f3543b42ec54859cc93037afc17b78716268dcc
ci-contract	Report the committed release evidence that exists at this revision	2026-09-13T19:29:29.0983830Z lane=all-required-passed status=BLOCKED cases=0 owner=backlog reason=The aggregator ran with if: always() and FAILED, exactly as at candidate-1 and for exactly the same two causes: it reports `required job phase2-linux did not succeed (result=failure)` and `required job image-compose-deploy did not succeed (result=failure)` (run 34735177037). The aggregator working correctly is what produces this BLOCKED entry; the blockers are the two lanes it names, each of which carries its own entry below. NOTE what did NOT change it: the desktop workflow is entirely green at this revision, and this aggregator does not need it to be -- it aggregates the repository-integrity workflow's own required jobs.
ci-contract	Report the committed release evidence that exists at this revision	2026-09-13T19:29:29.0991321Z lane=phase2-server status=BLOCKED cases=0 owner=backlog reason=Unchanged from candidate-1 and REPRODUCED at this revision. The lane's own command SUCCEEDED (`mix compile --warnings-as-errors && mix test`, 337 declared cases) and then the mandatory post-run privacy scan over the lane's diagnostic log FAILED: `Privacy verification failed: hostile sentinel found in a diagnostic artifact` (tooling/verify-privacy.sh, run 34735177037). No PASS line was emitted, so no case count from this lane may be claimed. The 337 figure is the lane's DECLARED case count from its RUNNING line, not a passing count, and is deliberately not recorded as cases here. TO CLOSE: reproduce with `./tooling/test-phase-2.sh --lane server` and identify which emitter puts a vector sentinel into the lane log -- apps/server/test/keepling_web/mcp/content_isolation_test.exs is the only server test outside the two redaction suites that uses one. See .planning/WINDOWS.md row 85.
ci-contract	Report the committed release evidence that exists at this revision	2026-09-13T19:29:29.0998333Z lane=phase2-sync-property status=BLOCKED cases=0 owner=backlog reason=Unchanged from candidate-1 and REPRODUCED at this revision. Never reached the lane: the job failed at its `Install asdf` step with `fatal: destination path '/home/runner/.asdf' already exists and is not an empty directory` (exit 128, run 34735177037). The actions/cache restore of ~/.asdf/installs creates $HOME/.asdf, after which the unconditional `git clone ... $HOME/.asdf` cannot succeed. Toolchain provisioning, before any project code ran. See .planning/WINDOWS.md row 87.
ci-contract	Report the committed release evidence that exists at this revision	2026-09-13T19:29:29.1002141Z lane=phase2-backup-restore status=BLOCKED cases=0 owner=backlog reason=Unchanged from candidate-1 and REPRODUCED at this revision. Identical `Install asdf` failure to phase2-sync-property in the same run (`fatal: destination path '/home/runner/.asdf' already exists and is not an empty directory`, exit 128, run 34735177037). Toolchain provisioning, before any project code ran. See .planning/WINDOWS.md row 87.
ci-contract	Report the committed release evidence that exists at this revision	2026-09-13T19:29:29.1004175Z verify-release failed: lane image-compose-deploy reports BLOCKED
ci-contract	Report the committed release evidence that exists at this revision	2026-09-13T19:29:29.1004726Z verify-release failed: lane export-elixir reports BLOCKED
ci-contract	Report the committed release evidence that exists at this revision	2026-09-13T19:29:29.1005217Z verify-release failed: lane export-reader reports BLOCKED
ci-contract	Report the committed release evidence that exists at this revision	2026-09-13T19:29:29.1006035Z verify-release failed: lane macos-integration-live-appearance reports BLOCKED
ci-contract	Report the committed release evidence that exists at this revision	2026-09-13T19:29:29.1007147Z lane=phase2-contracts-compatibility status=PASSED cases=30 authority=ci ranAgainstArtifactDigest=5a8b79ace9953076cc44298a6f3543b42ec54859cc93037afc17b78716268dcc
ci-contract	Report the committed release evidence that exists at this revision	2026-09-13T19:29:29.1008869Z lane=phase2-privacy status=PASSED cases=17 authority=ci ranAgainstArtifactDigest=5a8b79ace9953076cc44298a6f3543b42ec54859cc93037afc17b78716268dcc
ci-contract	Report the committed release evidence that exists at this revision	2026-09-13T19:29:29.1012955Z lane=image-compose-deploy status=BLOCKED cases=0 owner=backlog reason=Unchanged from candidate-1 and REPRODUCED at this revision. The lane FAILED building the server image: the image build's dependency audit reports hackney 1.25.0 as VULNERABLE with four advisories, one HIGH (EEF-CVE-2026-47071, SOCKS5 TLS upgrade ignores caller timeout) and three MEDIUM/LOW CR/LF-injection and SSRF-allowlist-bypass advisories (run 34735177037). This is a real supply-chain finding in the bytes the server image would ship, not an infrastructure fault. TO CLOSE: update the hackney dependency (directly or via its parent) to a version carrying no open advisory and re-run `./tooling/test-phase-2.sh --lane image-compose-deploy`. See .planning/WINDOWS.md row 86.
ci-contract	Report the committed release evidence that exists at this revision	2026-09-13T19:29:29.1016624Z lane=opentofu-host-fixtures status=PASSED cases=8 authority=ci ranAgainstArtifactDigest=5a8b79ace9953076cc44298a6f3543b42ec54859cc93037afc17b78716268dcc
ci-contract	Report the committed release evidence that exists at this revision	2026-09-13T19:29:29.1020041Z lane=export-elixir status=BLOCKED cases=0 owner=backlog reason=Unchanged from candidate-1. This lane's evidence is the phase2-server job, which produced no PASS line at this revision either (its post-run privacy scan failed -- see the phase2-server entry). The export suite's own result is therefore not separable from a lane that did not pass, and no case count may be claimed for it. TO CLOSE: close the phase2-server privacy finding (.planning/WINDOWS.md row 85), or give the export suite its own job with its own PASS line.
ci-contract	Report the committed release evidence that exists at this revision	2026-09-13T19:29:29.1025361Z lane=export-reader status=BLOCKED cases=0 owner=ci reason=Unwired. The independent reader `tooling/verify-export-reader.mjs` exists and runs locally, but NO committed workflow job under .github/ invokes it -- it is referenced only by SUPPORT.md, PRIVACY.md and itself. An unwired lane may never report PASSED because it has no job it could have passed in. DATA-01 and the public PRIVACY.md both lean on this reader. TO CLOSE: add a job running `node tooling/verify-export-reader.mjs --golden` to repository-integrity.yml and add it to the required-lane list. See .planning/WINDOWS.md.
ci-contract	Report the committed release evidence that exists at this revision	2026-09-13T19:29:29.1028139Z lane=desktop-units status=PASSED cases=381 authority=ci ranAgainstArtifactDigest=5a8b79ace9953076cc44298a6f3543b42ec54859cc93037afc17b78716268dcc
ci-contract	Report the committed release evidence that exists at this revision	2026-09-13T19:29:29.1029372Z lane=desktop-package status=PASSED cases=1 authority=ci ranAgainstArtifactDigest=e9ae649c5b37cd4846a5be43f1a152a495e7bfc678cd7daee9d135a163a0f65a
ci-contract	Report the committed release evidence that exists at this revision	2026-09-13T19:29:29.1030618Z lane=desktop-packaged status=PASSED cases=11 authority=ci ranAgainstArtifactDigest=e9ae649c5b37cd4846a5be43f1a152a495e7bfc678cd7daee9d135a163a0f65a
ci-contract	Report the committed release evidence that exists at this revision	2026-09-13T19:29:29.1032572Z lane=desktop-e2e status=PASSED cases=66 authority=ci ranAgainstArtifactDigest=5a8b79ace9953076cc44298a6f3543b42ec54859cc93037afc17b78716268dcc
ci-contract	Report the committed release evidence that exists at this revision	2026-09-13T19:29:29.1034833Z lane=macos-integration-no-grant status=PASSED cases=9 authority=ci ranAgainstArtifactDigest=e9ae649c5b37cd4846a5be43f1a152a495e7bfc678cd7daee9d135a163a0f65a
ci-contract	Report the committed release evidence that exists at this revision	2026-09-13T19:29:29.1044378Z lane=macos-integration-live-appearance status=BLOCKED cases=0 owner=backlog reason=Physical blocker, and at this revision the row was not attempted at all. Row A14 changes the system appearance WHILE the app is running and asserts the window re-themes without a relaunch; that requires a logged-in Aqua session whose appearance daemon posts AppleInterfaceThemeChangedNotification, which a hosted GitHub runner has none of. Between candidate-1 and this revision the row was split out of the desktop-macos-integration job into this local-attested lane, so the job reports `rows=3` and no longer produces an A14 result either way. THE SPLIT DID NOT CLOSE THE ROW, it only stopped a physically impossible row from failing a job: the row is exactly as unrunnable in continuous integration as it was, and it reports BLOCKED with a zero case count here rather than disappearing. A local pass exists and is NOT recorded as a passing status, because it binds to locally built bytes. See .planning/WINDOWS.md row 84.
ci-contract	Report the committed release evidence that exists at this revision	2026-09-13T19:29:29.1052038Z lane=hosted-runner-tcc-report status=PASSED cases=1 authority=ci ranAgainstArtifactDigest=e9ae649c5b37cd4846a5be43f1a152a495e7bfc678cd7daee9d135a163a0f65a
ci-contract	Report the committed release evidence that exists at this revision	2026-09-13T19:29:29.1053943Z verify-release failed: lane package-reproducible reports BLOCKED
ci-contract	Report the committed release evidence that exists at this revision	2026-09-13T19:29:29.1054875Z verify-release failed: lane daily-restore reports BLOCKED
ci-contract	Report the committed release evidence that exists at this revision	2026-09-13T19:29:29.1055801Z verify-release failed: lane weekly-historical-pitr reports BLOCKED
ci-contract	Report the committed release evidence that exists at this revision	2026-09-13T19:29:29.1056855Z verify-release failed: lane quarterly-host-replacement reports BLOCKED
ci-contract	Report the committed release evidence that exists at this revision	2026-09-13T19:29:29.1057841Z verify-release failed: lane phase-1-desktop reports BLOCKED
ci-contract	Report the committed release evidence that exists at this revision	2026-09-13T19:29:29.1058733Z verify-release failed: lane mcp-gate-selftest reports BLOCKED
ci-contract	Report the committed release evidence that exists at this revision	2026-09-13T19:29:29.1059685Z verify-release failed: lane mcp-phase-non-model reports BLOCKED
ci-contract	Report the committed release evidence that exists at this revision	2026-09-13T19:29:29.1060686Z verify-release failed: lane cross-adapter-phase reports BLOCKED
ci-contract	Report the committed release evidence that exists at this revision	2026-09-13T19:29:29.1061599Z verify-release failed: lane ios-simulator reports BLOCKED
ci-contract	Report the committed release evidence that exists at this revision	2026-09-13T19:29:29.1062786Z verify-release failed: lane ios-signed-build reports BLOCKED
ci-contract	Report the committed release evidence that exists at this revision	2026-09-13T19:29:29.1063930Z verify-release failed: lane real-stack-desktop reports BLOCKED
ci-contract	Report the committed release evidence that exists at this revision	2026-09-13T19:29:29.1064934Z verify-release failed: lane real-stack-ios-simulator reports BLOCKED
ci-contract	Report the committed release evidence that exists at this revision	2026-09-13T19:29:29.1065863Z verify-release failed: lane trust-soak reports BLOCKED
ci-contract	Report the committed release evidence that exists at this revision	2026-09-13T19:29:29.1066844Z verify-release failed: lane macos-integration-full-grant reports BLOCKED
ci-contract	Report the committed release evidence that exists at this revision	2026-09-13T19:29:29.1067752Z verify-release failed: lane ios-device reports BLOCKED
ci-contract	Report the committed release evidence that exists at this revision	2026-09-13T19:29:29.1068407Z verify-release failed: lane mcp-representative-model reports BLOCKED
ci-contract	Report the committed release evidence that exists at this revision	2026-09-13T19:29:29.1069200Z verify-release failed: lane live-host-dns-acceptance reports BLOCKED
ci-contract	Report the committed release evidence that exists at this revision	2026-09-13T19:29:29.1070471Z verify-release failed: revision 23d79e5caa7383a7be9e38ee473b6bde12ce8298 verification did not pass (PASSED)
ci-contract	Report the committed release evidence that exists at this revision	2026-09-13T19:29:29.1072183Z lane=desktop-promote status=PASSED cases=1 authority=ci ranAgainstArtifactDigest=e9ae649c5b37cd4846a5be43f1a152a495e7bfc678cd7daee9d135a163a0f65a
ci-contract	Report the committed release evidence that exists at this revision	2026-09-13T19:29:29.1074408Z lane=slsa-provenance-attestation status=PASSED cases=2 authority=ci ranAgainstArtifactDigest=e9ae649c5b37cd4846a5be43f1a152a495e7bfc678cd7daee9d135a163a0f65a
ci-contract	Report the committed release evidence that exists at this revision	2026-09-13T19:29:29.1075747Z lane=sbom-generation status=PASSED cases=2 authority=ci ranAgainstArtifactDigest=e9ae649c5b37cd4846a5be43f1a152a495e7bfc678cd7daee9d135a163a0f65a
ci-contract	Report the committed release evidence that exists at this revision	2026-09-13T19:29:29.1078788Z lane=package-reproducible status=BLOCKED cases=0 owner=backlog reason=Unwired, by a deliberate open decision recorded as .planning/WINDOWS.md row 82: a notarized Developer ID build is not byte-reproducible by construction, because @electron/osx-sign embeds a fresh RFC 3161 secure timestamp -- required for notarization -- into every signature blob. 16 of 618 entries differ and they are exactly the signature-bearing ones. The lane may not report PASSED while unwired. TO CLOSE: pick option (a) or (b) in row 82. Owner: BACKLOG.
ci-contract	Report the committed release evidence that exists at this revision	2026-09-13T19:29:29.1082367Z lane=daily-restore status=BLOCKED cases=0 owner=backlog reason=Scheduled lane (recovery-drills.yml, `on: schedule`). No run exists at this revision, so it has no evidence here. An absent scheduled run is reported explicitly rather than omitted, because an omitted lane reads as satisfied. TO CLOSE at a revision: dispatch recovery-drills.yml at that revision and bind its run id.
ci-contract	Report the committed release evidence that exists at this revision	2026-09-13T19:29:29.1085225Z lane=weekly-historical-pitr status=BLOCKED cases=0 owner=backlog reason=Scheduled lane (recovery-drills.yml, `on: schedule`). No run exists at this revision. TO CLOSE at a revision: dispatch recovery-drills.yml at that revision and bind its run id.
ci-contract	Report the committed release evidence that exists at this revision	2026-09-13T19:29:29.1087523Z lane=quarterly-host-replacement status=BLOCKED cases=0 owner=backlog reason=Scheduled lane (recovery-drills.yml, `on: schedule`). No run exists at this revision. TO CLOSE at a revision: dispatch recovery-drills.yml at that revision and bind its run id.
ci-contract	Report the committed release evidence that exists at this revision	2026-09-13T19:29:29.1089945Z lane=phase-1-desktop status=BLOCKED cases=0 owner=backlog reason=Unwired: D-14 names this lane required on pull requests and main, but no committed workflow job runs `./tooling/test-phase-1.sh`. An unwired lane may never report PASSED. TO CLOSE: add the job and add the lane to the required-lane list in tooling/check-ci-contract.mjs.
ci-contract	Report the committed release evidence that exists at this revision	2026-09-13T19:29:29.1092317Z lane=mcp-gate-selftest status=BLOCKED cases=0 owner=backlog reason=Unwired: D-14 names this lane required on pull requests and main, but no committed workflow job runs `node tooling/mcp-gate-selftest.mjs`. TO CLOSE: add the job and add the lane to the required-lane list.
ci-contract	Report the committed release evidence that exists at this revision	2026-09-13T19:29:29.1094824Z lane=mcp-phase-non-model status=BLOCKED cases=0 owner=backlog reason=Unwired: D-14 names this lane required on pull requests and main, but no committed workflow job runs `node tooling/verify-mcp-phase.mjs` non-model lanes. TO CLOSE: add the job and add the lane to the required-lane list.
ci-contract	Report the committed release evidence that exists at this revision	2026-09-13T19:29:29.1097370Z lane=cross-adapter-phase status=BLOCKED cases=0 owner=backlog reason=Unwired: D-14 names this lane required on pull requests and main, but no committed workflow job runs `node tooling/verify-cross-adapter-phase.mjs`. SRV-02 depends on this lane and stays unchecked. TO CLOSE: add the job and add the lane to the required-lane list.
ci-contract	Report the committed release evidence that exists at this revision	2026-09-13T19:29:29.1099847Z lane=ios-simulator status=BLOCKED cases=0 owner=backlog reason=Unwired: D-14 names the iOS simulator lanes required on main, but no committed workflow job runs them. TO CLOSE: add a macOS job running `node tooling/verify-ios-phase.mjs --lane simulator`.
ci-contract	Report the committed release evidence that exists at this revision	2026-09-13T19:29:29.1102312Z lane=ios-signed-build status=BLOCKED cases=0 owner=backlog reason=Unwired: D-14 names this lane required on main only, never on forked pull requests, but no committed workflow job runs `node tooling/build-ios-signed.mjs`. It also requires repository secrets that are not present. TO CLOSE: add the main-only job and provision the signing secrets.
ci-contract	Report the committed release evidence that exists at this revision	2026-09-13T19:29:29.1104949Z lane=real-stack-desktop status=BLOCKED cases=0 owner=backlog reason=Unwired: D-14 places this lane on-demand via workflow_dispatch on main, and no such committed job exists. It also requires repository secrets. TO CLOSE: add the workflow_dispatch job.
ci-contract	Report the committed release evidence that exists at this revision	2026-09-13T19:29:29.1107015Z lane=real-stack-ios-simulator status=BLOCKED cases=0 owner=backlog reason=Unwired: D-14 places this lane on-demand via workflow_dispatch on main, and no such committed job exists. It also requires repository secrets. TO CLOSE: add the workflow_dispatch job.
ci-contract	Report the committed release evidence that exists at this revision	2026-09-13T19:29:29.1111166Z lane=trust-soak status=BLOCKED cases=0 owner=backlog reason=The soak's verdict at this revision is BLOCKED with zero samples: .artifacts/trust-soak/trust-soak-evidence.json reports verdict=BLOCKED, every chaos operator count 0, every invariant I1-I10 samples=0 violations=0 disposition=BLOCKED, an empty dailyUsageCensus, and detectionFloor confidence=null with the note 'Insufficient accumulated samples to state a detection floor. This proves nothing about defects of any rarity yet.' The measurement window accumulates in calendar time. This is the correct and honest outcome, and it keeps the overall run non-zero. TO CLOSE: accumulate the stated window and re-run `node tooling/verify-trust-soak.mjs`.
ci-contract	Report the committed release evidence that exists at this revision	2026-09-13T19:29:29.1120346Z lane=macos-integration-full-grant status=BLOCKED cases=0 owner=backlog reason=Physical blocker as recorded in the inventory: a hosted GitHub runner cannot be given a non-interactive TCC Accessibility grant. UPDATED AT THIS REVISION, because half of candidate-1's stated closing condition is now met. Candidate-1's reason said: 'TO CLOSE with CI authority: sign a CI build (export the Developer ID .p12 to repository secrets), then run the full-grant rows against those exact CI bytes on a machine with the grant.' The first half is DONE -- continuous integration now signs, notarizes and staples (see the desktop-macos-app artefact), so continuous-integration-built bytes a grant-holding machine could run against now exist and are named by digest. The second half is NOT done: no run has attempted the full-grant rows against those bytes on a machine with the grant, so this lane has no passing evidence and reports BLOCKED with a zero case count. A local pass over locally built bytes still may not be recorded here. REVISED TO CLOSE: download the archive from run 34735177060, verify it against the attestation, and run `node tooling/verify-macos-integration.mjs` full-grant rows against those exact bytes on a machine holding the Accessibility grant. See .planning/WINDOWS.md rows 84 and 89.
ci-contract	Report the committed release evidence that exists at this revision	2026-09-13T19:29:29.1126426Z lane=ios-device status=BLOCKED cases=0 owner=backlog reason=Physical blocker as recorded in the inventory: the lane drives a physically present, unlocked iPhone, which a hosted runner does not have.
ci-contract	Report the committed release evidence that exists at this revision	2026-09-13T19:29:29.1128045Z lane=mcp-representative-model status=BLOCKED cases=0 owner=backlog reason=Physical blocker as recorded in the inventory: the lane calls a real, paid, non-deterministic third-party model credential.
ci-contract	Report the committed release evidence that exists at this revision	2026-09-13T19:29:29.1130569Z lane=live-host-dns-acceptance status=BLOCKED cases=0 owner=backlog reason=Protected outer lane, carried forward unchanged per D-40: the lane provisions a real paid host and real DNS and is single-attempt. It keeps exiting non-zero so that no skip is ever counted as evidence. DATA-03 and OPS-02 stay unchecked, which is the honest outcome and is already recorded as a dated narrowing. Owner: BACKLOG.
ci-contract	Report the committed release evidence that exists at this revision	2026-09-13T19:29:29.1132490Z NON-PASSING: .planning/releases/candidate-2/release-manifest.json
ci-contract	Report the committed release evidence that exists at this revision	2026-09-13T19:29:29.1133139Z ##[endgroup]
ci-contract	Post Run actions/setup-node@49933ea5288caeca8642d1e84afbd3f7d6820020	﻿2026-09-13T19:29:29.1248480Z Node 20 is being deprecated. This workflow is running with Node 24 by default. If you need to temporarily use Node 20, you can set the ACTIONS_ALLOW_USE_UNSECURE_NODE_VERSION=true environment variable. For more information see: https://github.blog/changelog/2025-09-19-deprecation-of-node-20-on-github-actions-runners/
ci-contract	Post Run actions/setup-node@49933ea5288caeca8642d1e84afbd3f7d6820020	2026-09-13T19:29:29.1249850Z Post job cleanup.
ci-contract	Post Run actions/setup-node@49933ea5288caeca8642d1e84afbd3f7d6820020	2026-09-13T19:29:29.2550638Z (node:2434) [DEP0040] DeprecationWarning: The `punycode` module is deprecated. Please use a userland alternative instead.
ci-contract	Post Run actions/setup-node@49933ea5288caeca8642d1e84afbd3f7d6820020	2026-09-13T19:29:29.2552031Z (Use `node --trace-deprecation ...` to show where the warning was created)
ci-contract	Post Run actions/checkout@34e114876b0b11c390a56381ad16ebd13914f8d5	﻿2026-09-13T19:29:29.2814775Z Node 20 is being deprecated. This workflow is running with Node 24 by default. If you need to temporarily use Node 20, you can set the ACTIONS_ALLOW_USE_UNSECURE_NODE_VERSION=true environment variable. For more information see: https://github.blog/changelog/2025-09-19-deprecation-of-node-20-on-github-actions-runners/
ci-contract	Post Run actions/checkout@34e114876b0b11c390a56381ad16ebd13914f8d5	2026-09-13T19:29:29.2816125Z Post job cleanup.
ci-contract	Post Run actions/checkout@34e114876b0b11c390a56381ad16ebd13914f8d5	2026-09-13T19:29:29.3691172Z [command]/usr/bin/git version
ci-contract	Post Run actions/checkout@34e114876b0b11c390a56381ad16ebd13914f8d5	2026-09-13T19:29:29.3731706Z git version 2.55.0
ci-contract	Post Run actions/checkout@34e114876b0b11c390a56381ad16ebd13914f8d5	2026-09-13T19:29:29.3783141Z Temporarily overriding HOME='/home/runner/work/_temp/c6b466cd-4df0-4f3d-ad70-b8bf5376ab07' before making global git config changes
ci-contract	Post Run actions/checkout@34e114876b0b11c390a56381ad16ebd13914f8d5	2026-09-13T19:29:29.3785538Z Adding repository directory to the temporary git global config as a safe directory
ci-contract	Post Run actions/checkout@34e114876b0b11c390a56381ad16ebd13914f8d5	2026-09-13T19:29:29.3787099Z [command]/usr/bin/git config --global --add safe.directory /home/runner/work/keepling/keepling
ci-contract	Post Run actions/checkout@34e114876b0b11c390a56381ad16ebd13914f8d5	2026-09-13T19:29:29.3824450Z [command]/usr/bin/git config --local --name-only --get-regexp core\.sshCommand
ci-contract	Post Run actions/checkout@34e114876b0b11c390a56381ad16ebd13914f8d5	2026-09-13T19:29:29.3865678Z [command]/usr/bin/git submodule foreach --recursive sh -c "git config --local --name-only --get-regexp 'core\.sshCommand' && git config --local --unset-all 'core.sshCommand' || :"
ci-contract	Post Run actions/checkout@34e114876b0b11c390a56381ad16ebd13914f8d5	2026-09-13T19:29:29.4122459Z [command]/usr/bin/git config --local --name-only --get-regexp http\.https\:\/\/github\.com\/\.extraheader
ci-contract	Post Run actions/checkout@34e114876b0b11c390a56381ad16ebd13914f8d5	2026-09-13T19:29:29.4152052Z http.https://github.com/.extraheader
ci-contract	Post Run actions/checkout@34e114876b0b11c390a56381ad16ebd13914f8d5	2026-09-13T19:29:29.4166338Z [command]/usr/bin/git config --local --unset-all http.https://github.com/.extraheader
ci-contract	Post Run actions/checkout@34e114876b0b11c390a56381ad16ebd13914f8d5	2026-09-13T19:29:29.4202379Z [command]/usr/bin/git submodule foreach --recursive sh -c "git config --local --name-only --get-regexp 'http\.https\:\/\/github\.com\/\.extraheader' && git config --local --unset-all 'http.https://github.com/.extraheader' || :"
ci-contract	Post Run actions/checkout@34e114876b0b11c390a56381ad16ebd13914f8d5	2026-09-13T19:29:29.4451867Z [command]/usr/bin/git config --local --name-only --get-regexp ^includeIf\.gitdir:
ci-contract	Post Run actions/checkout@34e114876b0b11c390a56381ad16ebd13914f8d5	2026-09-13T19:29:29.4491874Z [command]/usr/bin/git submodule foreach --recursive git config --local --show-origin --name-only --get-regexp remote.origin.url
ci-contract	Complete job	﻿2026-09-13T19:29:29.4922041Z Cleaning up orphan processes
ci-contract	Complete job	2026-09-13T19:29:29.5251119Z ##[warning]Node.js 20 is deprecated. The following actions target Node.js 20 but are being forced to run on Node.js 24: actions/checkout@34e114876b0b11c390a56381ad16ebd13914f8d5, actions/setup-node@49933ea5288caeca8642d1e84afbd3f7d6820020. For more information see: https://github.blog/changelog/2025-09-19-deprecation-of-node-20-on-github-actions-runners/
phase2-backup-restore	Set up job	﻿2026-09-13T19:28:50.0948414Z Current runner version: '2.337.0'
phase2-backup-restore	Set up job	2026-09-13T19:28:50.0985458Z ##[group]Runner Image Provisioner
phase2-backup-restore	Set up job	2026-09-13T19:28:50.0986766Z Hosted Compute Agent
phase2-backup-restore	Set up job	2026-09-13T19:28:50.0987707Z Version: 20260828.587
phase2-backup-restore	Set up job	2026-09-13T19:28:50.0988800Z Commit: abac92662cab4cc7352de4f9f9d2e2419aad9c29
phase2-backup-restore	Set up job	2026-09-13T19:28:50.0990166Z Build Date: 2026-08-28T16:44:25Z
phase2-backup-restore	Set up job	2026-09-13T19:28:50.0991269Z Worker ID: {e0e69665-f7f8-47b7-9b33-6b1cc42a1bc3}
phase2-backup-restore	Set up job	2026-09-13T19:28:50.0992400Z Azure Region: eastus2
phase2-backup-restore	Set up job	2026-09-13T19:28:50.0993267Z ##[endgroup]
phase2-backup-restore	Set up job	2026-09-13T19:28:50.0995362Z ##[group]Operating System
phase2-backup-restore	Set up job	2026-09-13T19:28:50.0996360Z Ubuntu
phase2-backup-restore	Set up job	2026-09-13T19:28:50.0997695Z 24.04.5
phase2-backup-restore	Set up job	2026-09-13T19:28:50.0998503Z LTS
phase2-backup-restore	Set up job	2026-09-13T19:28:50.0999278Z ##[endgroup]
phase2-backup-restore	Set up job	2026-09-13T19:28:50.1000430Z ##[group]Runner Image
phase2-backup-restore	Set up job	2026-09-13T19:28:50.1001387Z Image: ubuntu-24.04
phase2-backup-restore	Set up job	2026-09-13T19:28:50.1002279Z Version: 20260907.300.1
phase2-backup-restore	Set up job	2026-09-13T19:28:50.1004010Z Included Software: https://github.com/actions/runner-images/blob/ubuntu24/20260907.300/images/ubuntu/Ubuntu2404-Readme.md
phase2-backup-restore	Set up job	2026-09-13T19:28:50.1006701Z Image Release: https://github.com/actions/runner-images/releases/tag/ubuntu24%2F20260907.300
phase2-backup-restore	Set up job	2026-09-13T19:28:50.1008303Z ##[endgroup]
phase2-backup-restore	Set up job	2026-09-13T19:28:50.1010225Z ##[group]GITHUB_TOKEN Permissions
phase2-backup-restore	Set up job	2026-09-13T19:28:50.1013125Z Contents: read
phase2-backup-restore	Set up job	2026-09-13T19:28:50.1014144Z Metadata: read
phase2-backup-restore	Set up job	2026-09-13T19:28:50.1015030Z ##[endgroup]
phase2-backup-restore	Set up job	2026-09-13T19:28:50.1018028Z Secret source: Actions
phase2-backup-restore	Set up job	2026-09-13T19:28:50.1019494Z Cache mode: write
phase2-backup-restore	Set up job	2026-09-13T19:28:50.1021163Z Prepare workflow directory
phase2-backup-restore	Set up job	2026-09-13T19:28:50.1554681Z Prepare all required actions
phase2-backup-restore	Set up job	2026-09-13T19:28:50.1622462Z Getting action download info
phase2-backup-restore	Set up job	2026-09-13T19:28:50.3355194Z Download action repository 'actions/checkout@34e114876b0b11c390a56381ad16ebd13914f8d5' (SHA:34e114876b0b11c390a56381ad16ebd13914f8d5)
phase2-backup-restore	Set up job	2026-09-13T19:28:50.4272208Z Download action repository 'actions/setup-node@49933ea5288caeca8642d1e84afbd3f7d6820020' (SHA:49933ea5288caeca8642d1e84afbd3f7d6820020)
phase2-backup-restore	Set up job	2026-09-13T19:28:50.5183077Z Download action repository 'actions/cache@0400d5f644dc74513175e3cd8d07132dd4860809' (SHA:0400d5f644dc74513175e3cd8d07132dd4860809)
phase2-backup-restore	Set up job	2026-09-13T19:28:50.6974660Z Download action repository 'actions/upload-artifact@ea165f8d65b6e75b540449e92b4886f43607fa02' (SHA:ea165f8d65b6e75b540449e92b4886f43607fa02)
phase2-backup-restore	Set up job	2026-09-13T19:28:50.9382339Z Complete job name: phase2-backup-restore
phase2-backup-restore	Run actions/checkout@34e114876b0b11c390a56381ad16ebd13914f8d5	﻿2026-09-13T19:28:51.0188416Z Node 20 is being deprecated. This workflow is running with Node 24 by default. If you need to temporarily use Node 20, you can set the ACTIONS_ALLOW_USE_UNSECURE_NODE_VERSION=true environment variable. For more information see: https://github.blog/changelog/2025-09-19-deprecation-of-node-20-on-github-actions-runners/
phase2-backup-restore	Run actions/checkout@34e114876b0b11c390a56381ad16ebd13914f8d5	2026-09-13T19:28:51.0199318Z ##[group]Run actions/checkout@34e114876b0b11c390a56381ad16ebd13914f8d5
phase2-backup-restore	Run actions/checkout@34e114876b0b11c390a56381ad16ebd13914f8d5	2026-09-13T19:28:51.0200734Z with:
phase2-backup-restore	Run actions/checkout@34e114876b0b11c390a56381ad16ebd13914f8d5	2026-09-13T19:28:51.0201237Z   repository: szTheory/keepling
phase2-backup-restore	Run actions/checkout@34e114876b0b11c390a56381ad16ebd13914f8d5	2026-09-13T19:28:51.0209339Z   token: ***
phase2-backup-restore	Run actions/checkout@34e114876b0b11c390a56381ad16ebd13914f8d5	2026-09-13T19:28:51.0209945Z   ssh-strict: true
phase2-backup-restore	Run actions/checkout@34e114876b0b11c390a56381ad16ebd13914f8d5	2026-09-13T19:28:51.0210454Z   ssh-user: git
phase2-backup-restore	Run actions/checkout@34e114876b0b11c390a56381ad16ebd13914f8d5	2026-09-13T19:28:51.0211015Z   persist-credentials: true
phase2-backup-restore	Run actions/checkout@34e114876b0b11c390a56381ad16ebd13914f8d5	2026-09-13T19:28:51.0211616Z   clean: true
phase2-backup-restore	Run actions/checkout@34e114876b0b11c390a56381ad16ebd13914f8d5	2026-09-13T19:28:51.0212137Z   sparse-checkout-cone-mode: true
phase2-backup-restore	Run actions/checkout@34e114876b0b11c390a56381ad16ebd13914f8d5	2026-09-13T19:28:51.0212798Z   fetch-depth: 1
phase2-backup-restore	Run actions/checkout@34e114876b0b11c390a56381ad16ebd13914f8d5	2026-09-13T19:28:51.0213313Z   fetch-tags: false
phase2-backup-restore	Run actions/checkout@34e114876b0b11c390a56381ad16ebd13914f8d5	2026-09-13T19:28:51.0213828Z   show-progress: true
phase2-backup-restore	Run actions/checkout@34e114876b0b11c390a56381ad16ebd13914f8d5	2026-09-13T19:28:51.0214351Z   lfs: false
phase2-backup-restore	Run actions/checkout@34e114876b0b11c390a56381ad16ebd13914f8d5	2026-09-13T19:28:51.0214889Z   submodules: false
phase2-backup-restore	Run actions/checkout@34e114876b0b11c390a56381ad16ebd13914f8d5	2026-09-13T19:28:51.0215421Z   set-safe-directory: true
phase2-backup-restore	Run actions/checkout@34e114876b0b11c390a56381ad16ebd13914f8d5	2026-09-13T19:28:51.0216224Z env:
phase2-backup-restore	Run actions/checkout@34e114876b0b11c390a56381ad16ebd13914f8d5	2026-09-13T19:28:51.0216694Z   KEEPLING_PHASE2_SEED: 20260901
phase2-backup-restore	Run actions/checkout@34e114876b0b11c390a56381ad16ebd13914f8d5	2026-09-13T19:28:51.0217689Z   KEEPLING_FLAKE_POLICY: no-retry; quarantine-requires-owner-issue-expiry
phase2-backup-restore	Run actions/checkout@34e114876b0b11c390a56381ad16ebd13914f8d5	2026-09-13T19:28:51.0218753Z ##[endgroup]
phase2-backup-restore	Run actions/checkout@34e114876b0b11c390a56381ad16ebd13914f8d5	2026-09-13T19:28:51.1300560Z Syncing repository: szTheory/keepling
phase2-backup-restore	Run actions/checkout@34e114876b0b11c390a56381ad16ebd13914f8d5	2026-09-13T19:28:51.1303486Z ##[group]Getting Git version info
phase2-backup-restore	Run actions/checkout@34e114876b0b11c390a56381ad16ebd13914f8d5	2026-09-13T19:28:51.1305041Z Working directory is '/home/runner/work/keepling/keepling'
phase2-backup-restore	Run actions/checkout@34e114876b0b11c390a56381ad16ebd13914f8d5	2026-09-13T19:28:51.1307236Z [command]/usr/bin/git version
phase2-backup-restore	Run actions/checkout@34e114876b0b11c390a56381ad16ebd13914f8d5	2026-09-13T19:28:51.1331935Z git version 2.55.0
phase2-backup-restore	Run actions/checkout@34e114876b0b11c390a56381ad16ebd13914f8d5	2026-09-13T19:28:51.1353162Z ##[endgroup]
phase2-backup-restore	Run actions/checkout@34e114876b0b11c390a56381ad16ebd13914f8d5	2026-09-13T19:28:51.1371460Z Temporarily overriding HOME='/home/runner/work/_temp/731e82e7-6d61-4f01-9718-b07d4604d82e' before making global git config changes
phase2-backup-restore	Run actions/checkout@34e114876b0b11c390a56381ad16ebd13914f8d5	2026-09-13T19:28:51.1375293Z Adding repository directory to the temporary git global config as a safe directory
phase2-backup-restore	Run actions/checkout@34e114876b0b11c390a56381ad16ebd13914f8d5	2026-09-13T19:28:51.1378382Z [command]/usr/bin/git config --global --add safe.directory /home/runner/work/keepling/keepling
phase2-backup-restore	Run actions/checkout@34e114876b0b11c390a56381ad16ebd13914f8d5	2026-09-13T19:28:51.1439536Z Deleting the contents of '/home/runner/work/keepling/keepling'
phase2-backup-restore	Run actions/checkout@34e114876b0b11c390a56381ad16ebd13914f8d5	2026-09-13T19:28:51.1441407Z ##[group]Initializing the repository
phase2-backup-restore	Run actions/checkout@34e114876b0b11c390a56381ad16ebd13914f8d5	2026-09-13T19:28:51.1442343Z [command]/usr/bin/git init /home/runner/work/keepling/keepling
phase2-backup-restore	Run actions/checkout@34e114876b0b11c390a56381ad16ebd13914f8d5	2026-09-13T19:28:51.1516340Z hint: Using 'master' as the name for the initial branch. This default branch name
phase2-backup-restore	Run actions/checkout@34e114876b0b11c390a56381ad16ebd13914f8d5	2026-09-13T19:28:51.1518919Z hint: will change to "main" in Git 3.0. To configure the initial branch name
phase2-backup-restore	Run actions/checkout@34e114876b0b11c390a56381ad16ebd13914f8d5	2026-09-13T19:28:51.1521380Z hint: to use in all of your new repositories, which will suppress this warning,
phase2-backup-restore	Run actions/checkout@34e114876b0b11c390a56381ad16ebd13914f8d5	2026-09-13T19:28:51.1522916Z hint: call:
phase2-backup-restore	Run actions/checkout@34e114876b0b11c390a56381ad16ebd13914f8d5	2026-09-13T19:28:51.1523633Z hint:
phase2-backup-restore	Run actions/checkout@34e114876b0b11c390a56381ad16ebd13914f8d5	2026-09-13T19:28:51.1524518Z hint: 	git config --global init.defaultBranch <name>
phase2-backup-restore	Run actions/checkout@34e114876b0b11c390a56381ad16ebd13914f8d5	2026-09-13T19:28:51.1525736Z hint:
phase2-backup-restore	Run actions/checkout@34e114876b0b11c390a56381ad16ebd13914f8d5	2026-09-13T19:28:51.1526689Z hint: Names commonly chosen instead of 'master' are 'main', 'trunk' and
phase2-backup-restore	Run actions/checkout@34e114876b0b11c390a56381ad16ebd13914f8d5	2026-09-13T19:28:51.1528378Z hint: 'development'. The just-created branch can be renamed via this command:
phase2-backup-restore	Run actions/checkout@34e114876b0b11c390a56381ad16ebd13914f8d5	2026-09-13T19:28:51.1529502Z hint:
phase2-backup-restore	Run actions/checkout@34e114876b0b11c390a56381ad16ebd13914f8d5	2026-09-13T19:28:51.1530367Z hint: 	git branch -m <name>
phase2-backup-restore	Run actions/checkout@34e114876b0b11c390a56381ad16ebd13914f8d5	2026-09-13T19:28:51.1531225Z hint:
phase2-backup-restore	Run actions/checkout@34e114876b0b11c390a56381ad16ebd13914f8d5	2026-09-13T19:28:51.1532513Z hint: Disable this message with "git config set advice.defaultBranchName false"
phase2-backup-restore	Run actions/checkout@34e114876b0b11c390a56381ad16ebd13914f8d5	2026-09-13T19:28:51.1535021Z Initialized empty Git repository in /home/runner/work/keepling/keepling/.git/
phase2-backup-restore	Run actions/checkout@34e114876b0b11c390a56381ad16ebd13914f8d5	2026-09-13T19:28:51.1538956Z [command]/usr/bin/git remote add origin https://github.com/szTheory/keepling
phase2-backup-restore	Run actions/checkout@34e114876b0b11c390a56381ad16ebd13914f8d5	2026-09-13T19:28:51.1575693Z ##[endgroup]
phase2-backup-restore	Run actions/checkout@34e114876b0b11c390a56381ad16ebd13914f8d5	2026-09-13T19:28:51.1576655Z ##[group]Disabling automatic garbage collection
phase2-backup-restore	Run actions/checkout@34e114876b0b11c390a56381ad16ebd13914f8d5	2026-09-13T19:28:51.1578742Z [command]/usr/bin/git config --local gc.auto 0
phase2-backup-restore	Run actions/checkout@34e114876b0b11c390a56381ad16ebd13914f8d5	2026-09-13T19:28:51.1608139Z ##[endgroup]
phase2-backup-restore	Run actions/checkout@34e114876b0b11c390a56381ad16ebd13914f8d5	2026-09-13T19:28:51.1609044Z ##[group]Setting up auth
phase2-backup-restore	Run actions/checkout@34e114876b0b11c390a56381ad16ebd13914f8d5	2026-09-13T19:28:51.1614373Z [command]/usr/bin/git config --local --name-only --get-regexp core\.sshCommand
phase2-backup-restore	Run actions/checkout@34e114876b0b11c390a56381ad16ebd13914f8d5	2026-09-13T19:28:51.1648625Z [command]/usr/bin/git submodule foreach --recursive sh -c "git config --local --name-only --get-regexp 'core\.sshCommand' && git config --local --unset-all 'core.sshCommand' || :"
phase2-backup-restore	Run actions/checkout@34e114876b0b11c390a56381ad16ebd13914f8d5	2026-09-13T19:28:51.1981542Z [command]/usr/bin/git config --local --name-only --get-regexp http\.https\:\/\/github\.com\/\.extraheader
phase2-backup-restore	Run actions/checkout@34e114876b0b11c390a56381ad16ebd13914f8d5	2026-09-13T19:28:51.2015073Z [command]/usr/bin/git submodule foreach --recursive sh -c "git config --local --name-only --get-regexp 'http\.https\:\/\/github\.com\/\.extraheader' && git config --local --unset-all 'http.https://github.com/.extraheader' || :"
phase2-backup-restore	Run actions/checkout@34e114876b0b11c390a56381ad16ebd13914f8d5	2026-09-13T19:28:51.2242981Z [command]/usr/bin/git config --local --name-only --get-regexp ^includeIf\.gitdir:
phase2-backup-restore	Run actions/checkout@34e114876b0b11c390a56381ad16ebd13914f8d5	2026-09-13T19:28:51.2276303Z [command]/usr/bin/git submodule foreach --recursive git config --local --show-origin --name-only --get-regexp remote.origin.url
phase2-backup-restore	Run actions/checkout@34e114876b0b11c390a56381ad16ebd13914f8d5	2026-09-13T19:28:51.2510141Z [command]/usr/bin/git config --local http.https://github.com/.extraheader AUTHORIZATION: basic ***
phase2-backup-restore	Run actions/checkout@34e114876b0b11c390a56381ad16ebd13914f8d5	2026-09-13T19:28:51.2545294Z ##[endgroup]
phase2-backup-restore	Run actions/checkout@34e114876b0b11c390a56381ad16ebd13914f8d5	2026-09-13T19:28:51.2546799Z ##[group]Fetching the repository
phase2-backup-restore	Run actions/checkout@34e114876b0b11c390a56381ad16ebd13914f8d5	2026-09-13T19:28:51.2555869Z [command]/usr/bin/git -c protocol.version=2 fetch --no-tags --prune --no-recurse-submodules --depth=1 origin +c2e4ce37ff0ca2c27067b098c2cfbdc59155ba96:refs/remotes/origin/main
phase2-backup-restore	Run actions/checkout@34e114876b0b11c390a56381ad16ebd13914f8d5	2026-09-13T19:28:52.1580384Z From https://github.com/szTheory/keepling
phase2-backup-restore	Run actions/checkout@34e114876b0b11c390a56381ad16ebd13914f8d5	2026-09-13T19:28:52.1583088Z  * [new ref]         c2e4ce37ff0ca2c27067b098c2cfbdc59155ba96 -> origin/main
phase2-backup-restore	Run actions/checkout@34e114876b0b11c390a56381ad16ebd13914f8d5	2026-09-13T19:28:52.1587483Z ##[endgroup]
phase2-backup-restore	Run actions/checkout@34e114876b0b11c390a56381ad16ebd13914f8d5	2026-09-13T19:28:52.1589159Z ##[group]Determining the checkout info
phase2-backup-restore	Run actions/checkout@34e114876b0b11c390a56381ad16ebd13914f8d5	2026-09-13T19:28:52.1591008Z ##[endgroup]
phase2-backup-restore	Run actions/checkout@34e114876b0b11c390a56381ad16ebd13914f8d5	2026-09-13T19:28:52.1592226Z [command]/usr/bin/git sparse-checkout disable
phase2-backup-restore	Run actions/checkout@34e114876b0b11c390a56381ad16ebd13914f8d5	2026-09-13T19:28:52.1636391Z [command]/usr/bin/git config --local --unset-all extensions.worktreeConfig
phase2-backup-restore	Run actions/checkout@34e114876b0b11c390a56381ad16ebd13914f8d5	2026-09-13T19:28:52.1664764Z ##[group]Checking out the ref
phase2-backup-restore	Run actions/checkout@34e114876b0b11c390a56381ad16ebd13914f8d5	2026-09-13T19:28:52.1674904Z [command]/usr/bin/git checkout --progress --force -B main refs/remotes/origin/main
phase2-backup-restore	Run actions/checkout@34e114876b0b11c390a56381ad16ebd13914f8d5	2026-09-13T19:28:52.2934479Z Switched to a new branch 'main'
phase2-backup-restore	Run actions/checkout@34e114876b0b11c390a56381ad16ebd13914f8d5	2026-09-13T19:28:52.2938128Z branch 'main' set up to track 'origin/main'.
phase2-backup-restore	Run actions/checkout@34e114876b0b11c390a56381ad16ebd13914f8d5	2026-09-13T19:28:52.2950802Z ##[endgroup]
phase2-backup-restore	Run actions/checkout@34e114876b0b11c390a56381ad16ebd13914f8d5	2026-09-13T19:28:52.2991951Z [command]/usr/bin/git log -1 --format=%H
phase2-backup-restore	Run actions/checkout@34e114876b0b11c390a56381ad16ebd13914f8d5	2026-09-13T19:28:52.3015813Z c2e4ce37ff0ca2c27067b098c2cfbdc59155ba96
phase2-backup-restore	Run actions/setup-node@49933ea5288caeca8642d1e84afbd3f7d6820020	﻿2026-09-13T19:28:52.3448913Z Node 20 is being deprecated. This workflow is running with Node 24 by default. If you need to temporarily use Node 20, you can set the ACTIONS_ALLOW_USE_UNSECURE_NODE_VERSION=true environment variable. For more information see: https://github.blog/changelog/2025-09-19-deprecation-of-node-20-on-github-actions-runners/
phase2-backup-restore	Run actions/setup-node@49933ea5288caeca8642d1e84afbd3f7d6820020	2026-09-13T19:28:52.3454010Z ##[group]Run actions/setup-node@49933ea5288caeca8642d1e84afbd3f7d6820020
phase2-backup-restore	Run actions/setup-node@49933ea5288caeca8642d1e84afbd3f7d6820020	2026-09-13T19:28:52.3455399Z with:
phase2-backup-restore	Run actions/setup-node@49933ea5288caeca8642d1e84afbd3f7d6820020	2026-09-13T19:28:52.3456255Z   node-version: 24.7.0
phase2-backup-restore	Run actions/setup-node@49933ea5288caeca8642d1e84afbd3f7d6820020	2026-09-13T19:28:52.3457216Z   always-auth: false
phase2-backup-restore	Run actions/setup-node@49933ea5288caeca8642d1e84afbd3f7d6820020	2026-09-13T19:28:52.3458188Z   check-latest: false
phase2-backup-restore	Run actions/setup-node@49933ea5288caeca8642d1e84afbd3f7d6820020	2026-09-13T19:28:52.3466407Z   token: ***
phase2-backup-restore	Run actions/setup-node@49933ea5288caeca8642d1e84afbd3f7d6820020	2026-09-13T19:28:52.3467251Z env:
phase2-backup-restore	Run actions/setup-node@49933ea5288caeca8642d1e84afbd3f7d6820020	2026-09-13T19:28:52.3468114Z   KEEPLING_PHASE2_SEED: 20260901
phase2-backup-restore	Run actions/setup-node@49933ea5288caeca8642d1e84afbd3f7d6820020	2026-09-13T19:28:52.3469511Z   KEEPLING_FLAKE_POLICY: no-retry; quarantine-requires-owner-issue-expiry
phase2-backup-restore	Run actions/setup-node@49933ea5288caeca8642d1e84afbd3f7d6820020	2026-09-13T19:28:52.3471053Z ##[endgroup]
phase2-backup-restore	Run actions/setup-node@49933ea5288caeca8642d1e84afbd3f7d6820020	2026-09-13T19:28:52.4953507Z Attempting to download 24.7.0...
phase2-backup-restore	Run actions/setup-node@49933ea5288caeca8642d1e84afbd3f7d6820020	2026-09-13T19:28:52.5064450Z (node:2246) [DEP0040] DeprecationWarning: The `punycode` module is deprecated. Please use a userland alternative instead.
phase2-backup-restore	Run actions/setup-node@49933ea5288caeca8642d1e84afbd3f7d6820020	2026-09-13T19:28:52.5066150Z (Use `node --trace-deprecation ...` to show where the warning was created)
phase2-backup-restore	Run actions/setup-node@49933ea5288caeca8642d1e84afbd3f7d6820020	2026-09-13T19:28:53.0407741Z Acquiring 24.7.0 - x64 from https://github.com/actions/node-versions/releases/download/24.7.0-17283839804/node-24.7.0-linux-x64.tar.gz
phase2-backup-restore	Run actions/setup-node@49933ea5288caeca8642d1e84afbd3f7d6820020	2026-09-13T19:28:53.4053064Z Extracting ...
phase2-backup-restore	Run actions/setup-node@49933ea5288caeca8642d1e84afbd3f7d6820020	2026-09-13T19:28:53.4162824Z [command]/usr/bin/tar xz --strip 1 --warning=no-unknown-keyword --overwrite -C /home/runner/work/_temp/d08f8440-0ec2-4226-9b4b-fe28e6ea3d03 -f /home/runner/work/_temp/2065c454-e0d9-4d2d-a2a6-184452f759da
phase2-backup-restore	Run actions/setup-node@49933ea5288caeca8642d1e84afbd3f7d6820020	2026-09-13T19:28:54.7936960Z Adding to the cache ...
phase2-backup-restore	Run actions/setup-node@49933ea5288caeca8642d1e84afbd3f7d6820020	2026-09-13T19:28:56.5682406Z ##[group]Environment details
phase2-backup-restore	Run actions/setup-node@49933ea5288caeca8642d1e84afbd3f7d6820020	2026-09-13T19:28:56.8187178Z node: v24.7.0
phase2-backup-restore	Run actions/setup-node@49933ea5288caeca8642d1e84afbd3f7d6820020	2026-09-13T19:28:56.8187738Z npm: 11.5.1
phase2-backup-restore	Run actions/setup-node@49933ea5288caeca8642d1e84afbd3f7d6820020	2026-09-13T19:28:56.8188061Z yarn: 1.22.22
phase2-backup-restore	Run actions/setup-node@49933ea5288caeca8642d1e84afbd3f7d6820020	2026-09-13T19:28:56.8188893Z ##[endgroup]
phase2-backup-restore	Run actions/cache@0400d5f644dc74513175e3cd8d07132dd4860809	﻿2026-09-13T19:28:56.9003747Z Node 20 is being deprecated. This workflow is running with Node 24 by default. If you need to temporarily use Node 20, you can set the ACTIONS_ALLOW_USE_UNSECURE_NODE_VERSION=true environment variable. For more information see: https://github.blog/changelog/2025-09-19-deprecation-of-node-20-on-github-actions-runners/
phase2-backup-restore	Run actions/cache@0400d5f644dc74513175e3cd8d07132dd4860809	2026-09-13T19:28:56.9005082Z ##[group]Run actions/cache@0400d5f644dc74513175e3cd8d07132dd4860809
phase2-backup-restore	Run actions/cache@0400d5f644dc74513175e3cd8d07132dd4860809	2026-09-13T19:28:56.9005426Z with:
phase2-backup-restore	Run actions/cache@0400d5f644dc74513175e3cd8d07132dd4860809	2026-09-13T19:28:56.9005738Z   path: ~/.asdf/installs
phase2-backup-restore	Run actions/cache@0400d5f644dc74513175e3cd8d07132dd4860809	apps/server/deps
phase2-backup-restore	Run actions/cache@0400d5f644dc74513175e3cd8d07132dd4860809	apps/server/_build
phase2-backup-restore	Run actions/cache@0400d5f644dc74513175e3cd8d07132dd4860809	node_modules
phase2-backup-restore	Run actions/cache@0400d5f644dc74513175e3cd8d07132dd4860809	
phase2-backup-restore	Run actions/cache@0400d5f644dc74513175e3cd8d07132dd4860809	2026-09-13T19:28:56.9006354Z   key: phase2-Linux-backup-restore-45b3b35ef45f5d65ae586b2b25dfb93049c099ec9870f23270bda4b35fe975d3
phase2-backup-restore	Run actions/cache@0400d5f644dc74513175e3cd8d07132dd4860809	2026-09-13T19:28:56.9006911Z   enableCrossOsArchive: false
phase2-backup-restore	Run actions/cache@0400d5f644dc74513175e3cd8d07132dd4860809	2026-09-13T19:28:56.9007176Z   fail-on-cache-miss: false
phase2-backup-restore	Run actions/cache@0400d5f644dc74513175e3cd8d07132dd4860809	2026-09-13T19:28:56.9007412Z   lookup-only: false
phase2-backup-restore	Run actions/cache@0400d5f644dc74513175e3cd8d07132dd4860809	2026-09-13T19:28:56.9007627Z   save-always: false
phase2-backup-restore	Run actions/cache@0400d5f644dc74513175e3cd8d07132dd4860809	2026-09-13T19:28:56.9007844Z env:
phase2-backup-restore	Run actions/cache@0400d5f644dc74513175e3cd8d07132dd4860809	2026-09-13T19:28:56.9008049Z   KEEPLING_PHASE2_SEED: 20260901
phase2-backup-restore	Run actions/cache@0400d5f644dc74513175e3cd8d07132dd4860809	2026-09-13T19:28:56.9008456Z   KEEPLING_FLAKE_POLICY: no-retry; quarantine-requires-owner-issue-expiry
phase2-backup-restore	Run actions/cache@0400d5f644dc74513175e3cd8d07132dd4860809	2026-09-13T19:28:56.9008834Z ##[endgroup]
phase2-backup-restore	Run actions/cache@0400d5f644dc74513175e3cd8d07132dd4860809	2026-09-13T19:28:57.0137816Z (node:2294) [DEP0040] DeprecationWarning: The `punycode` module is deprecated. Please use a userland alternative instead.
phase2-backup-restore	Run actions/cache@0400d5f644dc74513175e3cd8d07132dd4860809	2026-09-13T19:28:57.0139130Z (Use `node --trace-deprecation ...` to show where the warning was created)
phase2-backup-restore	Run actions/cache@0400d5f644dc74513175e3cd8d07132dd4860809	2026-09-13T19:28:57.0946160Z Cache hit for: phase2-Linux-backup-restore-45b3b35ef45f5d65ae586b2b25dfb93049c099ec9870f23270bda4b35fe975d3
phase2-backup-restore	Run actions/cache@0400d5f644dc74513175e3cd8d07132dd4860809	2026-09-13T19:28:57.1062988Z (node:2294) [DEP0169] DeprecationWarning: `url.parse()` behavior is not standardized and prone to errors that have security implications. Use the WHATWG URL API instead. CVEs are not issued for `url.parse()` vulnerabilities.
phase2-backup-restore	Run actions/cache@0400d5f644dc74513175e3cd8d07132dd4860809	2026-09-13T19:28:57.8521332Z Received 172281393 of 172281393 (100.0%), 228.8 MBs/sec
phase2-backup-restore	Run actions/cache@0400d5f644dc74513175e3cd8d07132dd4860809	2026-09-13T19:28:57.8533154Z Cache Size: ~164 MB (172281393 B)
phase2-backup-restore	Run actions/cache@0400d5f644dc74513175e3cd8d07132dd4860809	2026-09-13T19:28:57.8619333Z [command]/usr/bin/tar -xf /home/runner/work/_temp/05175f38-fcf7-4689-90cb-25a108265ddb/cache.tzst -P -C /home/runner/work/keepling/keepling --use-compress-program unzstd
phase2-backup-restore	Run actions/cache@0400d5f644dc74513175e3cd8d07132dd4860809	2026-09-13T19:29:00.0466417Z Cache restored successfully
phase2-backup-restore	Run actions/cache@0400d5f644dc74513175e3cd8d07132dd4860809	2026-09-13T19:29:00.0667602Z Cache restored from key: phase2-Linux-backup-restore-45b3b35ef45f5d65ae586b2b25dfb93049c099ec9870f23270bda4b35fe975d3
phase2-backup-restore	Install asdf	﻿2026-09-13T19:29:00.0894627Z ##[group]Run set -eu
phase2-backup-restore	Install asdf	2026-09-13T19:29:00.0894980Z ^[[36;1mset -eu^[[0m
phase2-backup-restore	Install asdf	2026-09-13T19:29:00.0895341Z ^[[36;1m# The cache step above restores ~/.asdf/installs, which CREATES^[[0m
phase2-backup-restore	Install asdf	2026-09-13T19:29:00.0895844Z ^[[36;1m# $HOME/.asdf before this step runs. An unconditional clone then dies^[[0m
phase2-backup-restore	Install asdf	2026-09-13T19:29:00.0896307Z ^[[36;1m# with "destination path already exists and is not an empty^[[0m
phase2-backup-restore	Install asdf	2026-09-13T19:29:00.0896792Z ^[[36;1m# directory" (exit 128) and the lane never reaches any project code.^[[0m
phase2-backup-restore	Install asdf	2026-09-13T19:29:00.0897314Z ^[[36;1m# Clone into a scratch directory and move only the parts that are^[[0m
phase2-backup-restore	Install asdf	2026-09-13T19:29:00.0897792Z ^[[36;1m# missing, so a restored cache and a cold runner both end up with the^[[0m
phase2-backup-restore	Install asdf	2026-09-13T19:29:00.0898161Z ^[[36;1m# same tree.^[[0m
phase2-backup-restore	Install asdf	2026-09-13T19:29:00.0898429Z ^[[36;1mif [ ! -d "$HOME/.asdf/.git" ]; then^[[0m
phase2-backup-restore	Install asdf	2026-09-13T19:29:00.0898724Z ^[[36;1m  scratch="$(mktemp -d)"^[[0m
phase2-backup-restore	Install asdf	2026-09-13T19:29:00.0899150Z ^[[36;1m  git clone https://github.com/asdf-vm/asdf.git "$scratch/asdf" --branch v0.14.1^[[0m
phase2-backup-restore	Install asdf	2026-09-13T19:29:00.0899844Z ^[[36;1m  mkdir -p "$HOME/.asdf"^[[0m
phase2-backup-restore	Install asdf	2026-09-13T19:29:00.0900264Z ^[[36;1m  # `cp -R src/. dst` merges into an existing directory instead of^[[0m
phase2-backup-restore	Install asdf	2026-09-13T19:29:00.0900716Z ^[[36;1m  # nesting, which is what the restored-cache case needs.^[[0m
phase2-backup-restore	Install asdf	2026-09-13T19:29:00.0901099Z ^[[36;1m  cp -R "$scratch/asdf/." "$HOME/.asdf/"^[[0m
phase2-backup-restore	Install asdf	2026-09-13T19:29:00.0901417Z ^[[36;1m  rm -rf "$scratch"^[[0m
phase2-backup-restore	Install asdf	2026-09-13T19:29:00.0901661Z ^[[36;1mfi^[[0m
phase2-backup-restore	Install asdf	2026-09-13T19:29:00.0901906Z ^[[36;1mecho "$HOME/.asdf/bin" >> "$GITHUB_PATH"^[[0m
phase2-backup-restore	Install asdf	2026-09-13T19:29:00.0902226Z ^[[36;1mecho "$HOME/.asdf/shims" >> "$GITHUB_PATH"^[[0m
phase2-backup-restore	Install asdf	2026-09-13T19:29:00.0945844Z shell: /usr/bin/bash -e {0}
phase2-backup-restore	Install asdf	2026-09-13T19:29:00.0946125Z env:
phase2-backup-restore	Install asdf	2026-09-13T19:29:00.0946369Z   KEEPLING_PHASE2_SEED: 20260901
phase2-backup-restore	Install asdf	2026-09-13T19:29:00.0946770Z   KEEPLING_FLAKE_POLICY: no-retry; quarantine-requires-owner-issue-expiry
phase2-backup-restore	Install asdf	2026-09-13T19:29:00.0947164Z ##[endgroup]
phase2-backup-restore	Install asdf	2026-09-13T19:29:00.1060652Z Cloning into '/tmp/tmp.6J7Pq4a8zH/asdf'...
phase2-backup-restore	Install asdf	2026-09-13T19:29:00.8298946Z Note: switching to 'f00f759f3d8d405468d0071310a91b8f5a9c3798'.
phase2-backup-restore	Install asdf	2026-09-13T19:29:00.8299362Z 
phase2-backup-restore	Install asdf	2026-09-13T19:29:00.8299874Z You are in 'detached HEAD' state. You can look around, make experimental
phase2-backup-restore	Install asdf	2026-09-13T19:29:00.8300520Z changes and commit them, and you can discard any commits you make in this
phase2-backup-restore	Install asdf	2026-09-13T19:29:00.8301122Z state without impacting any branches by switching back to a branch.
phase2-backup-restore	Install asdf	2026-09-13T19:29:00.8301401Z 
phase2-backup-restore	Install asdf	2026-09-13T19:29:00.8301698Z If you want to create a new branch to retain commits you create, you may
phase2-backup-restore	Install asdf	2026-09-13T19:29:00.8302212Z do so (now or later) by using -c with the switch command. Example:
phase2-backup-restore	Install asdf	2026-09-13T19:29:00.8302469Z 
phase2-backup-restore	Install asdf	2026-09-13T19:29:00.8302617Z   git switch -c <new-branch-name>
phase2-backup-restore	Install asdf	2026-09-13T19:29:00.8302804Z 
phase2-backup-restore	Install asdf	2026-09-13T19:29:00.8302931Z Or undo this operation with:
phase2-backup-restore	Install asdf	2026-09-13T19:29:00.8303098Z 
phase2-backup-restore	Install asdf	2026-09-13T19:29:00.8303201Z   git switch -
phase2-backup-restore	Install asdf	2026-09-13T19:29:00.8303323Z 
phase2-backup-restore	Install asdf	2026-09-13T19:29:00.8303622Z Turn off this advice by setting config variable advice.detachedHead to false
phase2-backup-restore	Install asdf	2026-09-13T19:29:00.8303934Z 
phase2-backup-restore	Provision exact repository runtimes	﻿2026-09-13T19:29:00.8703272Z ##[group]Run ./tooling/runtime-preflight.sh --provision
phase2-backup-restore	Provision exact repository runtimes	2026-09-13T19:29:00.8703721Z ^[[36;1m./tooling/runtime-preflight.sh --provision^[[0m
phase2-backup-restore	Provision exact repository runtimes	2026-09-13T19:29:00.8704071Z ^[[36;1mcorepack enable^[[0m
phase2-backup-restore	Provision exact repository runtimes	2026-09-13T19:29:00.8704340Z ^[[36;1mpnpm install --frozen-lockfile^[[0m
phase2-backup-restore	Provision exact repository runtimes	2026-09-13T19:29:00.8705021Z ^[[36;1m./tooling/runtime-preflight.sh --exec -- sh -c 'cd apps/server && mix deps.get --check-locked'^[[0m
phase2-backup-restore	Provision exact repository runtimes	2026-09-13T19:29:00.8744338Z shell: /usr/bin/bash -e {0}
phase2-backup-restore	Provision exact repository runtimes	2026-09-13T19:29:00.8744609Z env:
phase2-backup-restore	Provision exact repository runtimes	2026-09-13T19:29:00.8744832Z   KEEPLING_PHASE2_SEED: 20260901
phase2-backup-restore	Provision exact repository runtimes	2026-09-13T19:29:00.8745222Z   KEEPLING_FLAKE_POLICY: no-retry; quarantine-requires-owner-issue-expiry
phase2-backup-restore	Provision exact repository runtimes	2026-09-13T19:29:00.8745617Z ##[endgroup]
phase2-backup-restore	Provision exact repository runtimes	2026-09-13T19:29:00.9394726Z Cloning into '/home/runner/.asdf/repository'...
phase2-backup-restore	Provision exact repository runtimes	2026-09-13T19:29:03.2782113Z initializing plugin repository...erlang 29.0.5 is already installed
phase2-backup-restore	Provision exact repository runtimes	2026-09-13T19:29:03.3178811Z elixir 1.20.2-otp-29 is already installed
phase2-backup-restore	Provision exact repository runtimes	2026-09-13T19:29:03.8366236Z Get:1 file:/etc/apt/apt-mirrors.txt Mirrorlist [144 B]
phase2-backup-restore	Provision exact repository runtimes	2026-09-13T19:29:03.8665164Z Get:6 https://packages.microsoft.com/ubuntu/24.04/prod noble InRelease [3600 B]
phase2-backup-restore	Provision exact repository runtimes	2026-09-13T19:29:03.9172000Z Get:7 https://dl.google.com/linux/chrome-stable/deb stable InRelease [2548 B]
phase2-backup-restore	Provision exact repository runtimes	2026-09-13T19:29:03.9268568Z Get:8 https://packages.microsoft.com/ubuntu/24.04/prod noble/main amd64 Packages [463 kB]
phase2-backup-restore	Provision exact repository runtimes	2026-09-13T19:29:03.9470149Z Hit:2 http://azure.archive.ubuntu.com/ubuntu noble InRelease
phase2-backup-restore	Provision exact repository runtimes	2026-09-13T19:29:03.9510951Z Get:9 https://packages.microsoft.com/ubuntu/24.04/prod noble/main arm64 Packages [414 kB]
phase2-backup-restore	Provision exact repository runtimes	2026-09-13T19:29:03.9530676Z Get:3 http://azure.archive.ubuntu.com/ubuntu noble-updates InRelease [126 kB]
phase2-backup-restore	Provision exact repository runtimes	2026-09-13T19:29:03.9575591Z Get:4 http://azure.archive.ubuntu.com/ubuntu noble-backports InRelease [126 kB]
phase2-backup-restore	Provision exact repository runtimes	2026-09-13T19:29:03.9622539Z Get:5 http://azure.archive.ubuntu.com/ubuntu noble-security InRelease [126 kB]
phase2-backup-restore	Provision exact repository runtimes	2026-09-13T19:29:04.0112922Z Get:10 https://dl.google.com/linux/chrome-stable/deb stable/main amd64 Packages [1408 B]
phase2-backup-restore	Provision exact repository runtimes	2026-09-13T19:29:04.0744444Z Get:11 https://apt.postgresql.org/pub/repos/apt noble-pgdg InRelease [189 kB]
phase2-backup-restore	Provision exact repository runtimes	2026-09-13T19:29:04.0950226Z Get:12 http://azure.archive.ubuntu.com/ubuntu noble-updates/main amd64 Packages [1263 kB]
phase2-backup-restore	Provision exact repository runtimes	2026-09-13T19:29:04.1026673Z Get:13 http://azure.archive.ubuntu.com/ubuntu noble-updates/main Translation-en [292 kB]
phase2-backup-restore	Provision exact repository runtimes	2026-09-13T19:29:04.1048340Z Get:14 http://azure.archive.ubuntu.com/ubuntu noble-updates/main amd64 Components [181 kB]
phase2-backup-restore	Provision exact repository runtimes	2026-09-13T19:29:04.1100740Z Get:15 http://azure.archive.ubuntu.com/ubuntu noble-updates/universe amd64 Packages [1690 kB]
phase2-backup-restore	Provision exact repository runtimes	2026-09-13T19:29:04.1148245Z Get:16 http://azure.archive.ubuntu.com/ubuntu noble-updates/universe amd64 Components [388 kB]
phase2-backup-restore	Provision exact repository runtimes	2026-09-13T19:29:04.1174151Z Get:17 http://azure.archive.ubuntu.com/ubuntu noble-updates/restricted amd64 Packages [1544 kB]
phase2-backup-restore	Provision exact repository runtimes	2026-09-13T19:29:04.1251223Z Get:18 http://azure.archive.ubuntu.com/ubuntu noble-updates/restricted Translation-en [354 kB]
phase2-backup-restore	Provision exact repository runtimes	2026-09-13T19:29:04.1273702Z Get:19 http://azure.archive.ubuntu.com/ubuntu noble-updates/multiverse amd64 Components [940 B]
phase2-backup-restore	Provision exact repository runtimes	2026-09-13T19:29:04.1563109Z Get:20 http://azure.archive.ubuntu.com/ubuntu noble-backports/main amd64 Components [5772 B]
phase2-backup-restore	Provision exact repository runtimes	2026-09-13T19:29:04.1572820Z Get:21 http://azure.archive.ubuntu.com/ubuntu noble-backports/universe amd64 Components [12.6 kB]
phase2-backup-restore	Provision exact repository runtimes	2026-09-13T19:29:04.2562878Z Get:22 http://azure.archive.ubuntu.com/ubuntu noble-security/main amd64 Packages [1006 kB]
phase2-backup-restore	Provision exact repository runtimes	2026-09-13T19:29:04.2642684Z Get:23 http://azure.archive.ubuntu.com/ubuntu noble-security/main Translation-en [213 kB]
phase2-backup-restore	Provision exact repository runtimes	2026-09-13T19:29:04.2661971Z Get:24 http://azure.archive.ubuntu.com/ubuntu noble-security/main amd64 Components [46.4 kB]
phase2-backup-restore	Provision exact repository runtimes	2026-09-13T19:29:04.2673423Z Get:25 http://azure.archive.ubuntu.com/ubuntu noble-security/universe amd64 Packages [1206 kB]
phase2-backup-restore	Provision exact repository runtimes	2026-09-13T19:29:04.2768056Z Get:26 http://azure.archive.ubuntu.com/ubuntu noble-security/universe amd64 Components [76.3 kB]
phase2-backup-restore	Provision exact repository runtimes	2026-09-13T19:29:04.2808899Z Get:27 http://azure.archive.ubuntu.com/ubuntu noble-security/restricted amd64 Packages [1445 kB]
phase2-backup-restore	Provision exact repository runtimes	2026-09-13T19:29:04.2883527Z Get:28 http://azure.archive.ubuntu.com/ubuntu noble-security/restricted Translation-en [336 kB]
phase2-backup-restore	Provision exact repository runtimes	2026-09-13T19:29:04.2951209Z Get:29 https://apt.postgresql.org/pub/repos/apt noble-pgdg/main amd64 Packages [825 kB]
phase2-backup-restore	Provision exact repository runtimes	2026-09-13T19:29:08.6067645Z Fetched 12.3 MB in 2s (8132 kB/s)
phase2-backup-restore	Provision exact repository runtimes	2026-09-13T19:29:09.3986562Z Reading package lists...
phase2-backup-restore	Provision exact repository runtimes	2026-09-13T19:29:09.4318902Z Reading package lists...
phase2-backup-restore	Provision exact repository runtimes	2026-09-13T19:29:09.6113193Z Building dependency tree...
phase2-backup-restore	Provision exact repository runtimes	2026-09-13T19:29:09.6120944Z Reading state information...
phase2-backup-restore	Provision exact repository runtimes	2026-09-13T19:29:09.7669224Z The following additional packages will be installed:
phase2-backup-restore	Provision exact repository runtimes	2026-09-13T19:29:09.7670720Z   liburing2 postgresql-18-jit postgresql-client-18
phase2-backup-restore	Provision exact repository runtimes	2026-09-13T19:29:09.7676698Z Suggested packages:
phase2-backup-restore	Provision exact repository runtimes	2026-09-13T19:29:09.7677054Z   postgresql-doc-18
phase2-backup-restore	Provision exact repository runtimes	2026-09-13T19:29:09.7893413Z The following NEW packages will be installed:
phase2-backup-restore	Provision exact repository runtimes	2026-09-13T19:29:09.7895297Z   liburing2 postgresql-18 postgresql-18-jit postgresql-client-18
phase2-backup-restore	Provision exact repository runtimes	2026-09-13T19:29:09.8124806Z 0 upgraded, 4 newly installed, 0 to remove and 50 not upgraded.
phase2-backup-restore	Provision exact repository runtimes	2026-09-13T19:29:09.8125413Z Need to get 19.6 MB of archives.
phase2-backup-restore	Provision exact repository runtimes	2026-09-13T19:29:09.8125872Z After this operation, 71.9 MB of additional disk space will be used.
phase2-backup-restore	Provision exact repository runtimes	2026-09-13T19:29:09.8126400Z Get:1 file:/etc/apt/apt-mirrors.txt Mirrorlist [144 B]
phase2-backup-restore	Provision exact repository runtimes	2026-09-13T19:29:09.8304029Z Get:2 http://azure.archive.ubuntu.com/ubuntu noble/main amd64 liburing2 amd64 2.5-1build1 [21.1 kB]
phase2-backup-restore	Provision exact repository runtimes	2026-09-13T19:29:09.8453565Z Get:3 https://apt.postgresql.org/pub/repos/apt noble-pgdg/main amd64 postgresql-client-18 amd64 18.6-1.pgdg24.04+2 [2114 kB]
phase2-backup-restore	Provision exact repository runtimes	2026-09-13T19:29:09.9016911Z Get:4 https://apt.postgresql.org/pub/repos/apt noble-pgdg/main amd64 postgresql-18 amd64 18.6-1.pgdg24.04+2 [7577 kB]
phase2-backup-restore	Provision exact repository runtimes	2026-09-13T19:29:09.9656827Z Get:5 https://apt.postgresql.org/pub/repos/apt noble-pgdg/main amd64 postgresql-18-jit amd64 18.6-1.pgdg24.04+2 [9924 kB]
phase2-backup-restore	Provision exact repository runtimes	2026-09-13T19:29:10.3232815Z Preconfiguring packages ...
phase2-backup-restore	Provision exact repository runtimes	2026-09-13T19:29:10.3737619Z Fetched 19.6 MB in 0s (65.5 MB/s)
phase2-backup-restore	Provision exact repository runtimes	2026-09-13T19:29:10.3946058Z Selecting previously unselected package liburing2:amd64.
phase2-backup-restore	Provision exact repository runtimes	2026-09-13T19:29:10.4164829Z (Reading database ... 
phase2-backup-restore	Provision exact repository runtimes	2026-09-13T19:29:10.4165330Z (Reading database ... 5%
phase2-backup-restore	Provision exact repository runtimes	2026-09-13T19:29:10.4165859Z (Reading database ... 10%
phase2-backup-restore	Provision exact repository runtimes	2026-09-13T19:29:10.4166392Z (Reading database ... 15%
phase2-backup-restore	Provision exact repository runtimes	2026-09-13T19:29:10.4166877Z (Reading database ... 20%
phase2-backup-restore	Provision exact repository runtimes	2026-09-13T19:29:10.4167408Z (Reading database ... 25%
phase2-backup-restore	Provision exact repository runtimes	2026-09-13T19:29:10.4168058Z (Reading database ... 30%
phase2-backup-restore	Provision exact repository runtimes	2026-09-13T19:29:10.4168323Z (Reading database ... 35%
phase2-backup-restore	Provision exact repository runtimes	2026-09-13T19:29:10.4168606Z (Reading database ... 40%
phase2-backup-restore	Provision exact repository runtimes	2026-09-13T19:29:10.4168868Z (Reading database ... 45%
phase2-backup-restore	Provision exact repository runtimes	2026-09-13T19:29:10.4169129Z (Reading database ... 50%
phase2-backup-restore	Provision exact repository runtimes	2026-09-13T19:29:10.4202966Z (Reading database ... 55%
phase2-backup-restore	Provision exact repository runtimes	2026-09-13T19:29:10.5296758Z (Reading database ... 60%
phase2-backup-restore	Provision exact repository runtimes	2026-09-13T19:29:10.7283663Z (Reading database ... 65%
phase2-backup-restore	Provision exact repository runtimes	2026-09-13T19:29:10.8936778Z (Reading database ... 70%
phase2-backup-restore	Provision exact repository runtimes	2026-09-13T19:29:11.0280329Z (Reading database ... 75%
phase2-backup-restore	Provision exact repository runtimes	2026-09-13T19:29:11.2026750Z (Reading database ... 80%
phase2-backup-restore	Provision exact repository runtimes	2026-09-13T19:29:11.3741133Z (Reading database ... 85%
phase2-backup-restore	Provision exact repository runtimes	2026-09-13T19:29:11.4746128Z (Reading database ... 90%
phase2-backup-restore	Provision exact repository runtimes	2026-09-13T19:29:11.5979412Z (Reading database ... 95%
phase2-backup-restore	Provision exact repository runtimes	2026-09-13T19:29:11.5980071Z (Reading database ... 100%
phase2-backup-restore	Provision exact repository runtimes	2026-09-13T19:29:11.5980744Z (Reading database ... 201818 files and directories currently installed.)
phase2-backup-restore	Provision exact repository runtimes	2026-09-13T19:29:11.6025053Z Preparing to unpack .../liburing2_2.5-1build1_amd64.deb ...
phase2-backup-restore	Provision exact repository runtimes	2026-09-13T19:29:11.6059369Z Unpacking liburing2:amd64 (2.5-1build1) ...
phase2-backup-restore	Provision exact repository runtimes	2026-09-13T19:29:11.6489820Z Selecting previously unselected package postgresql-client-18.
phase2-backup-restore	Provision exact repository runtimes	2026-09-13T19:29:11.6618216Z Preparing to unpack .../postgresql-client-18_18.6-1.pgdg24.04+2_amd64.deb ...
phase2-backup-restore	Provision exact repository runtimes	2026-09-13T19:29:11.6624905Z Unpacking postgresql-client-18 (18.6-1.pgdg24.04+2) ...
phase2-backup-restore	Provision exact repository runtimes	2026-09-13T19:29:11.8473364Z Selecting previously unselected package postgresql-18.
phase2-backup-restore	Provision exact repository runtimes	2026-09-13T19:29:11.8642674Z Preparing to unpack .../postgresql-18_18.6-1.pgdg24.04+2_amd64.deb ...
phase2-backup-restore	Provision exact repository runtimes	2026-09-13T19:29:11.8672630Z Unpacking postgresql-18 (18.6-1.pgdg24.04+2) ...
phase2-backup-restore	Provision exact repository runtimes	2026-09-13T19:29:12.3473733Z Selecting previously unselected package postgresql-18-jit.
phase2-backup-restore	Provision exact repository runtimes	2026-09-13T19:29:12.3607464Z Preparing to unpack .../postgresql-18-jit_18.6-1.pgdg24.04+2_amd64.deb ...
phase2-backup-restore	Provision exact repository runtimes	2026-09-13T19:29:12.3613976Z Unpacking postgresql-18-jit (18.6-1.pgdg24.04+2) ...
phase2-backup-restore	Provision exact repository runtimes	2026-09-13T19:29:13.0328350Z Setting up postgresql-client-18 (18.6-1.pgdg24.04+2) ...
phase2-backup-restore	Provision exact repository runtimes	2026-09-13T19:29:13.4174514Z update-alternatives: using /usr/share/postgresql/18/man/man1/psql.1.gz to provide /usr/share/man/man1/psql.1.gz (psql.1.gz) in auto mode
phase2-backup-restore	Provision exact repository runtimes	2026-09-13T19:29:13.4419375Z Setting up liburing2:amd64 (2.5-1build1) ...
phase2-backup-restore	Provision exact repository runtimes	2026-09-13T19:29:13.4459118Z Setting up postgresql-18 (18.6-1.pgdg24.04+2) ...
phase2-backup-restore	Provision exact repository runtimes	2026-09-13T19:29:14.2845224Z Setting up postgresql-18-jit (18.6-1.pgdg24.04+2) ...
phase2-backup-restore	Provision exact repository runtimes	2026-09-13T19:29:14.2866160Z Processing triggers for libc-bin (2.39-0ubuntu8.8) ...
phase2-backup-restore	Provision exact repository runtimes	2026-09-13T19:29:14.3163760Z Processing triggers for postgresql-common (293.pgdg24.04+1) ...
phase2-backup-restore	Provision exact repository runtimes	2026-09-13T19:29:14.4218046Z Building PostgreSQL dictionaries from installed myspell/hunspell packages...
phase2-backup-restore	Provision exact repository runtimes	2026-09-13T19:29:14.4222971Z   en_us
phase2-backup-restore	Provision exact repository runtimes	2026-09-13T19:29:14.4541586Z Removing obsolete dictionary files:
phase2-backup-restore	Provision exact repository runtimes	2026-09-13T19:29:15.0653815Z 
phase2-backup-restore	Provision exact repository runtimes	2026-09-13T19:29:15.0654510Z Running kernel seems to be up-to-date.
phase2-backup-restore	Provision exact repository runtimes	2026-09-13T19:29:15.0654905Z 
phase2-backup-restore	Provision exact repository runtimes	2026-09-13T19:29:15.0655134Z No services need to be restarted.
phase2-backup-restore	Provision exact repository runtimes	2026-09-13T19:29:15.0655464Z 
phase2-backup-restore	Provision exact repository runtimes	2026-09-13T19:29:15.0655700Z No containers need to be restarted.
phase2-backup-restore	Provision exact repository runtimes	2026-09-13T19:29:15.0655981Z 
phase2-backup-restore	Provision exact repository runtimes	2026-09-13T19:29:15.0656252Z No user sessions are running outdated binaries.
phase2-backup-restore	Provision exact repository runtimes	2026-09-13T19:29:15.0656594Z 
phase2-backup-restore	Provision exact repository runtimes	2026-09-13T19:29:15.0660829Z No VM guests are running outdated hypervisor (qemu) binaries on this host.
phase2-backup-restore	Provision exact repository runtimes	2026-09-13T19:29:16.4061633Z Runtime preflight passed: Elixir 1.20.2, OTP 29.0.5, PostgreSQL 18.6
phase2-backup-restore	Provision exact repository runtimes	2026-09-13T19:29:16.5371863Z ! Corepack is about to download https://registry.npmjs.org/pnpm/-/pnpm-10.33.0.tgz
phase2-backup-restore	Provision exact repository runtimes	2026-09-13T19:29:17.3917891Z Scope: all 4 workspace projects
phase2-backup-restore	Provision exact repository runtimes	2026-09-13T19:29:17.4737175Z Lockfile is up to date, resolution step is skipped
phase2-backup-restore	Provision exact repository runtimes	2026-09-13T19:29:18.4316035Z Packages: +2 -47
phase2-backup-restore	Provision exact repository runtimes	2026-09-13T19:29:18.4316759Z ++-----------------------------------------------
phase2-backup-restore	Provision exact repository runtimes	2026-09-13T19:29:18.8284036Z Progress: resolved 0, reused 0, downloaded 1, added 0
phase2-backup-restore	Provision exact repository runtimes	2026-09-13T19:29:19.8342007Z Progress: resolved 0, reused 0, downloaded 29, added 0
phase2-backup-restore	Provision exact repository runtimes	2026-09-13T19:29:20.3274524Z Progress: resolved 0, reused 0, downloaded 48, added 2, done
phase2-backup-restore	Provision exact repository runtimes	2026-09-13T19:29:20.4919229Z 
phase2-backup-restore	Provision exact repository runtimes	2026-09-13T19:29:20.5752286Z Done in 3.5s using pnpm v10.33.0
phase2-backup-restore	Provision exact repository runtimes	2026-09-13T19:29:21.0701613Z Runtime preflight passed: Elixir 1.20.2, OTP 29.0.5, PostgreSQL 18.6
phase2-backup-restore	Provision exact repository runtimes	2026-09-13T19:29:21.8289040Z * creating /home/runner/.mix/archives/hex-2.5.1
phase2-backup-restore	Provision exact repository runtimes	2026-09-13T19:29:22.2996900Z Resolving Hex dependencies...
phase2-backup-restore	Provision exact repository runtimes	2026-09-13T19:29:22.4274719Z Resolution completed in 0.126s
phase2-backup-restore	Provision exact repository runtimes	2026-09-13T19:29:22.4487755Z Unchanged:
phase2-backup-restore	Provision exact repository runtimes	2026-09-13T19:29:22.4488438Z   argon2_elixir 4.1.3
phase2-backup-restore	Provision exact repository runtimes	2026-09-13T19:29:22.4497786Z   bandit 1.12.5
phase2-backup-restore	Provision exact repository runtimes	2026-09-13T19:29:22.4498179Z   certifi 2.17.0
phase2-backup-restore	Provision exact repository runtimes	2026-09-13T19:29:22.4498540Z   comeonin 5.5.1
phase2-backup-restore	Provision exact repository runtimes	2026-09-13T19:29:22.4498921Z   db_connection 2.10.2
phase2-backup-restore	Provision exact repository runtimes	2026-09-13T19:29:22.4499292Z   decimal 3.1.1
phase2-backup-restore	Provision exact repository runtimes	2026-09-13T19:29:22.4499847Z   dns_cluster 0.2.0
phase2-backup-restore	Provision exact repository runtimes	2026-09-13T19:29:22.4500084Z   ecto 3.14.2
phase2-backup-restore	Provision exact repository runtimes	2026-09-13T19:29:22.4500304Z   ecto_sql 3.14.0
phase2-backup-restore	Provision exact repository runtimes	2026-09-13T19:29:22.4500542Z   elixir_make 0.10.0
phase2-backup-restore	Provision exact repository runtimes	2026-09-13T19:29:22.4500779Z   expo 1.1.1
phase2-backup-restore	Provision exact repository runtimes	2026-09-13T19:29:22.4500997Z   gettext 1.0.2
phase2-backup-restore	Provision exact repository runtimes	2026-09-13T19:29:22.4501230Z   h2 0.12.0
phase2-backup-restore	Provision exact repository runtimes	2026-09-13T19:29:22.4501443Z   hackney 4.7.4
phase2-backup-restore	Provision exact repository runtimes	2026-09-13T19:29:22.4501666Z   hammer 7.4.1
phase2-backup-restore	Provision exact repository runtimes	2026-09-13T19:29:22.4501892Z   hex_core 0.15.0
phase2-backup-restore	Provision exact repository runtimes	2026-09-13T19:29:22.4502113Z   hpax 1.0.4
phase2-backup-restore	Provision exact repository runtimes	2026-09-13T19:29:22.4502317Z   idna 7.1.0
phase2-backup-restore	Provision exact repository runtimes	2026-09-13T19:29:22.4502533Z   jason 1.4.5
phase2-backup-restore	Provision exact repository runtimes	2026-09-13T19:29:22.4502737Z   mime 2.0.7
phase2-backup-restore	Provision exact repository runtimes	2026-09-13T19:29:22.4502937Z   mimerl 1.5.0
phase2-backup-restore	Provision exact repository runtimes	2026-09-13T19:29:22.4503166Z   optimus 0.6.1
phase2-backup-restore	Provision exact repository runtimes	2026-09-13T19:29:22.4503392Z   parse_trans 3.4.2
phase2-backup-restore	Provision exact repository runtimes	2026-09-13T19:29:22.4503617Z   phoenix 1.8.13
phase2-backup-restore	Provision exact repository runtimes	2026-09-13T19:29:22.4503844Z   phoenix_ecto 4.7.0
phase2-backup-restore	Provision exact repository runtimes	2026-09-13T19:29:22.4504093Z   phoenix_pubsub 2.3.0
phase2-backup-restore	Provision exact repository runtimes	2026-09-13T19:29:22.4504457Z   phoenix_template 1.0.4
phase2-backup-restore	Provision exact repository runtimes	2026-09-13T19:29:22.4504838Z   plug 1.20.3
phase2-backup-restore	Provision exact repository runtimes	2026-09-13T19:29:22.4505058Z   plug_crypto 2.2.0
phase2-backup-restore	Provision exact repository runtimes	2026-09-13T19:29:22.4505607Z   postgrex 0.22.4
phase2-backup-restore	Provision exact repository runtimes	2026-09-13T19:29:22.4505834Z   protobuf 0.16.1
phase2-backup-restore	Provision exact repository runtimes	2026-09-13T19:29:22.4506056Z   purl 0.3.0
phase2-backup-restore	Provision exact repository runtimes	2026-09-13T19:29:22.4506271Z   quic 1.8.2
phase2-backup-restore	Provision exact repository runtimes	2026-09-13T19:29:22.4506500Z   sbom 0.10.0
phase2-backup-restore	Provision exact repository runtimes	2026-09-13T19:29:22.4506721Z   ssl_verify_fun 1.1.7
phase2-backup-restore	Provision exact repository runtimes	2026-09-13T19:29:22.4507114Z   stream_data 1.4.0
phase2-backup-restore	Provision exact repository runtimes	2026-09-13T19:29:22.4507350Z   telemetry 1.4.2
phase2-backup-restore	Provision exact repository runtimes	2026-09-13T19:29:22.4507581Z   telemetry_metrics 1.2.0
phase2-backup-restore	Provision exact repository runtimes	2026-09-13T19:29:22.4507839Z   telemetry_poller 1.3.0
phase2-backup-restore	Provision exact repository runtimes	2026-09-13T19:29:22.4508205Z   thousand_island 1.5.0
phase2-backup-restore	Provision exact repository runtimes	2026-09-13T19:29:22.4508481Z   tzdata 1.1.5
phase2-backup-restore	Provision exact repository runtimes	2026-09-13T19:29:22.4508812Z   websock 0.5.3
phase2-backup-restore	Provision exact repository runtimes	2026-09-13T19:29:22.4509043Z   websock_adapter 0.6.0
phase2-backup-restore	Provision exact repository runtimes	2026-09-13T19:29:22.4509388Z   webtransport 0.4.5
phase2-backup-restore	Provision exact repository runtimes	2026-09-13T19:29:22.5709364Z * creating /home/runner/.mix/elixir/1-20-otp-29/rebar3
phase2-backup-restore	Provision exact repository runtimes	2026-09-13T19:29:22.6206068Z All dependencies have been fetched
phase2-backup-restore	Run exact Phase 2 lane	﻿2026-09-13T19:29:22.6544201Z ##[group]Run set -o pipefail
phase2-backup-restore	Run exact Phase 2 lane	2026-09-13T19:29:22.6544582Z ^[[36;1mset -o pipefail^[[0m
phase2-backup-restore	Run exact Phase 2 lane	2026-09-13T19:29:22.6545032Z ^[[36;1m./tooling/test-phase-2.sh --lane "backup-restore" | tee "$RUNNER_TEMP/backup-restore.txt"^[[0m
phase2-backup-restore	Run exact Phase 2 lane	2026-09-13T19:29:22.6545593Z ^[[36;1m./tooling/verify-privacy.sh "$RUNNER_TEMP/backup-restore.txt"^[[0m
phase2-backup-restore	Run exact Phase 2 lane	2026-09-13T19:29:22.6585464Z shell: /usr/bin/bash -e {0}
phase2-backup-restore	Run exact Phase 2 lane	2026-09-13T19:29:22.6585749Z env:
phase2-backup-restore	Run exact Phase 2 lane	2026-09-13T19:29:22.6585975Z   KEEPLING_PHASE2_SEED: 20260901
phase2-backup-restore	Run exact Phase 2 lane	2026-09-13T19:29:22.6586361Z   KEEPLING_FLAKE_POLICY: no-retry; quarantine-requires-owner-issue-expiry
phase2-backup-restore	Run exact Phase 2 lane	2026-09-13T19:29:22.6586761Z ##[endgroup]
phase2-backup-restore	Run exact Phase 2 lane	2026-09-13T19:29:22.7311559Z lane=backup-restore status=RUNNING command=./tooling/verify-backup.sh and three ./tooling/verify-restore.sh fixtures cases=4 seed=20260901 inputs_sha256=d8a1ae0c06fd36a5daef7c2f88d22dfb8943b3c4f70b0b9b07223de7fa9c9422
phase2-backup-restore	Run exact Phase 2 lane	2026-09-13T19:29:44.5078557Z lane=backup-restore status=PASS command=./tooling/verify-backup.sh and three ./tooling/verify-restore.sh fixtures cases=4 seed=20260901 elapsed_ms=21776 inputs_sha256=d8a1ae0c06fd36a5daef7c2f88d22dfb8943b3c4f70b0b9b07223de7fa9c9422
phase2-backup-restore	Run exact Phase 2 lane	2026-09-13T19:29:44.5224936Z Privacy verification passed: artifacts=1 sentinels=7
phase2-backup-restore	Run actions/upload-artifact@ea165f8d65b6e75b540449e92b4886f43607fa02	﻿2026-09-13T19:29:44.5300224Z Node 20 is being deprecated. This workflow is running with Node 24 by default. If you need to temporarily use Node 20, you can set the ACTIONS_ALLOW_USE_UNSECURE_NODE_VERSION=true environment variable. For more information see: https://github.blog/changelog/2025-09-19-deprecation-of-node-20-on-github-actions-runners/
phase2-backup-restore	Run actions/upload-artifact@ea165f8d65b6e75b540449e92b4886f43607fa02	2026-09-13T19:29:44.5301561Z ##[group]Run actions/upload-artifact@ea165f8d65b6e75b540449e92b4886f43607fa02
phase2-backup-restore	Run actions/upload-artifact@ea165f8d65b6e75b540449e92b4886f43607fa02	2026-09-13T19:29:44.5301944Z with:
phase2-backup-restore	Run actions/upload-artifact@ea165f8d65b6e75b540449e92b4886f43607fa02	2026-09-13T19:29:44.5302175Z   name: phase2-backup-restore-timing
phase2-backup-restore	Run actions/upload-artifact@ea165f8d65b6e75b540449e92b4886f43607fa02	2026-09-13T19:29:44.5302510Z   path: /home/runner/work/_temp/backup-restore.txt
phase2-backup-restore	Run actions/upload-artifact@ea165f8d65b6e75b540449e92b4886f43607fa02	2026-09-13T19:29:44.5302837Z   if-no-files-found: error
phase2-backup-restore	Run actions/upload-artifact@ea165f8d65b6e75b540449e92b4886f43607fa02	2026-09-13T19:29:44.5303086Z   retention-days: 14
phase2-backup-restore	Run actions/upload-artifact@ea165f8d65b6e75b540449e92b4886f43607fa02	2026-09-13T19:29:44.5303313Z   compression-level: 6
phase2-backup-restore	Run actions/upload-artifact@ea165f8d65b6e75b540449e92b4886f43607fa02	2026-09-13T19:29:44.5303547Z   overwrite: false
phase2-backup-restore	Run actions/upload-artifact@ea165f8d65b6e75b540449e92b4886f43607fa02	2026-09-13T19:29:44.5303788Z   include-hidden-files: false
phase2-backup-restore	Run actions/upload-artifact@ea165f8d65b6e75b540449e92b4886f43607fa02	2026-09-13T19:29:44.5304030Z env:
phase2-backup-restore	Run actions/upload-artifact@ea165f8d65b6e75b540449e92b4886f43607fa02	2026-09-13T19:29:44.5304239Z   KEEPLING_PHASE2_SEED: 20260901
phase2-backup-restore	Run actions/upload-artifact@ea165f8d65b6e75b540449e92b4886f43607fa02	2026-09-13T19:29:44.5304631Z   KEEPLING_FLAKE_POLICY: no-retry; quarantine-requires-owner-issue-expiry
phase2-backup-restore	Run actions/upload-artifact@ea165f8d65b6e75b540449e92b4886f43607fa02	2026-09-13T19:29:44.5305055Z ##[endgroup]
phase2-backup-restore	Run actions/upload-artifact@ea165f8d65b6e75b540449e92b4886f43607fa02	2026-09-13T19:29:44.7017253Z (node:8606) [DEP0040] DeprecationWarning: The `punycode` module is deprecated. Please use a userland alternative instead.
phase2-backup-restore	Run actions/upload-artifact@ea165f8d65b6e75b540449e92b4886f43607fa02	2026-09-13T19:29:44.7018633Z (Use `node --trace-deprecation ...` to show where the warning was created)
phase2-backup-restore	Run actions/upload-artifact@ea165f8d65b6e75b540449e92b4886f43607fa02	2026-09-13T19:29:44.7063314Z With the provided path, there will be 1 file uploaded
phase2-backup-restore	Run actions/upload-artifact@ea165f8d65b6e75b540449e92b4886f43607fa02	2026-09-13T19:29:44.7067571Z Artifact name is valid!
phase2-backup-restore	Run actions/upload-artifact@ea165f8d65b6e75b540449e92b4886f43607fa02	2026-09-13T19:29:44.7068188Z Root directory input is valid!
phase2-backup-restore	Run actions/upload-artifact@ea165f8d65b6e75b540449e92b4886f43607fa02	2026-09-13T19:29:44.9316774Z Beginning upload of artifact content to blob storage
phase2-backup-restore	Run actions/upload-artifact@ea165f8d65b6e75b540449e92b4886f43607fa02	2026-09-13T19:29:44.9480937Z (node:8606) [DEP0169] DeprecationWarning: `url.parse()` behavior is not standardized and prone to errors that have security implications. Use the WHATWG URL API instead. CVEs are not issued for `url.parse()` vulnerabilities.
phase2-backup-restore	Run actions/upload-artifact@ea165f8d65b6e75b540449e92b4886f43607fa02	2026-09-13T19:29:44.9996234Z Uploaded bytes 346
phase2-backup-restore	Run actions/upload-artifact@ea165f8d65b6e75b540449e92b4886f43607fa02	2026-09-13T19:29:45.0178727Z Finished uploading artifact content to blob storage!
phase2-backup-restore	Run actions/upload-artifact@ea165f8d65b6e75b540449e92b4886f43607fa02	2026-09-13T19:29:45.0180069Z SHA256 digest of uploaded artifact zip is c2d5dab8133292361f86286b6142f099bd64164639f246332b44d418b162eac5
phase2-backup-restore	Run actions/upload-artifact@ea165f8d65b6e75b540449e92b4886f43607fa02	2026-09-13T19:29:45.0181416Z Finalizing artifact upload
phase2-backup-restore	Run actions/upload-artifact@ea165f8d65b6e75b540449e92b4886f43607fa02	2026-09-13T19:29:45.1936518Z Artifact phase2-backup-restore-timing.zip successfully finalized. Artifact ID 10323734177
phase2-backup-restore	Run actions/upload-artifact@ea165f8d65b6e75b540449e92b4886f43607fa02	2026-09-13T19:29:45.1937478Z Artifact phase2-backup-restore-timing has been successfully uploaded! Final size is 346 bytes. Artifact ID is 10323734177
phase2-backup-restore	Run actions/upload-artifact@ea165f8d65b6e75b540449e92b4886f43607fa02	2026-09-13T19:29:45.1943257Z Artifact download URL: https://github.com/szTheory/keepling/actions/runs/34777805271/artifacts/10323734177
phase2-backup-restore	Post Run actions/cache@0400d5f644dc74513175e3cd8d07132dd4860809	﻿2026-09-13T19:29:45.2730608Z Node 20 is being deprecated. This workflow is running with Node 24 by default. If you need to temporarily use Node 20, you can set the ACTIONS_ALLOW_USE_UNSECURE_NODE_VERSION=true environment variable. For more information see: https://github.blog/changelog/2025-09-19-deprecation-of-node-20-on-github-actions-runners/
phase2-backup-restore	Post Run actions/cache@0400d5f644dc74513175e3cd8d07132dd4860809	2026-09-13T19:29:45.2731869Z Post job cleanup.
phase2-backup-restore	Post Run actions/cache@0400d5f644dc74513175e3cd8d07132dd4860809	2026-09-13T19:29:45.3836763Z Cache hit occurred on the primary key phase2-Linux-backup-restore-45b3b35ef45f5d65ae586b2b25dfb93049c099ec9870f23270bda4b35fe975d3, not saving cache.
phase2-backup-restore	Post Run actions/cache@0400d5f644dc74513175e3cd8d07132dd4860809	2026-09-13T19:29:45.3838374Z (node:8630) [DEP0040] DeprecationWarning: The `punycode` module is deprecated. Please use a userland alternative instead.
phase2-backup-restore	Post Run actions/cache@0400d5f644dc74513175e3cd8d07132dd4860809	2026-09-13T19:29:45.3894015Z (Use `node --trace-deprecation ...` to show where the warning was created)
phase2-backup-restore	Post Run actions/setup-node@49933ea5288caeca8642d1e84afbd3f7d6820020	﻿2026-09-13T19:29:45.3948925Z Node 20 is being deprecated. This workflow is running with Node 24 by default. If you need to temporarily use Node 20, you can set the ACTIONS_ALLOW_USE_UNSECURE_NODE_VERSION=true environment variable. For more information see: https://github.blog/changelog/2025-09-19-deprecation-of-node-20-on-github-actions-runners/
phase2-backup-restore	Post Run actions/setup-node@49933ea5288caeca8642d1e84afbd3f7d6820020	2026-09-13T19:29:45.3950336Z Post job cleanup.
phase2-backup-restore	Post Run actions/setup-node@49933ea5288caeca8642d1e84afbd3f7d6820020	2026-09-13T19:29:45.5189789Z (node:8638) [DEP0040] DeprecationWarning: The `punycode` module is deprecated. Please use a userland alternative instead.
phase2-backup-restore	Post Run actions/setup-node@49933ea5288caeca8642d1e84afbd3f7d6820020	2026-09-13T19:29:45.5190674Z (Use `node --trace-deprecation ...` to show where the warning was created)
phase2-backup-restore	Post Run actions/checkout@34e114876b0b11c390a56381ad16ebd13914f8d5	﻿2026-09-13T19:29:45.5346829Z Node 20 is being deprecated. This workflow is running with Node 24 by default. If you need to temporarily use Node 20, you can set the ACTIONS_ALLOW_USE_UNSECURE_NODE_VERSION=true environment variable. For more information see: https://github.blog/changelog/2025-09-19-deprecation-of-node-20-on-github-actions-runners/
phase2-backup-restore	Post Run actions/checkout@34e114876b0b11c390a56381ad16ebd13914f8d5	2026-09-13T19:29:45.5348028Z Post job cleanup.
phase2-backup-restore	Post Run actions/checkout@34e114876b0b11c390a56381ad16ebd13914f8d5	2026-09-13T19:29:45.6192641Z [command]/usr/bin/git version
phase2-backup-restore	Post Run actions/checkout@34e114876b0b11c390a56381ad16ebd13914f8d5	2026-09-13T19:29:45.6229410Z git version 2.55.0
phase2-backup-restore	Post Run actions/checkout@34e114876b0b11c390a56381ad16ebd13914f8d5	2026-09-13T19:29:45.6262865Z Temporarily overriding HOME='/home/runner/work/_temp/3f28c6c4-f1d2-4613-b6e6-8abeed97a639' before making global git config changes
phase2-backup-restore	Post Run actions/checkout@34e114876b0b11c390a56381ad16ebd13914f8d5	2026-09-13T19:29:45.6264198Z Adding repository directory to the temporary git global config as a safe directory
phase2-backup-restore	Post Run actions/checkout@34e114876b0b11c390a56381ad16ebd13914f8d5	2026-09-13T19:29:45.6267895Z [command]/usr/bin/git config --global --add safe.directory /home/runner/work/keepling/keepling
phase2-backup-restore	Post Run actions/checkout@34e114876b0b11c390a56381ad16ebd13914f8d5	2026-09-13T19:29:45.6307174Z [command]/usr/bin/git config --local --name-only --get-regexp core\.sshCommand
phase2-backup-restore	Post Run actions/checkout@34e114876b0b11c390a56381ad16ebd13914f8d5	2026-09-13T19:29:45.6340167Z [command]/usr/bin/git submodule foreach --recursive sh -c "git config --local --name-only --get-regexp 'core\.sshCommand' && git config --local --unset-all 'core.sshCommand' || :"
phase2-backup-restore	Post Run actions/checkout@34e114876b0b11c390a56381ad16ebd13914f8d5	2026-09-13T19:29:45.6580603Z [command]/usr/bin/git config --local --name-only --get-regexp http\.https\:\/\/github\.com\/\.extraheader
phase2-backup-restore	Post Run actions/checkout@34e114876b0b11c390a56381ad16ebd13914f8d5	2026-09-13T19:29:45.6605515Z http.https://github.com/.extraheader
phase2-backup-restore	Post Run actions/checkout@34e114876b0b11c390a56381ad16ebd13914f8d5	2026-09-13T19:29:45.6616762Z [command]/usr/bin/git config --local --unset-all http.https://github.com/.extraheader
phase2-backup-restore	Post Run actions/checkout@34e114876b0b11c390a56381ad16ebd13914f8d5	2026-09-13T19:29:45.6648213Z [command]/usr/bin/git submodule foreach --recursive sh -c "git config --local --name-only --get-regexp 'http\.https\:\/\/github\.com\/\.extraheader' && git config --local --unset-all 'http.https://github.com/.extraheader' || :"
phase2-backup-restore	Post Run actions/checkout@34e114876b0b11c390a56381ad16ebd13914f8d5	2026-09-13T19:29:45.6884458Z [command]/usr/bin/git config --local --name-only --get-regexp ^includeIf\.gitdir:
phase2-backup-restore	Post Run actions/checkout@34e114876b0b11c390a56381ad16ebd13914f8d5	2026-09-13T19:29:45.6918127Z [command]/usr/bin/git submodule foreach --recursive git config --local --show-origin --name-only --get-regexp remote.origin.url
phase2-backup-restore	Complete job	﻿2026-09-13T19:29:45.7321926Z Cleaning up orphan processes
phase2-backup-restore	Complete job	2026-09-13T19:29:45.7624236Z ##[warning]Node.js 20 is deprecated. The following actions target Node.js 20 but are being forced to run on Node.js 24: actions/cache@0400d5f644dc74513175e3cd8d07132dd4860809, actions/checkout@34e114876b0b11c390a56381ad16ebd13914f8d5, actions/setup-node@49933ea5288caeca8642d1e84afbd3f7d6820020, actions/upload-artifact@ea165f8d65b6e75b540449e92b4886f43607fa02. For more information see: https://github.blog/changelog/2025-09-19-deprecation-of-node-20-on-github-actions-runners/
phase2-server	Set up job	﻿2026-09-13T19:29:00.4422249Z Current runner version: '2.337.0'
phase2-server	Set up job	2026-09-13T19:29:00.4447586Z ##[group]Runner Image Provisioner
phase2-server	Set up job	2026-09-13T19:29:00.4448465Z Hosted Compute Agent
phase2-server	Set up job	2026-09-13T19:29:00.4449166Z Version: 20260828.587
phase2-server	Set up job	2026-09-13T19:29:00.4449811Z Commit: abac92662cab4cc7352de4f9f9d2e2419aad9c29
phase2-server	Set up job	2026-09-13T19:29:00.4450624Z Build Date: 2026-08-28T16:44:25Z
phase2-server	Set up job	2026-09-13T19:29:00.4451377Z Worker ID: {260141dd-a982-40e5-95b6-9a2958a3b1cd}
phase2-server	Set up job	2026-09-13T19:29:00.4452079Z Azure Region: westus
phase2-server	Set up job	2026-09-13T19:29:00.4452726Z ##[endgroup]
phase2-server	Set up job	2026-09-13T19:29:00.4454598Z ##[group]Operating System
phase2-server	Set up job	2026-09-13T19:29:00.4455364Z Ubuntu
phase2-server	Set up job	2026-09-13T19:29:00.4455919Z 24.04.5
phase2-server	Set up job	2026-09-13T19:29:00.4456438Z LTS
phase2-server	Set up job	2026-09-13T19:29:00.4457012Z ##[endgroup]
phase2-server	Set up job	2026-09-13T19:29:00.4457578Z ##[group]Runner Image
phase2-server	Set up job	2026-09-13T19:29:00.4458529Z Image: ubuntu-24.04
phase2-server	Set up job	2026-09-13T19:29:00.4459247Z Version: 20260907.300.1
phase2-server	Set up job	2026-09-13T19:29:00.4460353Z Included Software: https://github.com/actions/runner-images/blob/ubuntu24/20260907.300/images/ubuntu/Ubuntu2404-Readme.md
phase2-server	Set up job	2026-09-13T19:29:00.4462171Z Image Release: https://github.com/actions/runner-images/releases/tag/ubuntu24%2F20260907.300
phase2-server	Set up job	2026-09-13T19:29:00.4463290Z ##[endgroup]
phase2-server	Set up job	2026-09-13T19:29:00.4464847Z ##[group]GITHUB_TOKEN Permissions
phase2-server	Set up job	2026-09-13T19:29:00.4467065Z Contents: read
phase2-server	Set up job	2026-09-13T19:29:00.4467738Z Metadata: read
phase2-server	Set up job	2026-09-13T19:29:00.4468425Z ##[endgroup]
phase2-server	Set up job	2026-09-13T19:29:00.4470576Z Secret source: Actions
phase2-server	Set up job	2026-09-13T19:29:00.4471576Z Cache mode: write
phase2-server	Set up job	2026-09-13T19:29:00.4472333Z Prepare workflow directory
phase2-server	Set up job	2026-09-13T19:29:00.4870405Z Prepare all required actions
phase2-server	Set up job	2026-09-13T19:29:00.4920274Z Getting action download info
phase2-server	Set up job	2026-09-13T19:29:00.8388874Z Download action repository 'actions/checkout@34e114876b0b11c390a56381ad16ebd13914f8d5' (SHA:34e114876b0b11c390a56381ad16ebd13914f8d5)
phase2-server	Set up job	2026-09-13T19:29:00.9697634Z Download action repository 'actions/setup-node@49933ea5288caeca8642d1e84afbd3f7d6820020' (SHA:49933ea5288caeca8642d1e84afbd3f7d6820020)
phase2-server	Set up job	2026-09-13T19:29:01.0557371Z Download action repository 'actions/cache@0400d5f644dc74513175e3cd8d07132dd4860809' (SHA:0400d5f644dc74513175e3cd8d07132dd4860809)
phase2-server	Set up job	2026-09-13T19:29:01.2428539Z Download action repository 'actions/upload-artifact@ea165f8d65b6e75b540449e92b4886f43607fa02' (SHA:ea165f8d65b6e75b540449e92b4886f43607fa02)
phase2-server	Set up job	2026-09-13T19:29:01.4637729Z Complete job name: phase2-server
phase2-server	Run actions/checkout@34e114876b0b11c390a56381ad16ebd13914f8d5	﻿2026-09-13T19:29:01.5439440Z Node 20 is being deprecated. This workflow is running with Node 24 by default. If you need to temporarily use Node 20, you can set the ACTIONS_ALLOW_USE_UNSECURE_NODE_VERSION=true environment variable. For more information see: https://github.blog/changelog/2025-09-19-deprecation-of-node-20-on-github-actions-runners/
phase2-server	Run actions/checkout@34e114876b0b11c390a56381ad16ebd13914f8d5	2026-09-13T19:29:01.5448404Z ##[group]Run actions/checkout@34e114876b0b11c390a56381ad16ebd13914f8d5
phase2-server	Run actions/checkout@34e114876b0b11c390a56381ad16ebd13914f8d5	2026-09-13T19:29:01.5449432Z with:
phase2-server	Run actions/checkout@34e114876b0b11c390a56381ad16ebd13914f8d5	2026-09-13T19:29:01.5449943Z   repository: szTheory/keepling
phase2-server	Run actions/checkout@34e114876b0b11c390a56381ad16ebd13914f8d5	2026-09-13T19:29:01.5454339Z   token: ***
phase2-server	Run actions/checkout@34e114876b0b11c390a56381ad16ebd13914f8d5	2026-09-13T19:29:01.5454898Z   ssh-strict: true
phase2-server	Run actions/checkout@34e114876b0b11c390a56381ad16ebd13914f8d5	2026-09-13T19:29:01.5455394Z   ssh-user: git
phase2-server	Run actions/checkout@34e114876b0b11c390a56381ad16ebd13914f8d5	2026-09-13T19:29:01.5455895Z   persist-credentials: true
phase2-server	Run actions/checkout@34e114876b0b11c390a56381ad16ebd13914f8d5	2026-09-13T19:29:01.5456463Z   clean: true
phase2-server	Run actions/checkout@34e114876b0b11c390a56381ad16ebd13914f8d5	2026-09-13T19:29:01.5456949Z   sparse-checkout-cone-mode: true
phase2-server	Run actions/checkout@34e114876b0b11c390a56381ad16ebd13914f8d5	2026-09-13T19:29:01.5457512Z   fetch-depth: 1
phase2-server	Run actions/checkout@34e114876b0b11c390a56381ad16ebd13914f8d5	2026-09-13T19:29:01.5457992Z   fetch-tags: false
phase2-server	Run actions/checkout@34e114876b0b11c390a56381ad16ebd13914f8d5	2026-09-13T19:29:01.5458484Z   show-progress: true
phase2-server	Run actions/checkout@34e114876b0b11c390a56381ad16ebd13914f8d5	2026-09-13T19:29:01.5458977Z   lfs: false
phase2-server	Run actions/checkout@34e114876b0b11c390a56381ad16ebd13914f8d5	2026-09-13T19:29:01.5459505Z   submodules: false
phase2-server	Run actions/checkout@34e114876b0b11c390a56381ad16ebd13914f8d5	2026-09-13T19:29:01.5460003Z   set-safe-directory: true
phase2-server	Run actions/checkout@34e114876b0b11c390a56381ad16ebd13914f8d5	2026-09-13T19:29:01.5460859Z env:
phase2-server	Run actions/checkout@34e114876b0b11c390a56381ad16ebd13914f8d5	2026-09-13T19:29:01.5461348Z   KEEPLING_PHASE2_SEED: 20260901
phase2-server	Run actions/checkout@34e114876b0b11c390a56381ad16ebd13914f8d5	2026-09-13T19:29:01.5462118Z   KEEPLING_FLAKE_POLICY: no-retry; quarantine-requires-owner-issue-expiry
phase2-server	Run actions/checkout@34e114876b0b11c390a56381ad16ebd13914f8d5	2026-09-13T19:29:01.5462948Z ##[endgroup]
phase2-server	Run actions/checkout@34e114876b0b11c390a56381ad16ebd13914f8d5	2026-09-13T19:29:01.6473339Z Syncing repository: szTheory/keepling
phase2-server	Run actions/checkout@34e114876b0b11c390a56381ad16ebd13914f8d5	2026-09-13T19:29:01.6475556Z ##[group]Getting Git version info
phase2-server	Run actions/checkout@34e114876b0b11c390a56381ad16ebd13914f8d5	2026-09-13T19:29:01.6476375Z Working directory is '/home/runner/work/keepling/keepling'
phase2-server	Run actions/checkout@34e114876b0b11c390a56381ad16ebd13914f8d5	2026-09-13T19:29:01.6477491Z [command]/usr/bin/git version
phase2-server	Run actions/checkout@34e114876b0b11c390a56381ad16ebd13914f8d5	2026-09-13T19:29:01.6542846Z git version 2.55.0
phase2-server	Run actions/checkout@34e114876b0b11c390a56381ad16ebd13914f8d5	2026-09-13T19:29:01.6564487Z ##[endgroup]
phase2-server	Run actions/checkout@34e114876b0b11c390a56381ad16ebd13914f8d5	2026-09-13T19:29:01.6580321Z Temporarily overriding HOME='/home/runner/work/_temp/fba9ceea-f1aa-45b7-ae9a-faefef3979dc' before making global git config changes
phase2-server	Run actions/checkout@34e114876b0b11c390a56381ad16ebd13914f8d5	2026-09-13T19:29:01.6583096Z Adding repository directory to the temporary git global config as a safe directory
phase2-server	Run actions/checkout@34e114876b0b11c390a56381ad16ebd13914f8d5	2026-09-13T19:29:01.6585671Z [command]/usr/bin/git config --global --add safe.directory /home/runner/work/keepling/keepling
phase2-server	Run actions/checkout@34e114876b0b11c390a56381ad16ebd13914f8d5	2026-09-13T19:29:01.6635881Z Deleting the contents of '/home/runner/work/keepling/keepling'
phase2-server	Run actions/checkout@34e114876b0b11c390a56381ad16ebd13914f8d5	2026-09-13T19:29:01.6640167Z ##[group]Initializing the repository
phase2-server	Run actions/checkout@34e114876b0b11c390a56381ad16ebd13914f8d5	2026-09-13T19:29:01.6645067Z [command]/usr/bin/git init /home/runner/work/keepling/keepling
phase2-server	Run actions/checkout@34e114876b0b11c390a56381ad16ebd13914f8d5	2026-09-13T19:29:01.6750509Z hint: Using 'master' as the name for the initial branch. This default branch name
phase2-server	Run actions/checkout@34e114876b0b11c390a56381ad16ebd13914f8d5	2026-09-13T19:29:01.6752814Z hint: will change to "main" in Git 3.0. To configure the initial branch name
phase2-server	Run actions/checkout@34e114876b0b11c390a56381ad16ebd13914f8d5	2026-09-13T19:29:01.6755326Z hint: to use in all of your new repositories, which will suppress this warning,
phase2-server	Run actions/checkout@34e114876b0b11c390a56381ad16ebd13914f8d5	2026-09-13T19:29:01.6757421Z hint: call:
phase2-server	Run actions/checkout@34e114876b0b11c390a56381ad16ebd13914f8d5	2026-09-13T19:29:01.6758749Z hint:
phase2-server	Run actions/checkout@34e114876b0b11c390a56381ad16ebd13914f8d5	2026-09-13T19:29:01.6760265Z hint: 	git config --global init.defaultBranch <name>
phase2-server	Run actions/checkout@34e114876b0b11c390a56381ad16ebd13914f8d5	2026-09-13T19:29:01.6761820Z hint:
phase2-server	Run actions/checkout@34e114876b0b11c390a56381ad16ebd13914f8d5	2026-09-13T19:29:01.6763248Z hint: Names commonly chosen instead of 'master' are 'main', 'trunk' and
phase2-server	Run actions/checkout@34e114876b0b11c390a56381ad16ebd13914f8d5	2026-09-13T19:29:01.6766041Z hint: 'development'. The just-created branch can be renamed via this command:
phase2-server	Run actions/checkout@34e114876b0b11c390a56381ad16ebd13914f8d5	2026-09-13T19:29:01.6768023Z hint:
phase2-server	Run actions/checkout@34e114876b0b11c390a56381ad16ebd13914f8d5	2026-09-13T19:29:01.6769223Z hint: 	git branch -m <name>
phase2-server	Run actions/checkout@34e114876b0b11c390a56381ad16ebd13914f8d5	2026-09-13T19:29:01.6770435Z hint:
phase2-server	Run actions/checkout@34e114876b0b11c390a56381ad16ebd13914f8d5	2026-09-13T19:29:01.6771914Z hint: Disable this message with "git config set advice.defaultBranchName false"
phase2-server	Run actions/checkout@34e114876b0b11c390a56381ad16ebd13914f8d5	2026-09-13T19:29:01.6774556Z Initialized empty Git repository in /home/runner/work/keepling/keepling/.git/
phase2-server	Run actions/checkout@34e114876b0b11c390a56381ad16ebd13914f8d5	2026-09-13T19:29:01.6776474Z [command]/usr/bin/git remote add origin https://github.com/szTheory/keepling
phase2-server	Run actions/checkout@34e114876b0b11c390a56381ad16ebd13914f8d5	2026-09-13T19:29:01.6814481Z ##[endgroup]
phase2-server	Run actions/checkout@34e114876b0b11c390a56381ad16ebd13914f8d5	2026-09-13T19:29:01.6816680Z ##[group]Disabling automatic garbage collection
phase2-server	Run actions/checkout@34e114876b0b11c390a56381ad16ebd13914f8d5	2026-09-13T19:29:01.6818809Z [command]/usr/bin/git config --local gc.auto 0
phase2-server	Run actions/checkout@34e114876b0b11c390a56381ad16ebd13914f8d5	2026-09-13T19:29:01.6846103Z ##[endgroup]
phase2-server	Run actions/checkout@34e114876b0b11c390a56381ad16ebd13914f8d5	2026-09-13T19:29:01.6846943Z ##[group]Setting up auth
phase2-server	Run actions/checkout@34e114876b0b11c390a56381ad16ebd13914f8d5	2026-09-13T19:29:01.6852172Z [command]/usr/bin/git config --local --name-only --get-regexp core\.sshCommand
phase2-server	Run actions/checkout@34e114876b0b11c390a56381ad16ebd13914f8d5	2026-09-13T19:29:01.6882759Z [command]/usr/bin/git submodule foreach --recursive sh -c "git config --local --name-only --get-regexp 'core\.sshCommand' && git config --local --unset-all 'core.sshCommand' || :"
phase2-server	Run actions/checkout@34e114876b0b11c390a56381ad16ebd13914f8d5	2026-09-13T19:29:01.7208325Z [command]/usr/bin/git config --local --name-only --get-regexp http\.https\:\/\/github\.com\/\.extraheader
phase2-server	Run actions/checkout@34e114876b0b11c390a56381ad16ebd13914f8d5	2026-09-13T19:29:01.7241425Z [command]/usr/bin/git submodule foreach --recursive sh -c "git config --local --name-only --get-regexp 'http\.https\:\/\/github\.com\/\.extraheader' && git config --local --unset-all 'http.https://github.com/.extraheader' || :"
phase2-server	Run actions/checkout@34e114876b0b11c390a56381ad16ebd13914f8d5	2026-09-13T19:29:01.7462307Z [command]/usr/bin/git config --local --name-only --get-regexp ^includeIf\.gitdir:
phase2-server	Run actions/checkout@34e114876b0b11c390a56381ad16ebd13914f8d5	2026-09-13T19:29:01.7492543Z [command]/usr/bin/git submodule foreach --recursive git config --local --show-origin --name-only --get-regexp remote.origin.url
phase2-server	Run actions/checkout@34e114876b0b11c390a56381ad16ebd13914f8d5	2026-09-13T19:29:01.7713267Z [command]/usr/bin/git config --local http.https://github.com/.extraheader AUTHORIZATION: basic ***
phase2-server	Run actions/checkout@34e114876b0b11c390a56381ad16ebd13914f8d5	2026-09-13T19:29:01.7747246Z ##[endgroup]
phase2-server	Run actions/checkout@34e114876b0b11c390a56381ad16ebd13914f8d5	2026-09-13T19:29:01.7748211Z ##[group]Fetching the repository
phase2-server	Run actions/checkout@34e114876b0b11c390a56381ad16ebd13914f8d5	2026-09-13T19:29:01.7756750Z [command]/usr/bin/git -c protocol.version=2 fetch --no-tags --prune --no-recurse-submodules --depth=1 origin +c2e4ce37ff0ca2c27067b098c2cfbdc59155ba96:refs/remotes/origin/main
phase2-server	Run actions/checkout@34e114876b0b11c390a56381ad16ebd13914f8d5	2026-09-13T19:29:02.9128262Z From https://github.com/szTheory/keepling
phase2-server	Run actions/checkout@34e114876b0b11c390a56381ad16ebd13914f8d5	2026-09-13T19:29:02.9129852Z  * [new ref]         c2e4ce37ff0ca2c27067b098c2cfbdc59155ba96 -> origin/main
phase2-server	Run actions/checkout@34e114876b0b11c390a56381ad16ebd13914f8d5	2026-09-13T19:29:02.9133588Z ##[endgroup]
phase2-server	Run actions/checkout@34e114876b0b11c390a56381ad16ebd13914f8d5	2026-09-13T19:29:02.9135388Z ##[group]Determining the checkout info
phase2-server	Run actions/checkout@34e114876b0b11c390a56381ad16ebd13914f8d5	2026-09-13T19:29:02.9136930Z ##[endgroup]
phase2-server	Run actions/checkout@34e114876b0b11c390a56381ad16ebd13914f8d5	2026-09-13T19:29:02.9141350Z [command]/usr/bin/git sparse-checkout disable
phase2-server	Run actions/checkout@34e114876b0b11c390a56381ad16ebd13914f8d5	2026-09-13T19:29:02.9187104Z [command]/usr/bin/git config --local --unset-all extensions.worktreeConfig
phase2-server	Run actions/checkout@34e114876b0b11c390a56381ad16ebd13914f8d5	2026-09-13T19:29:02.9216019Z ##[group]Checking out the ref
phase2-server	Run actions/checkout@34e114876b0b11c390a56381ad16ebd13914f8d5	2026-09-13T19:29:02.9218527Z [command]/usr/bin/git checkout --progress --force -B main refs/remotes/origin/main
phase2-server	Run actions/checkout@34e114876b0b11c390a56381ad16ebd13914f8d5	2026-09-13T19:29:03.0504188Z Switched to a new branch 'main'
phase2-server	Run actions/checkout@34e114876b0b11c390a56381ad16ebd13914f8d5	2026-09-13T19:29:03.0508835Z branch 'main' set up to track 'origin/main'.
phase2-server	Run actions/checkout@34e114876b0b11c390a56381ad16ebd13914f8d5	2026-09-13T19:29:03.0521463Z ##[endgroup]
phase2-server	Run actions/checkout@34e114876b0b11c390a56381ad16ebd13914f8d5	2026-09-13T19:29:03.0564023Z [command]/usr/bin/git log -1 --format=%H
phase2-server	Run actions/checkout@34e114876b0b11c390a56381ad16ebd13914f8d5	2026-09-13T19:29:03.0586697Z c2e4ce37ff0ca2c27067b098c2cfbdc59155ba96
phase2-server	Run actions/setup-node@49933ea5288caeca8642d1e84afbd3f7d6820020	﻿2026-09-13T19:29:03.1040979Z Node 20 is being deprecated. This workflow is running with Node 24 by default. If you need to temporarily use Node 20, you can set the ACTIONS_ALLOW_USE_UNSECURE_NODE_VERSION=true environment variable. For more information see: https://github.blog/changelog/2025-09-19-deprecation-of-node-20-on-github-actions-runners/
phase2-server	Run actions/setup-node@49933ea5288caeca8642d1e84afbd3f7d6820020	2026-09-13T19:29:03.1047403Z ##[group]Run actions/setup-node@49933ea5288caeca8642d1e84afbd3f7d6820020
phase2-server	Run actions/setup-node@49933ea5288caeca8642d1e84afbd3f7d6820020	2026-09-13T19:29:03.1049062Z with:
phase2-server	Run actions/setup-node@49933ea5288caeca8642d1e84afbd3f7d6820020	2026-09-13T19:29:03.1049919Z   node-version: 24.7.0
phase2-server	Run actions/setup-node@49933ea5288caeca8642d1e84afbd3f7d6820020	2026-09-13T19:29:03.1050895Z   always-auth: false
phase2-server	Run actions/setup-node@49933ea5288caeca8642d1e84afbd3f7d6820020	2026-09-13T19:29:03.1051885Z   check-latest: false
phase2-server	Run actions/setup-node@49933ea5288caeca8642d1e84afbd3f7d6820020	2026-09-13T19:29:03.1061826Z   token: ***
phase2-server	Run actions/setup-node@49933ea5288caeca8642d1e84afbd3f7d6820020	2026-09-13T19:29:03.1062690Z env:
phase2-server	Run actions/setup-node@49933ea5288caeca8642d1e84afbd3f7d6820020	2026-09-13T19:29:03.1063555Z   KEEPLING_PHASE2_SEED: 20260901
phase2-server	Run actions/setup-node@49933ea5288caeca8642d1e84afbd3f7d6820020	2026-09-13T19:29:03.1065295Z   KEEPLING_FLAKE_POLICY: no-retry; quarantine-requires-owner-issue-expiry
phase2-server	Run actions/setup-node@49933ea5288caeca8642d1e84afbd3f7d6820020	2026-09-13T19:29:03.1066978Z ##[endgroup]
phase2-server	Run actions/setup-node@49933ea5288caeca8642d1e84afbd3f7d6820020	2026-09-13T19:29:03.2462456Z Attempting to download 24.7.0...
phase2-server	Run actions/setup-node@49933ea5288caeca8642d1e84afbd3f7d6820020	2026-09-13T19:29:03.2570427Z (node:2290) [DEP0040] DeprecationWarning: The `punycode` module is deprecated. Please use a userland alternative instead.
phase2-server	Run actions/setup-node@49933ea5288caeca8642d1e84afbd3f7d6820020	2026-09-13T19:29:03.2575273Z (Use `node --trace-deprecation ...` to show where the warning was created)
phase2-server	Run actions/setup-node@49933ea5288caeca8642d1e84afbd3f7d6820020	2026-09-13T19:29:03.9681866Z Acquiring 24.7.0 - x64 from https://github.com/actions/node-versions/releases/download/24.7.0-17283839804/node-24.7.0-linux-x64.tar.gz
phase2-server	Run actions/setup-node@49933ea5288caeca8642d1e84afbd3f7d6820020	2026-09-13T19:29:04.4687036Z Extracting ...
phase2-server	Run actions/setup-node@49933ea5288caeca8642d1e84afbd3f7d6820020	2026-09-13T19:29:04.4827240Z [command]/usr/bin/tar xz --strip 1 --warning=no-unknown-keyword --overwrite -C /home/runner/work/_temp/4441721e-dd10-496a-8533-8fa24994e061 -f /home/runner/work/_temp/9d141a33-a261-45c0-8f83-3c8d1efa7ac9
phase2-server	Run actions/setup-node@49933ea5288caeca8642d1e84afbd3f7d6820020	2026-09-13T19:29:05.7698714Z Adding to the cache ...
phase2-server	Run actions/setup-node@49933ea5288caeca8642d1e84afbd3f7d6820020	2026-09-13T19:29:07.8236180Z ##[group]Environment details
phase2-server	Run actions/setup-node@49933ea5288caeca8642d1e84afbd3f7d6820020	2026-09-13T19:29:08.0545267Z node: v24.7.0
phase2-server	Run actions/setup-node@49933ea5288caeca8642d1e84afbd3f7d6820020	2026-09-13T19:29:08.0545819Z npm: 11.5.1
phase2-server	Run actions/setup-node@49933ea5288caeca8642d1e84afbd3f7d6820020	2026-09-13T19:29:08.0546160Z yarn: 1.22.22
phase2-server	Run actions/setup-node@49933ea5288caeca8642d1e84afbd3f7d6820020	2026-09-13T19:29:08.0548605Z ##[endgroup]
phase2-server	Run actions/cache@0400d5f644dc74513175e3cd8d07132dd4860809	﻿2026-09-13T19:29:08.1342119Z Node 20 is being deprecated. This workflow is running with Node 24 by default. If you need to temporarily use Node 20, you can set the ACTIONS_ALLOW_USE_UNSECURE_NODE_VERSION=true environment variable. For more information see: https://github.blog/changelog/2025-09-19-deprecation-of-node-20-on-github-actions-runners/
phase2-server	Run actions/cache@0400d5f644dc74513175e3cd8d07132dd4860809	2026-09-13T19:29:08.1343542Z ##[group]Run actions/cache@0400d5f644dc74513175e3cd8d07132dd4860809
phase2-server	Run actions/cache@0400d5f644dc74513175e3cd8d07132dd4860809	2026-09-13T19:29:08.1344253Z with:
phase2-server	Run actions/cache@0400d5f644dc74513175e3cd8d07132dd4860809	2026-09-13T19:29:08.1344585Z   path: ~/.asdf/installs
phase2-server	Run actions/cache@0400d5f644dc74513175e3cd8d07132dd4860809	apps/server/deps
phase2-server	Run actions/cache@0400d5f644dc74513175e3cd8d07132dd4860809	apps/server/_build
phase2-server	Run actions/cache@0400d5f644dc74513175e3cd8d07132dd4860809	node_modules
phase2-server	Run actions/cache@0400d5f644dc74513175e3cd8d07132dd4860809	
phase2-server	Run actions/cache@0400d5f644dc74513175e3cd8d07132dd4860809	2026-09-13T19:29:08.1345190Z   key: phase2-Linux-server-45b3b35ef45f5d65ae586b2b25dfb93049c099ec9870f23270bda4b35fe975d3
phase2-server	Run actions/cache@0400d5f644dc74513175e3cd8d07132dd4860809	2026-09-13T19:29:08.1345701Z   enableCrossOsArchive: false
phase2-server	Run actions/cache@0400d5f644dc74513175e3cd8d07132dd4860809	2026-09-13T19:29:08.1345965Z   fail-on-cache-miss: false
phase2-server	Run actions/cache@0400d5f644dc74513175e3cd8d07132dd4860809	2026-09-13T19:29:08.1346207Z   lookup-only: false
phase2-server	Run actions/cache@0400d5f644dc74513175e3cd8d07132dd4860809	2026-09-13T19:29:08.1346419Z   save-always: false
phase2-server	Run actions/cache@0400d5f644dc74513175e3cd8d07132dd4860809	2026-09-13T19:29:08.1346618Z env:
phase2-server	Run actions/cache@0400d5f644dc74513175e3cd8d07132dd4860809	2026-09-13T19:29:08.1346825Z   KEEPLING_PHASE2_SEED: 20260901
phase2-server	Run actions/cache@0400d5f644dc74513175e3cd8d07132dd4860809	2026-09-13T19:29:08.1347195Z   KEEPLING_FLAKE_POLICY: no-retry; quarantine-requires-owner-issue-expiry
phase2-server	Run actions/cache@0400d5f644dc74513175e3cd8d07132dd4860809	2026-09-13T19:29:08.1347624Z ##[endgroup]
phase2-server	Run actions/cache@0400d5f644dc74513175e3cd8d07132dd4860809	2026-09-13T19:29:08.2405008Z (node:2337) [DEP0040] DeprecationWarning: The `punycode` module is deprecated. Please use a userland alternative instead.
phase2-server	Run actions/cache@0400d5f644dc74513175e3cd8d07132dd4860809	2026-09-13T19:29:08.2406216Z (Use `node --trace-deprecation ...` to show where the warning was created)
phase2-server	Run actions/cache@0400d5f644dc74513175e3cd8d07132dd4860809	2026-09-13T19:29:08.4925168Z Cache hit for: phase2-Linux-server-45b3b35ef45f5d65ae586b2b25dfb93049c099ec9870f23270bda4b35fe975d3
phase2-server	Run actions/cache@0400d5f644dc74513175e3cd8d07132dd4860809	2026-09-13T19:29:08.5047316Z (node:2337) [DEP0169] DeprecationWarning: `url.parse()` behavior is not standardized and prone to errors that have security implications. Use the WHATWG URL API instead. CVEs are not issued for `url.parse()` vulnerabilities.
phase2-server	Run actions/cache@0400d5f644dc74513175e3cd8d07132dd4860809	2026-09-13T19:29:09.7999251Z Received 0 of 172382243 (0.0%), 0.0 MBs/sec
phase2-server	Run actions/cache@0400d5f644dc74513175e3cd8d07132dd4860809	2026-09-13T19:29:10.8065125Z Received 109051904 of 172382243 (63.3%), 52.0 MBs/sec
phase2-server	Run actions/cache@0400d5f644dc74513175e3cd8d07132dd4860809	2026-09-13T19:29:11.4002071Z Received 172382243 of 172382243 (100.0%), 63.2 MBs/sec
phase2-server	Run actions/cache@0400d5f644dc74513175e3cd8d07132dd4860809	2026-09-13T19:29:11.4005587Z Cache Size: ~164 MB (172382243 B)
phase2-server	Run actions/cache@0400d5f644dc74513175e3cd8d07132dd4860809	2026-09-13T19:29:11.4052277Z [command]/usr/bin/tar -xf /home/runner/work/_temp/21b5daf5-f73b-4e3d-85fb-7f4b385ec628/cache.tzst -P -C /home/runner/work/keepling/keepling --use-compress-program unzstd
phase2-server	Run actions/cache@0400d5f644dc74513175e3cd8d07132dd4860809	2026-09-13T19:29:13.6002640Z Cache restored successfully
phase2-server	Run actions/cache@0400d5f644dc74513175e3cd8d07132dd4860809	2026-09-13T19:29:13.6160478Z Cache restored from key: phase2-Linux-server-45b3b35ef45f5d65ae586b2b25dfb93049c099ec9870f23270bda4b35fe975d3
phase2-server	Install asdf	﻿2026-09-13T19:29:13.6289929Z ##[group]Run set -eu
phase2-server	Install asdf	2026-09-13T19:29:13.6290278Z ^[[36;1mset -eu^[[0m
phase2-server	Install asdf	2026-09-13T19:29:13.6290616Z ^[[36;1m# The cache step above restores ~/.asdf/installs, which CREATES^[[0m
phase2-server	Install asdf	2026-09-13T19:29:13.6291138Z ^[[36;1m# $HOME/.asdf before this step runs. An unconditional clone then dies^[[0m
phase2-server	Install asdf	2026-09-13T19:29:13.6291624Z ^[[36;1m# with "destination path already exists and is not an empty^[[0m
phase2-server	Install asdf	2026-09-13T19:29:13.6292111Z ^[[36;1m# directory" (exit 128) and the lane never reaches any project code.^[[0m
phase2-server	Install asdf	2026-09-13T19:29:13.6292606Z ^[[36;1m# Clone into a scratch directory and move only the parts that are^[[0m
phase2-server	Install asdf	2026-09-13T19:29:13.6293091Z ^[[36;1m# missing, so a restored cache and a cold runner both end up with the^[[0m
phase2-server	Install asdf	2026-09-13T19:29:13.6293468Z ^[[36;1m# same tree.^[[0m
phase2-server	Install asdf	2026-09-13T19:29:13.6294031Z ^[[36;1mif [ ! -d "$HOME/.asdf/.git" ]; then^[[0m
phase2-server	Install asdf	2026-09-13T19:29:13.6294356Z ^[[36;1m  scratch="$(mktemp -d)"^[[0m
phase2-server	Install asdf	2026-09-13T19:29:13.6294803Z ^[[36;1m  git clone https://github.com/asdf-vm/asdf.git "$scratch/asdf" --branch v0.14.1^[[0m
phase2-server	Install asdf	2026-09-13T19:29:13.6295288Z ^[[36;1m  mkdir -p "$HOME/.asdf"^[[0m
phase2-server	Install asdf	2026-09-13T19:29:13.6295660Z ^[[36;1m  # `cp -R src/. dst` merges into an existing directory instead of^[[0m
phase2-server	Install asdf	2026-09-13T19:29:13.6296121Z ^[[36;1m  # nesting, which is what the restored-cache case needs.^[[0m
phase2-server	Install asdf	2026-09-13T19:29:13.6296509Z ^[[36;1m  cp -R "$scratch/asdf/." "$HOME/.asdf/"^[[0m
phase2-server	Install asdf	2026-09-13T19:29:13.6296810Z ^[[36;1m  rm -rf "$scratch"^[[0m
phase2-server	Install asdf	2026-09-13T19:29:13.6297042Z ^[[36;1mfi^[[0m
phase2-server	Install asdf	2026-09-13T19:29:13.6297271Z ^[[36;1mecho "$HOME/.asdf/bin" >> "$GITHUB_PATH"^[[0m
phase2-server	Install asdf	2026-09-13T19:29:13.6297607Z ^[[36;1mecho "$HOME/.asdf/shims" >> "$GITHUB_PATH"^[[0m
phase2-server	Install asdf	2026-09-13T19:29:13.6338421Z shell: /usr/bin/bash -e {0}
phase2-server	Install asdf	2026-09-13T19:29:13.6338692Z env:
phase2-server	Install asdf	2026-09-13T19:29:13.6338899Z   KEEPLING_PHASE2_SEED: 20260901
phase2-server	Install asdf	2026-09-13T19:29:13.6339299Z   KEEPLING_FLAKE_POLICY: no-retry; quarantine-requires-owner-issue-expiry
phase2-server	Install asdf	2026-09-13T19:29:13.6339720Z ##[endgroup]
phase2-server	Install asdf	2026-09-13T19:29:13.6442065Z Cloning into '/tmp/tmp.RgLaKD7A6I/asdf'...
phase2-server	Install asdf	2026-09-13T19:29:14.5637116Z Note: switching to 'f00f759f3d8d405468d0071310a91b8f5a9c3798'.
phase2-server	Install asdf	2026-09-13T19:29:14.5637481Z 
phase2-server	Install asdf	2026-09-13T19:29:14.5637792Z You are in 'detached HEAD' state. You can look around, make experimental
phase2-server	Install asdf	2026-09-13T19:29:14.5638394Z changes and commit them, and you can discard any commits you make in this
phase2-server	Install asdf	2026-09-13T19:29:14.5638964Z state without impacting any branches by switching back to a branch.
phase2-server	Install asdf	2026-09-13T19:29:14.5639265Z 
phase2-server	Install asdf	2026-09-13T19:29:14.5639545Z If you want to create a new branch to retain commits you create, you may
phase2-server	Install asdf	2026-09-13T19:29:14.5640089Z do so (now or later) by using -c with the switch command. Example:
phase2-server	Install asdf	2026-09-13T19:29:14.5640371Z 
phase2-server	Install asdf	2026-09-13T19:29:14.5640517Z   git switch -c <new-branch-name>
phase2-server	Install asdf	2026-09-13T19:29:14.5640699Z 
phase2-server	Install asdf	2026-09-13T19:29:14.5640832Z Or undo this operation with:
phase2-server	Install asdf	2026-09-13T19:29:14.5641005Z 
phase2-server	Install asdf	2026-09-13T19:29:14.5641097Z   git switch -
phase2-server	Install asdf	2026-09-13T19:29:14.5641226Z 
phase2-server	Install asdf	2026-09-13T19:29:14.5641544Z Turn off this advice by setting config variable advice.detachedHead to false
phase2-server	Install asdf	2026-09-13T19:29:14.5641866Z 
phase2-server	Provision exact repository runtimes	﻿2026-09-13T19:29:14.6074292Z ##[group]Run ./tooling/runtime-preflight.sh --provision
phase2-server	Provision exact repository runtimes	2026-09-13T19:29:14.6074786Z ^[[36;1m./tooling/runtime-preflight.sh --provision^[[0m
phase2-server	Provision exact repository runtimes	2026-09-13T19:29:14.6075287Z ^[[36;1mcorepack enable^[[0m
phase2-server	Provision exact repository runtimes	2026-09-13T19:29:14.6075570Z ^[[36;1mpnpm install --frozen-lockfile^[[0m
phase2-server	Provision exact repository runtimes	2026-09-13T19:29:14.6076079Z ^[[36;1m./tooling/runtime-preflight.sh --exec -- sh -c 'cd apps/server && mix deps.get --check-locked'^[[0m
phase2-server	Provision exact repository runtimes	2026-09-13T19:29:14.6113590Z shell: /usr/bin/bash -e {0}
phase2-server	Provision exact repository runtimes	2026-09-13T19:29:14.6113997Z env:
phase2-server	Provision exact repository runtimes	2026-09-13T19:29:14.6114209Z   KEEPLING_PHASE2_SEED: 20260901
phase2-server	Provision exact repository runtimes	2026-09-13T19:29:14.6114616Z   KEEPLING_FLAKE_POLICY: no-retry; quarantine-requires-owner-issue-expiry
phase2-server	Provision exact repository runtimes	2026-09-13T19:29:14.6115020Z ##[endgroup]
phase2-server	Provision exact repository runtimes	2026-09-13T19:29:14.6759473Z Cloning into '/home/runner/.asdf/repository'...
phase2-server	Provision exact repository runtimes	2026-09-13T19:29:17.6706895Z initializing plugin repository...erlang 29.0.5 is already installed
phase2-server	Provision exact repository runtimes	2026-09-13T19:29:17.7073547Z elixir 1.20.2-otp-29 is already installed
phase2-server	Provision exact repository runtimes	2026-09-13T19:29:18.4590076Z Get:1 file:/etc/apt/apt-mirrors.txt Mirrorlist [144 B]
phase2-server	Provision exact repository runtimes	2026-09-13T19:29:18.4876088Z Hit:2 http://azure.archive.ubuntu.com/ubuntu noble InRelease
phase2-server	Provision exact repository runtimes	2026-09-13T19:29:18.4914468Z Get:3 http://azure.archive.ubuntu.com/ubuntu noble-updates InRelease [126 kB]
phase2-server	Provision exact repository runtimes	2026-09-13T19:29:18.4979995Z Get:4 http://azure.archive.ubuntu.com/ubuntu noble-backports InRelease [126 kB]
phase2-server	Provision exact repository runtimes	2026-09-13T19:29:18.5024660Z Get:5 http://azure.archive.ubuntu.com/ubuntu noble-security InRelease [126 kB]
phase2-server	Provision exact repository runtimes	2026-09-13T19:29:18.5908116Z Get:6 https://apt.postgresql.org/pub/repos/apt noble-pgdg InRelease [189 kB]
phase2-server	Provision exact repository runtimes	2026-09-13T19:29:18.6158214Z Get:7 https://dl.google.com/linux/chrome-stable/deb stable InRelease [2548 B]
phase2-server	Provision exact repository runtimes	2026-09-13T19:29:18.6280691Z Get:8 http://azure.archive.ubuntu.com/ubuntu noble-updates/main amd64 Packages [1263 kB]
phase2-server	Provision exact repository runtimes	2026-09-13T19:29:18.6419848Z Get:9 http://azure.archive.ubuntu.com/ubuntu noble-updates/main Translation-en [292 kB]
phase2-server	Provision exact repository runtimes	2026-09-13T19:29:18.6438061Z Get:10 http://azure.archive.ubuntu.com/ubuntu noble-updates/main amd64 Components [181 kB]
phase2-server	Provision exact repository runtimes	2026-09-13T19:29:18.6452975Z Get:11 http://azure.archive.ubuntu.com/ubuntu noble-updates/universe amd64 Packages [1690 kB]
phase2-server	Provision exact repository runtimes	2026-09-13T19:29:18.6537264Z Get:12 http://azure.archive.ubuntu.com/ubuntu noble-updates/universe amd64 Components [388 kB]
phase2-server	Provision exact repository runtimes	2026-09-13T19:29:18.6566834Z Get:13 http://azure.archive.ubuntu.com/ubuntu noble-updates/restricted amd64 Packages [1544 kB]
phase2-server	Provision exact repository runtimes	2026-09-13T19:29:18.6640262Z Get:14 http://azure.archive.ubuntu.com/ubuntu noble-updates/restricted Translation-en [354 kB]
phase2-server	Provision exact repository runtimes	2026-09-13T19:29:18.6666102Z Get:15 http://azure.archive.ubuntu.com/ubuntu noble-updates/multiverse amd64 Components [940 B]
phase2-server	Provision exact repository runtimes	2026-09-13T19:29:18.6883562Z Get:16 http://azure.archive.ubuntu.com/ubuntu noble-backports/main amd64 Components [5772 B]
phase2-server	Provision exact repository runtimes	2026-09-13T19:29:18.6894007Z Get:17 http://azure.archive.ubuntu.com/ubuntu noble-backports/universe amd64 Components [12.6 kB]
phase2-server	Provision exact repository runtimes	2026-09-13T19:29:18.7269071Z Get:18 https://packages.microsoft.com/ubuntu/24.04/prod noble InRelease [3600 B]
phase2-server	Provision exact repository runtimes	2026-09-13T19:29:18.7854097Z Get:19 http://azure.archive.ubuntu.com/ubuntu noble-security/main amd64 Packages [1006 kB]
phase2-server	Provision exact repository runtimes	2026-09-13T19:29:18.7927722Z Get:20 http://azure.archive.ubuntu.com/ubuntu noble-security/main Translation-en [213 kB]
phase2-server	Provision exact repository runtimes	2026-09-13T19:29:18.7954895Z Get:21 http://azure.archive.ubuntu.com/ubuntu noble-security/main amd64 Components [46.4 kB]
phase2-server	Provision exact repository runtimes	2026-09-13T19:29:18.7985043Z Get:22 http://azure.archive.ubuntu.com/ubuntu noble-security/universe amd64 Packages [1206 kB]
phase2-server	Provision exact repository runtimes	2026-09-13T19:29:18.8095864Z Get:23 http://azure.archive.ubuntu.com/ubuntu noble-security/universe amd64 Components [76.3 kB]
phase2-server	Provision exact repository runtimes	2026-09-13T19:29:18.8099160Z Get:24 http://azure.archive.ubuntu.com/ubuntu noble-security/restricted amd64 Packages [1445 kB]
phase2-server	Provision exact repository runtimes	2026-09-13T19:29:18.8135458Z Get:25 http://azure.archive.ubuntu.com/ubuntu noble-security/restricted Translation-en [336 kB]
phase2-server	Provision exact repository runtimes	2026-09-13T19:29:18.8217984Z Get:26 https://apt.postgresql.org/pub/repos/apt noble-pgdg/main amd64 Packages [825 kB]
phase2-server	Provision exact repository runtimes	2026-09-13T19:29:18.9018701Z Get:27 https://packages.microsoft.com/ubuntu/24.04/prod noble/main amd64 Packages [463 kB]
phase2-server	Provision exact repository runtimes	2026-09-13T19:29:18.9075943Z Get:28 https://packages.microsoft.com/ubuntu/24.04/prod noble/main arm64 Packages [414 kB]
phase2-server	Provision exact repository runtimes	2026-09-13T19:29:18.9097679Z Get:29 https://dl.google.com/linux/chrome-stable/deb stable/main amd64 Packages [1408 B]
phase2-server	Provision exact repository runtimes	2026-09-13T19:29:22.9524875Z Fetched 12.3 MB in 1s (9048 kB/s)
phase2-server	Provision exact repository runtimes	2026-09-13T19:29:23.7649758Z Reading package lists...
phase2-server	Provision exact repository runtimes	2026-09-13T19:29:23.7959841Z Reading package lists...
phase2-server	Provision exact repository runtimes	2026-09-13T19:29:23.9566752Z Building dependency tree...
phase2-server	Provision exact repository runtimes	2026-09-13T19:29:23.9575672Z Reading state information...
phase2-server	Provision exact repository runtimes	2026-09-13T19:29:24.0935605Z The following additional packages will be installed:
phase2-server	Provision exact repository runtimes	2026-09-13T19:29:24.0936780Z   liburing2 postgresql-18-jit postgresql-client-18
phase2-server	Provision exact repository runtimes	2026-09-13T19:29:24.0942717Z Suggested packages:
phase2-server	Provision exact repository runtimes	2026-09-13T19:29:24.0943270Z   postgresql-doc-18
phase2-server	Provision exact repository runtimes	2026-09-13T19:29:24.1156635Z The following NEW packages will be installed:
phase2-server	Provision exact repository runtimes	2026-09-13T19:29:24.1158519Z   liburing2 postgresql-18 postgresql-18-jit postgresql-client-18
phase2-server	Provision exact repository runtimes	2026-09-13T19:29:24.1369645Z 0 upgraded, 4 newly installed, 0 to remove and 50 not upgraded.
phase2-server	Provision exact repository runtimes	2026-09-13T19:29:24.1370287Z Need to get 19.6 MB of archives.
phase2-server	Provision exact repository runtimes	2026-09-13T19:29:24.1370743Z After this operation, 71.9 MB of additional disk space will be used.
phase2-server	Provision exact repository runtimes	2026-09-13T19:29:24.1371264Z Get:1 file:/etc/apt/apt-mirrors.txt Mirrorlist [144 B]
phase2-server	Provision exact repository runtimes	2026-09-13T19:29:24.3499130Z Get:2 http://azure.archive.ubuntu.com/ubuntu noble/main amd64 liburing2 amd64 2.5-1build1 [21.1 kB]
phase2-server	Provision exact repository runtimes	2026-09-13T19:29:24.3867876Z Get:3 https://apt.postgresql.org/pub/repos/apt noble-pgdg/main amd64 postgresql-client-18 amd64 18.6-1.pgdg24.04+2 [2114 kB]
phase2-server	Provision exact repository runtimes	2026-09-13T19:29:24.4772977Z Get:4 https://apt.postgresql.org/pub/repos/apt noble-pgdg/main amd64 postgresql-18 amd64 18.6-1.pgdg24.04+2 [7577 kB]
phase2-server	Provision exact repository runtimes	2026-09-13T19:29:24.5404959Z Get:5 https://apt.postgresql.org/pub/repos/apt noble-pgdg/main amd64 postgresql-18-jit amd64 18.6-1.pgdg24.04+2 [9924 kB]
phase2-server	Provision exact repository runtimes	2026-09-13T19:29:24.8171374Z Preconfiguring packages ...
phase2-server	Provision exact repository runtimes	2026-09-13T19:29:24.8611671Z Fetched 19.6 MB in 0s (41.4 MB/s)
phase2-server	Provision exact repository runtimes	2026-09-13T19:29:24.8832010Z Selecting previously unselected package liburing2:amd64.
phase2-server	Provision exact repository runtimes	2026-09-13T19:29:24.9136285Z (Reading database ... 
phase2-server	Provision exact repository runtimes	2026-09-13T19:29:24.9136663Z (Reading database ... 5%
phase2-server	Provision exact repository runtimes	2026-09-13T19:29:24.9137217Z (Reading database ... 10%
phase2-server	Provision exact repository runtimes	2026-09-13T19:29:24.9137785Z (Reading database ... 15%
phase2-server	Provision exact repository runtimes	2026-09-13T19:29:24.9138136Z (Reading database ... 20%
phase2-server	Provision exact repository runtimes	2026-09-13T19:29:24.9138414Z (Reading database ... 25%
phase2-server	Provision exact repository runtimes	2026-09-13T19:29:24.9138719Z (Reading database ... 30%
phase2-server	Provision exact repository runtimes	2026-09-13T19:29:24.9139041Z (Reading database ... 35%
phase2-server	Provision exact repository runtimes	2026-09-13T19:29:24.9139368Z (Reading database ... 40%
phase2-server	Provision exact repository runtimes	2026-09-13T19:29:24.9139691Z (Reading database ... 45%
phase2-server	Provision exact repository runtimes	2026-09-13T19:29:24.9140010Z (Reading database ... 50%
phase2-server	Provision exact repository runtimes	2026-09-13T19:29:24.9192302Z (Reading database ... 55%
phase2-server	Provision exact repository runtimes	2026-09-13T19:29:25.0469163Z (Reading database ... 60%
phase2-server	Provision exact repository runtimes	2026-09-13T19:29:25.2048810Z (Reading database ... 65%
phase2-server	Provision exact repository runtimes	2026-09-13T19:29:25.3964871Z (Reading database ... 70%
phase2-server	Provision exact repository runtimes	2026-09-13T19:29:25.5452730Z (Reading database ... 75%
phase2-server	Provision exact repository runtimes	2026-09-13T19:29:25.7051170Z (Reading database ... 80%
phase2-server	Provision exact repository runtimes	2026-09-13T19:29:25.8490696Z (Reading database ... 85%
phase2-server	Provision exact repository runtimes	2026-09-13T19:29:25.9862848Z (Reading database ... 90%
phase2-server	Provision exact repository runtimes	2026-09-13T19:29:26.1132140Z (Reading database ... 95%
phase2-server	Provision exact repository runtimes	2026-09-13T19:29:26.1132827Z (Reading database ... 100%
phase2-server	Provision exact repository runtimes	2026-09-13T19:29:26.1133474Z (Reading database ... 201818 files and directories currently installed.)
phase2-server	Provision exact repository runtimes	2026-09-13T19:29:26.1172195Z Preparing to unpack .../liburing2_2.5-1build1_amd64.deb ...
phase2-server	Provision exact repository runtimes	2026-09-13T19:29:26.1208534Z Unpacking liburing2:amd64 (2.5-1build1) ...
phase2-server	Provision exact repository runtimes	2026-09-13T19:29:26.1417923Z Selecting previously unselected package postgresql-client-18.
phase2-server	Provision exact repository runtimes	2026-09-13T19:29:26.1540127Z Preparing to unpack .../postgresql-client-18_18.6-1.pgdg24.04+2_amd64.deb ...
phase2-server	Provision exact repository runtimes	2026-09-13T19:29:26.1548316Z Unpacking postgresql-client-18 (18.6-1.pgdg24.04+2) ...
phase2-server	Provision exact repository runtimes	2026-09-13T19:29:26.3442596Z Selecting previously unselected package postgresql-18.
phase2-server	Provision exact repository runtimes	2026-09-13T19:29:26.3566832Z Preparing to unpack .../postgresql-18_18.6-1.pgdg24.04+2_amd64.deb ...
phase2-server	Provision exact repository runtimes	2026-09-13T19:29:26.3595081Z Unpacking postgresql-18 (18.6-1.pgdg24.04+2) ...
phase2-server	Provision exact repository runtimes	2026-09-13T19:29:26.8581983Z Selecting previously unselected package postgresql-18-jit.
phase2-server	Provision exact repository runtimes	2026-09-13T19:29:26.8706566Z Preparing to unpack .../postgresql-18-jit_18.6-1.pgdg24.04+2_amd64.deb ...
phase2-server	Provision exact repository runtimes	2026-09-13T19:29:26.8714618Z Unpacking postgresql-18-jit (18.6-1.pgdg24.04+2) ...
phase2-server	Provision exact repository runtimes	2026-09-13T19:29:27.5179044Z Setting up postgresql-client-18 (18.6-1.pgdg24.04+2) ...
phase2-server	Provision exact repository runtimes	2026-09-13T19:29:27.8838113Z update-alternatives: using /usr/share/postgresql/18/man/man1/psql.1.gz to provide /usr/share/man/man1/psql.1.gz (psql.1.gz) in auto mode
phase2-server	Provision exact repository runtimes	2026-09-13T19:29:27.9101572Z Setting up liburing2:amd64 (2.5-1build1) ...
phase2-server	Provision exact repository runtimes	2026-09-13T19:29:27.9122721Z Setting up postgresql-18 (18.6-1.pgdg24.04+2) ...
phase2-server	Provision exact repository runtimes	2026-09-13T19:29:28.7677883Z Setting up postgresql-18-jit (18.6-1.pgdg24.04+2) ...
phase2-server	Provision exact repository runtimes	2026-09-13T19:29:28.7704227Z Processing triggers for libc-bin (2.39-0ubuntu8.8) ...
phase2-server	Provision exact repository runtimes	2026-09-13T19:29:28.8028696Z Processing triggers for postgresql-common (293.pgdg24.04+1) ...
phase2-server	Provision exact repository runtimes	2026-09-13T19:29:28.9266698Z Building PostgreSQL dictionaries from installed myspell/hunspell packages...
phase2-server	Provision exact repository runtimes	2026-09-13T19:29:28.9332688Z   en_us
phase2-server	Provision exact repository runtimes	2026-09-13T19:29:29.0188225Z Removing obsolete dictionary files:
phase2-server	Provision exact repository runtimes	2026-09-13T19:29:29.6442482Z 
phase2-server	Provision exact repository runtimes	2026-09-13T19:29:29.6443374Z Running kernel seems to be up-to-date.
phase2-server	Provision exact repository runtimes	2026-09-13T19:29:29.6444275Z 
phase2-server	Provision exact repository runtimes	2026-09-13T19:29:29.6444720Z No services need to be restarted.
phase2-server	Provision exact repository runtimes	2026-09-13T19:29:29.6445269Z 
phase2-server	Provision exact repository runtimes	2026-09-13T19:29:29.6445691Z No containers need to be restarted.
phase2-server	Provision exact repository runtimes	2026-09-13T19:29:29.6446156Z 
phase2-server	Provision exact repository runtimes	2026-09-13T19:29:29.6446685Z No user sessions are running outdated binaries.
phase2-server	Provision exact repository runtimes	2026-09-13T19:29:29.6447197Z 
phase2-server	Provision exact repository runtimes	2026-09-13T19:29:29.6447714Z No VM guests are running outdated hypervisor (qemu) binaries on this host.
phase2-server	Provision exact repository runtimes	2026-09-13T19:29:30.9158153Z Runtime preflight passed: Elixir 1.20.2, OTP 29.0.5, PostgreSQL 18.6
phase2-server	Provision exact repository runtimes	2026-09-13T19:29:31.0450587Z ! Corepack is about to download https://registry.npmjs.org/pnpm/-/pnpm-10.33.0.tgz
phase2-server	Provision exact repository runtimes	2026-09-13T19:29:31.9373924Z Scope: all 4 workspace projects
phase2-server	Provision exact repository runtimes	2026-09-13T19:29:32.0180874Z Lockfile is up to date, resolution step is skipped
phase2-server	Provision exact repository runtimes	2026-09-13T19:29:33.1423325Z Packages: +2 -47
phase2-server	Provision exact repository runtimes	2026-09-13T19:29:33.1424512Z ++-----------------------------------------------
phase2-server	Provision exact repository runtimes	2026-09-13T19:29:33.2625280Z Progress: resolved 0, reused 0, downloaded 1, added 0
phase2-server	Provision exact repository runtimes	2026-09-13T19:29:34.2675297Z Progress: resolved 0, reused 0, downloaded 25, added 0
phase2-server	Provision exact repository runtimes	2026-09-13T19:29:34.9974209Z Progress: resolved 0, reused 0, downloaded 48, added 2, done
phase2-server	Provision exact repository runtimes	2026-09-13T19:29:35.2264689Z 
phase2-server	Provision exact repository runtimes	2026-09-13T19:29:35.3581218Z Done in 3.7s using pnpm v10.33.0
phase2-server	Provision exact repository runtimes	2026-09-13T19:29:35.9264773Z Runtime preflight passed: Elixir 1.20.2, OTP 29.0.5, PostgreSQL 18.6
phase2-server	Provision exact repository runtimes	2026-09-13T19:29:36.7795047Z * creating /home/runner/.mix/archives/hex-2.5.1
phase2-server	Provision exact repository runtimes	2026-09-13T19:29:37.2022873Z Resolving Hex dependencies...
phase2-server	Provision exact repository runtimes	2026-09-13T19:29:37.3425054Z Resolution completed in 0.138s
phase2-server	Provision exact repository runtimes	2026-09-13T19:29:37.3628437Z Unchanged:
phase2-server	Provision exact repository runtimes	2026-09-13T19:29:37.3628844Z   argon2_elixir 4.1.3
phase2-server	Provision exact repository runtimes	2026-09-13T19:29:37.3637616Z   bandit 1.12.5
phase2-server	Provision exact repository runtimes	2026-09-13T19:29:37.3638028Z   certifi 2.17.0
phase2-server	Provision exact repository runtimes	2026-09-13T19:29:37.3638393Z   comeonin 5.5.1
phase2-server	Provision exact repository runtimes	2026-09-13T19:29:37.3638772Z   db_connection 2.10.2
phase2-server	Provision exact repository runtimes	2026-09-13T19:29:37.3639156Z   decimal 3.1.1
phase2-server	Provision exact repository runtimes	2026-09-13T19:29:37.3639548Z   dns_cluster 0.2.0
phase2-server	Provision exact repository runtimes	2026-09-13T19:29:37.3639913Z   ecto 3.14.2
phase2-server	Provision exact repository runtimes	2026-09-13T19:29:37.3640248Z   ecto_sql 3.14.0
phase2-server	Provision exact repository runtimes	2026-09-13T19:29:37.3640606Z   elixir_make 0.10.0
phase2-server	Provision exact repository runtimes	2026-09-13T19:29:37.3640995Z   expo 1.1.1
phase2-server	Provision exact repository runtimes	2026-09-13T19:29:37.3641331Z   gettext 1.0.2
phase2-server	Provision exact repository runtimes	2026-09-13T19:29:37.3641665Z   h2 0.12.0
phase2-server	Provision exact repository runtimes	2026-09-13T19:29:37.3641981Z   hackney 4.7.4
phase2-server	Provision exact repository runtimes	2026-09-13T19:29:37.3642461Z   hammer 7.4.1
phase2-server	Provision exact repository runtimes	2026-09-13T19:29:37.3642801Z   hex_core 0.15.0
phase2-server	Provision exact repository runtimes	2026-09-13T19:29:37.3647059Z   hpax 1.0.4
phase2-server	Provision exact repository runtimes	2026-09-13T19:29:37.3647417Z   idna 7.1.0
phase2-server	Provision exact repository runtimes	2026-09-13T19:29:37.3647756Z   jason 1.4.5
phase2-server	Provision exact repository runtimes	2026-09-13T19:29:37.3648089Z   mime 2.0.7
phase2-server	Provision exact repository runtimes	2026-09-13T19:29:37.3648423Z   mimerl 1.5.0
phase2-server	Provision exact repository runtimes	2026-09-13T19:29:37.3648768Z   optimus 0.6.1
phase2-server	Provision exact repository runtimes	2026-09-13T19:29:37.3649128Z   parse_trans 3.4.2
phase2-server	Provision exact repository runtimes	2026-09-13T19:29:37.3649499Z   phoenix 1.8.13
phase2-server	Provision exact repository runtimes	2026-09-13T19:29:37.3649853Z   phoenix_ecto 4.7.0
phase2-server	Provision exact repository runtimes	2026-09-13T19:29:37.3664698Z   phoenix_pubsub 2.3.0
phase2-server	Provision exact repository runtimes	2026-09-13T19:29:37.3665292Z   phoenix_template 1.0.4
phase2-server	Provision exact repository runtimes	2026-09-13T19:29:37.3665893Z   plug 1.20.3
phase2-server	Provision exact repository runtimes	2026-09-13T19:29:37.3666517Z   plug_crypto 2.2.0
phase2-server	Provision exact repository runtimes	2026-09-13T19:29:37.3667443Z   postgrex 0.22.4
phase2-server	Provision exact repository runtimes	2026-09-13T19:29:37.3667961Z   protobuf 0.16.1
phase2-server	Provision exact repository runtimes	2026-09-13T19:29:37.3668466Z   purl 0.3.0
phase2-server	Provision exact repository runtimes	2026-09-13T19:29:37.3669237Z   quic 1.8.2
phase2-server	Provision exact repository runtimes	2026-09-13T19:29:37.3669722Z   sbom 0.10.0
phase2-server	Provision exact repository runtimes	2026-09-13T19:29:37.3670233Z   ssl_verify_fun 1.1.7
phase2-server	Provision exact repository runtimes	2026-09-13T19:29:37.3670783Z   stream_data 1.4.0
phase2-server	Provision exact repository runtimes	2026-09-13T19:29:37.3671308Z   telemetry 1.4.2
phase2-server	Provision exact repository runtimes	2026-09-13T19:29:37.3671858Z   telemetry_metrics 1.2.0
phase2-server	Provision exact repository runtimes	2026-09-13T19:29:37.3672442Z   telemetry_poller 1.3.0
phase2-server	Provision exact repository runtimes	2026-09-13T19:29:37.3673441Z   thousand_island 1.5.0
phase2-server	Provision exact repository runtimes	2026-09-13T19:29:37.3674269Z   tzdata 1.1.5
phase2-server	Provision exact repository runtimes	2026-09-13T19:29:37.3675329Z   websock 0.5.3
phase2-server	Provision exact repository runtimes	2026-09-13T19:29:37.3675915Z   websock_adapter 0.6.0
phase2-server	Provision exact repository runtimes	2026-09-13T19:29:37.3676517Z   webtransport 0.4.5
phase2-server	Provision exact repository runtimes	2026-09-13T19:29:37.6631029Z * creating /home/runner/.mix/elixir/1-20-otp-29/rebar3
phase2-server	Provision exact repository runtimes	2026-09-13T19:29:37.7321163Z All dependencies have been fetched
phase2-server	Run exact Phase 2 lane	﻿2026-09-13T19:29:37.7676387Z ##[group]Run set -o pipefail
phase2-server	Run exact Phase 2 lane	2026-09-13T19:29:37.7676734Z ^[[36;1mset -o pipefail^[[0m
phase2-server	Run exact Phase 2 lane	2026-09-13T19:29:37.7677121Z ^[[36;1m./tooling/test-phase-2.sh --lane "server" | tee "$RUNNER_TEMP/server.txt"^[[0m
phase2-server	Run exact Phase 2 lane	2026-09-13T19:29:37.7677613Z ^[[36;1m./tooling/verify-privacy.sh "$RUNNER_TEMP/server.txt"^[[0m
phase2-server	Run exact Phase 2 lane	2026-09-13T19:29:37.7713082Z shell: /usr/bin/bash -e {0}
phase2-server	Run exact Phase 2 lane	2026-09-13T19:29:37.7713341Z env:
phase2-server	Run exact Phase 2 lane	2026-09-13T19:29:37.7713550Z   KEEPLING_PHASE2_SEED: 20260901
phase2-server	Run exact Phase 2 lane	2026-09-13T19:29:37.7714176Z   KEEPLING_FLAKE_POLICY: no-retry; quarantine-requires-owner-issue-expiry
phase2-server	Run exact Phase 2 lane	2026-09-13T19:29:37.7714592Z ##[endgroup]
phase2-server	Run exact Phase 2 lane	2026-09-13T19:29:40.1002410Z Runtime preflight passed: Elixir 1.20.2, OTP 29.0.5, PostgreSQL 18.6
phase2-server	Run exact Phase 2 lane	2026-09-13T19:29:40.2400538Z lane=server status=RUNNING command=mix compile --warnings-as-errors && mix test cases=337 seed=20260901 inputs_sha256=84a3038de36aefcb7bcab4532824886f5f98f961af8bf586d856568be9186859
phase2-server	Run exact Phase 2 lane	2026-09-13T19:29:49.6811733Z lane=server status=PASS command=mix compile --warnings-as-errors && mix test cases=337 seed=20260901 elapsed_ms=9441 inputs_sha256=84a3038de36aefcb7bcab4532824886f5f98f961af8bf586d856568be9186859
phase2-server	Run exact Phase 2 lane	2026-09-13T19:29:50.3653355Z Privacy verification passed: artifacts=1 sentinels=7
phase2-server	Run actions/upload-artifact@ea165f8d65b6e75b540449e92b4886f43607fa02	﻿2026-09-13T19:29:50.3736571Z Node 20 is being deprecated. This workflow is running with Node 24 by default. If you need to temporarily use Node 20, you can set the ACTIONS_ALLOW_USE_UNSECURE_NODE_VERSION=true environment variable. For more information see: https://github.blog/changelog/2025-09-19-deprecation-of-node-20-on-github-actions-runners/
phase2-server	Run actions/upload-artifact@ea165f8d65b6e75b540449e92b4886f43607fa02	2026-09-13T19:29:50.3739053Z ##[group]Run actions/upload-artifact@ea165f8d65b6e75b540449e92b4886f43607fa02
phase2-server	Run actions/upload-artifact@ea165f8d65b6e75b540449e92b4886f43607fa02	2026-09-13T19:29:50.3739718Z with:
phase2-server	Run actions/upload-artifact@ea165f8d65b6e75b540449e92b4886f43607fa02	2026-09-13T19:29:50.3740053Z   name: phase2-server-timing
phase2-server	Run actions/upload-artifact@ea165f8d65b6e75b540449e92b4886f43607fa02	2026-09-13T19:29:50.3740501Z   path: /home/runner/work/_temp/server.txt
phase2-server	Run actions/upload-artifact@ea165f8d65b6e75b540449e92b4886f43607fa02	2026-09-13T19:29:50.3740985Z   if-no-files-found: error
phase2-server	Run actions/upload-artifact@ea165f8d65b6e75b540449e92b4886f43607fa02	2026-09-13T19:29:50.3741372Z   retention-days: 14
phase2-server	Run actions/upload-artifact@ea165f8d65b6e75b540449e92b4886f43607fa02	2026-09-13T19:29:50.3741732Z   compression-level: 6
phase2-server	Run actions/upload-artifact@ea165f8d65b6e75b540449e92b4886f43607fa02	2026-09-13T19:29:50.3742096Z   overwrite: false
phase2-server	Run actions/upload-artifact@ea165f8d65b6e75b540449e92b4886f43607fa02	2026-09-13T19:29:50.3742459Z   include-hidden-files: false
phase2-server	Run actions/upload-artifact@ea165f8d65b6e75b540449e92b4886f43607fa02	2026-09-13T19:29:50.3742846Z env:
phase2-server	Run actions/upload-artifact@ea165f8d65b6e75b540449e92b4886f43607fa02	2026-09-13T19:29:50.3743164Z   KEEPLING_PHASE2_SEED: 20260901
phase2-server	Run actions/upload-artifact@ea165f8d65b6e75b540449e92b4886f43607fa02	2026-09-13T19:29:50.3744048Z   KEEPLING_FLAKE_POLICY: no-retry; quarantine-requires-owner-issue-expiry
phase2-server	Run actions/upload-artifact@ea165f8d65b6e75b540449e92b4886f43607fa02	2026-09-13T19:29:50.3744765Z ##[endgroup]
phase2-server	Run actions/upload-artifact@ea165f8d65b6e75b540449e92b4886f43607fa02	2026-09-13T19:29:50.5558166Z (node:7764) [DEP0040] DeprecationWarning: The `punycode` module is deprecated. Please use a userland alternative instead.
phase2-server	Run actions/upload-artifact@ea165f8d65b6e75b540449e92b4886f43607fa02	2026-09-13T19:29:50.5559590Z (Use `node --trace-deprecation ...` to show where the warning was created)
phase2-server	Run actions/upload-artifact@ea165f8d65b6e75b540449e92b4886f43607fa02	2026-09-13T19:29:50.5610936Z With the provided path, there will be 1 file uploaded
phase2-server	Run actions/upload-artifact@ea165f8d65b6e75b540449e92b4886f43607fa02	2026-09-13T19:29:50.5617278Z Artifact name is valid!
phase2-server	Run actions/upload-artifact@ea165f8d65b6e75b540449e92b4886f43607fa02	2026-09-13T19:29:50.5617871Z Root directory input is valid!
phase2-server	Run actions/upload-artifact@ea165f8d65b6e75b540449e92b4886f43607fa02	2026-09-13T19:29:50.9388033Z Beginning upload of artifact content to blob storage
phase2-server	Run actions/upload-artifact@ea165f8d65b6e75b540449e92b4886f43607fa02	2026-09-13T19:29:50.9596193Z (node:7764) [DEP0169] DeprecationWarning: `url.parse()` behavior is not standardized and prone to errors that have security implications. Use the WHATWG URL API instead. CVEs are not issued for `url.parse()` vulnerabilities.
phase2-server	Run actions/upload-artifact@ea165f8d65b6e75b540449e92b4886f43607fa02	2026-09-13T19:29:51.2355144Z Uploaded bytes 366
phase2-server	Run actions/upload-artifact@ea165f8d65b6e75b540449e92b4886f43607fa02	2026-09-13T19:29:51.3126867Z Finished uploading artifact content to blob storage!
phase2-server	Run actions/upload-artifact@ea165f8d65b6e75b540449e92b4886f43607fa02	2026-09-13T19:29:51.3127704Z SHA256 digest of uploaded artifact zip is a07a509dc877e2b59e32e773addae94da2f5547204950974505c031599d475fc
phase2-server	Run actions/upload-artifact@ea165f8d65b6e75b540449e92b4886f43607fa02	2026-09-13T19:29:51.3129809Z Finalizing artifact upload
phase2-server	Run actions/upload-artifact@ea165f8d65b6e75b540449e92b4886f43607fa02	2026-09-13T19:29:51.5531588Z Artifact phase2-server-timing.zip successfully finalized. Artifact ID 10324063264
phase2-server	Run actions/upload-artifact@ea165f8d65b6e75b540449e92b4886f43607fa02	2026-09-13T19:29:51.5533304Z Artifact phase2-server-timing has been successfully uploaded! Final size is 366 bytes. Artifact ID is 10324063264
phase2-server	Run actions/upload-artifact@ea165f8d65b6e75b540449e92b4886f43607fa02	2026-09-13T19:29:51.5538422Z Artifact download URL: https://github.com/szTheory/keepling/actions/runs/34777805271/artifacts/10324063264
phase2-server	Post Run actions/cache@0400d5f644dc74513175e3cd8d07132dd4860809	﻿2026-09-13T19:29:51.6263560Z Node 20 is being deprecated. This workflow is running with Node 24 by default. If you need to temporarily use Node 20, you can set the ACTIONS_ALLOW_USE_UNSECURE_NODE_VERSION=true environment variable. For more information see: https://github.blog/changelog/2025-09-19-deprecation-of-node-20-on-github-actions-runners/
phase2-server	Post Run actions/cache@0400d5f644dc74513175e3cd8d07132dd4860809	2026-09-13T19:29:51.6265259Z Post job cleanup.
phase2-server	Post Run actions/cache@0400d5f644dc74513175e3cd8d07132dd4860809	2026-09-13T19:29:51.7345381Z Cache hit occurred on the primary key phase2-Linux-server-45b3b35ef45f5d65ae586b2b25dfb93049c099ec9870f23270bda4b35fe975d3, not saving cache.
phase2-server	Post Run actions/cache@0400d5f644dc74513175e3cd8d07132dd4860809	2026-09-13T19:29:51.7347819Z (node:7788) [DEP0040] DeprecationWarning: The `punycode` module is deprecated. Please use a userland alternative instead.
phase2-server	Post Run actions/cache@0400d5f644dc74513175e3cd8d07132dd4860809	2026-09-13T19:29:51.7348980Z (Use `node --trace-deprecation ...` to show where the warning was created)
phase2-server	Post Run actions/setup-node@49933ea5288caeca8642d1e84afbd3f7d6820020	﻿2026-09-13T19:29:51.7476288Z Node 20 is being deprecated. This workflow is running with Node 24 by default. If you need to temporarily use Node 20, you can set the ACTIONS_ALLOW_USE_UNSECURE_NODE_VERSION=true environment variable. For more information see: https://github.blog/changelog/2025-09-19-deprecation-of-node-20-on-github-actions-runners/
phase2-server	Post Run actions/setup-node@49933ea5288caeca8642d1e84afbd3f7d6820020	2026-09-13T19:29:51.7477571Z Post job cleanup.
phase2-server	Post Run actions/setup-node@49933ea5288caeca8642d1e84afbd3f7d6820020	2026-09-13T19:29:51.8768463Z (node:7796) [DEP0040] DeprecationWarning: The `punycode` module is deprecated. Please use a userland alternative instead.
phase2-server	Post Run actions/setup-node@49933ea5288caeca8642d1e84afbd3f7d6820020	2026-09-13T19:29:51.8769884Z (Use `node --trace-deprecation ...` to show where the warning was created)
phase2-server	Post Run actions/checkout@34e114876b0b11c390a56381ad16ebd13914f8d5	﻿2026-09-13T19:29:51.9028923Z Node 20 is being deprecated. This workflow is running with Node 24 by default. If you need to temporarily use Node 20, you can set the ACTIONS_ALLOW_USE_UNSECURE_NODE_VERSION=true environment variable. For more information see: https://github.blog/changelog/2025-09-19-deprecation-of-node-20-on-github-actions-runners/
phase2-server	Post Run actions/checkout@34e114876b0b11c390a56381ad16ebd13914f8d5	2026-09-13T19:29:51.9030203Z Post job cleanup.
phase2-server	Post Run actions/checkout@34e114876b0b11c390a56381ad16ebd13914f8d5	2026-09-13T19:29:51.9846991Z [command]/usr/bin/git version
phase2-server	Post Run actions/checkout@34e114876b0b11c390a56381ad16ebd13914f8d5	2026-09-13T19:29:51.9883671Z git version 2.55.0
phase2-server	Post Run actions/checkout@34e114876b0b11c390a56381ad16ebd13914f8d5	2026-09-13T19:29:51.9921535Z Temporarily overriding HOME='/home/runner/work/_temp/8ac74e23-2a6a-4008-82a4-ccab4c470366' before making global git config changes
phase2-server	Post Run actions/checkout@34e114876b0b11c390a56381ad16ebd13914f8d5	2026-09-13T19:29:51.9923145Z Adding repository directory to the temporary git global config as a safe directory
phase2-server	Post Run actions/checkout@34e114876b0b11c390a56381ad16ebd13914f8d5	2026-09-13T19:29:51.9928300Z [command]/usr/bin/git config --global --add safe.directory /home/runner/work/keepling/keepling
phase2-server	Post Run actions/checkout@34e114876b0b11c390a56381ad16ebd13914f8d5	2026-09-13T19:29:51.9963606Z [command]/usr/bin/git config --local --name-only --get-regexp core\.sshCommand
phase2-server	Post Run actions/checkout@34e114876b0b11c390a56381ad16ebd13914f8d5	2026-09-13T19:29:51.9997604Z [command]/usr/bin/git submodule foreach --recursive sh -c "git config --local --name-only --get-regexp 'core\.sshCommand' && git config --local --unset-all 'core.sshCommand' || :"
phase2-server	Post Run actions/checkout@34e114876b0b11c390a56381ad16ebd13914f8d5	2026-09-13T19:29:52.0216891Z [command]/usr/bin/git config --local --name-only --get-regexp http\.https\:\/\/github\.com\/\.extraheader
phase2-server	Post Run actions/checkout@34e114876b0b11c390a56381ad16ebd13914f8d5	2026-09-13T19:29:52.0243265Z http.https://github.com/.extraheader
phase2-server	Post Run actions/checkout@34e114876b0b11c390a56381ad16ebd13914f8d5	2026-09-13T19:29:52.0254728Z [command]/usr/bin/git config --local --unset-all http.https://github.com/.extraheader
phase2-server	Post Run actions/checkout@34e114876b0b11c390a56381ad16ebd13914f8d5	2026-09-13T19:29:52.0284769Z [command]/usr/bin/git submodule foreach --recursive sh -c "git config --local --name-only --get-regexp 'http\.https\:\/\/github\.com\/\.extraheader' && git config --local --unset-all 'http.https://github.com/.extraheader' || :"
phase2-server	Post Run actions/checkout@34e114876b0b11c390a56381ad16ebd13914f8d5	2026-09-13T19:29:52.0498683Z [command]/usr/bin/git config --local --name-only --get-regexp ^includeIf\.gitdir:
phase2-server	Post Run actions/checkout@34e114876b0b11c390a56381ad16ebd13914f8d5	2026-09-13T19:29:52.0528090Z [command]/usr/bin/git submodule foreach --recursive git config --local --show-origin --name-only --get-regexp remote.origin.url
phase2-server	Complete job	﻿2026-09-13T19:29:52.0877584Z Cleaning up orphan processes
phase2-server	Complete job	2026-09-13T19:29:52.1196197Z ##[warning]Node.js 20 is deprecated. The following actions target Node.js 20 but are being forced to run on Node.js 24: actions/cache@0400d5f644dc74513175e3cd8d07132dd4860809, actions/checkout@34e114876b0b11c390a56381ad16ebd13914f8d5, actions/setup-node@49933ea5288caeca8642d1e84afbd3f7d6820020, actions/upload-artifact@ea165f8d65b6e75b540449e92b4886f43607fa02. For more information see: https://github.blog/changelog/2025-09-19-deprecation-of-node-20-on-github-actions-runners/
export-reader	Set up job	﻿2026-09-13T19:29:26.6470119Z Current runner version: '2.337.0'
export-reader	Set up job	2026-09-13T19:29:26.6508116Z ##[group]Runner Image Provisioner
export-reader	Set up job	2026-09-13T19:29:26.6509565Z Hosted Compute Agent
export-reader	Set up job	2026-09-13T19:29:26.6510650Z Version: 20260828.587
export-reader	Set up job	2026-09-13T19:29:26.6511806Z Commit: abac92662cab4cc7352de4f9f9d2e2419aad9c29
export-reader	Set up job	2026-09-13T19:29:26.6513384Z Build Date: 2026-08-28T16:44:25Z
export-reader	Set up job	2026-09-13T19:29:26.6514664Z Worker ID: {719d91ac-02ee-48b8-9f37-3f70c2d6e231}
export-reader	Set up job	2026-09-13T19:29:26.6516455Z Azure Region: eastus2
export-reader	Set up job	2026-09-13T19:29:26.6517577Z ##[endgroup]
export-reader	Set up job	2026-09-13T19:29:26.6520146Z ##[group]Operating System
export-reader	Set up job	2026-09-13T19:29:26.6521431Z Ubuntu
export-reader	Set up job	2026-09-13T19:29:26.6522344Z 24.04.5
export-reader	Set up job	2026-09-13T19:29:26.6523190Z LTS
export-reader	Set up job	2026-09-13T19:29:26.6524291Z ##[endgroup]
export-reader	Set up job	2026-09-13T19:29:26.6525580Z ##[group]Runner Image
export-reader	Set up job	2026-09-13T19:29:26.6526867Z Image: ubuntu-24.04
export-reader	Set up job	2026-09-13T19:29:26.6527893Z Version: 20260907.300.1
export-reader	Set up job	2026-09-13T19:29:26.6529776Z Included Software: https://github.com/actions/runner-images/blob/ubuntu24/20260907.300/images/ubuntu/Ubuntu2404-Readme.md
export-reader	Set up job	2026-09-13T19:29:26.6533342Z Image Release: https://github.com/actions/runner-images/releases/tag/ubuntu24%2F20260907.300
export-reader	Set up job	2026-09-13T19:29:26.6535416Z ##[endgroup]
export-reader	Set up job	2026-09-13T19:29:26.6537328Z ##[group]GITHUB_TOKEN Permissions
export-reader	Set up job	2026-09-13T19:29:26.6540426Z Contents: read
export-reader	Set up job	2026-09-13T19:29:26.6541483Z Metadata: read
export-reader	Set up job	2026-09-13T19:29:26.6542816Z ##[endgroup]
export-reader	Set up job	2026-09-13T19:29:26.6546567Z Secret source: Actions
export-reader	Set up job	2026-09-13T19:29:26.6548069Z Cache mode: write
export-reader	Set up job	2026-09-13T19:29:26.6549395Z Prepare workflow directory
export-reader	Set up job	2026-09-13T19:29:26.6999543Z Prepare all required actions
export-reader	Set up job	2026-09-13T19:29:26.7049150Z Getting action download info
export-reader	Set up job	2026-09-13T19:29:26.9248773Z Download action repository 'actions/checkout@34e114876b0b11c390a56381ad16ebd13914f8d5' (SHA:34e114876b0b11c390a56381ad16ebd13914f8d5)
export-reader	Set up job	2026-09-13T19:29:27.0382515Z Download action repository 'actions/setup-node@49933ea5288caeca8642d1e84afbd3f7d6820020' (SHA:49933ea5288caeca8642d1e84afbd3f7d6820020)
export-reader	Set up job	2026-09-13T19:29:27.1306960Z Download action repository 'actions/upload-artifact@ea165f8d65b6e75b540449e92b4886f43607fa02' (SHA:ea165f8d65b6e75b540449e92b4886f43607fa02)
export-reader	Set up job	2026-09-13T19:29:27.3473308Z Complete job name: export-reader
export-reader	Run actions/checkout@34e114876b0b11c390a56381ad16ebd13914f8d5	﻿2026-09-13T19:29:27.4366081Z Node 20 is being deprecated. This workflow is running with Node 24 by default. If you need to temporarily use Node 20, you can set the ACTIONS_ALLOW_USE_UNSECURE_NODE_VERSION=true environment variable. For more information see: https://github.blog/changelog/2025-09-19-deprecation-of-node-20-on-github-actions-runners/
export-reader	Run actions/checkout@34e114876b0b11c390a56381ad16ebd13914f8d5	2026-09-13T19:29:27.4375503Z ##[group]Run actions/checkout@34e114876b0b11c390a56381ad16ebd13914f8d5
export-reader	Run actions/checkout@34e114876b0b11c390a56381ad16ebd13914f8d5	2026-09-13T19:29:27.4376647Z with:
export-reader	Run actions/checkout@34e114876b0b11c390a56381ad16ebd13914f8d5	2026-09-13T19:29:27.4377110Z   repository: szTheory/keepling
export-reader	Run actions/checkout@34e114876b0b11c390a56381ad16ebd13914f8d5	2026-09-13T19:29:27.4380902Z   token: ***
export-reader	Run actions/checkout@34e114876b0b11c390a56381ad16ebd13914f8d5	2026-09-13T19:29:27.4381348Z   ssh-strict: true
export-reader	Run actions/checkout@34e114876b0b11c390a56381ad16ebd13914f8d5	2026-09-13T19:29:27.4381795Z   ssh-user: git
export-reader	Run actions/checkout@34e114876b0b11c390a56381ad16ebd13914f8d5	2026-09-13T19:29:27.4382254Z   persist-credentials: true
export-reader	Run actions/checkout@34e114876b0b11c390a56381ad16ebd13914f8d5	2026-09-13T19:29:27.4382749Z   clean: true
export-reader	Run actions/checkout@34e114876b0b11c390a56381ad16ebd13914f8d5	2026-09-13T19:29:27.4383198Z   sparse-checkout-cone-mode: true
export-reader	Run actions/checkout@34e114876b0b11c390a56381ad16ebd13914f8d5	2026-09-13T19:29:27.4383757Z   fetch-depth: 1
export-reader	Run actions/checkout@34e114876b0b11c390a56381ad16ebd13914f8d5	2026-09-13T19:29:27.4384200Z   fetch-tags: false
export-reader	Run actions/checkout@34e114876b0b11c390a56381ad16ebd13914f8d5	2026-09-13T19:29:27.4384652Z   show-progress: true
export-reader	Run actions/checkout@34e114876b0b11c390a56381ad16ebd13914f8d5	2026-09-13T19:29:27.4385410Z   lfs: false
export-reader	Run actions/checkout@34e114876b0b11c390a56381ad16ebd13914f8d5	2026-09-13T19:29:27.4385899Z   submodules: false
export-reader	Run actions/checkout@34e114876b0b11c390a56381ad16ebd13914f8d5	2026-09-13T19:29:27.4386360Z   set-safe-directory: true
export-reader	Run actions/checkout@34e114876b0b11c390a56381ad16ebd13914f8d5	2026-09-13T19:29:27.4387126Z env:
export-reader	Run actions/checkout@34e114876b0b11c390a56381ad16ebd13914f8d5	2026-09-13T19:29:27.4387571Z   KEEPLING_PHASE2_SEED: 20260901
export-reader	Run actions/checkout@34e114876b0b11c390a56381ad16ebd13914f8d5	2026-09-13T19:29:27.4388317Z   KEEPLING_FLAKE_POLICY: no-retry; quarantine-requires-owner-issue-expiry
export-reader	Run actions/checkout@34e114876b0b11c390a56381ad16ebd13914f8d5	2026-09-13T19:29:27.4389066Z ##[endgroup]
export-reader	Run actions/checkout@34e114876b0b11c390a56381ad16ebd13914f8d5	2026-09-13T19:29:27.5507043Z Syncing repository: szTheory/keepling
export-reader	Run actions/checkout@34e114876b0b11c390a56381ad16ebd13914f8d5	2026-09-13T19:29:27.5509632Z ##[group]Getting Git version info
export-reader	Run actions/checkout@34e114876b0b11c390a56381ad16ebd13914f8d5	2026-09-13T19:29:27.5510447Z Working directory is '/home/runner/work/keepling/keepling'
export-reader	Run actions/checkout@34e114876b0b11c390a56381ad16ebd13914f8d5	2026-09-13T19:29:27.5511551Z [command]/usr/bin/git version
export-reader	Run actions/checkout@34e114876b0b11c390a56381ad16ebd13914f8d5	2026-09-13T19:29:27.5589010Z git version 2.55.0
export-reader	Run actions/checkout@34e114876b0b11c390a56381ad16ebd13914f8d5	2026-09-13T19:29:27.5612164Z ##[endgroup]
export-reader	Run actions/checkout@34e114876b0b11c390a56381ad16ebd13914f8d5	2026-09-13T19:29:27.5629694Z Temporarily overriding HOME='/home/runner/work/_temp/b343e60c-f884-45da-b111-e4fd116bc06a' before making global git config changes
export-reader	Run actions/checkout@34e114876b0b11c390a56381ad16ebd13914f8d5	2026-09-13T19:29:27.5632515Z Adding repository directory to the temporary git global config as a safe directory
export-reader	Run actions/checkout@34e114876b0b11c390a56381ad16ebd13914f8d5	2026-09-13T19:29:27.5636596Z [command]/usr/bin/git config --global --add safe.directory /home/runner/work/keepling/keepling
export-reader	Run actions/checkout@34e114876b0b11c390a56381ad16ebd13914f8d5	2026-09-13T19:29:27.5691954Z Deleting the contents of '/home/runner/work/keepling/keepling'
export-reader	Run actions/checkout@34e114876b0b11c390a56381ad16ebd13914f8d5	2026-09-13T19:29:27.5696808Z ##[group]Initializing the repository
export-reader	Run actions/checkout@34e114876b0b11c390a56381ad16ebd13914f8d5	2026-09-13T19:29:27.5701941Z [command]/usr/bin/git init /home/runner/work/keepling/keepling
export-reader	Run actions/checkout@34e114876b0b11c390a56381ad16ebd13914f8d5	2026-09-13T19:29:27.5833506Z hint: Using 'master' as the name for the initial branch. This default branch name
export-reader	Run actions/checkout@34e114876b0b11c390a56381ad16ebd13914f8d5	2026-09-13T19:29:27.5835619Z hint: will change to "main" in Git 3.0. To configure the initial branch name
export-reader	Run actions/checkout@34e114876b0b11c390a56381ad16ebd13914f8d5	2026-09-13T19:29:27.5837328Z hint: to use in all of your new repositories, which will suppress this warning,
export-reader	Run actions/checkout@34e114876b0b11c390a56381ad16ebd13914f8d5	2026-09-13T19:29:27.5838659Z hint: call:
export-reader	Run actions/checkout@34e114876b0b11c390a56381ad16ebd13914f8d5	2026-09-13T19:29:27.5839349Z hint:
export-reader	Run actions/checkout@34e114876b0b11c390a56381ad16ebd13914f8d5	2026-09-13T19:29:27.5840291Z hint: 	git config --global init.defaultBranch <name>
export-reader	Run actions/checkout@34e114876b0b11c390a56381ad16ebd13914f8d5	2026-09-13T19:29:27.5841360Z hint:
export-reader	Run actions/checkout@34e114876b0b11c390a56381ad16ebd13914f8d5	2026-09-13T19:29:27.5842076Z hint: Names commonly chosen instead of 'master' are 'main', 'trunk' and
export-reader	Run actions/checkout@34e114876b0b11c390a56381ad16ebd13914f8d5	2026-09-13T19:29:27.5843047Z hint: 'development'. The just-created branch can be renamed via this command:
export-reader	Run actions/checkout@34e114876b0b11c390a56381ad16ebd13914f8d5	2026-09-13T19:29:27.5844273Z hint:
export-reader	Run actions/checkout@34e114876b0b11c390a56381ad16ebd13914f8d5	2026-09-13T19:29:27.5845127Z hint: 	git branch -m <name>
export-reader	Run actions/checkout@34e114876b0b11c390a56381ad16ebd13914f8d5	2026-09-13T19:29:27.5846012Z hint:
export-reader	Run actions/checkout@34e114876b0b11c390a56381ad16ebd13914f8d5	2026-09-13T19:29:27.5846705Z hint: Disable this message with "git config set advice.defaultBranchName false"
export-reader	Run actions/checkout@34e114876b0b11c390a56381ad16ebd13914f8d5	2026-09-13T19:29:27.5847700Z Initialized empty Git repository in /home/runner/work/keepling/keepling/.git/
export-reader	Run actions/checkout@34e114876b0b11c390a56381ad16ebd13914f8d5	2026-09-13T19:29:27.5851524Z [command]/usr/bin/git remote add origin https://github.com/szTheory/keepling
export-reader	Run actions/checkout@34e114876b0b11c390a56381ad16ebd13914f8d5	2026-09-13T19:29:27.5903985Z ##[endgroup]
export-reader	Run actions/checkout@34e114876b0b11c390a56381ad16ebd13914f8d5	2026-09-13T19:29:27.5904825Z ##[group]Disabling automatic garbage collection
export-reader	Run actions/checkout@34e114876b0b11c390a56381ad16ebd13914f8d5	2026-09-13T19:29:27.5907942Z [command]/usr/bin/git config --local gc.auto 0
export-reader	Run actions/checkout@34e114876b0b11c390a56381ad16ebd13914f8d5	2026-09-13T19:29:27.5941168Z ##[endgroup]
export-reader	Run actions/checkout@34e114876b0b11c390a56381ad16ebd13914f8d5	2026-09-13T19:29:27.5941960Z ##[group]Setting up auth
export-reader	Run actions/checkout@34e114876b0b11c390a56381ad16ebd13914f8d5	2026-09-13T19:29:27.5949412Z [command]/usr/bin/git config --local --name-only --get-regexp core\.sshCommand
export-reader	Run actions/checkout@34e114876b0b11c390a56381ad16ebd13914f8d5	2026-09-13T19:29:27.5984166Z [command]/usr/bin/git submodule foreach --recursive sh -c "git config --local --name-only --get-regexp 'core\.sshCommand' && git config --local --unset-all 'core.sshCommand' || :"
export-reader	Run actions/checkout@34e114876b0b11c390a56381ad16ebd13914f8d5	2026-09-13T19:29:27.6376898Z [command]/usr/bin/git config --local --name-only --get-regexp http\.https\:\/\/github\.com\/\.extraheader
export-reader	Run actions/checkout@34e114876b0b11c390a56381ad16ebd13914f8d5	2026-09-13T19:29:27.6413155Z [command]/usr/bin/git submodule foreach --recursive sh -c "git config --local --name-only --get-regexp 'http\.https\:\/\/github\.com\/\.extraheader' && git config --local --unset-all 'http.https://github.com/.extraheader' || :"
export-reader	Run actions/checkout@34e114876b0b11c390a56381ad16ebd13914f8d5	2026-09-13T19:29:27.6671545Z [command]/usr/bin/git config --local --name-only --get-regexp ^includeIf\.gitdir:
export-reader	Run actions/checkout@34e114876b0b11c390a56381ad16ebd13914f8d5	2026-09-13T19:29:27.6710300Z [command]/usr/bin/git submodule foreach --recursive git config --local --show-origin --name-only --get-regexp remote.origin.url
export-reader	Run actions/checkout@34e114876b0b11c390a56381ad16ebd13914f8d5	2026-09-13T19:29:27.6991060Z [command]/usr/bin/git config --local http.https://github.com/.extraheader AUTHORIZATION: basic ***
export-reader	Run actions/checkout@34e114876b0b11c390a56381ad16ebd13914f8d5	2026-09-13T19:29:27.7031642Z ##[endgroup]
export-reader	Run actions/checkout@34e114876b0b11c390a56381ad16ebd13914f8d5	2026-09-13T19:29:27.7040478Z ##[group]Fetching the repository
export-reader	Run actions/checkout@34e114876b0b11c390a56381ad16ebd13914f8d5	2026-09-13T19:29:27.7041911Z [command]/usr/bin/git -c protocol.version=2 fetch --no-tags --prune --no-recurse-submodules --depth=1 origin +c2e4ce37ff0ca2c27067b098c2cfbdc59155ba96:refs/remotes/origin/main
export-reader	Run actions/checkout@34e114876b0b11c390a56381ad16ebd13914f8d5	2026-09-13T19:29:28.6413407Z From https://github.com/szTheory/keepling
export-reader	Run actions/checkout@34e114876b0b11c390a56381ad16ebd13914f8d5	2026-09-13T19:29:28.6414647Z  * [new ref]         c2e4ce37ff0ca2c27067b098c2cfbdc59155ba96 -> origin/main
export-reader	Run actions/checkout@34e114876b0b11c390a56381ad16ebd13914f8d5	2026-09-13T19:29:28.6418006Z ##[endgroup]
export-reader	Run actions/checkout@34e114876b0b11c390a56381ad16ebd13914f8d5	2026-09-13T19:29:28.6418853Z ##[group]Determining the checkout info
export-reader	Run actions/checkout@34e114876b0b11c390a56381ad16ebd13914f8d5	2026-09-13T19:29:28.6420200Z ##[endgroup]
export-reader	Run actions/checkout@34e114876b0b11c390a56381ad16ebd13914f8d5	2026-09-13T19:29:28.6427033Z [command]/usr/bin/git sparse-checkout disable
export-reader	Run actions/checkout@34e114876b0b11c390a56381ad16ebd13914f8d5	2026-09-13T19:29:28.6478894Z [command]/usr/bin/git config --local --unset-all extensions.worktreeConfig
export-reader	Run actions/checkout@34e114876b0b11c390a56381ad16ebd13914f8d5	2026-09-13T19:29:28.6507828Z ##[group]Checking out the ref
export-reader	Run actions/checkout@34e114876b0b11c390a56381ad16ebd13914f8d5	2026-09-13T19:29:28.6511877Z [command]/usr/bin/git checkout --progress --force -B main refs/remotes/origin/main
export-reader	Run actions/checkout@34e114876b0b11c390a56381ad16ebd13914f8d5	2026-09-13T19:29:28.7773737Z Switched to a new branch 'main'
export-reader	Run actions/checkout@34e114876b0b11c390a56381ad16ebd13914f8d5	2026-09-13T19:29:28.7778690Z branch 'main' set up to track 'origin/main'.
export-reader	Run actions/checkout@34e114876b0b11c390a56381ad16ebd13914f8d5	2026-09-13T19:29:28.7791020Z ##[endgroup]
export-reader	Run actions/checkout@34e114876b0b11c390a56381ad16ebd13914f8d5	2026-09-13T19:29:28.7833399Z [command]/usr/bin/git log -1 --format=%H
export-reader	Run actions/checkout@34e114876b0b11c390a56381ad16ebd13914f8d5	2026-09-13T19:29:28.7858062Z c2e4ce37ff0ca2c27067b098c2cfbdc59155ba96
export-reader	Run actions/setup-node@49933ea5288caeca8642d1e84afbd3f7d6820020	﻿2026-09-13T19:29:28.8154236Z Node 20 is being deprecated. This workflow is running with Node 24 by default. If you need to temporarily use Node 20, you can set the ACTIONS_ALLOW_USE_UNSECURE_NODE_VERSION=true environment variable. For more information see: https://github.blog/changelog/2025-09-19-deprecation-of-node-20-on-github-actions-runners/
export-reader	Run actions/setup-node@49933ea5288caeca8642d1e84afbd3f7d6820020	2026-09-13T19:29:28.8157649Z ##[group]Run actions/setup-node@49933ea5288caeca8642d1e84afbd3f7d6820020
export-reader	Run actions/setup-node@49933ea5288caeca8642d1e84afbd3f7d6820020	2026-09-13T19:29:28.8158431Z with:
export-reader	Run actions/setup-node@49933ea5288caeca8642d1e84afbd3f7d6820020	2026-09-13T19:29:28.8158889Z   node-version: 24.7.0
export-reader	Run actions/setup-node@49933ea5288caeca8642d1e84afbd3f7d6820020	2026-09-13T19:29:28.8159396Z   always-auth: false
export-reader	Run actions/setup-node@49933ea5288caeca8642d1e84afbd3f7d6820020	2026-09-13T19:29:28.8159908Z   check-latest: false
export-reader	Run actions/setup-node@49933ea5288caeca8642d1e84afbd3f7d6820020	2026-09-13T19:29:28.8163798Z   token: ***
export-reader	Run actions/setup-node@49933ea5288caeca8642d1e84afbd3f7d6820020	2026-09-13T19:29:28.8164259Z env:
export-reader	Run actions/setup-node@49933ea5288caeca8642d1e84afbd3f7d6820020	2026-09-13T19:29:28.8164707Z   KEEPLING_PHASE2_SEED: 20260901
export-reader	Run actions/setup-node@49933ea5288caeca8642d1e84afbd3f7d6820020	2026-09-13T19:29:28.8165830Z   KEEPLING_FLAKE_POLICY: no-retry; quarantine-requires-owner-issue-expiry
export-reader	Run actions/setup-node@49933ea5288caeca8642d1e84afbd3f7d6820020	2026-09-13T19:29:28.8166653Z ##[endgroup]
export-reader	Run actions/setup-node@49933ea5288caeca8642d1e84afbd3f7d6820020	2026-09-13T19:29:28.9677789Z Attempting to download 24.7.0...
export-reader	Run actions/setup-node@49933ea5288caeca8642d1e84afbd3f7d6820020	2026-09-13T19:29:28.9788598Z (node:2257) [DEP0040] DeprecationWarning: The `punycode` module is deprecated. Please use a userland alternative instead.
export-reader	Run actions/setup-node@49933ea5288caeca8642d1e84afbd3f7d6820020	2026-09-13T19:29:28.9791629Z (Use `node --trace-deprecation ...` to show where the warning was created)
export-reader	Run actions/setup-node@49933ea5288caeca8642d1e84afbd3f7d6820020	2026-09-13T19:29:29.5571165Z Acquiring 24.7.0 - x64 from https://github.com/actions/node-versions/releases/download/24.7.0-17283839804/node-24.7.0-linux-x64.tar.gz
export-reader	Run actions/setup-node@49933ea5288caeca8642d1e84afbd3f7d6820020	2026-09-13T19:29:30.0221231Z Extracting ...
export-reader	Run actions/setup-node@49933ea5288caeca8642d1e84afbd3f7d6820020	2026-09-13T19:29:30.0356287Z [command]/usr/bin/tar xz --strip 1 --warning=no-unknown-keyword --overwrite -C /home/runner/work/_temp/f48cdfc1-d641-44da-a4a4-b6a63f7bfbfe -f /home/runner/work/_temp/565e2e38-a87e-4bb2-aaf6-48f618a6ebd7
export-reader	Run actions/setup-node@49933ea5288caeca8642d1e84afbd3f7d6820020	2026-09-13T19:29:31.3453275Z Adding to the cache ...
export-reader	Run actions/setup-node@49933ea5288caeca8642d1e84afbd3f7d6820020	2026-09-13T19:29:33.5457080Z ##[group]Environment details
export-reader	Run actions/setup-node@49933ea5288caeca8642d1e84afbd3f7d6820020	2026-09-13T19:29:33.7879989Z node: v24.7.0
export-reader	Run actions/setup-node@49933ea5288caeca8642d1e84afbd3f7d6820020	2026-09-13T19:29:33.7880598Z npm: 11.5.1
export-reader	Run actions/setup-node@49933ea5288caeca8642d1e84afbd3f7d6820020	2026-09-13T19:29:33.7880945Z yarn: 1.22.22
export-reader	Run actions/setup-node@49933ea5288caeca8642d1e84afbd3f7d6820020	2026-09-13T19:29:33.7881894Z ##[endgroup]
export-reader	Validate the golden export bundle by an independent route	﻿2026-09-13T19:29:33.8079354Z ##[group]Run set -o pipefail
export-reader	Validate the golden export bundle by an independent route	2026-09-13T19:29:33.8079767Z ^[[36;1mset -o pipefail^[[0m
export-reader	Validate the golden export bundle by an independent route	2026-09-13T19:29:33.8080226Z ^[[36;1mnode tooling/verify-export-reader.mjs --golden | tee "$RUNNER_TEMP/export-reader.txt"^[[0m
export-reader	Validate the golden export bundle by an independent route	2026-09-13T19:29:33.8080829Z ^[[36;1m./tooling/verify-privacy.sh "$RUNNER_TEMP/export-reader.txt"^[[0m
export-reader	Validate the golden export bundle by an independent route	2026-09-13T19:29:33.8123140Z shell: /usr/bin/bash -e {0}
export-reader	Validate the golden export bundle by an independent route	2026-09-13T19:29:33.8123440Z env:
export-reader	Validate the golden export bundle by an independent route	2026-09-13T19:29:33.8123695Z   KEEPLING_PHASE2_SEED: 20260901
export-reader	Validate the golden export bundle by an independent route	2026-09-13T19:29:33.8124099Z   KEEPLING_FLAKE_POLICY: no-retry; quarantine-requires-owner-issue-expiry
export-reader	Validate the golden export bundle by an independent route	2026-09-13T19:29:33.8124518Z ##[endgroup]
export-reader	Validate the golden export bundle by an independent route	2026-09-13T19:29:33.8590601Z verify-export-reader --golden PASSED cases=16 trackedInputSha256=6163530e92505f314ec045c331b55f62889aa1cca7f6b69851bffd8e8b9aacf9
export-reader	Validate the golden export bundle by an independent route	2026-09-13T19:29:33.8753513Z Privacy verification passed: artifacts=1 sentinels=7
export-reader	Run actions/upload-artifact@ea165f8d65b6e75b540449e92b4886f43607fa02	﻿2026-09-13T19:29:33.8863466Z Node 20 is being deprecated. This workflow is running with Node 24 by default. If you need to temporarily use Node 20, you can set the ACTIONS_ALLOW_USE_UNSECURE_NODE_VERSION=true environment variable. For more information see: https://github.blog/changelog/2025-09-19-deprecation-of-node-20-on-github-actions-runners/
export-reader	Run actions/upload-artifact@ea165f8d65b6e75b540449e92b4886f43607fa02	2026-09-13T19:29:33.8864927Z ##[group]Run actions/upload-artifact@ea165f8d65b6e75b540449e92b4886f43607fa02
export-reader	Run actions/upload-artifact@ea165f8d65b6e75b540449e92b4886f43607fa02	2026-09-13T19:29:33.8865671Z with:
export-reader	Run actions/upload-artifact@ea165f8d65b6e75b540449e92b4886f43607fa02	2026-09-13T19:29:33.8865902Z   name: export-reader-timing
export-reader	Run actions/upload-artifact@ea165f8d65b6e75b540449e92b4886f43607fa02	2026-09-13T19:29:33.8866206Z   path: /home/runner/work/_temp/export-reader.txt
export-reader	Run actions/upload-artifact@ea165f8d65b6e75b540449e92b4886f43607fa02	2026-09-13T19:29:33.8866523Z   if-no-files-found: error
export-reader	Run actions/upload-artifact@ea165f8d65b6e75b540449e92b4886f43607fa02	2026-09-13T19:29:33.8866760Z   retention-days: 14
export-reader	Run actions/upload-artifact@ea165f8d65b6e75b540449e92b4886f43607fa02	2026-09-13T19:29:33.8866982Z   compression-level: 6
export-reader	Run actions/upload-artifact@ea165f8d65b6e75b540449e92b4886f43607fa02	2026-09-13T19:29:33.8867206Z   overwrite: false
export-reader	Run actions/upload-artifact@ea165f8d65b6e75b540449e92b4886f43607fa02	2026-09-13T19:29:33.8867423Z   include-hidden-files: false
export-reader	Run actions/upload-artifact@ea165f8d65b6e75b540449e92b4886f43607fa02	2026-09-13T19:29:33.8867659Z env:
export-reader	Run actions/upload-artifact@ea165f8d65b6e75b540449e92b4886f43607fa02	2026-09-13T19:29:33.8867884Z   KEEPLING_PHASE2_SEED: 20260901
export-reader	Run actions/upload-artifact@ea165f8d65b6e75b540449e92b4886f43607fa02	2026-09-13T19:29:33.8868573Z   KEEPLING_FLAKE_POLICY: no-retry; quarantine-requires-owner-issue-expiry
export-reader	Run actions/upload-artifact@ea165f8d65b6e75b540449e92b4886f43607fa02	2026-09-13T19:29:33.8869007Z ##[endgroup]
export-reader	Run actions/upload-artifact@ea165f8d65b6e75b540449e92b4886f43607fa02	2026-09-13T19:29:34.0623881Z (node:2313) [DEP0040] DeprecationWarning: The `punycode` module is deprecated. Please use a userland alternative instead.
export-reader	Run actions/upload-artifact@ea165f8d65b6e75b540449e92b4886f43607fa02	2026-09-13T19:29:34.0626072Z (Use `node --trace-deprecation ...` to show where the warning was created)
export-reader	Run actions/upload-artifact@ea165f8d65b6e75b540449e92b4886f43607fa02	2026-09-13T19:29:34.0679555Z With the provided path, there will be 1 file uploaded
export-reader	Run actions/upload-artifact@ea165f8d65b6e75b540449e92b4886f43607fa02	2026-09-13T19:29:34.0687776Z Artifact name is valid!
export-reader	Run actions/upload-artifact@ea165f8d65b6e75b540449e92b4886f43607fa02	2026-09-13T19:29:34.0688975Z Root directory input is valid!
export-reader	Run actions/upload-artifact@ea165f8d65b6e75b540449e92b4886f43607fa02	2026-09-13T19:29:34.3001841Z Beginning upload of artifact content to blob storage
export-reader	Run actions/upload-artifact@ea165f8d65b6e75b540449e92b4886f43607fa02	2026-09-13T19:29:34.3187843Z (node:2313) [DEP0169] DeprecationWarning: `url.parse()` behavior is not standardized and prone to errors that have security implications. Use the WHATWG URL API instead. CVEs are not issued for `url.parse()` vulnerabilities.
export-reader	Run actions/upload-artifact@ea165f8d65b6e75b540449e92b4886f43607fa02	2026-09-13T19:29:34.3589156Z Uploaded bytes 267
export-reader	Run actions/upload-artifact@ea165f8d65b6e75b540449e92b4886f43607fa02	2026-09-13T19:29:34.3772486Z Finished uploading artifact content to blob storage!
export-reader	Run actions/upload-artifact@ea165f8d65b6e75b540449e92b4886f43607fa02	2026-09-13T19:29:34.3773991Z SHA256 digest of uploaded artifact zip is 725e6ddf718ca00a7ee4e56324e5df6b2add5e79ec5341f34e53a1743d9ca686
export-reader	Run actions/upload-artifact@ea165f8d65b6e75b540449e92b4886f43607fa02	2026-09-13T19:29:34.3775090Z Finalizing artifact upload
export-reader	Run actions/upload-artifact@ea165f8d65b6e75b540449e92b4886f43607fa02	2026-09-13T19:29:34.5639705Z Artifact export-reader-timing.zip successfully finalized. Artifact ID 10324008275
export-reader	Run actions/upload-artifact@ea165f8d65b6e75b540449e92b4886f43607fa02	2026-09-13T19:29:34.5641778Z Artifact export-reader-timing has been successfully uploaded! Final size is 267 bytes. Artifact ID is 10324008275
export-reader	Run actions/upload-artifact@ea165f8d65b6e75b540449e92b4886f43607fa02	2026-09-13T19:29:34.5656823Z Artifact download URL: https://github.com/szTheory/keepling/actions/runs/34777805271/artifacts/10324008275
export-reader	Post Run actions/setup-node@49933ea5288caeca8642d1e84afbd3f7d6820020	﻿2026-09-13T19:29:34.5842551Z Node 20 is being deprecated. This workflow is running with Node 24 by default. If you need to temporarily use Node 20, you can set the ACTIONS_ALLOW_USE_UNSECURE_NODE_VERSION=true environment variable. For more information see: https://github.blog/changelog/2025-09-19-deprecation-of-node-20-on-github-actions-runners/
export-reader	Post Run actions/setup-node@49933ea5288caeca8642d1e84afbd3f7d6820020	2026-09-13T19:29:34.5843848Z Post job cleanup.
export-reader	Post Run actions/setup-node@49933ea5288caeca8642d1e84afbd3f7d6820020	2026-09-13T19:29:34.7101066Z (node:2325) [DEP0040] DeprecationWarning: The `punycode` module is deprecated. Please use a userland alternative instead.
export-reader	Post Run actions/setup-node@49933ea5288caeca8642d1e84afbd3f7d6820020	2026-09-13T19:29:34.7102152Z (Use `node --trace-deprecation ...` to show where the warning was created)
export-reader	Post Run actions/checkout@34e114876b0b11c390a56381ad16ebd13914f8d5	﻿2026-09-13T19:29:34.7248566Z Node 20 is being deprecated. This workflow is running with Node 24 by default. If you need to temporarily use Node 20, you can set the ACTIONS_ALLOW_USE_UNSECURE_NODE_VERSION=true environment variable. For more information see: https://github.blog/changelog/2025-09-19-deprecation-of-node-20-on-github-actions-runners/
export-reader	Post Run actions/checkout@34e114876b0b11c390a56381ad16ebd13914f8d5	2026-09-13T19:29:34.7249866Z Post job cleanup.
export-reader	Post Run actions/checkout@34e114876b0b11c390a56381ad16ebd13914f8d5	2026-09-13T19:29:34.8101098Z [command]/usr/bin/git version
export-reader	Post Run actions/checkout@34e114876b0b11c390a56381ad16ebd13914f8d5	2026-09-13T19:29:34.8139300Z git version 2.55.0
export-reader	Post Run actions/checkout@34e114876b0b11c390a56381ad16ebd13914f8d5	2026-09-13T19:29:34.8180063Z Temporarily overriding HOME='/home/runner/work/_temp/04b72dbf-59b4-4f09-9703-aa1fd7547cba' before making global git config changes
export-reader	Post Run actions/checkout@34e114876b0b11c390a56381ad16ebd13914f8d5	2026-09-13T19:29:34.8181773Z Adding repository directory to the temporary git global config as a safe directory
export-reader	Post Run actions/checkout@34e114876b0b11c390a56381ad16ebd13914f8d5	2026-09-13T19:29:34.8186952Z [command]/usr/bin/git config --global --add safe.directory /home/runner/work/keepling/keepling
export-reader	Post Run actions/checkout@34e114876b0b11c390a56381ad16ebd13914f8d5	2026-09-13T19:29:34.8225935Z [command]/usr/bin/git config --local --name-only --get-regexp core\.sshCommand
export-reader	Post Run actions/checkout@34e114876b0b11c390a56381ad16ebd13914f8d5	2026-09-13T19:29:34.8261332Z [command]/usr/bin/git submodule foreach --recursive sh -c "git config --local --name-only --get-regexp 'core\.sshCommand' && git config --local --unset-all 'core.sshCommand' || :"
export-reader	Post Run actions/checkout@34e114876b0b11c390a56381ad16ebd13914f8d5	2026-09-13T19:29:34.8495088Z [command]/usr/bin/git config --local --name-only --get-regexp http\.https\:\/\/github\.com\/\.extraheader
export-reader	Post Run actions/checkout@34e114876b0b11c390a56381ad16ebd13914f8d5	2026-09-13T19:29:34.8523209Z http.https://github.com/.extraheader
export-reader	Post Run actions/checkout@34e114876b0b11c390a56381ad16ebd13914f8d5	2026-09-13T19:29:34.8534660Z [command]/usr/bin/git config --local --unset-all http.https://github.com/.extraheader
export-reader	Post Run actions/checkout@34e114876b0b11c390a56381ad16ebd13914f8d5	2026-09-13T19:29:34.8567370Z [command]/usr/bin/git submodule foreach --recursive sh -c "git config --local --name-only --get-regexp 'http\.https\:\/\/github\.com\/\.extraheader' && git config --local --unset-all 'http.https://github.com/.extraheader' || :"
export-reader	Post Run actions/checkout@34e114876b0b11c390a56381ad16ebd13914f8d5	2026-09-13T19:29:34.8798706Z [command]/usr/bin/git config --local --name-only --get-regexp ^includeIf\.gitdir:
export-reader	Post Run actions/checkout@34e114876b0b11c390a56381ad16ebd13914f8d5	2026-09-13T19:29:34.8836464Z [command]/usr/bin/git submodule foreach --recursive git config --local --show-origin --name-only --get-regexp remote.origin.url
export-reader	Complete job	﻿2026-09-13T19:29:34.9241211Z Cleaning up orphan processes
export-reader	Complete job	2026-09-13T19:29:34.9616665Z ##[warning]Node.js 20 is deprecated. The following actions target Node.js 20 but are being forced to run on Node.js 24: actions/checkout@34e114876b0b11c390a56381ad16ebd13914f8d5, actions/setup-node@49933ea5288caeca8642d1e84afbd3f7d6820020, actions/upload-artifact@ea165f8d65b6e75b540449e92b4886f43607fa02. For more information see: https://github.blog/changelog/2025-09-19-deprecation-of-node-20-on-github-actions-runners/
All required checks passed	Set up job	﻿2026-09-13T19:31:37.4084809Z Current runner version: '2.337.0'
All required checks passed	Set up job	2026-09-13T19:31:37.4113223Z ##[group]Runner Image Provisioner
All required checks passed	Set up job	2026-09-13T19:31:37.4114079Z Hosted Compute Agent
All required checks passed	Set up job	2026-09-13T19:31:37.4114863Z Version: 20260828.587
All required checks passed	Set up job	2026-09-13T19:31:37.4115517Z Commit: abac92662cab4cc7352de4f9f9d2e2419aad9c29
All required checks passed	Set up job	2026-09-13T19:31:37.4116316Z Build Date: 2026-08-28T16:44:25Z
All required checks passed	Set up job	2026-09-13T19:31:37.4117051Z Worker ID: {c27ead3c-a374-40f9-846c-68588330568a}
All required checks passed	Set up job	2026-09-13T19:31:37.4117765Z Azure Region: eastus
All required checks passed	Set up job	2026-09-13T19:31:37.4118397Z ##[endgroup]
All required checks passed	Set up job	2026-09-13T19:31:37.4120182Z ##[group]Operating System
All required checks passed	Set up job	2026-09-13T19:31:37.4120920Z Ubuntu
All required checks passed	Set up job	2026-09-13T19:31:37.4121722Z 24.04.5
All required checks passed	Set up job	2026-09-13T19:31:37.4122296Z LTS
All required checks passed	Set up job	2026-09-13T19:31:37.4122951Z ##[endgroup]
All required checks passed	Set up job	2026-09-13T19:31:37.4123512Z ##[group]Runner Image
All required checks passed	Set up job	2026-09-13T19:31:37.4124138Z Image: ubuntu-24.04
All required checks passed	Set up job	2026-09-13T19:31:37.4124771Z Version: 20260907.300.1
All required checks passed	Set up job	2026-09-13T19:31:37.4125850Z Included Software: https://github.com/actions/runner-images/blob/ubuntu24/20260907.300/images/ubuntu/Ubuntu2404-Readme.md
All required checks passed	Set up job	2026-09-13T19:31:37.4127655Z Image Release: https://github.com/actions/runner-images/releases/tag/ubuntu24%2F20260907.300
All required checks passed	Set up job	2026-09-13T19:31:37.4128997Z ##[endgroup]
All required checks passed	Set up job	2026-09-13T19:31:37.4130188Z ##[group]GITHUB_TOKEN Permissions
All required checks passed	Set up job	2026-09-13T19:31:37.4132705Z Contents: read
All required checks passed	Set up job	2026-09-13T19:31:37.4133424Z Metadata: read
All required checks passed	Set up job	2026-09-13T19:31:37.4133989Z ##[endgroup]
All required checks passed	Set up job	2026-09-13T19:31:37.4136766Z Secret source: Actions
All required checks passed	Set up job	2026-09-13T19:31:37.4137773Z Cache mode: write
All required checks passed	Set up job	2026-09-13T19:31:37.4138903Z Prepare workflow directory
All required checks passed	Set up job	2026-09-13T19:31:37.4524936Z Prepare all required actions
All required checks passed	Set up job	2026-09-13T19:31:37.4588736Z Complete job name: All required checks passed
All required checks passed	Assert every required dependency succeeded	﻿2026-09-13T19:31:37.5366435Z ##[group]Run node -e '
All required checks passed	Assert every required dependency succeeded	2026-09-13T19:31:37.5367208Z ^[[36;1mnode -e '^[[0m
All required checks passed	Assert every required dependency succeeded	2026-09-13T19:31:37.5368001Z ^[[36;1m  const needs = JSON.parse(process.env.NEEDS_CONTEXT);^[[0m
All required checks passed	Assert every required dependency succeeded	2026-09-13T19:31:37.5368831Z ^[[36;1m  let failed = false;^[[0m
All required checks passed	Assert every required dependency succeeded	2026-09-13T19:31:37.5369724Z ^[[36;1m  for (const [job, info] of Object.entries(needs)) {^[[0m
All required checks passed	Assert every required dependency succeeded	2026-09-13T19:31:37.5370608Z ^[[36;1m    const result = info.result;^[[0m
All required checks passed	Assert every required dependency succeeded	2026-09-13T19:31:37.5371695Z ^[[36;1m    console.log("needs job=" + job + " result=" + result);^[[0m
All required checks passed	Assert every required dependency succeeded	2026-09-13T19:31:37.5372623Z ^[[36;1m    if (result !== "success") {^[[0m
All required checks passed	Assert every required dependency succeeded	2026-09-13T19:31:37.5373608Z ^[[36;1m      console.error("required job " + job + " did not succeed (result=" + result + ")");^[[0m
All required checks passed	Assert every required dependency succeeded	2026-09-13T19:31:37.5374531Z ^[[36;1m      failed = true;^[[0m
All required checks passed	Assert every required dependency succeeded	2026-09-13T19:31:37.5375185Z ^[[36;1m    }^[[0m
All required checks passed	Assert every required dependency succeeded	2026-09-13T19:31:37.5375719Z ^[[36;1m  }^[[0m
All required checks passed	Assert every required dependency succeeded	2026-09-13T19:31:37.5376309Z ^[[36;1m  if (failed) process.exit(1);^[[0m
All required checks passed	Assert every required dependency succeeded	2026-09-13T19:31:37.5377065Z ^[[36;1m'^[[0m
All required checks passed	Assert every required dependency succeeded	2026-09-13T19:31:37.5859074Z shell: /usr/bin/bash -e {0}
All required checks passed	Assert every required dependency succeeded	2026-09-13T19:31:37.5860264Z env:
All required checks passed	Assert every required dependency succeeded	2026-09-13T19:31:37.5861297Z   KEEPLING_PHASE2_SEED: 20260901
All required checks passed	Assert every required dependency succeeded	2026-09-13T19:31:37.5862382Z   KEEPLING_FLAKE_POLICY: no-retry; quarantine-requires-owner-issue-expiry
All required checks passed	Assert every required dependency succeeded	2026-09-13T19:31:37.5866126Z   NEEDS_CONTEXT: {
All required checks passed	Assert every required dependency succeeded	  "ci-contract": {
All required checks passed	Assert every required dependency succeeded	    "result": "success",
All required checks passed	Assert every required dependency succeeded	    "outputs": {}
All required checks passed	Assert every required dependency succeeded	  },
All required checks passed	Assert every required dependency succeeded	  "repository-integrity": {
All required checks passed	Assert every required dependency succeeded	    "result": "success",
All required checks passed	Assert every required dependency succeeded	    "outputs": {}
All required checks passed	Assert every required dependency succeeded	  },
All required checks passed	Assert every required dependency succeeded	  "phase2-linux": {
All required checks passed	Assert every required dependency succeeded	    "result": "success",
All required checks passed	Assert every required dependency succeeded	    "outputs": {}
All required checks passed	Assert every required dependency succeeded	  },
All required checks passed	Assert every required dependency succeeded	  "phase2-runtime": {
All required checks passed	Assert every required dependency succeeded	    "result": "success",
All required checks passed	Assert every required dependency succeeded	    "outputs": {}
All required checks passed	Assert every required dependency succeeded	  },
All required checks passed	Assert every required dependency succeeded	  "image-compose-deploy": {
All required checks passed	Assert every required dependency succeeded	    "result": "success",
All required checks passed	Assert every required dependency succeeded	    "outputs": {}
All required checks passed	Assert every required dependency succeeded	  },
All required checks passed	Assert every required dependency succeeded	  "opentofu-host-fixtures": {
All required checks passed	Assert every required dependency succeeded	    "result": "success",
All required checks passed	Assert every required dependency succeeded	    "outputs": {}
All required checks passed	Assert every required dependency succeeded	  },
All required checks passed	Assert every required dependency succeeded	  "export-reader": {
All required checks passed	Assert every required dependency succeeded	    "result": "success",
All required checks passed	Assert every required dependency succeeded	    "outputs": {}
All required checks passed	Assert every required dependency succeeded	  }
All required checks passed	Assert every required dependency succeeded	}
All required checks passed	Assert every required dependency succeeded	2026-09-13T19:31:37.5869799Z ##[endgroup]
All required checks passed	Assert every required dependency succeeded	2026-09-13T19:31:37.7857503Z needs job=ci-contract result=success
All required checks passed	Assert every required dependency succeeded	2026-09-13T19:31:37.7858744Z needs job=repository-integrity result=success
All required checks passed	Assert every required dependency succeeded	2026-09-13T19:31:37.7859587Z needs job=phase2-linux result=success
All required checks passed	Assert every required dependency succeeded	2026-09-13T19:31:37.7860462Z needs job=phase2-runtime result=success
All required checks passed	Assert every required dependency succeeded	2026-09-13T19:31:37.7861754Z needs job=image-compose-deploy result=success
All required checks passed	Assert every required dependency succeeded	2026-09-13T19:31:37.7863298Z needs job=opentofu-host-fixtures result=success
All required checks passed	Assert every required dependency succeeded	2026-09-13T19:31:37.7864853Z needs job=export-reader result=success
All required checks passed	Complete job	﻿2026-09-13T19:31:37.8052293Z Cleaning up orphan processes
