ci-contract	Set up job	﻿2026-09-14T16:28:33.2834742Z Current runner version: '2.337.0'
ci-contract	Set up job	2026-09-14T16:28:33.2871304Z ##[group]Runner Image Provisioner
ci-contract	Set up job	2026-09-14T16:28:33.2872994Z Hosted Compute Agent
ci-contract	Set up job	2026-09-14T16:28:33.2874203Z Version: 20260828.587
ci-contract	Set up job	2026-09-14T16:28:33.2875361Z Commit: abac92662cab4cc7352de4f9f9d2e2419aad9c29
ci-contract	Set up job	2026-09-14T16:28:33.2876842Z Build Date: 2026-08-28T16:44:25Z
ci-contract	Set up job	2026-09-14T16:28:33.2878094Z Worker ID: {69b4884e-148a-49e6-9ea1-4504faa53bd8}
ci-contract	Set up job	2026-09-14T16:28:33.2880099Z Azure Region: eastus
ci-contract	Set up job	2026-09-14T16:28:33.2881208Z ##[endgroup]
ci-contract	Set up job	2026-09-14T16:28:33.2884067Z ##[group]Operating System
ci-contract	Set up job	2026-09-14T16:28:33.2885355Z Ubuntu
ci-contract	Set up job	2026-09-14T16:28:33.2886378Z 24.04.5
ci-contract	Set up job	2026-09-14T16:28:33.2887425Z LTS
ci-contract	Set up job	2026-09-14T16:28:33.2888396Z ##[endgroup]
ci-contract	Set up job	2026-09-14T16:28:33.2889347Z ##[group]Runner Image
ci-contract	Set up job	2026-09-14T16:28:33.2890637Z Image: ubuntu-24.04
ci-contract	Set up job	2026-09-14T16:28:33.2891648Z Version: 20260907.300.1
ci-contract	Set up job	2026-09-14T16:28:33.2893916Z Included Software: https://github.com/actions/runner-images/blob/ubuntu24/20260907.300/images/ubuntu/Ubuntu2404-Readme.md
ci-contract	Set up job	2026-09-14T16:28:33.2897062Z Image Release: https://github.com/actions/runner-images/releases/tag/ubuntu24%2F20260907.300
ci-contract	Set up job	2026-09-14T16:28:33.2898778Z ##[endgroup]
ci-contract	Set up job	2026-09-14T16:28:33.2900729Z ##[group]GITHUB_TOKEN Permissions
ci-contract	Set up job	2026-09-14T16:28:33.2903859Z Contents: read
ci-contract	Set up job	2026-09-14T16:28:33.2904993Z Metadata: read
ci-contract	Set up job	2026-09-14T16:28:33.2906068Z ##[endgroup]
ci-contract	Set up job	2026-09-14T16:28:33.2909050Z Secret source: Actions
ci-contract	Set up job	2026-09-14T16:28:33.2910951Z Cache mode: write
ci-contract	Set up job	2026-09-14T16:28:33.2912470Z Prepare workflow directory
ci-contract	Set up job	2026-09-14T16:28:33.3480917Z Prepare all required actions
ci-contract	Set up job	2026-09-14T16:28:33.3553049Z Getting action download info
ci-contract	Set up job	2026-09-14T16:28:33.5239926Z Download action repository 'actions/checkout@34e114876b0b11c390a56381ad16ebd13914f8d5' (SHA:34e114876b0b11c390a56381ad16ebd13914f8d5)
ci-contract	Set up job	2026-09-14T16:28:33.6591832Z Download action repository 'actions/setup-node@49933ea5288caeca8642d1e84afbd3f7d6820020' (SHA:49933ea5288caeca8642d1e84afbd3f7d6820020)
ci-contract	Set up job	2026-09-14T16:28:33.8441765Z Complete job name: ci-contract
ci-contract	Run actions/checkout@34e114876b0b11c390a56381ad16ebd13914f8d5	﻿2026-09-14T16:28:33.9187803Z Node 20 is being deprecated. This workflow is running with Node 24 by default. If you need to temporarily use Node 20, you can set the ACTIONS_ALLOW_USE_UNSECURE_NODE_VERSION=true environment variable. For more information see: https://github.blog/changelog/2025-09-19-deprecation-of-node-20-on-github-actions-runners/
ci-contract	Run actions/checkout@34e114876b0b11c390a56381ad16ebd13914f8d5	2026-09-14T16:28:33.9196561Z ##[group]Run actions/checkout@34e114876b0b11c390a56381ad16ebd13914f8d5
ci-contract	Run actions/checkout@34e114876b0b11c390a56381ad16ebd13914f8d5	2026-09-14T16:28:33.9197518Z with:
ci-contract	Run actions/checkout@34e114876b0b11c390a56381ad16ebd13914f8d5	2026-09-14T16:28:33.9197987Z   repository: szTheory/keepling
ci-contract	Run actions/checkout@34e114876b0b11c390a56381ad16ebd13914f8d5	2026-09-14T16:28:33.9201825Z   token: ***
ci-contract	Run actions/checkout@34e114876b0b11c390a56381ad16ebd13914f8d5	2026-09-14T16:28:33.9202278Z   ssh-strict: true
ci-contract	Run actions/checkout@34e114876b0b11c390a56381ad16ebd13914f8d5	2026-09-14T16:28:33.9202963Z   ssh-user: git
ci-contract	Run actions/checkout@34e114876b0b11c390a56381ad16ebd13914f8d5	2026-09-14T16:28:33.9203430Z   persist-credentials: true
ci-contract	Run actions/checkout@34e114876b0b11c390a56381ad16ebd13914f8d5	2026-09-14T16:28:33.9203924Z   clean: true
ci-contract	Run actions/checkout@34e114876b0b11c390a56381ad16ebd13914f8d5	2026-09-14T16:28:33.9204376Z   sparse-checkout-cone-mode: true
ci-contract	Run actions/checkout@34e114876b0b11c390a56381ad16ebd13914f8d5	2026-09-14T16:28:33.9204914Z   fetch-depth: 1
ci-contract	Run actions/checkout@34e114876b0b11c390a56381ad16ebd13914f8d5	2026-09-14T16:28:33.9205353Z   fetch-tags: false
ci-contract	Run actions/checkout@34e114876b0b11c390a56381ad16ebd13914f8d5	2026-09-14T16:28:33.9205809Z   show-progress: true
ci-contract	Run actions/checkout@34e114876b0b11c390a56381ad16ebd13914f8d5	2026-09-14T16:28:33.9206435Z   lfs: false
ci-contract	Run actions/checkout@34e114876b0b11c390a56381ad16ebd13914f8d5	2026-09-14T16:28:33.9206992Z   submodules: false
ci-contract	Run actions/checkout@34e114876b0b11c390a56381ad16ebd13914f8d5	2026-09-14T16:28:33.9207448Z   set-safe-directory: true
ci-contract	Run actions/checkout@34e114876b0b11c390a56381ad16ebd13914f8d5	2026-09-14T16:28:33.9208215Z env:
ci-contract	Run actions/checkout@34e114876b0b11c390a56381ad16ebd13914f8d5	2026-09-14T16:28:33.9208661Z   KEEPLING_PHASE2_SEED: 20260901
ci-contract	Run actions/checkout@34e114876b0b11c390a56381ad16ebd13914f8d5	2026-09-14T16:28:33.9209394Z   KEEPLING_FLAKE_POLICY: no-retry; quarantine-requires-owner-issue-expiry
ci-contract	Run actions/checkout@34e114876b0b11c390a56381ad16ebd13914f8d5	2026-09-14T16:28:33.9210153Z ##[endgroup]
ci-contract	Run actions/checkout@34e114876b0b11c390a56381ad16ebd13914f8d5	2026-09-14T16:28:34.0187634Z Syncing repository: szTheory/keepling
ci-contract	Run actions/checkout@34e114876b0b11c390a56381ad16ebd13914f8d5	2026-09-14T16:28:34.0189546Z ##[group]Getting Git version info
ci-contract	Run actions/checkout@34e114876b0b11c390a56381ad16ebd13914f8d5	2026-09-14T16:28:34.0190366Z Working directory is '/home/runner/work/keepling/keepling'
ci-contract	Run actions/checkout@34e114876b0b11c390a56381ad16ebd13914f8d5	2026-09-14T16:28:34.0191388Z [command]/usr/bin/git version
ci-contract	Run actions/checkout@34e114876b0b11c390a56381ad16ebd13914f8d5	2026-09-14T16:28:34.0279534Z git version 2.55.0
ci-contract	Run actions/checkout@34e114876b0b11c390a56381ad16ebd13914f8d5	2026-09-14T16:28:34.0299547Z ##[endgroup]
ci-contract	Run actions/checkout@34e114876b0b11c390a56381ad16ebd13914f8d5	2026-09-14T16:28:34.0313416Z Temporarily overriding HOME='/home/runner/work/_temp/b3069643-4e37-4185-ad38-a7d79814f681' before making global git config changes
ci-contract	Run actions/checkout@34e114876b0b11c390a56381ad16ebd13914f8d5	2026-09-14T16:28:34.0315366Z Adding repository directory to the temporary git global config as a safe directory
ci-contract	Run actions/checkout@34e114876b0b11c390a56381ad16ebd13914f8d5	2026-09-14T16:28:34.0318634Z [command]/usr/bin/git config --global --add safe.directory /home/runner/work/keepling/keepling
ci-contract	Run actions/checkout@34e114876b0b11c390a56381ad16ebd13914f8d5	2026-09-14T16:28:34.0368777Z Deleting the contents of '/home/runner/work/keepling/keepling'
ci-contract	Run actions/checkout@34e114876b0b11c390a56381ad16ebd13914f8d5	2026-09-14T16:28:34.0372917Z ##[group]Initializing the repository
ci-contract	Run actions/checkout@34e114876b0b11c390a56381ad16ebd13914f8d5	2026-09-14T16:28:34.0377899Z [command]/usr/bin/git init /home/runner/work/keepling/keepling
ci-contract	Run actions/checkout@34e114876b0b11c390a56381ad16ebd13914f8d5	2026-09-14T16:28:34.0504509Z hint: Using 'master' as the name for the initial branch. This default branch name
ci-contract	Run actions/checkout@34e114876b0b11c390a56381ad16ebd13914f8d5	2026-09-14T16:28:34.0506559Z hint: will change to "main" in Git 3.0. To configure the initial branch name
ci-contract	Run actions/checkout@34e114876b0b11c390a56381ad16ebd13914f8d5	2026-09-14T16:28:34.0508657Z hint: to use in all of your new repositories, which will suppress this warning,
ci-contract	Run actions/checkout@34e114876b0b11c390a56381ad16ebd13914f8d5	2026-09-14T16:28:34.0510749Z hint: call:
ci-contract	Run actions/checkout@34e114876b0b11c390a56381ad16ebd13914f8d5	2026-09-14T16:28:34.0511972Z hint:
ci-contract	Run actions/checkout@34e114876b0b11c390a56381ad16ebd13914f8d5	2026-09-14T16:28:34.0513599Z hint: 	git config --global init.defaultBranch <name>
ci-contract	Run actions/checkout@34e114876b0b11c390a56381ad16ebd13914f8d5	2026-09-14T16:28:34.0515290Z hint:
ci-contract	Run actions/checkout@34e114876b0b11c390a56381ad16ebd13914f8d5	2026-09-14T16:28:34.0516392Z hint: Names commonly chosen instead of 'master' are 'main', 'trunk' and
ci-contract	Run actions/checkout@34e114876b0b11c390a56381ad16ebd13914f8d5	2026-09-14T16:28:34.0518042Z hint: 'development'. The just-created branch can be renamed via this command:
ci-contract	Run actions/checkout@34e114876b0b11c390a56381ad16ebd13914f8d5	2026-09-14T16:28:34.0519413Z hint:
ci-contract	Run actions/checkout@34e114876b0b11c390a56381ad16ebd13914f8d5	2026-09-14T16:28:34.0520233Z hint: 	git branch -m <name>
ci-contract	Run actions/checkout@34e114876b0b11c390a56381ad16ebd13914f8d5	2026-09-14T16:28:34.0521346Z hint:
ci-contract	Run actions/checkout@34e114876b0b11c390a56381ad16ebd13914f8d5	2026-09-14T16:28:34.0522548Z hint: Disable this message with "git config set advice.defaultBranchName false"
ci-contract	Run actions/checkout@34e114876b0b11c390a56381ad16ebd13914f8d5	2026-09-14T16:28:34.0524638Z Initialized empty Git repository in /home/runner/work/keepling/keepling/.git/
ci-contract	Run actions/checkout@34e114876b0b11c390a56381ad16ebd13914f8d5	2026-09-14T16:28:34.0527336Z [command]/usr/bin/git remote add origin https://github.com/szTheory/keepling
ci-contract	Run actions/checkout@34e114876b0b11c390a56381ad16ebd13914f8d5	2026-09-14T16:28:34.0573755Z ##[endgroup]
ci-contract	Run actions/checkout@34e114876b0b11c390a56381ad16ebd13914f8d5	2026-09-14T16:28:34.0575453Z ##[group]Disabling automatic garbage collection
ci-contract	Run actions/checkout@34e114876b0b11c390a56381ad16ebd13914f8d5	2026-09-14T16:28:34.0577295Z [command]/usr/bin/git config --local gc.auto 0
ci-contract	Run actions/checkout@34e114876b0b11c390a56381ad16ebd13914f8d5	2026-09-14T16:28:34.0606337Z ##[endgroup]
ci-contract	Run actions/checkout@34e114876b0b11c390a56381ad16ebd13914f8d5	2026-09-14T16:28:34.0607161Z ##[group]Setting up auth
ci-contract	Run actions/checkout@34e114876b0b11c390a56381ad16ebd13914f8d5	2026-09-14T16:28:34.0612767Z [command]/usr/bin/git config --local --name-only --get-regexp core\.sshCommand
ci-contract	Run actions/checkout@34e114876b0b11c390a56381ad16ebd13914f8d5	2026-09-14T16:28:34.0643745Z [command]/usr/bin/git submodule foreach --recursive sh -c "git config --local --name-only --get-regexp 'core\.sshCommand' && git config --local --unset-all 'core.sshCommand' || :"
ci-contract	Run actions/checkout@34e114876b0b11c390a56381ad16ebd13914f8d5	2026-09-14T16:28:34.1028728Z [command]/usr/bin/git config --local --name-only --get-regexp http\.https\:\/\/github\.com\/\.extraheader
ci-contract	Run actions/checkout@34e114876b0b11c390a56381ad16ebd13914f8d5	2026-09-14T16:28:34.1060147Z [command]/usr/bin/git submodule foreach --recursive sh -c "git config --local --name-only --get-regexp 'http\.https\:\/\/github\.com\/\.extraheader' && git config --local --unset-all 'http.https://github.com/.extraheader' || :"
ci-contract	Run actions/checkout@34e114876b0b11c390a56381ad16ebd13914f8d5	2026-09-14T16:28:34.1275539Z [command]/usr/bin/git config --local --name-only --get-regexp ^includeIf\.gitdir:
ci-contract	Run actions/checkout@34e114876b0b11c390a56381ad16ebd13914f8d5	2026-09-14T16:28:34.1305331Z [command]/usr/bin/git submodule foreach --recursive git config --local --show-origin --name-only --get-regexp remote.origin.url
ci-contract	Run actions/checkout@34e114876b0b11c390a56381ad16ebd13914f8d5	2026-09-14T16:28:34.1519364Z [command]/usr/bin/git config --local http.https://github.com/.extraheader AUTHORIZATION: basic ***
ci-contract	Run actions/checkout@34e114876b0b11c390a56381ad16ebd13914f8d5	2026-09-14T16:28:34.1553330Z ##[endgroup]
ci-contract	Run actions/checkout@34e114876b0b11c390a56381ad16ebd13914f8d5	2026-09-14T16:28:34.1554307Z ##[group]Fetching the repository
ci-contract	Run actions/checkout@34e114876b0b11c390a56381ad16ebd13914f8d5	2026-09-14T16:28:34.1562581Z [command]/usr/bin/git -c protocol.version=2 fetch --no-tags --prune --no-recurse-submodules --depth=1 origin +4f5954104c839dbec57188607829fdc7b975e0cc:refs/remotes/origin/main
ci-contract	Run actions/checkout@34e114876b0b11c390a56381ad16ebd13914f8d5	2026-09-14T16:28:35.3398943Z From https://github.com/szTheory/keepling
ci-contract	Run actions/checkout@34e114876b0b11c390a56381ad16ebd13914f8d5	2026-09-14T16:28:35.3425090Z  * [new ref]         4f5954104c839dbec57188607829fdc7b975e0cc -> origin/main
ci-contract	Run actions/checkout@34e114876b0b11c390a56381ad16ebd13914f8d5	2026-09-14T16:28:35.3446295Z ##[endgroup]
ci-contract	Run actions/checkout@34e114876b0b11c390a56381ad16ebd13914f8d5	2026-09-14T16:28:35.3447177Z ##[group]Determining the checkout info
ci-contract	Run actions/checkout@34e114876b0b11c390a56381ad16ebd13914f8d5	2026-09-14T16:28:35.3448085Z ##[endgroup]
ci-contract	Run actions/checkout@34e114876b0b11c390a56381ad16ebd13914f8d5	2026-09-14T16:28:35.3448937Z [command]/usr/bin/git sparse-checkout disable
ci-contract	Run actions/checkout@34e114876b0b11c390a56381ad16ebd13914f8d5	2026-09-14T16:28:35.3470959Z [command]/usr/bin/git config --local --unset-all extensions.worktreeConfig
ci-contract	Run actions/checkout@34e114876b0b11c390a56381ad16ebd13914f8d5	2026-09-14T16:28:35.3501495Z ##[group]Checking out the ref
ci-contract	Run actions/checkout@34e114876b0b11c390a56381ad16ebd13914f8d5	2026-09-14T16:28:35.3506760Z [command]/usr/bin/git checkout --progress --force -B main refs/remotes/origin/main
ci-contract	Run actions/checkout@34e114876b0b11c390a56381ad16ebd13914f8d5	2026-09-14T16:28:35.4977028Z Switched to a new branch 'main'
ci-contract	Run actions/checkout@34e114876b0b11c390a56381ad16ebd13914f8d5	2026-09-14T16:28:35.4982973Z branch 'main' set up to track 'origin/main'.
ci-contract	Run actions/checkout@34e114876b0b11c390a56381ad16ebd13914f8d5	2026-09-14T16:28:35.4996861Z ##[endgroup]
ci-contract	Run actions/checkout@34e114876b0b11c390a56381ad16ebd13914f8d5	2026-09-14T16:28:35.5039313Z [command]/usr/bin/git log -1 --format=%H
ci-contract	Run actions/checkout@34e114876b0b11c390a56381ad16ebd13914f8d5	2026-09-14T16:28:35.5063298Z 4f5954104c839dbec57188607829fdc7b975e0cc
ci-contract	Run actions/setup-node@49933ea5288caeca8642d1e84afbd3f7d6820020	﻿2026-09-14T16:28:35.5445116Z Node 20 is being deprecated. This workflow is running with Node 24 by default. If you need to temporarily use Node 20, you can set the ACTIONS_ALLOW_USE_UNSECURE_NODE_VERSION=true environment variable. For more information see: https://github.blog/changelog/2025-09-19-deprecation-of-node-20-on-github-actions-runners/
ci-contract	Run actions/setup-node@49933ea5288caeca8642d1e84afbd3f7d6820020	2026-09-14T16:28:35.5451463Z ##[group]Run actions/setup-node@49933ea5288caeca8642d1e84afbd3f7d6820020
ci-contract	Run actions/setup-node@49933ea5288caeca8642d1e84afbd3f7d6820020	2026-09-14T16:28:35.5453467Z with:
ci-contract	Run actions/setup-node@49933ea5288caeca8642d1e84afbd3f7d6820020	2026-09-14T16:28:35.5454449Z   node-version: 24.7.0
ci-contract	Run actions/setup-node@49933ea5288caeca8642d1e84afbd3f7d6820020	2026-09-14T16:28:35.5455548Z   always-auth: false
ci-contract	Run actions/setup-node@49933ea5288caeca8642d1e84afbd3f7d6820020	2026-09-14T16:28:35.5456632Z   check-latest: false
ci-contract	Run actions/setup-node@49933ea5288caeca8642d1e84afbd3f7d6820020	2026-09-14T16:28:35.5466927Z   token: ***
ci-contract	Run actions/setup-node@49933ea5288caeca8642d1e84afbd3f7d6820020	2026-09-14T16:28:35.5467929Z env:
ci-contract	Run actions/setup-node@49933ea5288caeca8642d1e84afbd3f7d6820020	2026-09-14T16:28:35.5468880Z   KEEPLING_PHASE2_SEED: 20260901
ci-contract	Run actions/setup-node@49933ea5288caeca8642d1e84afbd3f7d6820020	2026-09-14T16:28:35.5470612Z   KEEPLING_FLAKE_POLICY: no-retry; quarantine-requires-owner-issue-expiry
ci-contract	Run actions/setup-node@49933ea5288caeca8642d1e84afbd3f7d6820020	2026-09-14T16:28:35.5472385Z ##[endgroup]
ci-contract	Run actions/setup-node@49933ea5288caeca8642d1e84afbd3f7d6820020	2026-09-14T16:28:35.6862862Z Attempting to download 24.7.0...
ci-contract	Run actions/setup-node@49933ea5288caeca8642d1e84afbd3f7d6820020	2026-09-14T16:28:35.6968975Z (node:2256) [DEP0040] DeprecationWarning: The `punycode` module is deprecated. Please use a userland alternative instead.
ci-contract	Run actions/setup-node@49933ea5288caeca8642d1e84afbd3f7d6820020	2026-09-14T16:28:35.6973306Z (Use `node --trace-deprecation ...` to show where the warning was created)
ci-contract	Run actions/setup-node@49933ea5288caeca8642d1e84afbd3f7d6820020	2026-09-14T16:28:36.1929095Z Acquiring 24.7.0 - x64 from https://github.com/actions/node-versions/releases/download/24.7.0-17283839804/node-24.7.0-linux-x64.tar.gz
ci-contract	Run actions/setup-node@49933ea5288caeca8642d1e84afbd3f7d6820020	2026-09-14T16:28:36.6028408Z Extracting ...
ci-contract	Run actions/setup-node@49933ea5288caeca8642d1e84afbd3f7d6820020	2026-09-14T16:28:36.6154797Z [command]/usr/bin/tar xz --strip 1 --warning=no-unknown-keyword --overwrite -C /home/runner/work/_temp/db24dcb8-f740-4407-bceb-1607a43520aa -f /home/runner/work/_temp/6c665ea1-e42f-4e8e-ad65-d8bd4533b030
ci-contract	Run actions/setup-node@49933ea5288caeca8642d1e84afbd3f7d6820020	2026-09-14T16:28:37.9212204Z Adding to the cache ...
ci-contract	Run actions/setup-node@49933ea5288caeca8642d1e84afbd3f7d6820020	2026-09-14T16:28:40.3155904Z ##[group]Environment details
ci-contract	Run actions/setup-node@49933ea5288caeca8642d1e84afbd3f7d6820020	2026-09-14T16:28:40.5662856Z node: v24.7.0
ci-contract	Run actions/setup-node@49933ea5288caeca8642d1e84afbd3f7d6820020	2026-09-14T16:28:40.5663492Z npm: 11.5.1
ci-contract	Run actions/setup-node@49933ea5288caeca8642d1e84afbd3f7d6820020	2026-09-14T16:28:40.5665425Z yarn: 1.22.22
ci-contract	Run actions/setup-node@49933ea5288caeca8642d1e84afbd3f7d6820020	2026-09-14T16:28:40.5666236Z ##[endgroup]
ci-contract	Verify committed CI contract and lane inventory	﻿2026-09-14T16:28:40.5856003Z ##[group]Run ./tooling/check-ci-contract.mjs && ./tooling/test-phase-2.sh --list
ci-contract	Verify committed CI contract and lane inventory	2026-09-14T16:28:40.5856681Z ^[[36;1m./tooling/check-ci-contract.mjs && ./tooling/test-phase-2.sh --list^[[0m
ci-contract	Verify committed CI contract and lane inventory	2026-09-14T16:28:40.5898295Z shell: /usr/bin/bash -e {0}
ci-contract	Verify committed CI contract and lane inventory	2026-09-14T16:28:40.5898608Z env:
ci-contract	Verify committed CI contract and lane inventory	2026-09-14T16:28:40.5898841Z   KEEPLING_PHASE2_SEED: 20260901
ci-contract	Verify committed CI contract and lane inventory	2026-09-14T16:28:40.5899272Z   KEEPLING_FLAKE_POLICY: no-retry; quarantine-requires-owner-issue-expiry
ci-contract	Verify committed CI contract and lane inventory	2026-09-14T16:28:40.5899780Z ##[endgroup]
ci-contract	Verify committed CI contract and lane inventory	2026-09-14T16:28:40.7002129Z CI contract passed: lanes=9 pins=full-sha caches=exact scheduled=non-vacuous privacy_self_test=passed
ci-contract	Verify committed CI contract and lane inventory	2026-09-14T16:28:40.7075719Z repository-integrity       repository boundary checks
ci-contract	Verify committed CI contract and lane inventory	2026-09-14T16:28:40.7077134Z server                     complete ExUnit suite against disposable PostgreSQL
ci-contract	Verify committed CI contract and lane inventory	2026-09-14T16:28:40.7078753Z sync-property              seeded reference model and PostgreSQL feed tests
ci-contract	Verify committed CI contract and lane inventory	2026-09-14T16:28:40.7080344Z contracts-compatibility    generated contracts and current/previous skew matrix
ci-contract	Verify committed CI contract and lane inventory	2026-09-14T16:28:40.7081484Z image-compose-deploy       disposable OCI, Compose, migration, and retry proof
ci-contract	Verify committed CI contract and lane inventory	2026-09-14T16:28:40.7082418Z backup-restore             backup policy and three isolated restore fixtures
ci-contract	Verify committed CI contract and lane inventory	2026-09-14T16:28:40.7083733Z opentofu-host-fixtures     pinned provider graph and hermetic live-boundary regressions
ci-contract	Verify committed CI contract and lane inventory	2026-09-14T16:28:40.7084698Z privacy                    producer redaction tests and aggregate hostile scan
ci-contract	Verify committed CI contract and lane inventory	2026-09-14T16:28:40.7085721Z live-host-dns-acceptance   credentialed outer acceptance; runs only with every input present
ci-contract	Prove the release verifier still refuses a vanished lane and a locally bound lane	﻿2026-09-14T16:28:40.7123855Z ##[group]Run # NOTE: deliberately no `set -o pipefail` here. Each fixture makes the
ci-contract	Prove the release verifier still refuses a vanished lane and a locally bound lane	2026-09-14T16:28:40.7124554Z ^[[36;1m# NOTE: deliberately no `set -o pipefail` here. Each fixture makes the^[[0m
ci-contract	Prove the release verifier still refuses a vanished lane and a locally bound lane	2026-09-14T16:28:40.7125101Z ^[[36;1m# verifier exit non-zero ON PURPOSE -- that refusal IS the assertion.^[[0m
ci-contract	Prove the release verifier still refuses a vanished lane and a locally bound lane	2026-09-14T16:28:40.7125643Z ^[[36;1m# Piping it straight into grep under pipefail fails the step precisely^[[0m
ci-contract	Prove the release verifier still refuses a vanished lane and a locally bound lane	2026-09-14T16:28:40.7126406Z ^[[36;1m# WHEN THE GUARD WORKS, because the node exit status poisons the^[[0m
ci-contract	Prove the release verifier still refuses a vanished lane and a locally bound lane	2026-09-14T16:28:40.7126894Z ^[[36;1m# pipeline. Capture the output first, then assert against it.^[[0m
ci-contract	Prove the release verifier still refuses a vanished lane and a locally bound lane	2026-09-14T16:28:40.7127298Z ^[[36;1mset -u^[[0m
ci-contract	Prove the release verifier still refuses a vanished lane and a locally bound lane	2026-09-14T16:28:40.7127561Z ^[[36;1massert_refused() {^[[0m
ci-contract	Prove the release verifier still refuses a vanished lane and a locally bound lane	2026-09-14T16:28:40.7127812Z ^[[36;1m  fixture="$1"^[[0m
ci-contract	Prove the release verifier still refuses a vanished lane and a locally bound lane	2026-09-14T16:28:40.7128047Z ^[[36;1m  expected="$2"^[[0m
ci-contract	Prove the release verifier still refuses a vanished lane and a locally bound lane	2026-09-14T16:28:40.7128480Z ^[[36;1m  output="$(node tooling/verify-release.mjs --manifest "$fixture" --offline 2>&1)" && {^[[0m
ci-contract	Prove the release verifier still refuses a vanished lane and a locally bound lane	2026-09-14T16:28:40.7129074Z ^[[36;1m    echo "verify-release ACCEPTED $fixture; the guard is gone" >&2^[[0m
ci-contract	Prove the release verifier still refuses a vanished lane and a locally bound lane	2026-09-14T16:28:40.7129507Z ^[[36;1m    printf '%s\n' "$output" >&2^[[0m
ci-contract	Prove the release verifier still refuses a vanished lane and a locally bound lane	2026-09-14T16:28:40.7129789Z ^[[36;1m    exit 1^[[0m
ci-contract	Prove the release verifier still refuses a vanished lane and a locally bound lane	2026-09-14T16:28:40.7130001Z ^[[36;1m  }^[[0m
ci-contract	Prove the release verifier still refuses a vanished lane and a locally bound lane	2026-09-14T16:28:40.7130262Z ^[[36;1m  printf '%s\n' "$output" | grep -q "$expected" || {^[[0m
ci-contract	Prove the release verifier still refuses a vanished lane and a locally bound lane	2026-09-14T16:28:40.7130737Z ^[[36;1m    echo "verify-release refused $fixture but not for the stated reason:" >&2^[[0m
ci-contract	Prove the release verifier still refuses a vanished lane and a locally bound lane	2026-09-14T16:28:40.7131208Z ^[[36;1m    echo "  expected to find: $expected" >&2^[[0m
ci-contract	Prove the release verifier still refuses a vanished lane and a locally bound lane	2026-09-14T16:28:40.7131518Z ^[[36;1m    printf '%s\n' "$output" >&2^[[0m
ci-contract	Prove the release verifier still refuses a vanished lane and a locally bound lane	2026-09-14T16:28:40.7131785Z ^[[36;1m    exit 1^[[0m
ci-contract	Prove the release verifier still refuses a vanished lane and a locally bound lane	2026-09-14T16:28:40.7132002Z ^[[36;1m  }^[[0m
ci-contract	Prove the release verifier still refuses a vanished lane and a locally bound lane	2026-09-14T16:28:40.7132195Z ^[[36;1m}^[[0m
ci-contract	Prove the release verifier still refuses a vanished lane and a locally bound lane	2026-09-14T16:28:40.7132890Z ^[[36;1massert_refused tooling/fixtures/release-manifest.vanished-lane.json 'lane vanished from manifest'^[[0m
ci-contract	Prove the release verifier still refuses a vanished lane and a locally bound lane	2026-09-14T16:28:40.7134138Z ^[[36;1massert_refused tooling/fixtures/release-manifest.local-unattested.json 'nothing local may bind to locally built bytes'^[[0m
ci-contract	Prove the release verifier still refuses a vanished lane and a locally bound lane	2026-09-14T16:28:40.7135128Z ^[[36;1massert_refused tooling/fixtures/release-manifest.not-produced-artifact.json 'a lane cannot have tested bytes that were never built'^[[0m
ci-contract	Prove the release verifier still refuses a vanished lane and a locally bound lane	2026-09-14T16:28:40.7136075Z ^[[36;1massert_refused tooling/fixtures/release-manifest.dangling-evidence.json 'a digest naming nothing proves nothing'^[[0m
ci-contract	Prove the release verifier still refuses a vanished lane and a locally bound lane	2026-09-14T16:28:40.7137054Z ^[[36;1mecho 'release-verifier guards intact: vanished-lane=refused local-unattested=refused not-produced-artifact=refused dangling-evidence=refused'^[[0m
ci-contract	Prove the release verifier still refuses a vanished lane and a locally bound lane	2026-09-14T16:28:40.7173859Z shell: /usr/bin/bash -e {0}
ci-contract	Prove the release verifier still refuses a vanished lane and a locally bound lane	2026-09-14T16:28:40.7174135Z env:
ci-contract	Prove the release verifier still refuses a vanished lane and a locally bound lane	2026-09-14T16:28:40.7174346Z   KEEPLING_PHASE2_SEED: 20260901
ci-contract	Prove the release verifier still refuses a vanished lane and a locally bound lane	2026-09-14T16:28:40.7174738Z   KEEPLING_FLAKE_POLICY: no-retry; quarantine-requires-owner-issue-expiry
ci-contract	Prove the release verifier still refuses a vanished lane and a locally bound lane	2026-09-14T16:28:40.7175133Z ##[endgroup]
ci-contract	Prove the release verifier still refuses a vanished lane and a locally bound lane	2026-09-14T16:28:40.8745034Z release-verifier guards intact: vanished-lane=refused local-unattested=refused not-produced-artifact=refused dangling-evidence=refused
ci-contract	Report the committed release evidence that exists at this revision	﻿2026-09-14T16:28:40.8778963Z ##[group]Run set -o pipefail
ci-contract	Report the committed release evidence that exists at this revision	2026-09-14T16:28:40.8779328Z ^[[36;1mset -o pipefail^[[0m
ci-contract	Report the committed release evidence that exists at this revision	2026-09-14T16:28:40.8779691Z ^[[36;1mfor manifest in .planning/releases/*/release-manifest.json; do^[[0m
ci-contract	Report the committed release evidence that exists at this revision	2026-09-14T16:28:40.8780099Z ^[[36;1m  [ -e "$manifest" ] || continue^[[0m
ci-contract	Report the committed release evidence that exists at this revision	2026-09-14T16:28:40.8780414Z ^[[36;1m  echo "::group::verify-release $manifest"^[[0m
ci-contract	Report the committed release evidence that exists at this revision	2026-09-14T16:28:40.8780941Z ^[[36;1m  node tooling/verify-release.mjs --manifest "$manifest" --offline || echo "NON-PASSING: $manifest"^[[0m
ci-contract	Report the committed release evidence that exists at this revision	2026-09-14T16:28:40.8781470Z ^[[36;1m  echo "::endgroup::"^[[0m
ci-contract	Report the committed release evidence that exists at this revision	2026-09-14T16:28:40.8781721Z ^[[36;1mdone^[[0m
ci-contract	Report the committed release evidence that exists at this revision	2026-09-14T16:28:40.8818993Z shell: /usr/bin/bash -e {0}
ci-contract	Report the committed release evidence that exists at this revision	2026-09-14T16:28:40.8819273Z env:
ci-contract	Report the committed release evidence that exists at this revision	2026-09-14T16:28:40.8819495Z   KEEPLING_PHASE2_SEED: 20260901
ci-contract	Report the committed release evidence that exists at this revision	2026-09-14T16:28:40.8819915Z   KEEPLING_FLAKE_POLICY: no-retry; quarantine-requires-owner-issue-expiry
ci-contract	Report the committed release evidence that exists at this revision	2026-09-14T16:28:40.8820319Z ##[endgroup]
ci-contract	Report the committed release evidence that exists at this revision	2026-09-14T16:28:40.8879487Z ##[group]verify-release .planning/releases/candidate-0/release-manifest.json
ci-contract	Report the committed release evidence that exists at this revision	2026-09-14T16:28:40.9201808Z verify-release failed: lane vanished from manifest: repository-integrity
ci-contract	Report the committed release evidence that exists at this revision	2026-09-14T16:28:40.9203372Z verify-release failed: lane vanished from manifest: all-required-passed
ci-contract	Report the committed release evidence that exists at this revision	2026-09-14T16:28:40.9204524Z verify-release failed: lane vanished from manifest: phase2-server
ci-contract	Report the committed release evidence that exists at this revision	2026-09-14T16:28:40.9205647Z verify-release failed: lane vanished from manifest: phase2-sync-property
ci-contract	Report the committed release evidence that exists at this revision	2026-09-14T16:28:40.9206755Z verify-release failed: lane vanished from manifest: phase2-backup-restore
ci-contract	Report the committed release evidence that exists at this revision	2026-09-14T16:28:40.9208218Z verify-release tracked_input_sha256=a43c5ff88228d8b2edc0f0b05ce75d0c67695dcb00eae6b7bc9484d0f95eb0e7
ci-contract	Report the committed release evidence that exists at this revision	2026-09-14T16:28:40.9209999Z verify-release failed: lane vanished from manifest: phase2-contracts-compatibility
ci-contract	Report the committed release evidence that exists at this revision	2026-09-14T16:28:40.9211038Z verify-release failed: lane vanished from manifest: phase2-privacy
ci-contract	Report the committed release evidence that exists at this revision	2026-09-14T16:28:40.9212034Z verify-release failed: lane vanished from manifest: image-compose-deploy
ci-contract	Report the committed release evidence that exists at this revision	2026-09-14T16:28:40.9213269Z verify-release failed: lane vanished from manifest: opentofu-host-fixtures
ci-contract	Report the committed release evidence that exists at this revision	2026-09-14T16:28:40.9214254Z verify-release failed: lane vanished from manifest: export-elixir
ci-contract	Report the committed release evidence that exists at this revision	2026-09-14T16:28:40.9215145Z verify-release failed: lane vanished from manifest: export-reader
ci-contract	Report the committed release evidence that exists at this revision	2026-09-14T16:28:40.9216100Z verify-release failed: lane vanished from manifest: desktop-units
ci-contract	Report the committed release evidence that exists at this revision	2026-09-14T16:28:40.9217071Z verify-release failed: lane vanished from manifest: desktop-package
ci-contract	Report the committed release evidence that exists at this revision	2026-09-14T16:28:40.9218043Z verify-release failed: lane vanished from manifest: desktop-packaged
ci-contract	Report the committed release evidence that exists at this revision	2026-09-14T16:28:40.9219041Z verify-release failed: lane vanished from manifest: desktop-e2e
ci-contract	Report the committed release evidence that exists at this revision	2026-09-14T16:28:40.9220064Z verify-release failed: lane vanished from manifest: macos-integration-no-grant
ci-contract	Report the committed release evidence that exists at this revision	2026-09-14T16:28:40.9221254Z verify-release failed: lane vanished from manifest: macos-integration-live-appearance
ci-contract	Report the committed release evidence that exists at this revision	2026-09-14T16:28:40.9222399Z verify-release failed: lane vanished from manifest: hosted-runner-tcc-report
ci-contract	Report the committed release evidence that exists at this revision	2026-09-14T16:28:40.9223660Z verify-release failed: lane vanished from manifest: desktop-promote
ci-contract	Report the committed release evidence that exists at this revision	2026-09-14T16:28:40.9224798Z verify-release failed: lane vanished from manifest: slsa-provenance-attestation
ci-contract	Report the committed release evidence that exists at this revision	2026-09-14T16:28:40.9225888Z verify-release failed: lane vanished from manifest: sbom-generation
ci-contract	Report the committed release evidence that exists at this revision	2026-09-14T16:28:40.9226897Z verify-release failed: lane vanished from manifest: package-reproducible
ci-contract	Report the committed release evidence that exists at this revision	2026-09-14T16:28:40.9227888Z verify-release failed: lane vanished from manifest: daily-restore
ci-contract	Report the committed release evidence that exists at this revision	2026-09-14T16:28:40.9228902Z verify-release failed: lane vanished from manifest: weekly-historical-pitr
ci-contract	Report the committed release evidence that exists at this revision	2026-09-14T16:28:40.9230019Z verify-release failed: lane vanished from manifest: quarterly-host-replacement
ci-contract	Report the committed release evidence that exists at this revision	2026-09-14T16:28:40.9230804Z verify-release failed: lane vanished from manifest: phase-1-desktop
ci-contract	Report the committed release evidence that exists at this revision	2026-09-14T16:28:40.9231652Z verify-release failed: lane vanished from manifest: mcp-gate-selftest
ci-contract	Report the committed release evidence that exists at this revision	2026-09-14T16:28:40.9232879Z verify-release failed: lane vanished from manifest: mcp-phase-non-model
ci-contract	Report the committed release evidence that exists at this revision	2026-09-14T16:28:40.9233691Z verify-release failed: lane vanished from manifest: cross-adapter-phase
ci-contract	Report the committed release evidence that exists at this revision	2026-09-14T16:28:40.9234263Z verify-release failed: lane vanished from manifest: ios-simulator
ci-contract	Report the committed release evidence that exists at this revision	2026-09-14T16:28:40.9235107Z verify-release failed: lane vanished from manifest: ios-signed-build
ci-contract	Report the committed release evidence that exists at this revision	2026-09-14T16:28:40.9235683Z verify-release failed: lane vanished from manifest: real-stack-desktop
ci-contract	Report the committed release evidence that exists at this revision	2026-09-14T16:28:40.9236279Z verify-release failed: lane vanished from manifest: real-stack-ios-simulator
ci-contract	Report the committed release evidence that exists at this revision	2026-09-14T16:28:40.9236841Z verify-release failed: lane vanished from manifest: trust-soak
ci-contract	Report the committed release evidence that exists at this revision	2026-09-14T16:28:40.9237436Z verify-release failed: lane vanished from manifest: macos-integration-full-grant
ci-contract	Report the committed release evidence that exists at this revision	2026-09-14T16:28:40.9238013Z verify-release failed: lane vanished from manifest: ios-device
ci-contract	Report the committed release evidence that exists at this revision	2026-09-14T16:28:40.9238585Z verify-release failed: lane vanished from manifest: mcp-representative-model
ci-contract	Report the committed release evidence that exists at this revision	2026-09-14T16:28:40.9239203Z verify-release failed: lane vanished from manifest: live-host-dns-acceptance
ci-contract	Report the committed release evidence that exists at this revision	2026-09-14T16:28:40.9240637Z verify-release failed: lane ci-contract records evidenceDigestSha256=82db996cfd088bbf67dd4aed1297edbd4174ca41df24e9f205baec6162ee37be but its evidence file does not exist at evidence/lanes/ci-contract.log -- a digest naming nothing proves nothing
ci-contract	Report the committed release evidence that exists at this revision	2026-09-14T16:28:40.9242093Z verify-release failed: revision f7b7c902cd13c8b0ca6a1c78467b3f67e30b5213 verification did not pass (PASSED)
ci-contract	Report the committed release evidence that exists at this revision	2026-09-14T16:28:40.9243230Z attestation=UNVERIFIED artifact=.planning/releases/candidate-0/artifact reason=offline-flag
ci-contract	Report the committed release evidence that exists at this revision	2026-09-14T16:28:40.9243928Z NON-PASSING: .planning/releases/candidate-0/release-manifest.json
ci-contract	Report the committed release evidence that exists at this revision	2026-09-14T16:28:40.9244680Z ##[endgroup]
ci-contract	Report the committed release evidence that exists at this revision	2026-09-14T16:28:40.9245177Z ##[group]verify-release .planning/releases/candidate-1/release-manifest.json
ci-contract	Report the committed release evidence that exists at this revision	2026-09-14T16:28:40.9569948Z verify-release tracked_input_sha256=a43c5ff88228d8b2edc0f0b05ce75d0c67695dcb00eae6b7bc9484d0f95eb0e7
ci-contract	Report the committed release evidence that exists at this revision	2026-09-14T16:28:40.9577201Z attestation=UNVERIFIED artifact=.planning/releases/candidate-1/artifacts/desktop-macos-app.package-manifest.json reason=offline-flag
ci-contract	Report the committed release evidence that exists at this revision	2026-09-14T16:28:40.9579861Z attestation=UNVERIFIED artifact=.planning/releases/candidate-1/artifacts/ios-archive.absence-record.json reason=offline-flag
ci-contract	Report the committed release evidence that exists at this revision	2026-09-14T16:28:40.9584635Z attestation=UNVERIFIED artifact=.planning/releases/candidate-1/artifacts/server-oci-image.absence-record.json reason=offline-flag
ci-contract	Report the committed release evidence that exists at this revision	2026-09-14T16:28:40.9589829Z verify-release failed: lane all-required-passed reports BLOCKED
ci-contract	Report the committed release evidence that exists at this revision	2026-09-14T16:28:40.9594114Z attestation=UNVERIFIED artifact=.planning/releases/candidate-1/artifacts/web-bundle.absence-record.json reason=offline-flag
ci-contract	Report the committed release evidence that exists at this revision	2026-09-14T16:28:40.9595623Z attestation=UNVERIFIED artifact=.planning/releases/candidate-1/artifacts/source-tree.record.json reason=offline-flag
ci-contract	Report the committed release evidence that exists at this revision	2026-09-14T16:28:40.9597553Z lane=ci-contract status=PASSED cases=5 authority=ci ranAgainstArtifactDigest=2aa86c8ebc448eed9fb3c7e2cb20c33cf26a7c5bdbfba4e6f521837227672fde
ci-contract	Report the committed release evidence that exists at this revision	2026-09-14T16:28:40.9599758Z lane=repository-integrity status=PASSED cases=3 authority=ci ranAgainstArtifactDigest=2aa86c8ebc448eed9fb3c7e2cb20c33cf26a7c5bdbfba4e6f521837227672fde
ci-contract	Report the committed release evidence that exists at this revision	2026-09-14T16:28:40.9603677Z lane=all-required-passed status=BLOCKED cases=0 owner=backlog reason=The aggregator ran with if: always() and FAILED: it reports `required job phase2-linux did not succeed (result=failure)` and `required job image-compose-deploy did not succeed (result=failure)`. The aggregator working correctly is what produces this BLOCKED entry; the blockers are the two lanes it names, each of which carries its own entry below.
ci-contract	Report the committed release evidence that exists at this revision	2026-09-14T16:28:40.9606311Z verify-release failed: lane phase2-server reports BLOCKED
ci-contract	Report the committed release evidence that exists at this revision	2026-09-14T16:28:40.9611418Z lane=phase2-server status=BLOCKED cases=0 owner=backlog reason=The lane's own command SUCCEEDED (`mix compile --warnings-as-errors && mix test`, 337 declared cases) and then the mandatory post-run privacy scan over the lane's diagnostic log FAILED: `Privacy verification failed: hostile sentinel found in a diagnostic artifact` (tooling/verify-privacy.sh, run 34668212479). No PASS line was emitted, so no case count from this lane may be claimed. The 337 figure is the lane's DECLARED case count from its RUNNING line, not a passing count, and is deliberately not recorded as cases here. TO CLOSE: reproduce with `./tooling/test-phase-2.sh --lane server` and identify which emitter puts a vector sentinel into the lane log -- apps/server/test/keepling_web/mcp/content_isolation_test.exs is the only server test outside the two redaction suites that uses one. See .planning/WINDOWS.md.
ci-contract	Report the committed release evidence that exists at this revision	2026-09-14T16:28:40.9616672Z verify-release failed: lane phase2-sync-property reports BLOCKED
ci-contract	Report the committed release evidence that exists at this revision	2026-09-14T16:28:40.9617293Z verify-release failed: lane phase2-backup-restore reports BLOCKED
ci-contract	Report the committed release evidence that exists at this revision	2026-09-14T16:28:40.9617867Z verify-release failed: lane image-compose-deploy reports BLOCKED
ci-contract	Report the committed release evidence that exists at this revision	2026-09-14T16:28:40.9618390Z verify-release failed: lane export-elixir reports BLOCKED
ci-contract	Report the committed release evidence that exists at this revision	2026-09-14T16:28:40.9618874Z verify-release failed: lane export-reader reports BLOCKED
ci-contract	Report the committed release evidence that exists at this revision	2026-09-14T16:28:40.9619459Z verify-release failed: lane macos-integration-live-appearance reports BLOCKED
ci-contract	Report the committed release evidence that exists at this revision	2026-09-14T16:28:40.9620044Z verify-release failed: lane desktop-promote reports BLOCKED
ci-contract	Report the committed release evidence that exists at this revision	2026-09-14T16:28:40.9620603Z verify-release failed: lane slsa-provenance-attestation reports BLOCKED
ci-contract	Report the committed release evidence that exists at this revision	2026-09-14T16:28:40.9621173Z verify-release failed: lane sbom-generation reports BLOCKED
ci-contract	Report the committed release evidence that exists at this revision	2026-09-14T16:28:40.9621692Z verify-release failed: lane package-reproducible reports BLOCKED
ci-contract	Report the committed release evidence that exists at this revision	2026-09-14T16:28:40.9622187Z verify-release failed: lane daily-restore reports BLOCKED
ci-contract	Report the committed release evidence that exists at this revision	2026-09-14T16:28:40.9623000Z verify-release failed: lane weekly-historical-pitr reports BLOCKED
ci-contract	Report the committed release evidence that exists at this revision	2026-09-14T16:28:40.9623834Z verify-release failed: lane quarterly-host-replacement reports BLOCKED
ci-contract	Report the committed release evidence that exists at this revision	2026-09-14T16:28:40.9624381Z verify-release failed: lane phase-1-desktop reports BLOCKED
ci-contract	Report the committed release evidence that exists at this revision	2026-09-14T16:28:40.9624881Z verify-release failed: lane mcp-gate-selftest reports BLOCKED
ci-contract	Report the committed release evidence that exists at this revision	2026-09-14T16:28:40.9625402Z verify-release failed: lane mcp-phase-non-model reports BLOCKED
ci-contract	Report the committed release evidence that exists at this revision	2026-09-14T16:28:40.9625924Z verify-release failed: lane cross-adapter-phase reports BLOCKED
ci-contract	Report the committed release evidence that exists at this revision	2026-09-14T16:28:40.9626473Z verify-release failed: lane ios-simulator reports BLOCKED
ci-contract	Report the committed release evidence that exists at this revision	2026-09-14T16:28:40.9626965Z verify-release failed: lane ios-signed-build reports BLOCKED
ci-contract	Report the committed release evidence that exists at this revision	2026-09-14T16:28:40.9627482Z verify-release failed: lane real-stack-desktop reports BLOCKED
ci-contract	Report the committed release evidence that exists at this revision	2026-09-14T16:28:40.9628027Z verify-release failed: lane real-stack-ios-simulator reports BLOCKED
ci-contract	Report the committed release evidence that exists at this revision	2026-09-14T16:28:40.9628533Z verify-release failed: lane trust-soak reports BLOCKED
ci-contract	Report the committed release evidence that exists at this revision	2026-09-14T16:28:40.9629079Z verify-release failed: lane macos-integration-full-grant reports BLOCKED
ci-contract	Report the committed release evidence that exists at this revision	2026-09-14T16:28:40.9629616Z verify-release failed: lane ios-device reports BLOCKED
ci-contract	Report the committed release evidence that exists at this revision	2026-09-14T16:28:40.9630138Z verify-release failed: lane mcp-representative-model reports BLOCKED
ci-contract	Report the committed release evidence that exists at this revision	2026-09-14T16:28:40.9630708Z verify-release failed: lane live-host-dns-acceptance reports BLOCKED
ci-contract	Report the committed release evidence that exists at this revision	2026-09-14T16:28:40.9631700Z verify-release failed: revision 26628e1771d5b90569b5eec232047456fdda9f2e verification did not pass (PASSED)
ci-contract	Report the committed release evidence that exists at this revision	2026-09-14T16:28:40.9636206Z lane=phase2-sync-property status=BLOCKED cases=0 owner=backlog reason=Never reached the lane: the job failed at its `Install asdf` step with `fatal: destination path '/home/runner/.asdf' already exists and is not an empty directory` (exit 128). The actions/cache restore of ~/.asdf/installs creates $HOME/.asdf, after which the unconditional `git clone ... $HOME/.asdf` cannot succeed. Toolchain provisioning, before any project code ran. See .planning/WINDOWS.md.
ci-contract	Report the committed release evidence that exists at this revision	2026-09-14T16:28:40.9642109Z lane=phase2-backup-restore status=BLOCKED cases=0 owner=backlog reason=Never reached the lane: identical `Install asdf` failure to phase2-sync-property in the same run (`fatal: destination path '/home/runner/.asdf' already exists and is not an empty directory`, exit 128). Toolchain provisioning, before any project code ran. See .planning/WINDOWS.md.
ci-contract	Report the committed release evidence that exists at this revision	2026-09-14T16:28:40.9645988Z lane=phase2-contracts-compatibility status=PASSED cases=30 authority=ci ranAgainstArtifactDigest=2aa86c8ebc448eed9fb3c7e2cb20c33cf26a7c5bdbfba4e6f521837227672fde
ci-contract	Report the committed release evidence that exists at this revision	2026-09-14T16:28:40.9648364Z lane=phase2-privacy status=PASSED cases=17 authority=ci ranAgainstArtifactDigest=2aa86c8ebc448eed9fb3c7e2cb20c33cf26a7c5bdbfba4e6f521837227672fde
ci-contract	Report the committed release evidence that exists at this revision	2026-09-14T16:28:40.9655158Z lane=image-compose-deploy status=BLOCKED cases=0 owner=backlog reason=The lane FAILED building the server image: the image build's dependency audit reports hackney 1.25.0 as VULNERABLE with four advisories, one HIGH (EEF-CVE-2026-47071, SOCKS5 TLS upgrade ignores caller timeout) and three MEDIUM/LOW CR/LF-injection and SSRF-allowlist-bypass advisories. This is a real supply-chain finding in the bytes the server image would ship, not an infrastructure fault. TO CLOSE: update the hackney dependency (directly or via its parent) to a version carrying no open advisory and re-run `./tooling/test-phase-2.sh --lane image-compose-deploy`. See .planning/WINDOWS.md.
ci-contract	Report the committed release evidence that exists at this revision	2026-09-14T16:28:40.9660630Z lane=opentofu-host-fixtures status=PASSED cases=8 authority=ci ranAgainstArtifactDigest=2aa86c8ebc448eed9fb3c7e2cb20c33cf26a7c5bdbfba4e6f521837227672fde
ci-contract	Report the committed release evidence that exists at this revision	2026-09-14T16:28:40.9665761Z lane=export-elixir status=BLOCKED cases=0 owner=backlog reason=This lane's evidence is the phase2-server job, which produced no PASS line at this revision (its post-run privacy scan failed -- see the phase2-server entry). The export suite's own result is therefore not separable from a lane that did not pass, and no case count may be claimed for it. TO CLOSE: close the phase2-server privacy finding, or give the export suite its own job with its own PASS line.
ci-contract	Report the committed release evidence that exists at this revision	2026-09-14T16:28:40.9673697Z lane=export-reader status=BLOCKED cases=0 owner=ci reason=Unwired. The independent reader `tooling/verify-export-reader.mjs` exists and runs locally, but NO committed workflow job under .github/ invokes it -- it is referenced only by SUPPORT.md, PRIVACY.md and itself. An unwired lane may never report PASSED because it has no job it could have passed in. DATA-01 and the public PRIVACY.md both lean on this reader. TO CLOSE: add a job running `node tooling/verify-export-reader.mjs --golden` to repository-integrity.yml and add it to the required-lane list. See .planning/WINDOWS.md.
ci-contract	Report the committed release evidence that exists at this revision	2026-09-14T16:28:40.9678829Z lane=desktop-units status=PASSED cases=381 authority=ci ranAgainstArtifactDigest=2aa86c8ebc448eed9fb3c7e2cb20c33cf26a7c5bdbfba4e6f521837227672fde
ci-contract	Report the committed release evidence that exists at this revision	2026-09-14T16:28:40.9681079Z lane=desktop-package status=PASSED cases=1 authority=ci ranAgainstArtifactDigest=f14a8d8ab2dc61ec3d47c0f45b3f50f7cd73d02597dce0199d73d4511b74d02e
ci-contract	Report the committed release evidence that exists at this revision	2026-09-14T16:28:40.9683550Z lane=desktop-packaged status=PASSED cases=11 authority=ci ranAgainstArtifactDigest=f14a8d8ab2dc61ec3d47c0f45b3f50f7cd73d02597dce0199d73d4511b74d02e
ci-contract	Report the committed release evidence that exists at this revision	2026-09-14T16:28:40.9685808Z lane=desktop-e2e status=PASSED cases=65 authority=ci ranAgainstArtifactDigest=2aa86c8ebc448eed9fb3c7e2cb20c33cf26a7c5bdbfba4e6f521837227672fde
ci-contract	Report the committed release evidence that exists at this revision	2026-09-14T16:28:40.9688107Z lane=macos-integration-no-grant status=PASSED cases=9 authority=ci ranAgainstArtifactDigest=f14a8d8ab2dc61ec3d47c0f45b3f50f7cd73d02597dce0199d73d4511b74d02e
ci-contract	Report the committed release evidence that exists at this revision	2026-09-14T16:28:40.9695183Z lane=macos-integration-live-appearance status=BLOCKED cases=0 owner=backlog reason=Physical blocker. Row A14 changes the system appearance WHILE the app is running and asserts the window re-themes without a relaunch. That requires a logged-in Aqua session whose appearance daemon posts AppleInterfaceThemeChangedNotification; a hosted GitHub runner has none. Observed at this revision: `ROW id=A14 status=FAIL cases=4` on macos-15 with `background stayed {"b":0,"g":0,"r":0}` (run 34668212473). The identical row reports `status=PASS cases=4` on a real logged-in session. That local pass is NOT recorded as a passing status here: it binds to locally built bytes, and nothing local may bind to locally built bytes. See .planning/WINDOWS.md.
ci-contract	Report the committed release evidence that exists at this revision	2026-09-14T16:28:40.9701093Z lane=hosted-runner-tcc-report status=PASSED cases=1 authority=ci ranAgainstArtifactDigest=f14a8d8ab2dc61ec3d47c0f45b3f50f7cd73d02597dce0199d73d4511b74d02e
ci-contract	Report the committed release evidence that exists at this revision	2026-09-14T16:28:40.9705672Z lane=desktop-promote status=BLOCKED cases=0 owner=backlog reason=The job was SKIPPED: its `needs` gate requires every required desktop lane to have succeeded, and desktop-macos-integration did not (row A14, physical blocker above). The gate refusing to promote is the gate working. No promotion occurred at this revision, so QUAL-03's promotion clause has no passing lane behind it here.
ci-contract	Report the committed release evidence that exists at this revision	2026-09-14T16:28:40.9711405Z lane=slsa-provenance-attestation status=BLOCKED cases=0 owner=backlog reason=Lives in the skipped desktop-promote job, so `actions/attest-build-provenance` never ran and no provenance attestation exists for this revision's archive. Consequently `verify-release.mjs` cannot report anything other than attestation=UNVERIFIED for these bytes, online or offline.
ci-contract	Report the committed release evidence that exists at this revision	2026-09-14T16:28:40.9715681Z lane=sbom-generation status=BLOCKED cases=0 owner=backlog reason=Lives in the skipped desktop-promote job, so `node tooling/generate-sbom.mjs` never ran and no bill of materials exists for this revision.
ci-contract	Report the committed release evidence that exists at this revision	2026-09-14T16:28:40.9721460Z lane=package-reproducible status=BLOCKED cases=0 owner=backlog reason=Unwired, by a deliberate open decision recorded as .planning/WINDOWS.md row 82: a notarized Developer ID build is not byte-reproducible by construction, because @electron/osx-sign embeds a fresh RFC 3161 secure timestamp -- required for notarization -- into every signature blob. 16 of 618 entries differ and they are exactly the signature-bearing ones. The lane may not report PASSED while unwired. TO CLOSE: pick option (a) or (b) in row 82. Owner: BACKLOG.
ci-contract	Report the committed release evidence that exists at this revision	2026-09-14T16:28:40.9728084Z lane=daily-restore status=BLOCKED cases=0 owner=backlog reason=Scheduled lane (recovery-drills.yml, `on: schedule`). No run exists at this revision, so it has no evidence here. An absent scheduled run is reported explicitly rather than omitted, because an omitted lane reads as satisfied. TO CLOSE at a revision: dispatch recovery-drills.yml at that revision and bind its run id.
ci-contract	Report the committed release evidence that exists at this revision	2026-09-14T16:28:40.9733064Z lane=weekly-historical-pitr status=BLOCKED cases=0 owner=backlog reason=Scheduled lane (recovery-drills.yml, `on: schedule`). No run exists at this revision. TO CLOSE at a revision: dispatch recovery-drills.yml at that revision and bind its run id.
ci-contract	Report the committed release evidence that exists at this revision	2026-09-14T16:28:40.9736829Z lane=quarterly-host-replacement status=BLOCKED cases=0 owner=backlog reason=Scheduled lane (recovery-drills.yml, `on: schedule`). No run exists at this revision. TO CLOSE at a revision: dispatch recovery-drills.yml at that revision and bind its run id.
ci-contract	Report the committed release evidence that exists at this revision	2026-09-14T16:28:40.9741231Z lane=phase-1-desktop status=BLOCKED cases=0 owner=backlog reason=Unwired: D-14 names this lane required on pull requests and main, but no committed workflow job runs `./tooling/test-phase-1.sh`. An unwired lane may never report PASSED. TO CLOSE: add the job and add the lane to the required-lane list in tooling/check-ci-contract.mjs.
ci-contract	Report the committed release evidence that exists at this revision	2026-09-14T16:28:40.9745766Z lane=mcp-gate-selftest status=BLOCKED cases=0 owner=backlog reason=Unwired: D-14 names this lane required on pull requests and main, but no committed workflow job runs `node tooling/mcp-gate-selftest.mjs`. TO CLOSE: add the job and add the lane to the required-lane list.
ci-contract	Report the committed release evidence that exists at this revision	2026-09-14T16:28:40.9749884Z lane=mcp-phase-non-model status=BLOCKED cases=0 owner=backlog reason=Unwired: D-14 names this lane required on pull requests and main, but no committed workflow job runs `node tooling/verify-mcp-phase.mjs` non-model lanes. TO CLOSE: add the job and add the lane to the required-lane list.
ci-contract	Report the committed release evidence that exists at this revision	2026-09-14T16:28:40.9754729Z lane=cross-adapter-phase status=BLOCKED cases=0 owner=backlog reason=Unwired: D-14 names this lane required on pull requests and main, but no committed workflow job runs `node tooling/verify-cross-adapter-phase.mjs`. SRV-02 depends on this lane and stays unchecked. TO CLOSE: add the job and add the lane to the required-lane list.
ci-contract	Report the committed release evidence that exists at this revision	2026-09-14T16:28:40.9758916Z lane=ios-simulator status=BLOCKED cases=0 owner=backlog reason=Unwired: D-14 names the iOS simulator lanes required on main, but no committed workflow job runs them. TO CLOSE: add a macOS job running `node tooling/verify-ios-phase.mjs --lane simulator`.
ci-contract	Report the committed release evidence that exists at this revision	2026-09-14T16:28:40.9763572Z lane=ios-signed-build status=BLOCKED cases=0 owner=backlog reason=Unwired: D-14 names this lane required on main only, never on forked pull requests, but no committed workflow job runs `node tooling/build-ios-signed.mjs`. It also requires repository secrets that are not present. TO CLOSE: add the main-only job and provision the signing secrets.
ci-contract	Report the committed release evidence that exists at this revision	2026-09-14T16:28:40.9768104Z lane=real-stack-desktop status=BLOCKED cases=0 owner=backlog reason=Unwired: D-14 places this lane on-demand via workflow_dispatch on main, and no such committed job exists. It also requires repository secrets. TO CLOSE: add the workflow_dispatch job.
ci-contract	Report the committed release evidence that exists at this revision	2026-09-14T16:28:40.9771798Z lane=real-stack-ios-simulator status=BLOCKED cases=0 owner=backlog reason=Unwired: D-14 places this lane on-demand via workflow_dispatch on main, and no such committed job exists. It also requires repository secrets. TO CLOSE: add the workflow_dispatch job.
ci-contract	Report the committed release evidence that exists at this revision	2026-09-14T16:28:40.9779507Z lane=trust-soak status=BLOCKED cases=0 owner=backlog reason=The soak's verdict at this revision is BLOCKED with zero samples: .artifacts/trust-soak/trust-soak-evidence.json reports verdict=BLOCKED, every chaos operator count 0, every invariant I1-I10 samples=0 violations=0 disposition=BLOCKED, an empty dailyUsageCensus, and detectionFloor confidence=null with the note 'Insufficient accumulated samples to state a detection floor. This proves nothing about defects of any rarity yet.' The measurement window accumulates in calendar time. This is the correct and honest outcome, and it keeps the overall run non-zero. TO CLOSE: accumulate the stated window and re-run `node tooling/verify-trust-soak.mjs`.
ci-contract	Report the committed release evidence that exists at this revision	2026-09-14T16:28:40.9791948Z lane=macos-integration-full-grant status=BLOCKED cases=0 owner=backlog reason=Physical blocker as recorded in the inventory: a hosted runner cannot be given a non-interactive TCC Accessibility grant. A signed, notarized, stapled local build exists and the full-grant rows have passed locally in the past, but that evidence binds to LOCALLY BUILT bytes and to a different revision, so under the anti-loophole rule it may not be recorded as a passing status here. It additionally could NOT be regenerated during this plan: two attempts at the current local artefact were aborted by the lane's own focus guard (`FOCUS_STOLEN by_bundle=dev.playstead.mac`), and the lane correctly refuses to claim a row it could not drive. TO CLOSE with CI authority: sign a CI build (export the Developer ID .p12 to repository secrets), then run the full-grant rows against those exact CI bytes on a machine with the grant.
ci-contract	Report the committed release evidence that exists at this revision	2026-09-14T16:28:40.9799365Z lane=ios-device status=BLOCKED cases=0 owner=backlog reason=Physical blocker as recorded in the inventory: the lane drives a physically present, unlocked iPhone, which a hosted runner does not have.
ci-contract	Report the committed release evidence that exists at this revision	2026-09-14T16:28:40.9802274Z lane=mcp-representative-model status=BLOCKED cases=0 owner=backlog reason=Physical blocker as recorded in the inventory: the lane calls a real, paid, non-deterministic third-party model credential.
ci-contract	Report the committed release evidence that exists at this revision	2026-09-14T16:28:40.9805358Z lane=live-host-dns-acceptance status=BLOCKED cases=0 owner=backlog reason=Protected outer lane, carried forward unchanged per D-40: the lane provisions a real paid host and real DNS and is single-attempt. It keeps exiting non-zero so that no skip is ever counted as evidence. DATA-03 and OPS-02 stay unchecked, which is the honest outcome and is already recorded as a dated narrowing. Owner: BACKLOG.
ci-contract	Report the committed release evidence that exists at this revision	2026-09-14T16:28:40.9807065Z NON-PASSING: .planning/releases/candidate-1/release-manifest.json
ci-contract	Report the committed release evidence that exists at this revision	2026-09-14T16:28:40.9807662Z ##[endgroup]
ci-contract	Report the committed release evidence that exists at this revision	2026-09-14T16:28:40.9808142Z ##[group]verify-release .planning/releases/candidate-2/release-manifest.json
ci-contract	Report the committed release evidence that exists at this revision	2026-09-14T16:28:40.9986813Z verify-release tracked_input_sha256=a43c5ff88228d8b2edc0f0b05ce75d0c67695dcb00eae6b7bc9484d0f95eb0e7
ci-contract	Report the committed release evidence that exists at this revision	2026-09-14T16:28:40.9994457Z attestation=UNVERIFIED artifact=.planning/releases/candidate-2/artifacts/desktop-macos-app.package-manifest.json reason=offline-flag
ci-contract	Report the committed release evidence that exists at this revision	2026-09-14T16:28:40.9996484Z attestation=UNVERIFIED artifact=.planning/releases/candidate-2/artifacts/ios-archive.absence-record.json reason=offline-flag
ci-contract	Report the committed release evidence that exists at this revision	2026-09-14T16:28:40.9998368Z attestation=UNVERIFIED artifact=.planning/releases/candidate-2/artifacts/server-oci-image.absence-record.json reason=offline-flag
ci-contract	Report the committed release evidence that exists at this revision	2026-09-14T16:28:40.9999872Z attestation=UNVERIFIED artifact=.planning/releases/candidate-2/artifacts/web-bundle.absence-record.json reason=offline-flag
ci-contract	Report the committed release evidence that exists at this revision	2026-09-14T16:28:41.0001527Z attestation=UNVERIFIED artifact=.planning/releases/candidate-2/artifacts/source-tree.record.json reason=offline-flag
ci-contract	Report the committed release evidence that exists at this revision	2026-09-14T16:28:41.0005619Z lane=ci-contract status=PASSED cases=5 authority=ci ranAgainstArtifactDigest=5a8b79ace9953076cc44298a6f3543b42ec54859cc93037afc17b78716268dcc
ci-contract	Report the committed release evidence that exists at this revision	2026-09-14T16:28:41.0007674Z lane=repository-integrity status=PASSED cases=3 authority=ci ranAgainstArtifactDigest=5a8b79ace9953076cc44298a6f3543b42ec54859cc93037afc17b78716268dcc
ci-contract	Report the committed release evidence that exists at this revision	2026-09-14T16:28:41.0014686Z lane=all-required-passed status=BLOCKED cases=0 owner=backlog reason=The aggregator ran with if: always() and FAILED, exactly as at candidate-1 and for exactly the same two causes: it reports `required job phase2-linux did not succeed (result=failure)` and `required job image-compose-deploy did not succeed (result=failure)` (run 34735177037). The aggregator working correctly is what produces this BLOCKED entry; the blockers are the two lanes it names, each of which carries its own entry below. NOTE what did NOT change it: the desktop workflow is entirely green at this revision, and this aggregator does not need it to be -- it aggregates the repository-integrity workflow's own required jobs.
ci-contract	Report the committed release evidence that exists at this revision	2026-09-14T16:28:41.0019616Z verify-release failed: lane all-required-passed reports BLOCKED
ci-contract	Report the committed release evidence that exists at this revision	2026-09-14T16:28:41.0020513Z verify-release failed: lane phase2-server reports BLOCKED
ci-contract	Report the committed release evidence that exists at this revision	2026-09-14T16:28:41.0021412Z verify-release failed: lane phase2-sync-property reports BLOCKED
ci-contract	Report the committed release evidence that exists at this revision	2026-09-14T16:28:41.0022355Z verify-release failed: lane phase2-backup-restore reports BLOCKED
ci-contract	Report the committed release evidence that exists at this revision	2026-09-14T16:28:41.0023503Z verify-release failed: lane image-compose-deploy reports BLOCKED
ci-contract	Report the committed release evidence that exists at this revision	2026-09-14T16:28:41.0024395Z verify-release failed: lane export-elixir reports BLOCKED
ci-contract	Report the committed release evidence that exists at this revision	2026-09-14T16:28:41.0029116Z lane=phase2-server status=BLOCKED cases=0 owner=backlog reason=Unchanged from candidate-1 and REPRODUCED at this revision. The lane's own command SUCCEEDED (`mix compile --warnings-as-errors && mix test`, 337 declared cases) and then the mandatory post-run privacy scan over the lane's diagnostic log FAILED: `Privacy verification failed: hostile sentinel found in a diagnostic artifact` (tooling/verify-privacy.sh, run 34735177037). No PASS line was emitted, so no case count from this lane may be claimed. The 337 figure is the lane's DECLARED case count from its RUNNING line, not a passing count, and is deliberately not recorded as cases here. TO CLOSE: reproduce with `./tooling/test-phase-2.sh --lane server` and identify which emitter puts a vector sentinel into the lane log -- apps/server/test/keepling_web/mcp/content_isolation_test.exs is the only server test outside the two redaction suites that uses one. See .planning/WINDOWS.md row 85.
ci-contract	Report the committed release evidence that exists at this revision	2026-09-14T16:28:41.0036584Z lane=phase2-sync-property status=BLOCKED cases=0 owner=backlog reason=Unchanged from candidate-1 and REPRODUCED at this revision. Never reached the lane: the job failed at its `Install asdf` step with `fatal: destination path '/home/runner/.asdf' already exists and is not an empty directory` (exit 128, run 34735177037). The actions/cache restore of ~/.asdf/installs creates $HOME/.asdf, after which the unconditional `git clone ... $HOME/.asdf` cannot succeed. Toolchain provisioning, before any project code ran. See .planning/WINDOWS.md row 87.
ci-contract	Report the committed release evidence that exists at this revision	2026-09-14T16:28:41.0043176Z lane=phase2-backup-restore status=BLOCKED cases=0 owner=backlog reason=Unchanged from candidate-1 and REPRODUCED at this revision. Identical `Install asdf` failure to phase2-sync-property in the same run (`fatal: destination path '/home/runner/.asdf' already exists and is not an empty directory`, exit 128, run 34735177037). Toolchain provisioning, before any project code ran. See .planning/WINDOWS.md row 87.
ci-contract	Report the committed release evidence that exists at this revision	2026-09-14T16:28:41.0046775Z lane=phase2-contracts-compatibility status=PASSED cases=30 authority=ci ranAgainstArtifactDigest=5a8b79ace9953076cc44298a6f3543b42ec54859cc93037afc17b78716268dcc
ci-contract	Report the committed release evidence that exists at this revision	2026-09-14T16:28:41.0048281Z lane=phase2-privacy status=PASSED cases=17 authority=ci ranAgainstArtifactDigest=5a8b79ace9953076cc44298a6f3543b42ec54859cc93037afc17b78716268dcc
ci-contract	Report the committed release evidence that exists at this revision	2026-09-14T16:28:41.0054066Z lane=image-compose-deploy status=BLOCKED cases=0 owner=backlog reason=Unchanged from candidate-1 and REPRODUCED at this revision. The lane FAILED building the server image: the image build's dependency audit reports hackney 1.25.0 as VULNERABLE with four advisories, one HIGH (EEF-CVE-2026-47071, SOCKS5 TLS upgrade ignores caller timeout) and three MEDIUM/LOW CR/LF-injection and SSRF-allowlist-bypass advisories (run 34735177037). This is a real supply-chain finding in the bytes the server image would ship, not an infrastructure fault. TO CLOSE: update the hackney dependency (directly or via its parent) to a version carrying no open advisory and re-run `./tooling/test-phase-2.sh --lane image-compose-deploy`. See .planning/WINDOWS.md row 86.
ci-contract	Report the committed release evidence that exists at this revision	2026-09-14T16:28:41.0057368Z lane=opentofu-host-fixtures status=PASSED cases=8 authority=ci ranAgainstArtifactDigest=5a8b79ace9953076cc44298a6f3543b42ec54859cc93037afc17b78716268dcc
ci-contract	Report the committed release evidence that exists at this revision	2026-09-14T16:28:41.0060549Z lane=export-elixir status=BLOCKED cases=0 owner=backlog reason=Unchanged from candidate-1. This lane's evidence is the phase2-server job, which produced no PASS line at this revision either (its post-run privacy scan failed -- see the phase2-server entry). The export suite's own result is therefore not separable from a lane that did not pass, and no case count may be claimed for it. TO CLOSE: close the phase2-server privacy finding (.planning/WINDOWS.md row 85), or give the export suite its own job with its own PASS line.
ci-contract	Report the committed release evidence that exists at this revision	2026-09-14T16:28:41.0068978Z lane=export-reader status=BLOCKED cases=0 owner=ci reason=Unwired. The independent reader `tooling/verify-export-reader.mjs` exists and runs locally, but NO committed workflow job under .github/ invokes it -- it is referenced only by SUPPORT.md, PRIVACY.md and itself. An unwired lane may never report PASSED because it has no job it could have passed in. DATA-01 and the public PRIVACY.md both lean on this reader. TO CLOSE: add a job running `node tooling/verify-export-reader.mjs --golden` to repository-integrity.yml and add it to the required-lane list. See .planning/WINDOWS.md.
ci-contract	Report the committed release evidence that exists at this revision	2026-09-14T16:28:41.0072839Z verify-release failed: lane export-reader reports BLOCKED
ci-contract	Report the committed release evidence that exists at this revision	2026-09-14T16:28:41.0073450Z verify-release failed: lane macos-integration-live-appearance reports BLOCKED
ci-contract	Report the committed release evidence that exists at this revision	2026-09-14T16:28:41.0074062Z verify-release failed: lane package-reproducible reports BLOCKED
ci-contract	Report the committed release evidence that exists at this revision	2026-09-14T16:28:41.0074584Z verify-release failed: lane daily-restore reports BLOCKED
ci-contract	Report the committed release evidence that exists at this revision	2026-09-14T16:28:41.0075113Z verify-release failed: lane weekly-historical-pitr reports BLOCKED
ci-contract	Report the committed release evidence that exists at this revision	2026-09-14T16:28:41.0075690Z verify-release failed: lane quarterly-host-replacement reports BLOCKED
ci-contract	Report the committed release evidence that exists at this revision	2026-09-14T16:28:41.0076234Z verify-release failed: lane phase-1-desktop reports BLOCKED
ci-contract	Report the committed release evidence that exists at this revision	2026-09-14T16:28:41.0076748Z verify-release failed: lane mcp-gate-selftest reports BLOCKED
ci-contract	Report the committed release evidence that exists at this revision	2026-09-14T16:28:41.0077284Z verify-release failed: lane mcp-phase-non-model reports BLOCKED
ci-contract	Report the committed release evidence that exists at this revision	2026-09-14T16:28:41.0077825Z verify-release failed: lane cross-adapter-phase reports BLOCKED
ci-contract	Report the committed release evidence that exists at this revision	2026-09-14T16:28:41.0078322Z verify-release failed: lane ios-simulator reports BLOCKED
ci-contract	Report the committed release evidence that exists at this revision	2026-09-14T16:28:41.0078818Z verify-release failed: lane ios-signed-build reports BLOCKED
ci-contract	Report the committed release evidence that exists at this revision	2026-09-14T16:28:41.0079327Z verify-release failed: lane real-stack-desktop reports BLOCKED
ci-contract	Report the committed release evidence that exists at this revision	2026-09-14T16:28:41.0079898Z verify-release failed: lane real-stack-ios-simulator reports BLOCKED
ci-contract	Report the committed release evidence that exists at this revision	2026-09-14T16:28:41.0080422Z verify-release failed: lane trust-soak reports BLOCKED
ci-contract	Report the committed release evidence that exists at this revision	2026-09-14T16:28:41.0080964Z verify-release failed: lane macos-integration-full-grant reports BLOCKED
ci-contract	Report the committed release evidence that exists at this revision	2026-09-14T16:28:41.0081487Z verify-release failed: lane ios-device reports BLOCKED
ci-contract	Report the committed release evidence that exists at this revision	2026-09-14T16:28:41.0082006Z verify-release failed: lane mcp-representative-model reports BLOCKED
ci-contract	Report the committed release evidence that exists at this revision	2026-09-14T16:28:41.0082857Z verify-release failed: lane live-host-dns-acceptance reports BLOCKED
ci-contract	Report the committed release evidence that exists at this revision	2026-09-14T16:28:41.0083631Z verify-release failed: revision 23d79e5caa7383a7be9e38ee473b6bde12ce8298 verification did not pass (PASSED)
ci-contract	Report the committed release evidence that exists at this revision	2026-09-14T16:28:41.0084732Z lane=desktop-units status=PASSED cases=381 authority=ci ranAgainstArtifactDigest=5a8b79ace9953076cc44298a6f3543b42ec54859cc93037afc17b78716268dcc
ci-contract	Report the committed release evidence that exists at this revision	2026-09-14T16:28:41.0085958Z lane=desktop-package status=PASSED cases=1 authority=ci ranAgainstArtifactDigest=e9ae649c5b37cd4846a5be43f1a152a495e7bfc678cd7daee9d135a163a0f65a
ci-contract	Report the committed release evidence that exists at this revision	2026-09-14T16:28:41.0087964Z lane=desktop-packaged status=PASSED cases=11 authority=ci ranAgainstArtifactDigest=e9ae649c5b37cd4846a5be43f1a152a495e7bfc678cd7daee9d135a163a0f65a
ci-contract	Report the committed release evidence that exists at this revision	2026-09-14T16:28:41.0090495Z lane=desktop-e2e status=PASSED cases=66 authority=ci ranAgainstArtifactDigest=5a8b79ace9953076cc44298a6f3543b42ec54859cc93037afc17b78716268dcc
ci-contract	Report the committed release evidence that exists at this revision	2026-09-14T16:28:41.0092060Z lane=macos-integration-no-grant status=PASSED cases=9 authority=ci ranAgainstArtifactDigest=e9ae649c5b37cd4846a5be43f1a152a495e7bfc678cd7daee9d135a163a0f65a
ci-contract	Report the committed release evidence that exists at this revision	2026-09-14T16:28:41.0097468Z lane=macos-integration-live-appearance status=BLOCKED cases=0 owner=backlog reason=Physical blocker, and at this revision the row was not attempted at all. Row A14 changes the system appearance WHILE the app is running and asserts the window re-themes without a relaunch; that requires a logged-in Aqua session whose appearance daemon posts AppleInterfaceThemeChangedNotification, which a hosted GitHub runner has none of. Between candidate-1 and this revision the row was split out of the desktop-macos-integration job into this local-attested lane, so the job reports `rows=3` and no longer produces an A14 result either way. THE SPLIT DID NOT CLOSE THE ROW, it only stopped a physically impossible row from failing a job: the row is exactly as unrunnable in continuous integration as it was, and it reports BLOCKED with a zero case count here rather than disappearing. A local pass exists and is NOT recorded as a passing status, because it binds to locally built bytes. See .planning/WINDOWS.md row 84.
ci-contract	Report the committed release evidence that exists at this revision	2026-09-14T16:28:41.0101784Z lane=hosted-runner-tcc-report status=PASSED cases=1 authority=ci ranAgainstArtifactDigest=e9ae649c5b37cd4846a5be43f1a152a495e7bfc678cd7daee9d135a163a0f65a
ci-contract	Report the committed release evidence that exists at this revision	2026-09-14T16:28:41.0103180Z lane=desktop-promote status=PASSED cases=1 authority=ci ranAgainstArtifactDigest=e9ae649c5b37cd4846a5be43f1a152a495e7bfc678cd7daee9d135a163a0f65a
ci-contract	Report the committed release evidence that exists at this revision	2026-09-14T16:28:41.0104486Z lane=slsa-provenance-attestation status=PASSED cases=2 authority=ci ranAgainstArtifactDigest=e9ae649c5b37cd4846a5be43f1a152a495e7bfc678cd7daee9d135a163a0f65a
ci-contract	Report the committed release evidence that exists at this revision	2026-09-14T16:28:41.0105757Z lane=sbom-generation status=PASSED cases=2 authority=ci ranAgainstArtifactDigest=e9ae649c5b37cd4846a5be43f1a152a495e7bfc678cd7daee9d135a163a0f65a
ci-contract	Report the committed release evidence that exists at this revision	2026-09-14T16:28:41.0108705Z lane=package-reproducible status=BLOCKED cases=0 owner=backlog reason=Unwired, by a deliberate open decision recorded as .planning/WINDOWS.md row 82: a notarized Developer ID build is not byte-reproducible by construction, because @electron/osx-sign embeds a fresh RFC 3161 secure timestamp -- required for notarization -- into every signature blob. 16 of 618 entries differ and they are exactly the signature-bearing ones. The lane may not report PASSED while unwired. TO CLOSE: pick option (a) or (b) in row 82. Owner: BACKLOG.
ci-contract	Report the committed release evidence that exists at this revision	2026-09-14T16:28:41.0112247Z lane=daily-restore status=BLOCKED cases=0 owner=backlog reason=Scheduled lane (recovery-drills.yml, `on: schedule`). No run exists at this revision, so it has no evidence here. An absent scheduled run is reported explicitly rather than omitted, because an omitted lane reads as satisfied. TO CLOSE at a revision: dispatch recovery-drills.yml at that revision and bind its run id.
ci-contract	Report the committed release evidence that exists at this revision	2026-09-14T16:28:41.0114805Z lane=weekly-historical-pitr status=BLOCKED cases=0 owner=backlog reason=Scheduled lane (recovery-drills.yml, `on: schedule`). No run exists at this revision. TO CLOSE at a revision: dispatch recovery-drills.yml at that revision and bind its run id.
ci-contract	Report the committed release evidence that exists at this revision	2026-09-14T16:28:41.0116982Z lane=quarterly-host-replacement status=BLOCKED cases=0 owner=backlog reason=Scheduled lane (recovery-drills.yml, `on: schedule`). No run exists at this revision. TO CLOSE at a revision: dispatch recovery-drills.yml at that revision and bind its run id.
ci-contract	Report the committed release evidence that exists at this revision	2026-09-14T16:28:41.0119376Z lane=phase-1-desktop status=BLOCKED cases=0 owner=backlog reason=Unwired: D-14 names this lane required on pull requests and main, but no committed workflow job runs `./tooling/test-phase-1.sh`. An unwired lane may never report PASSED. TO CLOSE: add the job and add the lane to the required-lane list in tooling/check-ci-contract.mjs.
ci-contract	Report the committed release evidence that exists at this revision	2026-09-14T16:28:41.0121687Z lane=mcp-gate-selftest status=BLOCKED cases=0 owner=backlog reason=Unwired: D-14 names this lane required on pull requests and main, but no committed workflow job runs `node tooling/mcp-gate-selftest.mjs`. TO CLOSE: add the job and add the lane to the required-lane list.
ci-contract	Report the committed release evidence that exists at this revision	2026-09-14T16:28:41.0124026Z lane=mcp-phase-non-model status=BLOCKED cases=0 owner=backlog reason=Unwired: D-14 names this lane required on pull requests and main, but no committed workflow job runs `node tooling/verify-mcp-phase.mjs` non-model lanes. TO CLOSE: add the job and add the lane to the required-lane list.
ci-contract	Report the committed release evidence that exists at this revision	2026-09-14T16:28:41.0126525Z lane=cross-adapter-phase status=BLOCKED cases=0 owner=backlog reason=Unwired: D-14 names this lane required on pull requests and main, but no committed workflow job runs `node tooling/verify-cross-adapter-phase.mjs`. SRV-02 depends on this lane and stays unchecked. TO CLOSE: add the job and add the lane to the required-lane list.
ci-contract	Report the committed release evidence that exists at this revision	2026-09-14T16:28:41.0128940Z lane=ios-simulator status=BLOCKED cases=0 owner=backlog reason=Unwired: D-14 names the iOS simulator lanes required on main, but no committed workflow job runs them. TO CLOSE: add a macOS job running `node tooling/verify-ios-phase.mjs --lane simulator`.
ci-contract	Report the committed release evidence that exists at this revision	2026-09-14T16:28:41.0131354Z lane=ios-signed-build status=BLOCKED cases=0 owner=backlog reason=Unwired: D-14 names this lane required on main only, never on forked pull requests, but no committed workflow job runs `node tooling/build-ios-signed.mjs`. It also requires repository secrets that are not present. TO CLOSE: add the main-only job and provision the signing secrets.
ci-contract	Report the committed release evidence that exists at this revision	2026-09-14T16:28:41.0133786Z lane=real-stack-desktop status=BLOCKED cases=0 owner=backlog reason=Unwired: D-14 places this lane on-demand via workflow_dispatch on main, and no such committed job exists. It also requires repository secrets. TO CLOSE: add the workflow_dispatch job.
ci-contract	Report the committed release evidence that exists at this revision	2026-09-14T16:28:41.0135810Z lane=real-stack-ios-simulator status=BLOCKED cases=0 owner=backlog reason=Unwired: D-14 places this lane on-demand via workflow_dispatch on main, and no such committed job exists. It also requires repository secrets. TO CLOSE: add the workflow_dispatch job.
ci-contract	Report the committed release evidence that exists at this revision	2026-09-14T16:28:41.0140155Z lane=trust-soak status=BLOCKED cases=0 owner=backlog reason=The soak's verdict at this revision is BLOCKED with zero samples: .artifacts/trust-soak/trust-soak-evidence.json reports verdict=BLOCKED, every chaos operator count 0, every invariant I1-I10 samples=0 violations=0 disposition=BLOCKED, an empty dailyUsageCensus, and detectionFloor confidence=null with the note 'Insufficient accumulated samples to state a detection floor. This proves nothing about defects of any rarity yet.' The measurement window accumulates in calendar time. This is the correct and honest outcome, and it keeps the overall run non-zero. TO CLOSE: accumulate the stated window and re-run `node tooling/verify-trust-soak.mjs`.
ci-contract	Report the committed release evidence that exists at this revision	2026-09-14T16:28:41.0148779Z lane=macos-integration-full-grant status=BLOCKED cases=0 owner=backlog reason=Physical blocker as recorded in the inventory: a hosted GitHub runner cannot be given a non-interactive TCC Accessibility grant. UPDATED AT THIS REVISION, because half of candidate-1's stated closing condition is now met. Candidate-1's reason said: 'TO CLOSE with CI authority: sign a CI build (export the Developer ID .p12 to repository secrets), then run the full-grant rows against those exact CI bytes on a machine with the grant.' The first half is DONE -- continuous integration now signs, notarizes and staples (see the desktop-macos-app artefact), so continuous-integration-built bytes a grant-holding machine could run against now exist and are named by digest. The second half is NOT done: no run has attempted the full-grant rows against those bytes on a machine with the grant, so this lane has no passing evidence and reports BLOCKED with a zero case count. A local pass over locally built bytes still may not be recorded here. REVISED TO CLOSE: download the archive from run 34735177060, verify it against the attestation, and run `node tooling/verify-macos-integration.mjs` full-grant rows against those exact bytes on a machine holding the Accessibility grant. See .planning/WINDOWS.md rows 84 and 89.
ci-contract	Report the committed release evidence that exists at this revision	2026-09-14T16:28:41.0154533Z lane=ios-device status=BLOCKED cases=0 owner=backlog reason=Physical blocker as recorded in the inventory: the lane drives a physically present, unlocked iPhone, which a hosted runner does not have.
ci-contract	Report the committed release evidence that exists at this revision	2026-09-14T16:28:41.0156140Z lane=mcp-representative-model status=BLOCKED cases=0 owner=backlog reason=Physical blocker as recorded in the inventory: the lane calls a real, paid, non-deterministic third-party model credential.
ci-contract	Report the committed release evidence that exists at this revision	2026-09-14T16:28:41.0158627Z lane=live-host-dns-acceptance status=BLOCKED cases=0 owner=backlog reason=Protected outer lane, carried forward unchanged per D-40: the lane provisions a real paid host and real DNS and is single-attempt. It keeps exiting non-zero so that no skip is ever counted as evidence. DATA-03 and OPS-02 stay unchecked, which is the honest outcome and is already recorded as a dated narrowing. Owner: BACKLOG.
ci-contract	Report the committed release evidence that exists at this revision	2026-09-14T16:28:41.0160418Z NON-PASSING: .planning/releases/candidate-2/release-manifest.json
ci-contract	Report the committed release evidence that exists at this revision	2026-09-14T16:28:41.0161012Z ##[endgroup]
ci-contract	Report the committed release evidence that exists at this revision	2026-09-14T16:28:41.0161502Z ##[group]verify-release .planning/releases/candidate-3/release-manifest.json
ci-contract	Report the committed release evidence that exists at this revision	2026-09-14T16:28:41.0390545Z verify-release tracked_input_sha256=a43c5ff88228d8b2edc0f0b05ce75d0c67695dcb00eae6b7bc9484d0f95eb0e7
ci-contract	Report the committed release evidence that exists at this revision	2026-09-14T16:28:41.0398731Z attestation=UNVERIFIED artifact=.planning/releases/candidate-3/artifacts/desktop-macos-app.package-manifest.json reason=offline-flag
ci-contract	Report the committed release evidence that exists at this revision	2026-09-14T16:28:41.0400984Z attestation=UNVERIFIED artifact=.planning/releases/candidate-3/artifacts/ios-archive.absence-record.json reason=offline-flag
ci-contract	Report the committed release evidence that exists at this revision	2026-09-14T16:28:41.0404615Z attestation=UNVERIFIED artifact=.planning/releases/candidate-3/artifacts/server-oci-image.absence-record.json reason=offline-flag
ci-contract	Report the committed release evidence that exists at this revision	2026-09-14T16:28:41.0414623Z attestation=UNVERIFIED artifact=.planning/releases/candidate-3/artifacts/web-bundle.absence-record.json reason=offline-flag
ci-contract	Report the committed release evidence that exists at this revision	2026-09-14T16:28:41.0416376Z attestation=UNVERIFIED artifact=.planning/releases/candidate-3/artifacts/source-tree.record.json reason=offline-flag
ci-contract	Report the committed release evidence that exists at this revision	2026-09-14T16:28:41.0418181Z lane=ci-contract status=PASSED cases=5 authority=ci ranAgainstArtifactDigest=bd97612b7c07027013ddd50ddb9c4b3486bb56540aa2b34cca01e64be5f57531
ci-contract	Report the committed release evidence that exists at this revision	2026-09-14T16:28:41.0420419Z lane=repository-integrity status=PASSED cases=3 authority=ci ranAgainstArtifactDigest=bd97612b7c07027013ddd50ddb9c4b3486bb56540aa2b34cca01e64be5f57531
ci-contract	Report the committed release evidence that exists at this revision	2026-09-14T16:28:41.0422933Z lane=all-required-passed status=PASSED cases=1 authority=ci ranAgainstArtifactDigest=bd97612b7c07027013ddd50ddb9c4b3486bb56540aa2b34cca01e64be5f57531
ci-contract	Report the committed release evidence that exists at this revision	2026-09-14T16:28:41.0425047Z lane=phase2-server status=PASSED cases=337 authority=ci ranAgainstArtifactDigest=bd97612b7c07027013ddd50ddb9c4b3486bb56540aa2b34cca01e64be5f57531
ci-contract	Report the committed release evidence that exists at this revision	2026-09-14T16:28:41.0426856Z lane=phase2-sync-property status=PASSED cases=20 authority=ci ranAgainstArtifactDigest=bd97612b7c07027013ddd50ddb9c4b3486bb56540aa2b34cca01e64be5f57531
ci-contract	Report the committed release evidence that exists at this revision	2026-09-14T16:28:41.0428745Z lane=phase2-backup-restore status=PASSED cases=4 authority=ci ranAgainstArtifactDigest=bd97612b7c07027013ddd50ddb9c4b3486bb56540aa2b34cca01e64be5f57531
ci-contract	Report the committed release evidence that exists at this revision	2026-09-14T16:28:41.0430655Z lane=phase2-contracts-compatibility status=PASSED cases=30 authority=ci ranAgainstArtifactDigest=bd97612b7c07027013ddd50ddb9c4b3486bb56540aa2b34cca01e64be5f57531
ci-contract	Report the committed release evidence that exists at this revision	2026-09-14T16:28:41.0432564Z lane=phase2-privacy status=PASSED cases=17 authority=ci ranAgainstArtifactDigest=bd97612b7c07027013ddd50ddb9c4b3486bb56540aa2b34cca01e64be5f57531
ci-contract	Report the committed release evidence that exists at this revision	2026-09-14T16:28:41.0434110Z lane=image-compose-deploy status=PASSED cases=3 authority=ci ranAgainstArtifactDigest=bd97612b7c07027013ddd50ddb9c4b3486bb56540aa2b34cca01e64be5f57531
ci-contract	Report the committed release evidence that exists at this revision	2026-09-14T16:28:41.0435539Z lane=opentofu-host-fixtures status=PASSED cases=8 authority=ci ranAgainstArtifactDigest=bd97612b7c07027013ddd50ddb9c4b3486bb56540aa2b34cca01e64be5f57531
ci-contract	Report the committed release evidence that exists at this revision	2026-09-14T16:28:41.0437250Z lane=export-elixir status=PASSED cases=337 authority=ci ranAgainstArtifactDigest=bd97612b7c07027013ddd50ddb9c4b3486bb56540aa2b34cca01e64be5f57531
ci-contract	Report the committed release evidence that exists at this revision	2026-09-14T16:28:41.0438947Z lane=export-reader status=PASSED cases=16 authority=ci ranAgainstArtifactDigest=bd97612b7c07027013ddd50ddb9c4b3486bb56540aa2b34cca01e64be5f57531
ci-contract	Report the committed release evidence that exists at this revision	2026-09-14T16:28:41.0440487Z lane=desktop-units status=PASSED cases=381 authority=ci ranAgainstArtifactDigest=bd97612b7c07027013ddd50ddb9c4b3486bb56540aa2b34cca01e64be5f57531
ci-contract	Report the committed release evidence that exists at this revision	2026-09-14T16:28:41.0441696Z lane=desktop-package status=PASSED cases=1 authority=ci ranAgainstArtifactDigest=2ec8d7c5696b2d58e334b3446b9bff6f9e1c837d161d07f50be4fbf53632c7e5
ci-contract	Report the committed release evidence that exists at this revision	2026-09-14T16:28:41.0443183Z lane=desktop-packaged status=PASSED cases=11 authority=ci ranAgainstArtifactDigest=2ec8d7c5696b2d58e334b3446b9bff6f9e1c837d161d07f50be4fbf53632c7e5
ci-contract	Report the committed release evidence that exists at this revision	2026-09-14T16:28:41.0444656Z lane=desktop-e2e status=PASSED cases=66 authority=ci ranAgainstArtifactDigest=bd97612b7c07027013ddd50ddb9c4b3486bb56540aa2b34cca01e64be5f57531
ci-contract	Report the committed release evidence that exists at this revision	2026-09-14T16:28:41.0445909Z lane=macos-integration-no-grant status=PASSED cases=9 authority=ci ranAgainstArtifactDigest=2ec8d7c5696b2d58e334b3446b9bff6f9e1c837d161d07f50be4fbf53632c7e5
ci-contract	Report the committed release evidence that exists at this revision	2026-09-14T16:28:41.0447203Z lane=hosted-runner-tcc-report status=PASSED cases=1 authority=ci ranAgainstArtifactDigest=2ec8d7c5696b2d58e334b3446b9bff6f9e1c837d161d07f50be4fbf53632c7e5
ci-contract	Report the committed release evidence that exists at this revision	2026-09-14T16:28:41.0450083Z lane=desktop-promote status=PASSED cases=1 authority=ci ranAgainstArtifactDigest=2ec8d7c5696b2d58e334b3446b9bff6f9e1c837d161d07f50be4fbf53632c7e5
ci-contract	Report the committed release evidence that exists at this revision	2026-09-14T16:28:41.0459967Z lane=slsa-provenance-attestation status=PASSED cases=2 authority=ci ranAgainstArtifactDigest=2ec8d7c5696b2d58e334b3446b9bff6f9e1c837d161d07f50be4fbf53632c7e5
ci-contract	Report the committed release evidence that exists at this revision	2026-09-14T16:28:41.0469648Z lane=sbom-generation status=PASSED cases=2 authority=ci ranAgainstArtifactDigest=2ec8d7c5696b2d58e334b3446b9bff6f9e1c837d161d07f50be4fbf53632c7e5
ci-contract	Report the committed release evidence that exists at this revision	2026-09-14T16:28:41.0471732Z lane=daily-restore status=PASSED cases=2 authority=ci ranAgainstArtifactDigest=bd97612b7c07027013ddd50ddb9c4b3486bb56540aa2b34cca01e64be5f57531
ci-contract	Report the committed release evidence that exists at this revision	2026-09-14T16:28:41.0473487Z verify-release failed: lane weekly-historical-pitr reports BLOCKED
ci-contract	Report the committed release evidence that exists at this revision	2026-09-14T16:28:41.0474512Z verify-release failed: lane quarterly-host-replacement reports BLOCKED
ci-contract	Report the committed release evidence that exists at this revision	2026-09-14T16:28:41.0475485Z verify-release failed: lane package-reproducible reports BLOCKED
ci-contract	Report the committed release evidence that exists at this revision	2026-09-14T16:28:41.0483105Z lane=weekly-historical-pitr status=BLOCKED cases=0 owner=backlog reason=Scheduled lane (recovery-drills.yml). NOT DISPATCHED AT THIS REVISION, and that is the only thing wrong with it. The fixture itself passes: it was dispatched two commits earlier at revision af49e08 as run 34777715708 and succeeded, the first time this drill has ever passed, on the same credential provisioning that unblocked daily-restore. But run 34778845662 at c2e4ce37ff0ca2c27067b098c2cfbdc59155ba96 selected drill=newest-logical, which runs both daily fixtures and SKIPS this job, so no evidence exists at the revision this manifest is cut at. A pass at a nearby revision is not a pass at this one, and is not recorded as one. TO CLOSE, one command: `gh workflow run recovery-drills.yml --ref main -f drill=historical-pitr` at this revision, then bind its evidence here. Row 100's caveat applies to it exactly as it applies to daily-restore.
ci-contract	Report the committed release evidence that exists at this revision	2026-09-14T16:28:41.0495819Z lane=quarterly-host-replacement status=BLOCKED cases=0 owner=backlog reason=Two independent things block this lane, and provisioning the credentials fixed neither. FIRST, the job body hardcodes `result: NON_PASSING` and `exit 1` before it reads any token, so it cannot pass whatever secrets exist; it has no runtime provisioning and materialises none of the five credential FILES the lane needs. SECOND, tooling/verify-host-replacement.sh requires eight inputs, five of them files outside the repository, and two of those inputs are not yet decided at all -- the DNS record name for the app host, and an SSH public key item. HCLOUD_TOKEN and CLOUDFLARE_API_TOKEN are now provisioned in the recovery-live environment (which had to be created; it did not exist), so the credential half is genuinely started, but the workflow half is untouched. DATA-03 and OPS-02 stay unchecked, which is the honest outcome. See .planning/WINDOWS.md row 95 as amended.
ci-contract	Report the committed release evidence that exists at this revision	2026-09-14T16:28:41.0504412Z lane=package-reproducible status=BLOCKED cases=0 owner=backlog reason=Unwired, by a deliberate open decision recorded as .planning/WINDOWS.md row 82: a notarized Developer ID build is not byte-reproducible by construction, so the lane needs a defined comparison that excludes the signature and staple before it can mean anything. Unchanged at this revision.
ci-contract	Report the committed release evidence that exists at this revision	2026-09-14T16:28:41.0506711Z verify-release failed: lane phase-1-desktop reports BLOCKED
ci-contract	Report the committed release evidence that exists at this revision	2026-09-14T16:28:41.0507257Z verify-release failed: lane mcp-gate-selftest reports BLOCKED
ci-contract	Report the committed release evidence that exists at this revision	2026-09-14T16:28:41.0507793Z verify-release failed: lane mcp-phase-non-model reports BLOCKED
ci-contract	Report the committed release evidence that exists at this revision	2026-09-14T16:28:41.0508535Z verify-release failed: lane cross-adapter-phase reports BLOCKED
ci-contract	Report the committed release evidence that exists at this revision	2026-09-14T16:28:41.0509058Z verify-release failed: lane ios-simulator reports BLOCKED
ci-contract	Report the committed release evidence that exists at this revision	2026-09-14T16:28:41.0509553Z verify-release failed: lane ios-signed-build reports BLOCKED
ci-contract	Report the committed release evidence that exists at this revision	2026-09-14T16:28:41.0510071Z verify-release failed: lane real-stack-desktop reports BLOCKED
ci-contract	Report the committed release evidence that exists at this revision	2026-09-14T16:28:41.0510616Z verify-release failed: lane real-stack-ios-simulator reports BLOCKED
ci-contract	Report the committed release evidence that exists at this revision	2026-09-14T16:28:41.0511126Z verify-release failed: lane trust-soak reports BLOCKED
ci-contract	Report the committed release evidence that exists at this revision	2026-09-14T16:28:41.0511695Z verify-release failed: lane macos-integration-live-appearance reports BLOCKED
ci-contract	Report the committed release evidence that exists at this revision	2026-09-14T16:28:41.0512325Z verify-release failed: lane macos-integration-full-grant reports BLOCKED
ci-contract	Report the committed release evidence that exists at this revision	2026-09-14T16:28:41.0513143Z verify-release failed: lane ios-device reports BLOCKED
ci-contract	Report the committed release evidence that exists at this revision	2026-09-14T16:28:41.0513674Z verify-release failed: lane mcp-representative-model reports BLOCKED
ci-contract	Report the committed release evidence that exists at this revision	2026-09-14T16:28:41.0514249Z verify-release failed: lane live-host-dns-acceptance reports BLOCKED
ci-contract	Report the committed release evidence that exists at this revision	2026-09-14T16:28:41.0515017Z verify-release failed: revision c2e4ce37ff0ca2c27067b098c2cfbdc59155ba96 verification did not pass (PASSED)
ci-contract	Report the committed release evidence that exists at this revision	2026-09-14T16:28:41.0516612Z lane=phase-1-desktop status=BLOCKED cases=0 owner=backlog reason=Unwired: D-14 names this lane required on pull requests and main, but no committed workflow job runs `./tooling/test-phase-1.sh`. An unwired lane may never report PASSED. Unchanged at this revision.
ci-contract	Report the committed release evidence that exists at this revision	2026-09-14T16:28:41.0518557Z lane=mcp-gate-selftest status=BLOCKED cases=0 owner=backlog reason=Unwired: D-14 names this lane required on pull requests and main, but no committed workflow job runs `node tooling/mcp-gate-selftest.mjs`. Unchanged at this revision.
ci-contract	Report the committed release evidence that exists at this revision	2026-09-14T16:28:41.0520512Z lane=mcp-phase-non-model status=BLOCKED cases=0 owner=backlog reason=Unwired: D-14 names this lane required on pull requests and main, but no committed workflow job runs `node tooling/verify-mcp-phase.mjs` non-model lanes. Unchanged at this revision.
ci-contract	Report the committed release evidence that exists at this revision	2026-09-14T16:28:41.0523689Z lane=cross-adapter-phase status=BLOCKED cases=0 owner=backlog reason=Unwired: D-14 names this lane required on pull requests and main, but no committed workflow job runs `node tooling/verify-cross-adapter-phase.mjs`. The wiring is genuinely expensive rather than merely absent -- it needs Postgres, a booted Phoenix server, a packaged Electron application and a booted iOS simulator on one macOS runner. SRV-02 stays unchecked. Unchanged at this revision.
ci-contract	Report the committed release evidence that exists at this revision	2026-09-14T16:28:41.0526097Z lane=ios-simulator status=BLOCKED cases=0 owner=backlog reason=Unwired: D-14 names the iOS simulator lanes required on main, but no committed workflow job runs them. Unchanged at this revision.
ci-contract	Report the committed release evidence that exists at this revision	2026-09-14T16:28:41.0528023Z lane=ios-signed-build status=BLOCKED cases=0 owner=backlog reason=Unwired: D-14 names this lane required on main only, never on forked pull requests, but no committed workflow job runs `node tooling/build-ios-signed.mjs`. Unchanged at this revision.
ci-contract	Report the committed release evidence that exists at this revision	2026-09-14T16:28:41.0529966Z lane=real-stack-desktop status=BLOCKED cases=0 owner=backlog reason=Unwired: D-14 places this lane on-demand via workflow_dispatch on main, and no such committed job exists. It also requires repository secrets. Unchanged at this revision.
ci-contract	Report the committed release evidence that exists at this revision	2026-09-14T16:28:41.0531875Z lane=real-stack-ios-simulator status=BLOCKED cases=0 owner=backlog reason=Unwired: D-14 places this lane on-demand via workflow_dispatch on main, and no such committed job exists. It also requires repository secrets. Unchanged at this revision.
ci-contract	Report the committed release evidence that exists at this revision	2026-09-14T16:28:41.0536058Z lane=trust-soak status=BLOCKED cases=0 owner=backlog reason=The soak's verdict at this revision is BLOCKED with zero samples, and the retained evidence at evidence/trust-soak-evidence.json is byte-identical to the file retained with candidate-1 and candidate-2 because the soak has accumulated nothing since: verdict=BLOCKED, every chaos operator count 0, every invariant I1-I10 samples=0 violations=0 disposition=BLOCKED, an empty dailyUsageCensus, and detectionFloor confidence=null. That is the correct and honest outcome, and it keeps this manifest's overall verdict non-zero. The measurement window accumulates in calendar time and cannot be shortened by any change to this repository.
ci-contract	Report the committed release evidence that exists at this revision	2026-09-14T16:28:41.0539848Z lane=macos-integration-live-appearance status=BLOCKED cases=0 owner=backlog reason=Physical blocker. Row A14 changes the system appearance WHILE the app is running and asserts the window re-themes without a relaunch. A hosted runner cannot drive that. Unchanged at this revision.
ci-contract	Report the committed release evidence that exists at this revision	2026-09-14T16:28:41.0546068Z lane=macos-integration-full-grant status=BLOCKED cases=0 owner=backlog reason=Physical blocker as recorded in the inventory: a hosted GitHub runner cannot be given a non-interactive TCC Accessibility grant, and the hosted-runner-tcc-report lane above is the runner stating so itself rather than anyone assuming it. HALF OF THE CLOSING CONDITION REMAINS MET AND HALF REMAINS UNMET, exactly as at candidate-2: continuous integration signs, notarizes and staples, so CI-built bytes a grant-holding machine could run against exist and are named by digest (ddce0c7dfb470a74dd2aa629b1c486a58fa5bd81f9b776b1c0980decb181fe1f); but no run has attempted the full-grant rows against those bytes on a machine with the grant, so this lane has no passing evidence. A local pass over locally built bytes may never be recorded here. TO CLOSE: download the archive from run 34777805267, verify it against the attestation, and run the full-grant rows against those exact bytes on a machine holding the Accessibility grant. See .planning/WINDOWS.md rows 84 and 89.
ci-contract	Report the committed release evidence that exists at this revision	2026-09-14T16:28:41.0550720Z lane=ios-device status=BLOCKED cases=0 owner=backlog reason=Physical blocker as recorded in the inventory: the lane drives a physically present, unlocked iPhone, which a hosted runner does not have.
ci-contract	Report the committed release evidence that exists at this revision	2026-09-14T16:28:41.0552309Z lane=mcp-representative-model status=BLOCKED cases=0 owner=backlog reason=Physical blocker as recorded in the inventory: the lane calls a real, paid, non-deterministic third-party model credential.
ci-contract	Report the committed release evidence that exists at this revision	2026-09-14T16:28:41.0559288Z lane=live-host-dns-acceptance status=BLOCKED cases=0 owner=backlog reason=Protected outer lane. CHANGED AT THIS REVISION, and the change is real but does not make it passable. Commit 1195bdc replaced the hardcoded deferral in tooling/test-phase-2.sh with a check of all nine required inputs: with every input present the lane now actually invokes tooling/verify-host-replacement.sh, and with any input absent it defers and NAMES the absent ones. Tested at eight of nine inputs, it still defers. So the lane is no longer structurally incapable of running -- but it still has no committed job that supplies those inputs (see quarterly-host-replacement above), so it has not run, and it reports BLOCKED with a zero case count. It provisions a real paid host and real DNS and is single-attempt; it keeps exiting non-zero so that no skip is ever counted as evidence.
ci-contract	Report the committed release evidence that exists at this revision	2026-09-14T16:28:41.0562866Z NON-PASSING: .planning/releases/candidate-3/release-manifest.json
ci-contract	Report the committed release evidence that exists at this revision	2026-09-14T16:28:41.0563519Z ##[endgroup]
ci-contract	Report the committed release evidence that exists at this revision	2026-09-14T16:28:41.0564017Z ##[group]verify-release .planning/releases/candidate-4/release-manifest.json
ci-contract	Report the committed release evidence that exists at this revision	2026-09-14T16:28:41.0811285Z verify-release tracked_input_sha256=a43c5ff88228d8b2edc0f0b05ce75d0c67695dcb00eae6b7bc9484d0f95eb0e7
ci-contract	Report the committed release evidence that exists at this revision	2026-09-14T16:28:41.0819109Z attestation=UNVERIFIED artifact=.planning/releases/candidate-4/artifacts/desktop-macos-app.package-manifest.json reason=offline-flag
ci-contract	Report the committed release evidence that exists at this revision	2026-09-14T16:28:41.0822205Z attestation=UNVERIFIED artifact=.planning/releases/candidate-4/artifacts/ios-archive.absence-record.json reason=offline-flag
ci-contract	Report the committed release evidence that exists at this revision	2026-09-14T16:28:41.0824636Z attestation=UNVERIFIED artifact=.planning/releases/candidate-4/artifacts/server-oci-image.absence-record.json reason=offline-flag
ci-contract	Report the committed release evidence that exists at this revision	2026-09-14T16:28:41.0826437Z attestation=UNVERIFIED artifact=.planning/releases/candidate-4/artifacts/web-bundle.absence-record.json reason=offline-flag
ci-contract	Report the committed release evidence that exists at this revision	2026-09-14T16:28:41.0829210Z attestation=UNVERIFIED artifact=.planning/releases/candidate-4/artifacts/source-tree.record.json reason=offline-flag
ci-contract	Report the committed release evidence that exists at this revision	2026-09-14T16:28:41.0831833Z lane=ci-contract status=PASSED cases=5 authority=ci ranAgainstArtifactDigest=09f7a3e01e729d49ff3b409c8d23cc665d0cc7a5bc888632a98534d0ff0b3535
ci-contract	Report the committed release evidence that exists at this revision	2026-09-14T16:28:41.0834683Z lane=repository-integrity status=PASSED cases=3 authority=ci ranAgainstArtifactDigest=09f7a3e01e729d49ff3b409c8d23cc665d0cc7a5bc888632a98534d0ff0b3535
ci-contract	Report the committed release evidence that exists at this revision	2026-09-14T16:28:41.0837396Z lane=all-required-passed status=PASSED cases=1 authority=ci ranAgainstArtifactDigest=09f7a3e01e729d49ff3b409c8d23cc665d0cc7a5bc888632a98534d0ff0b3535
ci-contract	Report the committed release evidence that exists at this revision	2026-09-14T16:28:41.0839917Z lane=phase2-server status=PASSED cases=337 authority=ci ranAgainstArtifactDigest=09f7a3e01e729d49ff3b409c8d23cc665d0cc7a5bc888632a98534d0ff0b3535
ci-contract	Report the committed release evidence that exists at this revision	2026-09-14T16:28:41.0842128Z lane=phase2-sync-property status=PASSED cases=20 authority=ci ranAgainstArtifactDigest=09f7a3e01e729d49ff3b409c8d23cc665d0cc7a5bc888632a98534d0ff0b3535
ci-contract	Report the committed release evidence that exists at this revision	2026-09-14T16:28:41.0844543Z lane=phase2-backup-restore status=PASSED cases=4 authority=ci ranAgainstArtifactDigest=09f7a3e01e729d49ff3b409c8d23cc665d0cc7a5bc888632a98534d0ff0b3535
ci-contract	Report the committed release evidence that exists at this revision	2026-09-14T16:28:41.0846419Z lane=phase2-contracts-compatibility status=PASSED cases=30 authority=ci ranAgainstArtifactDigest=09f7a3e01e729d49ff3b409c8d23cc665d0cc7a5bc888632a98534d0ff0b3535
ci-contract	Report the committed release evidence that exists at this revision	2026-09-14T16:28:41.0847716Z lane=phase2-privacy status=PASSED cases=17 authority=ci ranAgainstArtifactDigest=09f7a3e01e729d49ff3b409c8d23cc665d0cc7a5bc888632a98534d0ff0b3535
ci-contract	Report the committed release evidence that exists at this revision	2026-09-14T16:28:41.0848966Z lane=image-compose-deploy status=PASSED cases=3 authority=ci ranAgainstArtifactDigest=09f7a3e01e729d49ff3b409c8d23cc665d0cc7a5bc888632a98534d0ff0b3535
ci-contract	Report the committed release evidence that exists at this revision	2026-09-14T16:28:41.0850252Z lane=opentofu-host-fixtures status=PASSED cases=8 authority=ci ranAgainstArtifactDigest=09f7a3e01e729d49ff3b409c8d23cc665d0cc7a5bc888632a98534d0ff0b3535
ci-contract	Report the committed release evidence that exists at this revision	2026-09-14T16:28:41.0851474Z lane=export-elixir status=PASSED cases=337 authority=ci ranAgainstArtifactDigest=09f7a3e01e729d49ff3b409c8d23cc665d0cc7a5bc888632a98534d0ff0b3535
ci-contract	Report the committed release evidence that exists at this revision	2026-09-14T16:28:41.0864350Z lane=export-reader status=PASSED cases=16 authority=ci ranAgainstArtifactDigest=09f7a3e01e729d49ff3b409c8d23cc665d0cc7a5bc888632a98534d0ff0b3535
ci-contract	Report the committed release evidence that exists at this revision	2026-09-14T16:28:41.0865733Z lane=desktop-units status=PASSED cases=381 authority=ci ranAgainstArtifactDigest=09f7a3e01e729d49ff3b409c8d23cc665d0cc7a5bc888632a98534d0ff0b3535
ci-contract	Report the committed release evidence that exists at this revision	2026-09-14T16:28:41.0867644Z lane=desktop-package status=PASSED cases=1 authority=ci ranAgainstArtifactDigest=4fcdb82cdf28a7f8cbdd9af299f17d8b0f7d9321f6a346c0ed657c51d38304f5
ci-contract	Report the committed release evidence that exists at this revision	2026-09-14T16:28:41.0868923Z lane=desktop-packaged status=PASSED cases=11 authority=ci ranAgainstArtifactDigest=4fcdb82cdf28a7f8cbdd9af299f17d8b0f7d9321f6a346c0ed657c51d38304f5
ci-contract	Report the committed release evidence that exists at this revision	2026-09-14T16:28:41.0870341Z lane=desktop-e2e status=PASSED cases=66 authority=ci ranAgainstArtifactDigest=09f7a3e01e729d49ff3b409c8d23cc665d0cc7a5bc888632a98534d0ff0b3535
ci-contract	Report the committed release evidence that exists at this revision	2026-09-14T16:28:41.0871610Z lane=macos-integration-no-grant status=PASSED cases=9 authority=ci ranAgainstArtifactDigest=4fcdb82cdf28a7f8cbdd9af299f17d8b0f7d9321f6a346c0ed657c51d38304f5
ci-contract	Report the committed release evidence that exists at this revision	2026-09-14T16:28:41.0873151Z lane=hosted-runner-tcc-report status=PASSED cases=1 authority=ci ranAgainstArtifactDigest=4fcdb82cdf28a7f8cbdd9af299f17d8b0f7d9321f6a346c0ed657c51d38304f5
ci-contract	Report the committed release evidence that exists at this revision	2026-09-14T16:28:41.0874440Z lane=desktop-promote status=PASSED cases=1 authority=ci ranAgainstArtifactDigest=4fcdb82cdf28a7f8cbdd9af299f17d8b0f7d9321f6a346c0ed657c51d38304f5
ci-contract	Report the committed release evidence that exists at this revision	2026-09-14T16:28:41.0877212Z lane=slsa-provenance-attestation status=PASSED cases=2 authority=ci ranAgainstArtifactDigest=4fcdb82cdf28a7f8cbdd9af299f17d8b0f7d9321f6a346c0ed657c51d38304f5
ci-contract	Report the committed release evidence that exists at this revision	2026-09-14T16:28:41.0886556Z lane=sbom-generation status=PASSED cases=2 authority=ci ranAgainstArtifactDigest=4fcdb82cdf28a7f8cbdd9af299f17d8b0f7d9321f6a346c0ed657c51d38304f5
ci-contract	Report the committed release evidence that exists at this revision	2026-09-14T16:28:41.0888424Z lane=daily-restore status=PASSED cases=2 authority=ci ranAgainstArtifactDigest=09f7a3e01e729d49ff3b409c8d23cc665d0cc7a5bc888632a98534d0ff0b3535
ci-contract	Report the committed release evidence that exists at this revision	2026-09-14T16:28:41.0890333Z lane=weekly-historical-pitr status=PASSED cases=1 authority=ci ranAgainstArtifactDigest=09f7a3e01e729d49ff3b409c8d23cc665d0cc7a5bc888632a98534d0ff0b3535
ci-contract	Report the committed release evidence that exists at this revision	2026-09-14T16:28:41.0892323Z verify-release failed: lane quarterly-host-replacement reports BLOCKED
ci-contract	Report the committed release evidence that exists at this revision	2026-09-14T16:28:41.0893542Z verify-release failed: lane package-reproducible reports BLOCKED
ci-contract	Report the committed release evidence that exists at this revision	2026-09-14T16:28:41.0894531Z verify-release failed: lane phase-1-desktop reports BLOCKED
ci-contract	Report the committed release evidence that exists at this revision	2026-09-14T16:28:41.0895500Z verify-release failed: lane mcp-gate-selftest reports BLOCKED
ci-contract	Report the committed release evidence that exists at this revision	2026-09-14T16:28:41.0896506Z verify-release failed: lane mcp-phase-non-model reports BLOCKED
ci-contract	Report the committed release evidence that exists at this revision	2026-09-14T16:28:41.0902487Z lane=quarterly-host-replacement status=BLOCKED cases=0 owner=backlog reason=Two independent things block this lane, and provisioning the credentials fixed neither. FIRST, the job body hardcodes `result: NON_PASSING` and `exit 1` before it reads any token, so it cannot pass whatever secrets exist; it has no runtime provisioning and materialises none of the five credential FILES the lane needs. SECOND, tooling/verify-host-replacement.sh requires eight inputs, five of them files outside the repository, and two of those inputs are not yet decided at all -- the DNS record name for the app host, and an SSH public key item. HCLOUD_TOKEN and CLOUDFLARE_API_TOKEN are provisioned in the recovery-live environment (which had to be created; it did not exist), so the credential half is genuinely started, but the workflow half is untouched. THIS IS NOW THE ONLY DRILL FIXTURE THAT DOES NOT PASS AT THIS REVISION: run 34793473769 and run 34780506996 between them carry the other three, and this job was SKIPPED in both. DATA-03 and OPS-02 stay unchecked, which is the honest outcome. See .planning/WINDOWS.md row 95 as amended.
ci-contract	Report the committed release evidence that exists at this revision	2026-09-14T16:28:41.0915788Z lane=package-reproducible status=BLOCKED cases=0 owner=backlog reason=Unwired, by a deliberate open decision recorded as .planning/WINDOWS.md row 82: a notarized Developer ID build is not byte-reproducible by construction, so the lane needs a defined comparison that excludes the signature and staple before it can mean anything. THIS CANDIDATE MAKES THE POINT CONCRETE rather than theoretical: the package manifest's inputDigestSha256 is IDENTICAL to candidate-3's (713dd01d...), because the tracked inputs did not change between the two revisions, and the applicationDigestSha256 is nevertheless DIFFERENT. Two builds of the same inputs, two digests. That is exactly the comparison this lane would have to define away, and it is now measured rather than predicted.
ci-contract	Report the committed release evidence that exists at this revision	2026-09-14T16:28:41.0922289Z lane=phase-1-desktop status=BLOCKED cases=0 owner=backlog reason=Unwired: D-14 names this lane required on pull requests and main, but no committed workflow job runs `./tooling/test-phase-1.sh`. An unwired lane may never report PASSED.
ci-contract	Report the committed release evidence that exists at this revision	2026-09-14T16:28:41.0925693Z lane=mcp-gate-selftest status=BLOCKED cases=0 owner=backlog reason=Unwired: D-14 names this lane required on pull requests and main, but no committed workflow job runs `node tooling/mcp-gate-selftest.mjs`.
ci-contract	Report the committed release evidence that exists at this revision	2026-09-14T16:28:41.0928249Z lane=mcp-phase-non-model status=BLOCKED cases=0 owner=backlog reason=Unwired: D-14 names this lane required on pull requests and main, but no committed workflow job runs `node tooling/verify-mcp-phase.mjs` non-model lanes.
ci-contract	Report the committed release evidence that exists at this revision	2026-09-14T16:28:41.0929612Z verify-release failed: lane cross-adapter-phase reports BLOCKED
ci-contract	Report the committed release evidence that exists at this revision	2026-09-14T16:28:41.0930537Z verify-release failed: lane ios-simulator reports BLOCKED
ci-contract	Report the committed release evidence that exists at this revision	2026-09-14T16:28:41.0931387Z verify-release failed: lane ios-signed-build reports BLOCKED
ci-contract	Report the committed release evidence that exists at this revision	2026-09-14T16:28:41.0932051Z verify-release failed: lane real-stack-desktop reports BLOCKED
ci-contract	Report the committed release evidence that exists at this revision	2026-09-14T16:28:41.0932815Z verify-release failed: lane real-stack-ios-simulator reports BLOCKED
ci-contract	Report the committed release evidence that exists at this revision	2026-09-14T16:28:41.0933412Z verify-release failed: lane trust-soak reports BLOCKED
ci-contract	Report the committed release evidence that exists at this revision	2026-09-14T16:28:41.0933996Z verify-release failed: lane macos-integration-live-appearance reports BLOCKED
ci-contract	Report the committed release evidence that exists at this revision	2026-09-14T16:28:41.0934630Z verify-release failed: lane macos-integration-full-grant reports BLOCKED
ci-contract	Report the committed release evidence that exists at this revision	2026-09-14T16:28:41.0935151Z verify-release failed: lane ios-device reports BLOCKED
ci-contract	Report the committed release evidence that exists at this revision	2026-09-14T16:28:41.0935666Z verify-release failed: lane mcp-representative-model reports BLOCKED
ci-contract	Report the committed release evidence that exists at this revision	2026-09-14T16:28:41.0936440Z verify-release failed: lane live-host-dns-acceptance reports BLOCKED
ci-contract	Report the committed release evidence that exists at this revision	2026-09-14T16:28:41.0937222Z verify-release failed: revision 069df06570f7bc65ccb646935fd637dcc83bbd9c verification did not pass (PASSED)
ci-contract	Report the committed release evidence that exists at this revision	2026-09-14T16:28:41.0939625Z lane=cross-adapter-phase status=BLOCKED cases=0 owner=backlog reason=Unwired: D-14 names this lane required on pull requests and main, but no committed workflow job runs `node tooling/verify-cross-adapter-phase.mjs`. The wiring is genuinely expensive rather than merely absent -- it needs Postgres, a booted Phoenix server, a packaged Electron application and a booted iOS simulator on one macOS runner. SRV-02 stays unchecked.
ci-contract	Report the committed release evidence that exists at this revision	2026-09-14T16:28:41.0941880Z lane=ios-simulator status=BLOCKED cases=0 owner=backlog reason=Unwired: D-14 names the iOS simulator lanes required on main, but no committed workflow job runs them.
ci-contract	Report the committed release evidence that exists at this revision	2026-09-14T16:28:41.0943795Z lane=ios-signed-build status=BLOCKED cases=0 owner=backlog reason=Unwired: D-14 names this lane required on main only, never on forked pull requests, but no committed workflow job runs `node tooling/build-ios-signed.mjs`.
ci-contract	Report the committed release evidence that exists at this revision	2026-09-14T16:28:41.0945564Z lane=real-stack-desktop status=BLOCKED cases=0 owner=backlog reason=Unwired: D-14 places this lane on-demand via workflow_dispatch on main, and no such committed job exists. It also requires repository secrets.
ci-contract	Report the committed release evidence that exists at this revision	2026-09-14T16:28:41.0947279Z lane=real-stack-ios-simulator status=BLOCKED cases=0 owner=backlog reason=Unwired: D-14 places this lane on-demand via workflow_dispatch on main, and no such committed job exists. It also requires repository secrets.
ci-contract	Report the committed release evidence that exists at this revision	2026-09-14T16:28:41.0951178Z lane=trust-soak status=BLOCKED cases=0 owner=backlog reason=The soak's verdict at this revision is BLOCKED with zero samples, and the retained evidence at evidence/trust-soak-evidence.json is byte-identical to the file retained with candidates 1 through 3 because the soak has accumulated nothing since: verdict=BLOCKED, every chaos operator count 0, every invariant I1-I10 samples=0 violations=0 disposition=BLOCKED, an empty dailyUsageCensus, and detectionFloor confidence=null. That is the correct and honest outcome, and it keeps this manifest's overall verdict non-zero. The measurement window accumulates in calendar time and cannot be shortened by any change to this repository.
ci-contract	Report the committed release evidence that exists at this revision	2026-09-14T16:28:41.0954896Z lane=macos-integration-live-appearance status=BLOCKED cases=0 owner=backlog reason=Physical blocker. Row A14 changes the system appearance WHILE the app is running and asserts the window re-themes without a relaunch. A hosted runner cannot drive that.
ci-contract	Report the committed release evidence that exists at this revision	2026-09-14T16:28:41.0959535Z lane=macos-integration-full-grant status=BLOCKED cases=0 owner=backlog reason=Physical blocker as recorded in the inventory: a hosted GitHub runner cannot be given a non-interactive TCC Accessibility grant, and the hosted-runner-tcc-report lane above is the runner stating so itself rather than anyone assuming it. HALF OF THE CLOSING CONDITION IS MET AND HALF IS NOT: continuous integration signs, notarizes and staples, so CI-built bytes a grant-holding machine could run against exist and are named by digest (bcf45b6f8fce5709ff7ab7c423b84b6065f8d51a020ea76bbd9e8b7fc6ee916f); but no run has attempted the full-grant rows against those bytes on a machine with the grant. A local pass over locally built bytes may never be recorded here. See .planning/WINDOWS.md rows 84 and 89.
ci-contract	Report the committed release evidence that exists at this revision	2026-09-14T16:28:41.0963603Z lane=ios-device status=BLOCKED cases=0 owner=backlog reason=Physical blocker as recorded in the inventory: the lane drives a physically present, unlocked iPhone, which a hosted runner does not have.
ci-contract	Report the committed release evidence that exists at this revision	2026-09-14T16:28:41.0965293Z lane=mcp-representative-model status=BLOCKED cases=0 owner=backlog reason=Physical blocker as recorded in the inventory: the lane calls a real, paid, non-deterministic third-party model credential.
ci-contract	Report the committed release evidence that exists at this revision	2026-09-14T16:28:41.0969546Z lane=live-host-dns-acceptance status=BLOCKED cases=0 owner=backlog reason=Protected outer lane. Commit 1195bdc replaced the hardcoded deferral in tooling/test-phase-2.sh with a check of all nine required inputs: with every input present the lane now actually invokes tooling/verify-host-replacement.sh, and with any input absent it defers and NAMES the absent ones. Tested at eight of nine inputs, it still defers. So the lane is no longer structurally incapable of running -- but it still has no committed job that supplies those inputs (see quarterly-host-replacement above), so it has not run, and it reports BLOCKED with a zero case count. It provisions a real paid host and real DNS and is single-attempt; it keeps exiting non-zero so that no skip is ever counted as evidence.
ci-contract	Report the committed release evidence that exists at this revision	2026-09-14T16:28:41.0972871Z NON-PASSING: .planning/releases/candidate-4/release-manifest.json
ci-contract	Report the committed release evidence that exists at this revision	2026-09-14T16:28:41.0973484Z ##[endgroup]
ci-contract	Post Run actions/setup-node@49933ea5288caeca8642d1e84afbd3f7d6820020	﻿2026-09-14T16:28:41.1098555Z Node 20 is being deprecated. This workflow is running with Node 24 by default. If you need to temporarily use Node 20, you can set the ACTIONS_ALLOW_USE_UNSECURE_NODE_VERSION=true environment variable. For more information see: https://github.blog/changelog/2025-09-19-deprecation-of-node-20-on-github-actions-runners/
ci-contract	Post Run actions/setup-node@49933ea5288caeca8642d1e84afbd3f7d6820020	2026-09-14T16:28:41.1099871Z Post job cleanup.
ci-contract	Post Run actions/setup-node@49933ea5288caeca8642d1e84afbd3f7d6820020	2026-09-14T16:28:41.2308783Z (node:2453) [DEP0040] DeprecationWarning: The `punycode` module is deprecated. Please use a userland alternative instead.
ci-contract	Post Run actions/setup-node@49933ea5288caeca8642d1e84afbd3f7d6820020	2026-09-14T16:28:41.2310330Z (Use `node --trace-deprecation ...` to show where the warning was created)
ci-contract	Post Run actions/checkout@34e114876b0b11c390a56381ad16ebd13914f8d5	﻿2026-09-14T16:28:41.2569292Z Node 20 is being deprecated. This workflow is running with Node 24 by default. If you need to temporarily use Node 20, you can set the ACTIONS_ALLOW_USE_UNSECURE_NODE_VERSION=true environment variable. For more information see: https://github.blog/changelog/2025-09-19-deprecation-of-node-20-on-github-actions-runners/
ci-contract	Post Run actions/checkout@34e114876b0b11c390a56381ad16ebd13914f8d5	2026-09-14T16:28:41.2570581Z Post job cleanup.
ci-contract	Post Run actions/checkout@34e114876b0b11c390a56381ad16ebd13914f8d5	2026-09-14T16:28:41.3392140Z [command]/usr/bin/git version
ci-contract	Post Run actions/checkout@34e114876b0b11c390a56381ad16ebd13914f8d5	2026-09-14T16:28:41.3429211Z git version 2.55.0
ci-contract	Post Run actions/checkout@34e114876b0b11c390a56381ad16ebd13914f8d5	2026-09-14T16:28:41.3466794Z Temporarily overriding HOME='/home/runner/work/_temp/f69833b6-4f8f-4061-9b9c-475956cafeb4' before making global git config changes
ci-contract	Post Run actions/checkout@34e114876b0b11c390a56381ad16ebd13914f8d5	2026-09-14T16:28:41.3468296Z Adding repository directory to the temporary git global config as a safe directory
ci-contract	Post Run actions/checkout@34e114876b0b11c390a56381ad16ebd13914f8d5	2026-09-14T16:28:41.3472155Z [command]/usr/bin/git config --global --add safe.directory /home/runner/work/keepling/keepling
ci-contract	Post Run actions/checkout@34e114876b0b11c390a56381ad16ebd13914f8d5	2026-09-14T16:28:41.3509571Z [command]/usr/bin/git config --local --name-only --get-regexp core\.sshCommand
ci-contract	Post Run actions/checkout@34e114876b0b11c390a56381ad16ebd13914f8d5	2026-09-14T16:28:41.3542437Z [command]/usr/bin/git submodule foreach --recursive sh -c "git config --local --name-only --get-regexp 'core\.sshCommand' && git config --local --unset-all 'core.sshCommand' || :"
ci-contract	Post Run actions/checkout@34e114876b0b11c390a56381ad16ebd13914f8d5	2026-09-14T16:28:41.3763653Z [command]/usr/bin/git config --local --name-only --get-regexp http\.https\:\/\/github\.com\/\.extraheader
ci-contract	Post Run actions/checkout@34e114876b0b11c390a56381ad16ebd13914f8d5	2026-09-14T16:28:41.3787858Z http.https://github.com/.extraheader
ci-contract	Post Run actions/checkout@34e114876b0b11c390a56381ad16ebd13914f8d5	2026-09-14T16:28:41.3797971Z [command]/usr/bin/git config --local --unset-all http.https://github.com/.extraheader
ci-contract	Post Run actions/checkout@34e114876b0b11c390a56381ad16ebd13914f8d5	2026-09-14T16:28:41.3828229Z [command]/usr/bin/git submodule foreach --recursive sh -c "git config --local --name-only --get-regexp 'http\.https\:\/\/github\.com\/\.extraheader' && git config --local --unset-all 'http.https://github.com/.extraheader' || :"
ci-contract	Post Run actions/checkout@34e114876b0b11c390a56381ad16ebd13914f8d5	2026-09-14T16:28:41.4046247Z [command]/usr/bin/git config --local --name-only --get-regexp ^includeIf\.gitdir:
ci-contract	Post Run actions/checkout@34e114876b0b11c390a56381ad16ebd13914f8d5	2026-09-14T16:28:41.4075111Z [command]/usr/bin/git submodule foreach --recursive git config --local --show-origin --name-only --get-regexp remote.origin.url
ci-contract	Complete job	﻿2026-09-14T16:28:41.4427208Z Cleaning up orphan processes
ci-contract	Complete job	2026-09-14T16:28:41.4745092Z ##[warning]Node.js 20 is deprecated. The following actions target Node.js 20 but are being forced to run on Node.js 24: actions/checkout@34e114876b0b11c390a56381ad16ebd13914f8d5, actions/setup-node@49933ea5288caeca8642d1e84afbd3f7d6820020. For more information see: https://github.blog/changelog/2025-09-19-deprecation-of-node-20-on-github-actions-runners/
