export-reader	Set up job	﻿2026-09-14T16:28:33.0515991Z Current runner version: '2.337.0'
export-reader	Set up job	2026-09-14T16:28:33.0543011Z ##[group]Runner Image Provisioner
export-reader	Set up job	2026-09-14T16:28:33.0543909Z Hosted Compute Agent
export-reader	Set up job	2026-09-14T16:28:33.0544580Z Version: 20260828.587
export-reader	Set up job	2026-09-14T16:28:33.0545225Z Commit: abac92662cab4cc7352de4f9f9d2e2419aad9c29
export-reader	Set up job	2026-09-14T16:28:33.0545991Z Build Date: 2026-08-28T16:44:25Z
export-reader	Set up job	2026-09-14T16:28:33.0546994Z Worker ID: {aa2b1f26-803e-421b-b1ab-066e3624a358}
export-reader	Set up job	2026-09-14T16:28:33.0547772Z Azure Region: eastus
export-reader	Set up job	2026-09-14T16:28:33.0548378Z ##[endgroup]
export-reader	Set up job	2026-09-14T16:28:33.0549872Z ##[group]Operating System
export-reader	Set up job	2026-09-14T16:28:33.0550570Z Ubuntu
export-reader	Set up job	2026-09-14T16:28:33.0551237Z 24.04.5
export-reader	Set up job	2026-09-14T16:28:33.0551763Z LTS
export-reader	Set up job	2026-09-14T16:28:33.0552311Z ##[endgroup]
export-reader	Set up job	2026-09-14T16:28:33.0552881Z ##[group]Runner Image
export-reader	Set up job	2026-09-14T16:28:33.0553498Z Image: ubuntu-24.04
export-reader	Set up job	2026-09-14T16:28:33.0554112Z Version: 20260907.300.1
export-reader	Set up job	2026-09-14T16:28:33.0555175Z Included Software: https://github.com/actions/runner-images/blob/ubuntu24/20260907.300/images/ubuntu/Ubuntu2404-Readme.md
export-reader	Set up job	2026-09-14T16:28:33.0558354Z Image Release: https://github.com/actions/runner-images/releases/tag/ubuntu24%2F20260907.300
export-reader	Set up job	2026-09-14T16:28:33.0559375Z ##[endgroup]
export-reader	Set up job	2026-09-14T16:28:33.0560568Z ##[group]GITHUB_TOKEN Permissions
export-reader	Set up job	2026-09-14T16:28:33.0562761Z Contents: read
export-reader	Set up job	2026-09-14T16:28:33.0563496Z Metadata: read
export-reader	Set up job	2026-09-14T16:28:33.0564117Z ##[endgroup]
export-reader	Set up job	2026-09-14T16:28:33.0566832Z Secret source: Actions
export-reader	Set up job	2026-09-14T16:28:33.0567848Z Cache mode: write
export-reader	Set up job	2026-09-14T16:28:33.0568893Z Prepare workflow directory
export-reader	Set up job	2026-09-14T16:28:33.0965715Z Prepare all required actions
export-reader	Set up job	2026-09-14T16:28:33.1014374Z Getting action download info
export-reader	Set up job	2026-09-14T16:28:33.2990421Z Download action repository 'actions/checkout@34e114876b0b11c390a56381ad16ebd13914f8d5' (SHA:34e114876b0b11c390a56381ad16ebd13914f8d5)
export-reader	Set up job	2026-09-14T16:28:33.4301227Z Download action repository 'actions/setup-node@49933ea5288caeca8642d1e84afbd3f7d6820020' (SHA:49933ea5288caeca8642d1e84afbd3f7d6820020)
export-reader	Set up job	2026-09-14T16:28:33.5193015Z Download action repository 'actions/upload-artifact@ea165f8d65b6e75b540449e92b4886f43607fa02' (SHA:ea165f8d65b6e75b540449e92b4886f43607fa02)
export-reader	Set up job	2026-09-14T16:28:33.7420714Z Complete job name: export-reader
export-reader	Run actions/checkout@34e114876b0b11c390a56381ad16ebd13914f8d5	﻿2026-09-14T16:28:33.8209125Z Node 20 is being deprecated. This workflow is running with Node 24 by default. If you need to temporarily use Node 20, you can set the ACTIONS_ALLOW_USE_UNSECURE_NODE_VERSION=true environment variable. For more information see: https://github.blog/changelog/2025-09-19-deprecation-of-node-20-on-github-actions-runners/
export-reader	Run actions/checkout@34e114876b0b11c390a56381ad16ebd13914f8d5	2026-09-14T16:28:33.8218540Z ##[group]Run actions/checkout@34e114876b0b11c390a56381ad16ebd13914f8d5
export-reader	Run actions/checkout@34e114876b0b11c390a56381ad16ebd13914f8d5	2026-09-14T16:28:33.8219497Z with:
export-reader	Run actions/checkout@34e114876b0b11c390a56381ad16ebd13914f8d5	2026-09-14T16:28:33.8219972Z   repository: szTheory/keepling
export-reader	Run actions/checkout@34e114876b0b11c390a56381ad16ebd13914f8d5	2026-09-14T16:28:33.8224142Z   token: ***
export-reader	Run actions/checkout@34e114876b0b11c390a56381ad16ebd13914f8d5	2026-09-14T16:28:33.8224595Z   ssh-strict: true
export-reader	Run actions/checkout@34e114876b0b11c390a56381ad16ebd13914f8d5	2026-09-14T16:28:33.8225049Z   ssh-user: git
export-reader	Run actions/checkout@34e114876b0b11c390a56381ad16ebd13914f8d5	2026-09-14T16:28:33.8225509Z   persist-credentials: true
export-reader	Run actions/checkout@34e114876b0b11c390a56381ad16ebd13914f8d5	2026-09-14T16:28:33.8226057Z   clean: true
export-reader	Run actions/checkout@34e114876b0b11c390a56381ad16ebd13914f8d5	2026-09-14T16:28:33.8226781Z   sparse-checkout-cone-mode: true
export-reader	Run actions/checkout@34e114876b0b11c390a56381ad16ebd13914f8d5	2026-09-14T16:28:33.8227365Z   fetch-depth: 1
export-reader	Run actions/checkout@34e114876b0b11c390a56381ad16ebd13914f8d5	2026-09-14T16:28:33.8227811Z   fetch-tags: false
export-reader	Run actions/checkout@34e114876b0b11c390a56381ad16ebd13914f8d5	2026-09-14T16:28:33.8228271Z   show-progress: true
export-reader	Run actions/checkout@34e114876b0b11c390a56381ad16ebd13914f8d5	2026-09-14T16:28:33.8228742Z   lfs: false
export-reader	Run actions/checkout@34e114876b0b11c390a56381ad16ebd13914f8d5	2026-09-14T16:28:33.8229209Z   submodules: false
export-reader	Run actions/checkout@34e114876b0b11c390a56381ad16ebd13914f8d5	2026-09-14T16:28:33.8229690Z   set-safe-directory: true
export-reader	Run actions/checkout@34e114876b0b11c390a56381ad16ebd13914f8d5	2026-09-14T16:28:33.8230454Z env:
export-reader	Run actions/checkout@34e114876b0b11c390a56381ad16ebd13914f8d5	2026-09-14T16:28:33.8230914Z   KEEPLING_PHASE2_SEED: 20260901
export-reader	Run actions/checkout@34e114876b0b11c390a56381ad16ebd13914f8d5	2026-09-14T16:28:33.8231712Z   KEEPLING_FLAKE_POLICY: no-retry; quarantine-requires-owner-issue-expiry
export-reader	Run actions/checkout@34e114876b0b11c390a56381ad16ebd13914f8d5	2026-09-14T16:28:33.8232470Z ##[endgroup]
export-reader	Run actions/checkout@34e114876b0b11c390a56381ad16ebd13914f8d5	2026-09-14T16:28:33.9270514Z Syncing repository: szTheory/keepling
export-reader	Run actions/checkout@34e114876b0b11c390a56381ad16ebd13914f8d5	2026-09-14T16:28:33.9272605Z ##[group]Getting Git version info
export-reader	Run actions/checkout@34e114876b0b11c390a56381ad16ebd13914f8d5	2026-09-14T16:28:33.9273360Z Working directory is '/home/runner/work/keepling/keepling'
export-reader	Run actions/checkout@34e114876b0b11c390a56381ad16ebd13914f8d5	2026-09-14T16:28:33.9274457Z [command]/usr/bin/git version
export-reader	Run actions/checkout@34e114876b0b11c390a56381ad16ebd13914f8d5	2026-09-14T16:28:33.9360497Z git version 2.55.0
export-reader	Run actions/checkout@34e114876b0b11c390a56381ad16ebd13914f8d5	2026-09-14T16:28:33.9384673Z ##[endgroup]
export-reader	Run actions/checkout@34e114876b0b11c390a56381ad16ebd13914f8d5	2026-09-14T16:28:33.9400717Z Temporarily overriding HOME='/home/runner/work/_temp/a830f064-e42d-43cd-82cd-95ad46f9094d' before making global git config changes
export-reader	Run actions/checkout@34e114876b0b11c390a56381ad16ebd13914f8d5	2026-09-14T16:28:33.9404072Z Adding repository directory to the temporary git global config as a safe directory
export-reader	Run actions/checkout@34e114876b0b11c390a56381ad16ebd13914f8d5	2026-09-14T16:28:33.9407414Z [command]/usr/bin/git config --global --add safe.directory /home/runner/work/keepling/keepling
export-reader	Run actions/checkout@34e114876b0b11c390a56381ad16ebd13914f8d5	2026-09-14T16:28:33.9465615Z Deleting the contents of '/home/runner/work/keepling/keepling'
export-reader	Run actions/checkout@34e114876b0b11c390a56381ad16ebd13914f8d5	2026-09-14T16:28:33.9470645Z ##[group]Initializing the repository
export-reader	Run actions/checkout@34e114876b0b11c390a56381ad16ebd13914f8d5	2026-09-14T16:28:33.9475594Z [command]/usr/bin/git init /home/runner/work/keepling/keepling
export-reader	Run actions/checkout@34e114876b0b11c390a56381ad16ebd13914f8d5	2026-09-14T16:28:33.9606928Z hint: Using 'master' as the name for the initial branch. This default branch name
export-reader	Run actions/checkout@34e114876b0b11c390a56381ad16ebd13914f8d5	2026-09-14T16:28:33.9609624Z hint: will change to "main" in Git 3.0. To configure the initial branch name
export-reader	Run actions/checkout@34e114876b0b11c390a56381ad16ebd13914f8d5	2026-09-14T16:28:33.9611804Z hint: to use in all of your new repositories, which will suppress this warning,
export-reader	Run actions/checkout@34e114876b0b11c390a56381ad16ebd13914f8d5	2026-09-14T16:28:33.9613717Z hint: call:
export-reader	Run actions/checkout@34e114876b0b11c390a56381ad16ebd13914f8d5	2026-09-14T16:28:33.9614649Z hint:
export-reader	Run actions/checkout@34e114876b0b11c390a56381ad16ebd13914f8d5	2026-09-14T16:28:33.9615728Z hint: 	git config --global init.defaultBranch <name>
export-reader	Run actions/checkout@34e114876b0b11c390a56381ad16ebd13914f8d5	2026-09-14T16:28:33.9617353Z hint:
export-reader	Run actions/checkout@34e114876b0b11c390a56381ad16ebd13914f8d5	2026-09-14T16:28:33.9618438Z hint: Names commonly chosen instead of 'master' are 'main', 'trunk' and
export-reader	Run actions/checkout@34e114876b0b11c390a56381ad16ebd13914f8d5	2026-09-14T16:28:33.9620038Z hint: 'development'. The just-created branch can be renamed via this command:
export-reader	Run actions/checkout@34e114876b0b11c390a56381ad16ebd13914f8d5	2026-09-14T16:28:33.9621307Z hint:
export-reader	Run actions/checkout@34e114876b0b11c390a56381ad16ebd13914f8d5	2026-09-14T16:28:33.9622042Z hint: 	git branch -m <name>
export-reader	Run actions/checkout@34e114876b0b11c390a56381ad16ebd13914f8d5	2026-09-14T16:28:33.9622931Z hint:
export-reader	Run actions/checkout@34e114876b0b11c390a56381ad16ebd13914f8d5	2026-09-14T16:28:33.9624099Z hint: Disable this message with "git config set advice.defaultBranchName false"
export-reader	Run actions/checkout@34e114876b0b11c390a56381ad16ebd13914f8d5	2026-09-14T16:28:33.9625982Z Initialized empty Git repository in /home/runner/work/keepling/keepling/.git/
export-reader	Run actions/checkout@34e114876b0b11c390a56381ad16ebd13914f8d5	2026-09-14T16:28:33.9629280Z [command]/usr/bin/git remote add origin https://github.com/szTheory/keepling
export-reader	Run actions/checkout@34e114876b0b11c390a56381ad16ebd13914f8d5	2026-09-14T16:28:33.9678884Z ##[endgroup]
export-reader	Run actions/checkout@34e114876b0b11c390a56381ad16ebd13914f8d5	2026-09-14T16:28:33.9680219Z ##[group]Disabling automatic garbage collection
export-reader	Run actions/checkout@34e114876b0b11c390a56381ad16ebd13914f8d5	2026-09-14T16:28:33.9683224Z [command]/usr/bin/git config --local gc.auto 0
export-reader	Run actions/checkout@34e114876b0b11c390a56381ad16ebd13914f8d5	2026-09-14T16:28:33.9717353Z ##[endgroup]
export-reader	Run actions/checkout@34e114876b0b11c390a56381ad16ebd13914f8d5	2026-09-14T16:28:33.9719190Z ##[group]Setting up auth
export-reader	Run actions/checkout@34e114876b0b11c390a56381ad16ebd13914f8d5	2026-09-14T16:28:33.9724654Z [command]/usr/bin/git config --local --name-only --get-regexp core\.sshCommand
export-reader	Run actions/checkout@34e114876b0b11c390a56381ad16ebd13914f8d5	2026-09-14T16:28:33.9756590Z [command]/usr/bin/git submodule foreach --recursive sh -c "git config --local --name-only --get-regexp 'core\.sshCommand' && git config --local --unset-all 'core.sshCommand' || :"
export-reader	Run actions/checkout@34e114876b0b11c390a56381ad16ebd13914f8d5	2026-09-14T16:28:34.0144235Z [command]/usr/bin/git config --local --name-only --get-regexp http\.https\:\/\/github\.com\/\.extraheader
export-reader	Run actions/checkout@34e114876b0b11c390a56381ad16ebd13914f8d5	2026-09-14T16:28:34.0193198Z [command]/usr/bin/git submodule foreach --recursive sh -c "git config --local --name-only --get-regexp 'http\.https\:\/\/github\.com\/\.extraheader' && git config --local --unset-all 'http.https://github.com/.extraheader' || :"
export-reader	Run actions/checkout@34e114876b0b11c390a56381ad16ebd13914f8d5	2026-09-14T16:28:34.0442842Z [command]/usr/bin/git config --local --name-only --get-regexp ^includeIf\.gitdir:
export-reader	Run actions/checkout@34e114876b0b11c390a56381ad16ebd13914f8d5	2026-09-14T16:28:34.0483766Z [command]/usr/bin/git submodule foreach --recursive git config --local --show-origin --name-only --get-regexp remote.origin.url
export-reader	Run actions/checkout@34e114876b0b11c390a56381ad16ebd13914f8d5	2026-09-14T16:28:34.0742280Z [command]/usr/bin/git config --local http.https://github.com/.extraheader AUTHORIZATION: basic ***
export-reader	Run actions/checkout@34e114876b0b11c390a56381ad16ebd13914f8d5	2026-09-14T16:28:34.0782650Z ##[endgroup]
export-reader	Run actions/checkout@34e114876b0b11c390a56381ad16ebd13914f8d5	2026-09-14T16:28:34.0784517Z ##[group]Fetching the repository
export-reader	Run actions/checkout@34e114876b0b11c390a56381ad16ebd13914f8d5	2026-09-14T16:28:34.0794310Z [command]/usr/bin/git -c protocol.version=2 fetch --no-tags --prune --no-recurse-submodules --depth=1 origin +4f5954104c839dbec57188607829fdc7b975e0cc:refs/remotes/origin/main
export-reader	Run actions/checkout@34e114876b0b11c390a56381ad16ebd13914f8d5	2026-09-14T16:28:35.3124365Z From https://github.com/szTheory/keepling
export-reader	Run actions/checkout@34e114876b0b11c390a56381ad16ebd13914f8d5	2026-09-14T16:28:35.3125641Z  * [new ref]         4f5954104c839dbec57188607829fdc7b975e0cc -> origin/main
export-reader	Run actions/checkout@34e114876b0b11c390a56381ad16ebd13914f8d5	2026-09-14T16:28:35.3129907Z ##[endgroup]
export-reader	Run actions/checkout@34e114876b0b11c390a56381ad16ebd13914f8d5	2026-09-14T16:28:35.3131548Z ##[group]Determining the checkout info
export-reader	Run actions/checkout@34e114876b0b11c390a56381ad16ebd13914f8d5	2026-09-14T16:28:35.3133016Z ##[endgroup]
export-reader	Run actions/checkout@34e114876b0b11c390a56381ad16ebd13914f8d5	2026-09-14T16:28:35.3137400Z [command]/usr/bin/git sparse-checkout disable
export-reader	Run actions/checkout@34e114876b0b11c390a56381ad16ebd13914f8d5	2026-09-14T16:28:35.3189311Z [command]/usr/bin/git config --local --unset-all extensions.worktreeConfig
export-reader	Run actions/checkout@34e114876b0b11c390a56381ad16ebd13914f8d5	2026-09-14T16:28:35.3220287Z ##[group]Checking out the ref
export-reader	Run actions/checkout@34e114876b0b11c390a56381ad16ebd13914f8d5	2026-09-14T16:28:35.3225120Z [command]/usr/bin/git checkout --progress --force -B main refs/remotes/origin/main
export-reader	Run actions/checkout@34e114876b0b11c390a56381ad16ebd13914f8d5	2026-09-14T16:28:35.4686025Z Switched to a new branch 'main'
export-reader	Run actions/checkout@34e114876b0b11c390a56381ad16ebd13914f8d5	2026-09-14T16:28:35.4689455Z branch 'main' set up to track 'origin/main'.
export-reader	Run actions/checkout@34e114876b0b11c390a56381ad16ebd13914f8d5	2026-09-14T16:28:35.4703086Z ##[endgroup]
export-reader	Run actions/checkout@34e114876b0b11c390a56381ad16ebd13914f8d5	2026-09-14T16:28:35.4748295Z [command]/usr/bin/git log -1 --format=%H
export-reader	Run actions/checkout@34e114876b0b11c390a56381ad16ebd13914f8d5	2026-09-14T16:28:35.4771913Z 4f5954104c839dbec57188607829fdc7b975e0cc
export-reader	Run actions/setup-node@49933ea5288caeca8642d1e84afbd3f7d6820020	﻿2026-09-14T16:28:35.5150750Z Node 20 is being deprecated. This workflow is running with Node 24 by default. If you need to temporarily use Node 20, you can set the ACTIONS_ALLOW_USE_UNSECURE_NODE_VERSION=true environment variable. For more information see: https://github.blog/changelog/2025-09-19-deprecation-of-node-20-on-github-actions-runners/
export-reader	Run actions/setup-node@49933ea5288caeca8642d1e84afbd3f7d6820020	2026-09-14T16:28:35.5157363Z ##[group]Run actions/setup-node@49933ea5288caeca8642d1e84afbd3f7d6820020
export-reader	Run actions/setup-node@49933ea5288caeca8642d1e84afbd3f7d6820020	2026-09-14T16:28:35.5159131Z with:
export-reader	Run actions/setup-node@49933ea5288caeca8642d1e84afbd3f7d6820020	2026-09-14T16:28:35.5160087Z   node-version: 24.7.0
export-reader	Run actions/setup-node@49933ea5288caeca8642d1e84afbd3f7d6820020	2026-09-14T16:28:35.5161169Z   always-auth: false
export-reader	Run actions/setup-node@49933ea5288caeca8642d1e84afbd3f7d6820020	2026-09-14T16:28:35.5162228Z   check-latest: false
export-reader	Run actions/setup-node@49933ea5288caeca8642d1e84afbd3f7d6820020	2026-09-14T16:28:35.5173254Z   token: ***
export-reader	Run actions/setup-node@49933ea5288caeca8642d1e84afbd3f7d6820020	2026-09-14T16:28:35.5174224Z env:
export-reader	Run actions/setup-node@49933ea5288caeca8642d1e84afbd3f7d6820020	2026-09-14T16:28:35.5175155Z   KEEPLING_PHASE2_SEED: 20260901
export-reader	Run actions/setup-node@49933ea5288caeca8642d1e84afbd3f7d6820020	2026-09-14T16:28:35.5176993Z   KEEPLING_FLAKE_POLICY: no-retry; quarantine-requires-owner-issue-expiry
export-reader	Run actions/setup-node@49933ea5288caeca8642d1e84afbd3f7d6820020	2026-09-14T16:28:35.5178773Z ##[endgroup]
export-reader	Run actions/setup-node@49933ea5288caeca8642d1e84afbd3f7d6820020	2026-09-14T16:28:35.6631918Z Attempting to download 24.7.0...
export-reader	Run actions/setup-node@49933ea5288caeca8642d1e84afbd3f7d6820020	2026-09-14T16:28:35.6770345Z (node:2257) [DEP0040] DeprecationWarning: The `punycode` module is deprecated. Please use a userland alternative instead.
export-reader	Run actions/setup-node@49933ea5288caeca8642d1e84afbd3f7d6820020	2026-09-14T16:28:35.6773956Z (Use `node --trace-deprecation ...` to show where the warning was created)
export-reader	Run actions/setup-node@49933ea5288caeca8642d1e84afbd3f7d6820020	2026-09-14T16:28:36.1823775Z Acquiring 24.7.0 - x64 from https://github.com/actions/node-versions/releases/download/24.7.0-17283839804/node-24.7.0-linux-x64.tar.gz
export-reader	Run actions/setup-node@49933ea5288caeca8642d1e84afbd3f7d6820020	2026-09-14T16:28:36.6902700Z Extracting ...
export-reader	Run actions/setup-node@49933ea5288caeca8642d1e84afbd3f7d6820020	2026-09-14T16:28:36.7018924Z [command]/usr/bin/tar xz --strip 1 --warning=no-unknown-keyword --overwrite -C /home/runner/work/_temp/22a23c07-c06d-4a37-b49a-1fcca80d924e -f /home/runner/work/_temp/7b79ed37-52d0-40de-b7ed-e0e46d4e6b09
export-reader	Run actions/setup-node@49933ea5288caeca8642d1e84afbd3f7d6820020	2026-09-14T16:28:38.0097980Z Adding to the cache ...
export-reader	Run actions/setup-node@49933ea5288caeca8642d1e84afbd3f7d6820020	2026-09-14T16:28:40.2244527Z ##[group]Environment details
export-reader	Run actions/setup-node@49933ea5288caeca8642d1e84afbd3f7d6820020	2026-09-14T16:28:40.4633507Z node: v24.7.0
export-reader	Run actions/setup-node@49933ea5288caeca8642d1e84afbd3f7d6820020	2026-09-14T16:28:40.4634397Z npm: 11.5.1
export-reader	Run actions/setup-node@49933ea5288caeca8642d1e84afbd3f7d6820020	2026-09-14T16:28:40.4635125Z yarn: 1.22.22
export-reader	Run actions/setup-node@49933ea5288caeca8642d1e84afbd3f7d6820020	2026-09-14T16:28:40.4636112Z ##[endgroup]
export-reader	Validate the golden export bundle by an independent route	﻿2026-09-14T16:28:40.4814968Z ##[group]Run set -o pipefail
export-reader	Validate the golden export bundle by an independent route	2026-09-14T16:28:40.4815377Z ^[[36;1mset -o pipefail^[[0m
export-reader	Validate the golden export bundle by an independent route	2026-09-14T16:28:40.4815863Z ^[[36;1mnode tooling/verify-export-reader.mjs --golden | tee "$RUNNER_TEMP/export-reader.txt"^[[0m
export-reader	Validate the golden export bundle by an independent route	2026-09-14T16:28:40.4816891Z ^[[36;1m./tooling/verify-privacy.sh "$RUNNER_TEMP/export-reader.txt"^[[0m
export-reader	Validate the golden export bundle by an independent route	2026-09-14T16:28:40.4857923Z shell: /usr/bin/bash -e {0}
export-reader	Validate the golden export bundle by an independent route	2026-09-14T16:28:40.4858228Z env:
export-reader	Validate the golden export bundle by an independent route	2026-09-14T16:28:40.4858483Z   KEEPLING_PHASE2_SEED: 20260901
export-reader	Validate the golden export bundle by an independent route	2026-09-14T16:28:40.4858902Z   KEEPLING_FLAKE_POLICY: no-retry; quarantine-requires-owner-issue-expiry
export-reader	Validate the golden export bundle by an independent route	2026-09-14T16:28:40.4859357Z ##[endgroup]
export-reader	Validate the golden export bundle by an independent route	2026-09-14T16:28:40.5281227Z verify-export-reader --golden PASSED cases=16 trackedInputSha256=6163530e92505f314ec045c331b55f62889aa1cca7f6b69851bffd8e8b9aacf9
export-reader	Validate the golden export bundle by an independent route	2026-09-14T16:28:40.5440386Z Privacy verification passed: artifacts=1 sentinels=7
export-reader	Run actions/upload-artifact@ea165f8d65b6e75b540449e92b4886f43607fa02	﻿2026-09-14T16:28:40.5545041Z Node 20 is being deprecated. This workflow is running with Node 24 by default. If you need to temporarily use Node 20, you can set the ACTIONS_ALLOW_USE_UNSECURE_NODE_VERSION=true environment variable. For more information see: https://github.blog/changelog/2025-09-19-deprecation-of-node-20-on-github-actions-runners/
export-reader	Run actions/upload-artifact@ea165f8d65b6e75b540449e92b4886f43607fa02	2026-09-14T16:28:40.5546855Z ##[group]Run actions/upload-artifact@ea165f8d65b6e75b540449e92b4886f43607fa02
export-reader	Run actions/upload-artifact@ea165f8d65b6e75b540449e92b4886f43607fa02	2026-09-14T16:28:40.5547300Z with:
export-reader	Run actions/upload-artifact@ea165f8d65b6e75b540449e92b4886f43607fa02	2026-09-14T16:28:40.5547524Z   name: export-reader-timing
export-reader	Run actions/upload-artifact@ea165f8d65b6e75b540449e92b4886f43607fa02	2026-09-14T16:28:40.5547830Z   path: /home/runner/work/_temp/export-reader.txt
export-reader	Run actions/upload-artifact@ea165f8d65b6e75b540449e92b4886f43607fa02	2026-09-14T16:28:40.5548158Z   if-no-files-found: error
export-reader	Run actions/upload-artifact@ea165f8d65b6e75b540449e92b4886f43607fa02	2026-09-14T16:28:40.5548405Z   retention-days: 14
export-reader	Run actions/upload-artifact@ea165f8d65b6e75b540449e92b4886f43607fa02	2026-09-14T16:28:40.5548638Z   compression-level: 6
export-reader	Run actions/upload-artifact@ea165f8d65b6e75b540449e92b4886f43607fa02	2026-09-14T16:28:40.5548870Z   overwrite: false
export-reader	Run actions/upload-artifact@ea165f8d65b6e75b540449e92b4886f43607fa02	2026-09-14T16:28:40.5549102Z   include-hidden-files: false
export-reader	Run actions/upload-artifact@ea165f8d65b6e75b540449e92b4886f43607fa02	2026-09-14T16:28:40.5549354Z env:
export-reader	Run actions/upload-artifact@ea165f8d65b6e75b540449e92b4886f43607fa02	2026-09-14T16:28:40.5549591Z   KEEPLING_PHASE2_SEED: 20260901
export-reader	Run actions/upload-artifact@ea165f8d65b6e75b540449e92b4886f43607fa02	2026-09-14T16:28:40.5550272Z   KEEPLING_FLAKE_POLICY: no-retry; quarantine-requires-owner-issue-expiry
export-reader	Run actions/upload-artifact@ea165f8d65b6e75b540449e92b4886f43607fa02	2026-09-14T16:28:40.5550713Z ##[endgroup]
export-reader	Run actions/upload-artifact@ea165f8d65b6e75b540449e92b4886f43607fa02	2026-09-14T16:28:40.7281422Z (node:2312) [DEP0040] DeprecationWarning: The `punycode` module is deprecated. Please use a userland alternative instead.
export-reader	Run actions/upload-artifact@ea165f8d65b6e75b540449e92b4886f43607fa02	2026-09-14T16:28:40.7283141Z (Use `node --trace-deprecation ...` to show where the warning was created)
export-reader	Run actions/upload-artifact@ea165f8d65b6e75b540449e92b4886f43607fa02	2026-09-14T16:28:40.7337931Z With the provided path, there will be 1 file uploaded
export-reader	Run actions/upload-artifact@ea165f8d65b6e75b540449e92b4886f43607fa02	2026-09-14T16:28:40.7344300Z Artifact name is valid!
export-reader	Run actions/upload-artifact@ea165f8d65b6e75b540449e92b4886f43607fa02	2026-09-14T16:28:40.7345315Z Root directory input is valid!
export-reader	Run actions/upload-artifact@ea165f8d65b6e75b540449e92b4886f43607fa02	2026-09-14T16:28:40.9144383Z Beginning upload of artifact content to blob storage
export-reader	Run actions/upload-artifact@ea165f8d65b6e75b540449e92b4886f43607fa02	2026-09-14T16:28:40.9342645Z (node:2312) [DEP0169] DeprecationWarning: `url.parse()` behavior is not standardized and prone to errors that have security implications. Use the WHATWG URL API instead. CVEs are not issued for `url.parse()` vulnerabilities.
export-reader	Run actions/upload-artifact@ea165f8d65b6e75b540449e92b4886f43607fa02	2026-09-14T16:28:40.9757672Z Uploaded bytes 267
export-reader	Run actions/upload-artifact@ea165f8d65b6e75b540449e92b4886f43607fa02	2026-09-14T16:28:40.9933288Z Finished uploading artifact content to blob storage!
export-reader	Run actions/upload-artifact@ea165f8d65b6e75b540449e92b4886f43607fa02	2026-09-14T16:28:40.9935339Z SHA256 digest of uploaded artifact zip is dd752e097418ecb5f8d6b6337ed84d363cdd14513b0b4b6e08ab12e5aa2e5ed7
export-reader	Run actions/upload-artifact@ea165f8d65b6e75b540449e92b4886f43607fa02	2026-09-14T16:28:40.9936951Z Finalizing artifact upload
export-reader	Run actions/upload-artifact@ea165f8d65b6e75b540449e92b4886f43607fa02	2026-09-14T16:28:41.2220777Z Artifact export-reader-timing.zip successfully finalized. Artifact ID 10357324118
export-reader	Run actions/upload-artifact@ea165f8d65b6e75b540449e92b4886f43607fa02	2026-09-14T16:28:41.2223247Z Artifact export-reader-timing has been successfully uploaded! Final size is 267 bytes. Artifact ID is 10357324118
export-reader	Run actions/upload-artifact@ea165f8d65b6e75b540449e92b4886f43607fa02	2026-09-14T16:28:41.2229244Z Artifact download URL: https://github.com/szTheory/keepling/actions/runs/34868832053/artifacts/10357324118
export-reader	Post Run actions/setup-node@49933ea5288caeca8642d1e84afbd3f7d6820020	﻿2026-09-14T16:28:41.2397040Z Node 20 is being deprecated. This workflow is running with Node 24 by default. If you need to temporarily use Node 20, you can set the ACTIONS_ALLOW_USE_UNSECURE_NODE_VERSION=true environment variable. For more information see: https://github.blog/changelog/2025-09-19-deprecation-of-node-20-on-github-actions-runners/
export-reader	Post Run actions/setup-node@49933ea5288caeca8642d1e84afbd3f7d6820020	2026-09-14T16:28:41.2398335Z Post job cleanup.
export-reader	Post Run actions/setup-node@49933ea5288caeca8642d1e84afbd3f7d6820020	2026-09-14T16:28:41.3669533Z (node:2326) [DEP0040] DeprecationWarning: The `punycode` module is deprecated. Please use a userland alternative instead.
export-reader	Post Run actions/setup-node@49933ea5288caeca8642d1e84afbd3f7d6820020	2026-09-14T16:28:41.3671404Z (Use `node --trace-deprecation ...` to show where the warning was created)
export-reader	Post Run actions/checkout@34e114876b0b11c390a56381ad16ebd13914f8d5	﻿2026-09-14T16:28:41.3822114Z Node 20 is being deprecated. This workflow is running with Node 24 by default. If you need to temporarily use Node 20, you can set the ACTIONS_ALLOW_USE_UNSECURE_NODE_VERSION=true environment variable. For more information see: https://github.blog/changelog/2025-09-19-deprecation-of-node-20-on-github-actions-runners/
export-reader	Post Run actions/checkout@34e114876b0b11c390a56381ad16ebd13914f8d5	2026-09-14T16:28:41.3823413Z Post job cleanup.
export-reader	Post Run actions/checkout@34e114876b0b11c390a56381ad16ebd13914f8d5	2026-09-14T16:28:41.4675562Z [command]/usr/bin/git version
export-reader	Post Run actions/checkout@34e114876b0b11c390a56381ad16ebd13914f8d5	2026-09-14T16:28:41.4713404Z git version 2.55.0
export-reader	Post Run actions/checkout@34e114876b0b11c390a56381ad16ebd13914f8d5	2026-09-14T16:28:41.4751675Z Temporarily overriding HOME='/home/runner/work/_temp/5000dba4-d882-42c5-855a-6ecccbbd02e9' before making global git config changes
export-reader	Post Run actions/checkout@34e114876b0b11c390a56381ad16ebd13914f8d5	2026-09-14T16:28:41.4753002Z Adding repository directory to the temporary git global config as a safe directory
export-reader	Post Run actions/checkout@34e114876b0b11c390a56381ad16ebd13914f8d5	2026-09-14T16:28:41.4756829Z [command]/usr/bin/git config --global --add safe.directory /home/runner/work/keepling/keepling
export-reader	Post Run actions/checkout@34e114876b0b11c390a56381ad16ebd13914f8d5	2026-09-14T16:28:41.4794462Z [command]/usr/bin/git config --local --name-only --get-regexp core\.sshCommand
export-reader	Post Run actions/checkout@34e114876b0b11c390a56381ad16ebd13914f8d5	2026-09-14T16:28:41.4827604Z [command]/usr/bin/git submodule foreach --recursive sh -c "git config --local --name-only --get-regexp 'core\.sshCommand' && git config --local --unset-all 'core.sshCommand' || :"
export-reader	Post Run actions/checkout@34e114876b0b11c390a56381ad16ebd13914f8d5	2026-09-14T16:28:41.5055136Z [command]/usr/bin/git config --local --name-only --get-regexp http\.https\:\/\/github\.com\/\.extraheader
export-reader	Post Run actions/checkout@34e114876b0b11c390a56381ad16ebd13914f8d5	2026-09-14T16:28:41.5083118Z http.https://github.com/.extraheader
export-reader	Post Run actions/checkout@34e114876b0b11c390a56381ad16ebd13914f8d5	2026-09-14T16:28:41.5093790Z [command]/usr/bin/git config --local --unset-all http.https://github.com/.extraheader
export-reader	Post Run actions/checkout@34e114876b0b11c390a56381ad16ebd13914f8d5	2026-09-14T16:28:41.5124899Z [command]/usr/bin/git submodule foreach --recursive sh -c "git config --local --name-only --get-regexp 'http\.https\:\/\/github\.com\/\.extraheader' && git config --local --unset-all 'http.https://github.com/.extraheader' || :"
export-reader	Post Run actions/checkout@34e114876b0b11c390a56381ad16ebd13914f8d5	2026-09-14T16:28:41.5358494Z [command]/usr/bin/git config --local --name-only --get-regexp ^includeIf\.gitdir:
export-reader	Post Run actions/checkout@34e114876b0b11c390a56381ad16ebd13914f8d5	2026-09-14T16:28:41.5392540Z [command]/usr/bin/git submodule foreach --recursive git config --local --show-origin --name-only --get-regexp remote.origin.url
export-reader	Complete job	﻿2026-09-14T16:28:41.5763547Z Cleaning up orphan processes
export-reader	Complete job	2026-09-14T16:28:41.6078610Z ##[warning]Node.js 20 is deprecated. The following actions target Node.js 20 but are being forced to run on Node.js 24: actions/checkout@34e114876b0b11c390a56381ad16ebd13914f8d5, actions/setup-node@49933ea5288caeca8642d1e84afbd3f7d6820020, actions/upload-artifact@ea165f8d65b6e75b540449e92b4886f43607fa02. For more information see: https://github.blog/changelog/2025-09-19-deprecation-of-node-20-on-github-actions-runners/
repository-integrity	Set up job	﻿2026-09-14T16:28:33.4091447Z Current runner version: '2.337.0'
repository-integrity	Set up job	2026-09-14T16:28:33.4119275Z ##[group]Runner Image Provisioner
repository-integrity	Set up job	2026-09-14T16:28:33.4120656Z Hosted Compute Agent
repository-integrity	Set up job	2026-09-14T16:28:33.4121265Z Version: 20260828.587
repository-integrity	Set up job	2026-09-14T16:28:33.4122017Z Commit: abac92662cab4cc7352de4f9f9d2e2419aad9c29
repository-integrity	Set up job	2026-09-14T16:28:33.4122753Z Build Date: 2026-08-28T16:44:25Z
repository-integrity	Set up job	2026-09-14T16:28:33.4123430Z Worker ID: {13e0bef2-6c35-4f06-95fa-d42ab9c09b38}
repository-integrity	Set up job	2026-09-14T16:28:33.4124237Z Azure Region: eastus
repository-integrity	Set up job	2026-09-14T16:28:33.4124812Z ##[endgroup]
repository-integrity	Set up job	2026-09-14T16:28:33.4126488Z ##[group]Operating System
repository-integrity	Set up job	2026-09-14T16:28:33.4127161Z Ubuntu
repository-integrity	Set up job	2026-09-14T16:28:33.4127676Z 24.04.5
repository-integrity	Set up job	2026-09-14T16:28:33.4128255Z LTS
repository-integrity	Set up job	2026-09-14T16:28:33.4128773Z ##[endgroup]
repository-integrity	Set up job	2026-09-14T16:28:33.4129593Z ##[group]Runner Image
repository-integrity	Set up job	2026-09-14T16:28:33.4130317Z Image: ubuntu-24.04
repository-integrity	Set up job	2026-09-14T16:28:33.4130886Z Version: 20260907.300.1
repository-integrity	Set up job	2026-09-14T16:28:33.4132010Z Included Software: https://github.com/actions/runner-images/blob/ubuntu24/20260907.300/images/ubuntu/Ubuntu2404-Readme.md
repository-integrity	Set up job	2026-09-14T16:28:33.4134429Z Image Release: https://github.com/actions/runner-images/releases/tag/ubuntu24%2F20260907.300
repository-integrity	Set up job	2026-09-14T16:28:33.4135507Z ##[endgroup]
repository-integrity	Set up job	2026-09-14T16:28:33.4136679Z ##[group]GITHUB_TOKEN Permissions
repository-integrity	Set up job	2026-09-14T16:28:33.4138900Z Contents: read
repository-integrity	Set up job	2026-09-14T16:28:33.4139949Z Metadata: read
repository-integrity	Set up job	2026-09-14T16:28:33.4140656Z ##[endgroup]
repository-integrity	Set up job	2026-09-14T16:28:33.4142833Z Secret source: Actions
repository-integrity	Set up job	2026-09-14T16:28:33.4143873Z Cache mode: write
repository-integrity	Set up job	2026-09-14T16:28:33.4144893Z Prepare workflow directory
repository-integrity	Set up job	2026-09-14T16:28:33.4549136Z Prepare all required actions
repository-integrity	Set up job	2026-09-14T16:28:33.4600230Z Getting action download info
repository-integrity	Set up job	2026-09-14T16:28:33.6866618Z Download action repository 'actions/checkout@34e114876b0b11c390a56381ad16ebd13914f8d5' (SHA:34e114876b0b11c390a56381ad16ebd13914f8d5)
repository-integrity	Set up job	2026-09-14T16:28:33.8173170Z Download action repository 'actions/upload-artifact@ea165f8d65b6e75b540449e92b4886f43607fa02' (SHA:ea165f8d65b6e75b540449e92b4886f43607fa02)
repository-integrity	Set up job	2026-09-14T16:28:34.0663760Z Complete job name: repository-integrity
repository-integrity	Run actions/checkout@34e114876b0b11c390a56381ad16ebd13914f8d5	﻿2026-09-14T16:28:34.1403368Z Node 20 is being deprecated. This workflow is running with Node 24 by default. If you need to temporarily use Node 20, you can set the ACTIONS_ALLOW_USE_UNSECURE_NODE_VERSION=true environment variable. For more information see: https://github.blog/changelog/2025-09-19-deprecation-of-node-20-on-github-actions-runners/
repository-integrity	Run actions/checkout@34e114876b0b11c390a56381ad16ebd13914f8d5	2026-09-14T16:28:34.1411996Z ##[group]Run actions/checkout@34e114876b0b11c390a56381ad16ebd13914f8d5
repository-integrity	Run actions/checkout@34e114876b0b11c390a56381ad16ebd13914f8d5	2026-09-14T16:28:34.1413022Z with:
repository-integrity	Run actions/checkout@34e114876b0b11c390a56381ad16ebd13914f8d5	2026-09-14T16:28:34.1413483Z   repository: szTheory/keepling
repository-integrity	Run actions/checkout@34e114876b0b11c390a56381ad16ebd13914f8d5	2026-09-14T16:28:34.1417092Z   token: ***
repository-integrity	Run actions/checkout@34e114876b0b11c390a56381ad16ebd13914f8d5	2026-09-14T16:28:34.1417533Z   ssh-strict: true
repository-integrity	Run actions/checkout@34e114876b0b11c390a56381ad16ebd13914f8d5	2026-09-14T16:28:34.1418075Z   ssh-user: git
repository-integrity	Run actions/checkout@34e114876b0b11c390a56381ad16ebd13914f8d5	2026-09-14T16:28:34.1418534Z   persist-credentials: true
repository-integrity	Run actions/checkout@34e114876b0b11c390a56381ad16ebd13914f8d5	2026-09-14T16:28:34.1419026Z   clean: true
repository-integrity	Run actions/checkout@34e114876b0b11c390a56381ad16ebd13914f8d5	2026-09-14T16:28:34.1419716Z   sparse-checkout-cone-mode: true
repository-integrity	Run actions/checkout@34e114876b0b11c390a56381ad16ebd13914f8d5	2026-09-14T16:28:34.1420248Z   fetch-depth: 1
repository-integrity	Run actions/checkout@34e114876b0b11c390a56381ad16ebd13914f8d5	2026-09-14T16:28:34.1420684Z   fetch-tags: false
repository-integrity	Run actions/checkout@34e114876b0b11c390a56381ad16ebd13914f8d5	2026-09-14T16:28:34.1421139Z   show-progress: true
repository-integrity	Run actions/checkout@34e114876b0b11c390a56381ad16ebd13914f8d5	2026-09-14T16:28:34.1421604Z   lfs: false
repository-integrity	Run actions/checkout@34e114876b0b11c390a56381ad16ebd13914f8d5	2026-09-14T16:28:34.1422085Z   submodules: false
repository-integrity	Run actions/checkout@34e114876b0b11c390a56381ad16ebd13914f8d5	2026-09-14T16:28:34.1422549Z   set-safe-directory: true
repository-integrity	Run actions/checkout@34e114876b0b11c390a56381ad16ebd13914f8d5	2026-09-14T16:28:34.1423595Z env:
repository-integrity	Run actions/checkout@34e114876b0b11c390a56381ad16ebd13914f8d5	2026-09-14T16:28:34.1424066Z   KEEPLING_PHASE2_SEED: 20260901
repository-integrity	Run actions/checkout@34e114876b0b11c390a56381ad16ebd13914f8d5	2026-09-14T16:28:34.1424802Z   KEEPLING_FLAKE_POLICY: no-retry; quarantine-requires-owner-issue-expiry
repository-integrity	Run actions/checkout@34e114876b0b11c390a56381ad16ebd13914f8d5	2026-09-14T16:28:34.1425568Z ##[endgroup]
repository-integrity	Run actions/checkout@34e114876b0b11c390a56381ad16ebd13914f8d5	2026-09-14T16:28:34.2445248Z Syncing repository: szTheory/keepling
repository-integrity	Run actions/checkout@34e114876b0b11c390a56381ad16ebd13914f8d5	2026-09-14T16:28:34.2447084Z ##[group]Getting Git version info
repository-integrity	Run actions/checkout@34e114876b0b11c390a56381ad16ebd13914f8d5	2026-09-14T16:28:34.2447872Z Working directory is '/home/runner/work/keepling/keepling'
repository-integrity	Run actions/checkout@34e114876b0b11c390a56381ad16ebd13914f8d5	2026-09-14T16:28:34.2448932Z [command]/usr/bin/git version
repository-integrity	Run actions/checkout@34e114876b0b11c390a56381ad16ebd13914f8d5	2026-09-14T16:28:34.2511959Z git version 2.55.0
repository-integrity	Run actions/checkout@34e114876b0b11c390a56381ad16ebd13914f8d5	2026-09-14T16:28:34.2532774Z ##[endgroup]
repository-integrity	Run actions/checkout@34e114876b0b11c390a56381ad16ebd13914f8d5	2026-09-14T16:28:34.2549133Z Temporarily overriding HOME='/home/runner/work/_temp/c5c740d2-ca44-4d19-8eda-671a7d89d34e' before making global git config changes
repository-integrity	Run actions/checkout@34e114876b0b11c390a56381ad16ebd13914f8d5	2026-09-14T16:28:34.2551850Z Adding repository directory to the temporary git global config as a safe directory
repository-integrity	Run actions/checkout@34e114876b0b11c390a56381ad16ebd13914f8d5	2026-09-14T16:28:34.2555282Z [command]/usr/bin/git config --global --add safe.directory /home/runner/work/keepling/keepling
repository-integrity	Run actions/checkout@34e114876b0b11c390a56381ad16ebd13914f8d5	2026-09-14T16:28:34.2604941Z Deleting the contents of '/home/runner/work/keepling/keepling'
repository-integrity	Run actions/checkout@34e114876b0b11c390a56381ad16ebd13914f8d5	2026-09-14T16:28:34.2609286Z ##[group]Initializing the repository
repository-integrity	Run actions/checkout@34e114876b0b11c390a56381ad16ebd13914f8d5	2026-09-14T16:28:34.2613638Z [command]/usr/bin/git init /home/runner/work/keepling/keepling
repository-integrity	Run actions/checkout@34e114876b0b11c390a56381ad16ebd13914f8d5	2026-09-14T16:28:34.2715942Z hint: Using 'master' as the name for the initial branch. This default branch name
repository-integrity	Run actions/checkout@34e114876b0b11c390a56381ad16ebd13914f8d5	2026-09-14T16:28:34.2717831Z hint: will change to "main" in Git 3.0. To configure the initial branch name
repository-integrity	Run actions/checkout@34e114876b0b11c390a56381ad16ebd13914f8d5	2026-09-14T16:28:34.2720105Z hint: to use in all of your new repositories, which will suppress this warning,
repository-integrity	Run actions/checkout@34e114876b0b11c390a56381ad16ebd13914f8d5	2026-09-14T16:28:34.2721714Z hint: call:
repository-integrity	Run actions/checkout@34e114876b0b11c390a56381ad16ebd13914f8d5	2026-09-14T16:28:34.2722860Z hint:
repository-integrity	Run actions/checkout@34e114876b0b11c390a56381ad16ebd13914f8d5	2026-09-14T16:28:34.2724288Z hint: 	git config --global init.defaultBranch <name>
repository-integrity	Run actions/checkout@34e114876b0b11c390a56381ad16ebd13914f8d5	2026-09-14T16:28:34.2725609Z hint:
repository-integrity	Run actions/checkout@34e114876b0b11c390a56381ad16ebd13914f8d5	2026-09-14T16:28:34.2726329Z hint: Names commonly chosen instead of 'master' are 'main', 'trunk' and
repository-integrity	Run actions/checkout@34e114876b0b11c390a56381ad16ebd13914f8d5	2026-09-14T16:28:34.2727599Z hint: 'development'. The just-created branch can be renamed via this command:
repository-integrity	Run actions/checkout@34e114876b0b11c390a56381ad16ebd13914f8d5	2026-09-14T16:28:34.2728923Z hint:
repository-integrity	Run actions/checkout@34e114876b0b11c390a56381ad16ebd13914f8d5	2026-09-14T16:28:34.2729839Z hint: 	git branch -m <name>
repository-integrity	Run actions/checkout@34e114876b0b11c390a56381ad16ebd13914f8d5	2026-09-14T16:28:34.2730435Z hint:
repository-integrity	Run actions/checkout@34e114876b0b11c390a56381ad16ebd13914f8d5	2026-09-14T16:28:34.2731203Z hint: Disable this message with "git config set advice.defaultBranchName false"
repository-integrity	Run actions/checkout@34e114876b0b11c390a56381ad16ebd13914f8d5	2026-09-14T16:28:34.2732472Z Initialized empty Git repository in /home/runner/work/keepling/keepling/.git/
repository-integrity	Run actions/checkout@34e114876b0b11c390a56381ad16ebd13914f8d5	2026-09-14T16:28:34.2734526Z [command]/usr/bin/git remote add origin https://github.com/szTheory/keepling
repository-integrity	Run actions/checkout@34e114876b0b11c390a56381ad16ebd13914f8d5	2026-09-14T16:28:34.2806411Z ##[endgroup]
repository-integrity	Run actions/checkout@34e114876b0b11c390a56381ad16ebd13914f8d5	2026-09-14T16:28:34.2807374Z ##[group]Disabling automatic garbage collection
repository-integrity	Run actions/checkout@34e114876b0b11c390a56381ad16ebd13914f8d5	2026-09-14T16:28:34.2810229Z [command]/usr/bin/git config --local gc.auto 0
repository-integrity	Run actions/checkout@34e114876b0b11c390a56381ad16ebd13914f8d5	2026-09-14T16:28:34.2839126Z ##[endgroup]
repository-integrity	Run actions/checkout@34e114876b0b11c390a56381ad16ebd13914f8d5	2026-09-14T16:28:34.2840049Z ##[group]Setting up auth
repository-integrity	Run actions/checkout@34e114876b0b11c390a56381ad16ebd13914f8d5	2026-09-14T16:28:34.2846541Z [command]/usr/bin/git config --local --name-only --get-regexp core\.sshCommand
repository-integrity	Run actions/checkout@34e114876b0b11c390a56381ad16ebd13914f8d5	2026-09-14T16:28:34.2877158Z [command]/usr/bin/git submodule foreach --recursive sh -c "git config --local --name-only --get-regexp 'core\.sshCommand' && git config --local --unset-all 'core.sshCommand' || :"
repository-integrity	Run actions/checkout@34e114876b0b11c390a56381ad16ebd13914f8d5	2026-09-14T16:28:34.3211402Z [command]/usr/bin/git config --local --name-only --get-regexp http\.https\:\/\/github\.com\/\.extraheader
repository-integrity	Run actions/checkout@34e114876b0b11c390a56381ad16ebd13914f8d5	2026-09-14T16:28:34.3243279Z [command]/usr/bin/git submodule foreach --recursive sh -c "git config --local --name-only --get-regexp 'http\.https\:\/\/github\.com\/\.extraheader' && git config --local --unset-all 'http.https://github.com/.extraheader' || :"
repository-integrity	Run actions/checkout@34e114876b0b11c390a56381ad16ebd13914f8d5	2026-09-14T16:28:34.3461328Z [command]/usr/bin/git config --local --name-only --get-regexp ^includeIf\.gitdir:
repository-integrity	Run actions/checkout@34e114876b0b11c390a56381ad16ebd13914f8d5	2026-09-14T16:28:34.3491801Z [command]/usr/bin/git submodule foreach --recursive git config --local --show-origin --name-only --get-regexp remote.origin.url
repository-integrity	Run actions/checkout@34e114876b0b11c390a56381ad16ebd13914f8d5	2026-09-14T16:28:34.3715533Z [command]/usr/bin/git config --local http.https://github.com/.extraheader AUTHORIZATION: basic ***
repository-integrity	Run actions/checkout@34e114876b0b11c390a56381ad16ebd13914f8d5	2026-09-14T16:28:34.3755091Z ##[endgroup]
repository-integrity	Run actions/checkout@34e114876b0b11c390a56381ad16ebd13914f8d5	2026-09-14T16:28:34.3755931Z ##[group]Fetching the repository
repository-integrity	Run actions/checkout@34e114876b0b11c390a56381ad16ebd13914f8d5	2026-09-14T16:28:34.3770251Z [command]/usr/bin/git -c protocol.version=2 fetch --no-tags --prune --no-recurse-submodules --depth=1 origin +4f5954104c839dbec57188607829fdc7b975e0cc:refs/remotes/origin/main
repository-integrity	Run actions/checkout@34e114876b0b11c390a56381ad16ebd13914f8d5	2026-09-14T16:28:35.8650273Z From https://github.com/szTheory/keepling
repository-integrity	Run actions/checkout@34e114876b0b11c390a56381ad16ebd13914f8d5	2026-09-14T16:28:35.8671280Z  * [new ref]         4f5954104c839dbec57188607829fdc7b975e0cc -> origin/main
repository-integrity	Run actions/checkout@34e114876b0b11c390a56381ad16ebd13914f8d5	2026-09-14T16:28:35.8684516Z ##[endgroup]
repository-integrity	Run actions/checkout@34e114876b0b11c390a56381ad16ebd13914f8d5	2026-09-14T16:28:35.8686022Z ##[group]Determining the checkout info
repository-integrity	Run actions/checkout@34e114876b0b11c390a56381ad16ebd13914f8d5	2026-09-14T16:28:35.8687580Z ##[endgroup]
repository-integrity	Run actions/checkout@34e114876b0b11c390a56381ad16ebd13914f8d5	2026-09-14T16:28:35.8688526Z [command]/usr/bin/git sparse-checkout disable
repository-integrity	Run actions/checkout@34e114876b0b11c390a56381ad16ebd13914f8d5	2026-09-14T16:28:35.8717974Z [command]/usr/bin/git config --local --unset-all extensions.worktreeConfig
repository-integrity	Run actions/checkout@34e114876b0b11c390a56381ad16ebd13914f8d5	2026-09-14T16:28:35.8747061Z ##[group]Checking out the ref
repository-integrity	Run actions/checkout@34e114876b0b11c390a56381ad16ebd13914f8d5	2026-09-14T16:28:35.8752055Z [command]/usr/bin/git checkout --progress --force -B main refs/remotes/origin/main
repository-integrity	Run actions/checkout@34e114876b0b11c390a56381ad16ebd13914f8d5	2026-09-14T16:28:36.0222295Z Switched to a new branch 'main'
repository-integrity	Run actions/checkout@34e114876b0b11c390a56381ad16ebd13914f8d5	2026-09-14T16:28:36.0225071Z branch 'main' set up to track 'origin/main'.
repository-integrity	Run actions/checkout@34e114876b0b11c390a56381ad16ebd13914f8d5	2026-09-14T16:28:36.0239242Z ##[endgroup]
repository-integrity	Run actions/checkout@34e114876b0b11c390a56381ad16ebd13914f8d5	2026-09-14T16:28:36.0288782Z [command]/usr/bin/git log -1 --format=%H
repository-integrity	Run actions/checkout@34e114876b0b11c390a56381ad16ebd13914f8d5	2026-09-14T16:28:36.0313101Z 4f5954104c839dbec57188607829fdc7b975e0cc
repository-integrity	Run exact repository lane	﻿2026-09-14T16:28:36.0561481Z ##[group]Run set -o pipefail
repository-integrity	Run exact repository lane	2026-09-14T16:28:36.0563169Z ^[[36;1mset -o pipefail^[[0m
repository-integrity	Run exact repository lane	2026-09-14T16:28:36.0565397Z ^[[36;1m./tooling/test-phase-2.sh --lane repository-integrity | tee "$RUNNER_TEMP/repository-integrity.txt"^[[0m
repository-integrity	Run exact repository lane	2026-09-14T16:28:36.0568244Z ^[[36;1m./tooling/verify-privacy.sh "$RUNNER_TEMP/repository-integrity.txt"^[[0m
repository-integrity	Run exact repository lane	2026-09-14T16:28:36.0611128Z shell: /usr/bin/bash -e {0}
repository-integrity	Run exact repository lane	2026-09-14T16:28:36.0612356Z env:
repository-integrity	Run exact repository lane	2026-09-14T16:28:36.0613332Z   KEEPLING_PHASE2_SEED: 20260901
repository-integrity	Run exact repository lane	2026-09-14T16:28:36.0615046Z   KEEPLING_FLAKE_POLICY: no-retry; quarantine-requires-owner-issue-expiry
repository-integrity	Run exact repository lane	2026-09-14T16:28:36.0616866Z ##[endgroup]
repository-integrity	Run exact repository lane	2026-09-14T16:28:38.0860164Z lane=repository-integrity status=RUNNING command=./tooling/check-repository-integrity.sh cases=3 seed=none inputs_sha256=39f25664f283d163c68ea163c3b95726abf70ab4d1de85ad6edd7099c632cbb1
repository-integrity	Run exact repository lane	2026-09-14T16:28:38.6661506Z lane=repository-integrity status=PASS command=./tooling/check-repository-integrity.sh cases=3 seed=none elapsed_ms=586 inputs_sha256=39f25664f283d163c68ea163c3b95726abf70ab4d1de85ad6edd7099c632cbb1
repository-integrity	Run exact repository lane	2026-09-14T16:28:38.6803152Z Privacy verification passed: artifacts=1 sentinels=7
repository-integrity	Run actions/upload-artifact@ea165f8d65b6e75b540449e92b4886f43607fa02	﻿2026-09-14T16:28:38.6912862Z Node 20 is being deprecated. This workflow is running with Node 24 by default. If you need to temporarily use Node 20, you can set the ACTIONS_ALLOW_USE_UNSECURE_NODE_VERSION=true environment variable. For more information see: https://github.blog/changelog/2025-09-19-deprecation-of-node-20-on-github-actions-runners/
repository-integrity	Run actions/upload-artifact@ea165f8d65b6e75b540449e92b4886f43607fa02	2026-09-14T16:28:38.6914806Z ##[group]Run actions/upload-artifact@ea165f8d65b6e75b540449e92b4886f43607fa02
repository-integrity	Run actions/upload-artifact@ea165f8d65b6e75b540449e92b4886f43607fa02	2026-09-14T16:28:38.6915256Z with:
repository-integrity	Run actions/upload-artifact@ea165f8d65b6e75b540449e92b4886f43607fa02	2026-09-14T16:28:38.6915541Z   name: repository-integrity-timing
repository-integrity	Run actions/upload-artifact@ea165f8d65b6e75b540449e92b4886f43607fa02	2026-09-14T16:28:38.6915945Z   path: /home/runner/work/_temp/repository-integrity.txt
repository-integrity	Run actions/upload-artifact@ea165f8d65b6e75b540449e92b4886f43607fa02	2026-09-14T16:28:38.6916320Z   if-no-files-found: error
repository-integrity	Run actions/upload-artifact@ea165f8d65b6e75b540449e92b4886f43607fa02	2026-09-14T16:28:38.6916601Z   retention-days: 14
repository-integrity	Run actions/upload-artifact@ea165f8d65b6e75b540449e92b4886f43607fa02	2026-09-14T16:28:38.6916886Z   compression-level: 6
repository-integrity	Run actions/upload-artifact@ea165f8d65b6e75b540449e92b4886f43607fa02	2026-09-14T16:28:38.6917160Z   overwrite: false
repository-integrity	Run actions/upload-artifact@ea165f8d65b6e75b540449e92b4886f43607fa02	2026-09-14T16:28:38.6917422Z   include-hidden-files: false
repository-integrity	Run actions/upload-artifact@ea165f8d65b6e75b540449e92b4886f43607fa02	2026-09-14T16:28:38.6917706Z env:
repository-integrity	Run actions/upload-artifact@ea165f8d65b6e75b540449e92b4886f43607fa02	2026-09-14T16:28:38.6917944Z   KEEPLING_PHASE2_SEED: 20260901
repository-integrity	Run actions/upload-artifact@ea165f8d65b6e75b540449e92b4886f43607fa02	2026-09-14T16:28:38.6918377Z   KEEPLING_FLAKE_POLICY: no-retry; quarantine-requires-owner-issue-expiry
repository-integrity	Run actions/upload-artifact@ea165f8d65b6e75b540449e92b4886f43607fa02	2026-09-14T16:28:38.6918849Z ##[endgroup]
repository-integrity	Run actions/upload-artifact@ea165f8d65b6e75b540449e92b4886f43607fa02	2026-09-14T16:28:38.8545874Z (node:2432) [DEP0040] DeprecationWarning: The `punycode` module is deprecated. Please use a userland alternative instead.
repository-integrity	Run actions/upload-artifact@ea165f8d65b6e75b540449e92b4886f43607fa02	2026-09-14T16:28:38.8546888Z (Use `node --trace-deprecation ...` to show where the warning was created)
repository-integrity	Run actions/upload-artifact@ea165f8d65b6e75b540449e92b4886f43607fa02	2026-09-14T16:28:38.8591812Z With the provided path, there will be 1 file uploaded
repository-integrity	Run actions/upload-artifact@ea165f8d65b6e75b540449e92b4886f43607fa02	2026-09-14T16:28:38.8597064Z Artifact name is valid!
repository-integrity	Run actions/upload-artifact@ea165f8d65b6e75b540449e92b4886f43607fa02	2026-09-14T16:28:38.8597879Z Root directory input is valid!
repository-integrity	Run actions/upload-artifact@ea165f8d65b6e75b540449e92b4886f43607fa02	2026-09-14T16:28:39.0946580Z Beginning upload of artifact content to blob storage
repository-integrity	Run actions/upload-artifact@ea165f8d65b6e75b540449e92b4886f43607fa02	2026-09-14T16:28:39.1078001Z (node:2432) [DEP0169] DeprecationWarning: `url.parse()` behavior is not standardized and prone to errors that have security implications. Use the WHATWG URL API instead. CVEs are not issued for `url.parse()` vulnerabilities.
repository-integrity	Run actions/upload-artifact@ea165f8d65b6e75b540449e92b4886f43607fa02	2026-09-14T16:28:39.1485140Z Uploaded bytes 337
repository-integrity	Run actions/upload-artifact@ea165f8d65b6e75b540449e92b4886f43607fa02	2026-09-14T16:28:39.1690581Z Finished uploading artifact content to blob storage!
repository-integrity	Run actions/upload-artifact@ea165f8d65b6e75b540449e92b4886f43607fa02	2026-09-14T16:28:39.1691641Z SHA256 digest of uploaded artifact zip is 11f2572b5a2816eeacaff0823a02cbc4a3a2610d57f00f302c55bebbac8d158d
repository-integrity	Run actions/upload-artifact@ea165f8d65b6e75b540449e92b4886f43607fa02	2026-09-14T16:28:39.1693399Z Finalizing artifact upload
repository-integrity	Run actions/upload-artifact@ea165f8d65b6e75b540449e92b4886f43607fa02	2026-09-14T16:28:39.3861646Z Artifact repository-integrity-timing.zip successfully finalized. Artifact ID 10358531268
repository-integrity	Run actions/upload-artifact@ea165f8d65b6e75b540449e92b4886f43607fa02	2026-09-14T16:28:39.3863796Z Artifact repository-integrity-timing has been successfully uploaded! Final size is 337 bytes. Artifact ID is 10358531268
repository-integrity	Run actions/upload-artifact@ea165f8d65b6e75b540449e92b4886f43607fa02	2026-09-14T16:28:39.3866105Z Artifact download URL: https://github.com/szTheory/keepling/actions/runs/34868832053/artifacts/10358531268
repository-integrity	Post Run actions/checkout@34e114876b0b11c390a56381ad16ebd13914f8d5	﻿2026-09-14T16:28:39.4069131Z Node 20 is being deprecated. This workflow is running with Node 24 by default. If you need to temporarily use Node 20, you can set the ACTIONS_ALLOW_USE_UNSECURE_NODE_VERSION=true environment variable. For more information see: https://github.blog/changelog/2025-09-19-deprecation-of-node-20-on-github-actions-runners/
repository-integrity	Post Run actions/checkout@34e114876b0b11c390a56381ad16ebd13914f8d5	2026-09-14T16:28:39.4070972Z Post job cleanup.
repository-integrity	Post Run actions/checkout@34e114876b0b11c390a56381ad16ebd13914f8d5	2026-09-14T16:28:39.4908669Z [command]/usr/bin/git version
repository-integrity	Post Run actions/checkout@34e114876b0b11c390a56381ad16ebd13914f8d5	2026-09-14T16:28:39.4946468Z git version 2.55.0
repository-integrity	Post Run actions/checkout@34e114876b0b11c390a56381ad16ebd13914f8d5	2026-09-14T16:28:39.4985642Z Temporarily overriding HOME='/home/runner/work/_temp/01f0c739-4b64-43c1-8b93-36c8e5c4d279' before making global git config changes
repository-integrity	Post Run actions/checkout@34e114876b0b11c390a56381ad16ebd13914f8d5	2026-09-14T16:28:39.4987107Z Adding repository directory to the temporary git global config as a safe directory
repository-integrity	Post Run actions/checkout@34e114876b0b11c390a56381ad16ebd13914f8d5	2026-09-14T16:28:39.4992507Z [command]/usr/bin/git config --global --add safe.directory /home/runner/work/keepling/keepling
repository-integrity	Post Run actions/checkout@34e114876b0b11c390a56381ad16ebd13914f8d5	2026-09-14T16:28:39.5031227Z [command]/usr/bin/git config --local --name-only --get-regexp core\.sshCommand
repository-integrity	Post Run actions/checkout@34e114876b0b11c390a56381ad16ebd13914f8d5	2026-09-14T16:28:39.5066786Z [command]/usr/bin/git submodule foreach --recursive sh -c "git config --local --name-only --get-regexp 'core\.sshCommand' && git config --local --unset-all 'core.sshCommand' || :"
repository-integrity	Post Run actions/checkout@34e114876b0b11c390a56381ad16ebd13914f8d5	2026-09-14T16:28:39.5294564Z [command]/usr/bin/git config --local --name-only --get-regexp http\.https\:\/\/github\.com\/\.extraheader
repository-integrity	Post Run actions/checkout@34e114876b0b11c390a56381ad16ebd13914f8d5	2026-09-14T16:28:39.5321037Z http.https://github.com/.extraheader
repository-integrity	Post Run actions/checkout@34e114876b0b11c390a56381ad16ebd13914f8d5	2026-09-14T16:28:39.5332698Z [command]/usr/bin/git config --local --unset-all http.https://github.com/.extraheader
repository-integrity	Post Run actions/checkout@34e114876b0b11c390a56381ad16ebd13914f8d5	2026-09-14T16:28:39.5364322Z [command]/usr/bin/git submodule foreach --recursive sh -c "git config --local --name-only --get-regexp 'http\.https\:\/\/github\.com\/\.extraheader' && git config --local --unset-all 'http.https://github.com/.extraheader' || :"
repository-integrity	Post Run actions/checkout@34e114876b0b11c390a56381ad16ebd13914f8d5	2026-09-14T16:28:39.5593523Z [command]/usr/bin/git config --local --name-only --get-regexp ^includeIf\.gitdir:
repository-integrity	Post Run actions/checkout@34e114876b0b11c390a56381ad16ebd13914f8d5	2026-09-14T16:28:39.5625951Z [command]/usr/bin/git submodule foreach --recursive git config --local --show-origin --name-only --get-regexp remote.origin.url
repository-integrity	Complete job	﻿2026-09-14T16:28:39.5991571Z Cleaning up orphan processes
repository-integrity	Complete job	2026-09-14T16:28:39.6298427Z ##[warning]Node.js 20 is deprecated. The following actions target Node.js 20 but are being forced to run on Node.js 24: actions/checkout@34e114876b0b11c390a56381ad16ebd13914f8d5, actions/upload-artifact@ea165f8d65b6e75b540449e92b4886f43607fa02. For more information see: https://github.blog/changelog/2025-09-19-deprecation-of-node-20-on-github-actions-runners/
phase2-privacy	Set up job	﻿2026-09-14T16:28:38.2284350Z Current runner version: '2.337.0'
phase2-privacy	Set up job	2026-09-14T16:28:38.2300710Z ##[group]Runner Image Provisioner
phase2-privacy	Set up job	2026-09-14T16:28:38.2301280Z Hosted Compute Agent
phase2-privacy	Set up job	2026-09-14T16:28:38.2301650Z Version: 20260828.587
phase2-privacy	Set up job	2026-09-14T16:28:38.2302040Z Commit: abac92662cab4cc7352de4f9f9d2e2419aad9c29
phase2-privacy	Set up job	2026-09-14T16:28:38.2302800Z Build Date: 2026-08-28T16:44:25Z
phase2-privacy	Set up job	2026-09-14T16:28:38.2303300Z Worker ID: {55ad5eae-da40-4945-8e54-fae577b3d9cf}
phase2-privacy	Set up job	2026-09-14T16:28:38.2303770Z Azure Region: westus
phase2-privacy	Set up job	2026-09-14T16:28:38.2304130Z ##[endgroup]
phase2-privacy	Set up job	2026-09-14T16:28:38.2305200Z ##[group]Operating System
phase2-privacy	Set up job	2026-09-14T16:28:38.2305590Z macOS
phase2-privacy	Set up job	2026-09-14T16:28:38.2305900Z 15.7.9
phase2-privacy	Set up job	2026-09-14T16:28:38.2306220Z 24G830
phase2-privacy	Set up job	2026-09-14T16:28:38.2306590Z ##[endgroup]
phase2-privacy	Set up job	2026-09-14T16:28:38.2306990Z ##[group]Runner Image
phase2-privacy	Set up job	2026-09-14T16:28:38.2307410Z Image: macos-15-arm64
phase2-privacy	Set up job	2026-09-14T16:28:38.2307820Z Version: 20260907.0337.1
phase2-privacy	Set up job	2026-09-14T16:28:38.2308660Z Included Software: https://github.com/actions/runner-images/blob/macos-15-arm64/20260907.0337/images/macos/macos-15-arm64-Readme.md
phase2-privacy	Set up job	2026-09-14T16:28:38.2309860Z Image Release: https://github.com/actions/runner-images/releases/tag/macos-15-arm64%2F20260907.0337
phase2-privacy	Set up job	2026-09-14T16:28:38.2310650Z ##[endgroup]
phase2-privacy	Set up job	2026-09-14T16:28:38.2311480Z ##[group]GITHUB_TOKEN Permissions
phase2-privacy	Set up job	2026-09-14T16:28:38.2313240Z Contents: read
phase2-privacy	Set up job	2026-09-14T16:28:38.2313770Z Metadata: read
phase2-privacy	Set up job	2026-09-14T16:28:38.2314160Z ##[endgroup]
phase2-privacy	Set up job	2026-09-14T16:28:38.2316560Z Secret source: Actions
phase2-privacy	Set up job	2026-09-14T16:28:38.2317220Z Cache mode: write
phase2-privacy	Set up job	2026-09-14T16:28:38.2317710Z Prepare workflow directory
phase2-privacy	Set up job	2026-09-14T16:28:38.2684370Z Prepare all required actions
phase2-privacy	Set up job	2026-09-14T16:28:38.2730540Z Getting action download info
phase2-privacy	Set up job	2026-09-14T16:28:38.5476560Z Download action repository 'actions/checkout@34e114876b0b11c390a56381ad16ebd13914f8d5' (SHA:34e114876b0b11c390a56381ad16ebd13914f8d5)
phase2-privacy	Set up job	2026-09-14T16:28:38.7858760Z Download action repository 'actions/setup-node@49933ea5288caeca8642d1e84afbd3f7d6820020' (SHA:49933ea5288caeca8642d1e84afbd3f7d6820020)
phase2-privacy	Set up job	2026-09-14T16:28:38.9444080Z Download action repository 'actions/cache@0400d5f644dc74513175e3cd8d07132dd4860809' (SHA:0400d5f644dc74513175e3cd8d07132dd4860809)
phase2-privacy	Set up job	2026-09-14T16:28:39.0369190Z Download action repository 'actions/upload-artifact@ea165f8d65b6e75b540449e92b4886f43607fa02' (SHA:ea165f8d65b6e75b540449e92b4886f43607fa02)
phase2-privacy	Set up job	2026-09-14T16:28:39.2147140Z Complete job name: phase2-privacy
phase2-privacy	Run actions/checkout@34e114876b0b11c390a56381ad16ebd13914f8d5	﻿2026-09-14T16:28:39.2609160Z Node 20 is being deprecated. This workflow is running with Node 24 by default. If you need to temporarily use Node 20, you can set the ACTIONS_ALLOW_USE_UNSECURE_NODE_VERSION=true environment variable. For more information see: https://github.blog/changelog/2025-09-19-deprecation-of-node-20-on-github-actions-runners/
phase2-privacy	Run actions/checkout@34e114876b0b11c390a56381ad16ebd13914f8d5	2026-09-14T16:28:39.2616840Z ##[group]Run actions/checkout@34e114876b0b11c390a56381ad16ebd13914f8d5
phase2-privacy	Run actions/checkout@34e114876b0b11c390a56381ad16ebd13914f8d5	2026-09-14T16:28:39.2617570Z with:
phase2-privacy	Run actions/checkout@34e114876b0b11c390a56381ad16ebd13914f8d5	2026-09-14T16:28:39.2617970Z   repository: szTheory/keepling
phase2-privacy	Run actions/checkout@34e114876b0b11c390a56381ad16ebd13914f8d5	2026-09-14T16:28:39.2621010Z   token: ***
phase2-privacy	Run actions/checkout@34e114876b0b11c390a56381ad16ebd13914f8d5	2026-09-14T16:28:39.2621340Z   ssh-strict: true
phase2-privacy	Run actions/checkout@34e114876b0b11c390a56381ad16ebd13914f8d5	2026-09-14T16:28:39.2621660Z   ssh-user: git
phase2-privacy	Run actions/checkout@34e114876b0b11c390a56381ad16ebd13914f8d5	2026-09-14T16:28:39.2622110Z   persist-credentials: true
phase2-privacy	Run actions/checkout@34e114876b0b11c390a56381ad16ebd13914f8d5	2026-09-14T16:28:39.2622520Z   clean: true
phase2-privacy	Run actions/checkout@34e114876b0b11c390a56381ad16ebd13914f8d5	2026-09-14T16:28:39.2622940Z   sparse-checkout-cone-mode: true
phase2-privacy	Run actions/checkout@34e114876b0b11c390a56381ad16ebd13914f8d5	2026-09-14T16:28:39.2623340Z   fetch-depth: 1
phase2-privacy	Run actions/checkout@34e114876b0b11c390a56381ad16ebd13914f8d5	2026-09-14T16:28:39.2623650Z   fetch-tags: false
phase2-privacy	Run actions/checkout@34e114876b0b11c390a56381ad16ebd13914f8d5	2026-09-14T16:28:39.2623980Z   show-progress: true
phase2-privacy	Run actions/checkout@34e114876b0b11c390a56381ad16ebd13914f8d5	2026-09-14T16:28:39.2624380Z   lfs: false
phase2-privacy	Run actions/checkout@34e114876b0b11c390a56381ad16ebd13914f8d5	2026-09-14T16:28:39.2624760Z   submodules: false
phase2-privacy	Run actions/checkout@34e114876b0b11c390a56381ad16ebd13914f8d5	2026-09-14T16:28:39.2625150Z   set-safe-directory: true
phase2-privacy	Run actions/checkout@34e114876b0b11c390a56381ad16ebd13914f8d5	2026-09-14T16:28:39.2625800Z env:
phase2-privacy	Run actions/checkout@34e114876b0b11c390a56381ad16ebd13914f8d5	2026-09-14T16:28:39.2626140Z   KEEPLING_PHASE2_SEED: 20260901
phase2-privacy	Run actions/checkout@34e114876b0b11c390a56381ad16ebd13914f8d5	2026-09-14T16:28:39.2626720Z   KEEPLING_FLAKE_POLICY: no-retry; quarantine-requires-owner-issue-expiry
phase2-privacy	Run actions/checkout@34e114876b0b11c390a56381ad16ebd13914f8d5	2026-09-14T16:28:39.2627240Z ##[endgroup]
phase2-privacy	Run actions/checkout@34e114876b0b11c390a56381ad16ebd13914f8d5	2026-09-14T16:28:39.5220990Z Syncing repository: szTheory/keepling
phase2-privacy	Run actions/checkout@34e114876b0b11c390a56381ad16ebd13914f8d5	2026-09-14T16:28:39.5222660Z ##[group]Getting Git version info
phase2-privacy	Run actions/checkout@34e114876b0b11c390a56381ad16ebd13914f8d5	2026-09-14T16:28:39.5223240Z Working directory is '/Users/runner/work/keepling/keepling'
phase2-privacy	Run actions/checkout@34e114876b0b11c390a56381ad16ebd13914f8d5	2026-09-14T16:28:39.5224320Z [command]/opt/homebrew/bin/git version
phase2-privacy	Run actions/checkout@34e114876b0b11c390a56381ad16ebd13914f8d5	2026-09-14T16:28:39.5651140Z git version 2.55.0
phase2-privacy	Run actions/checkout@34e114876b0b11c390a56381ad16ebd13914f8d5	2026-09-14T16:28:39.5663860Z ##[endgroup]
phase2-privacy	Run actions/checkout@34e114876b0b11c390a56381ad16ebd13914f8d5	2026-09-14T16:28:39.5669430Z Copying '/Users/runner/.gitconfig' to '/Users/runner/work/_temp/9d46be14-b1b8-474c-9c17-5b7b71ba9ecd/.gitconfig'
phase2-privacy	Run actions/checkout@34e114876b0b11c390a56381ad16ebd13914f8d5	2026-09-14T16:28:39.5675770Z Temporarily overriding HOME='/Users/runner/work/_temp/9d46be14-b1b8-474c-9c17-5b7b71ba9ecd' before making global git config changes
phase2-privacy	Run actions/checkout@34e114876b0b11c390a56381ad16ebd13914f8d5	2026-09-14T16:28:39.5676850Z Adding repository directory to the temporary git global config as a safe directory
phase2-privacy	Run actions/checkout@34e114876b0b11c390a56381ad16ebd13914f8d5	2026-09-14T16:28:39.5679070Z [command]/opt/homebrew/bin/git config --global --add safe.directory /Users/runner/work/keepling/keepling
phase2-privacy	Run actions/checkout@34e114876b0b11c390a56381ad16ebd13914f8d5	2026-09-14T16:28:39.5788050Z Deleting the contents of '/Users/runner/work/keepling/keepling'
phase2-privacy	Run actions/checkout@34e114876b0b11c390a56381ad16ebd13914f8d5	2026-09-14T16:28:39.5790040Z ##[group]Initializing the repository
phase2-privacy	Run actions/checkout@34e114876b0b11c390a56381ad16ebd13914f8d5	2026-09-14T16:28:39.5794180Z [command]/opt/homebrew/bin/git init /Users/runner/work/keepling/keepling
phase2-privacy	Run actions/checkout@34e114876b0b11c390a56381ad16ebd13914f8d5	2026-09-14T16:28:39.5981760Z hint: Using 'master' as the name for the initial branch. This default branch name
phase2-privacy	Run actions/checkout@34e114876b0b11c390a56381ad16ebd13914f8d5	2026-09-14T16:28:39.5982710Z hint: will change to "main" in Git 3.0. To configure the initial branch name
phase2-privacy	Run actions/checkout@34e114876b0b11c390a56381ad16ebd13914f8d5	2026-09-14T16:28:39.5983500Z hint: to use in all of your new repositories, which will suppress this warning,
phase2-privacy	Run actions/checkout@34e114876b0b11c390a56381ad16ebd13914f8d5	2026-09-14T16:28:39.5984190Z hint: call:
phase2-privacy	Run actions/checkout@34e114876b0b11c390a56381ad16ebd13914f8d5	2026-09-14T16:28:39.5984500Z hint:
phase2-privacy	Run actions/checkout@34e114876b0b11c390a56381ad16ebd13914f8d5	2026-09-14T16:28:39.5984890Z hint: 	git config --global init.defaultBranch <name>
phase2-privacy	Run actions/checkout@34e114876b0b11c390a56381ad16ebd13914f8d5	2026-09-14T16:28:39.5985340Z hint:
phase2-privacy	Run actions/checkout@34e114876b0b11c390a56381ad16ebd13914f8d5	2026-09-14T16:28:39.5985890Z hint: Names commonly chosen instead of 'master' are 'main', 'trunk' and
phase2-privacy	Run actions/checkout@34e114876b0b11c390a56381ad16ebd13914f8d5	2026-09-14T16:28:39.5986610Z hint: 'development'. The just-created branch can be renamed via this command:
phase2-privacy	Run actions/checkout@34e114876b0b11c390a56381ad16ebd13914f8d5	2026-09-14T16:28:39.5987210Z hint:
phase2-privacy	Run actions/checkout@34e114876b0b11c390a56381ad16ebd13914f8d5	2026-09-14T16:28:39.5987560Z hint: 	git branch -m <name>
phase2-privacy	Run actions/checkout@34e114876b0b11c390a56381ad16ebd13914f8d5	2026-09-14T16:28:39.5988030Z hint:
phase2-privacy	Run actions/checkout@34e114876b0b11c390a56381ad16ebd13914f8d5	2026-09-14T16:28:39.5988510Z hint: Disable this message with "git config set advice.defaultBranchName false"
phase2-privacy	Run actions/checkout@34e114876b0b11c390a56381ad16ebd13914f8d5	2026-09-14T16:28:39.5989330Z Initialized empty Git repository in /Users/runner/work/keepling/keepling/.git/
phase2-privacy	Run actions/checkout@34e114876b0b11c390a56381ad16ebd13914f8d5	2026-09-14T16:28:39.5996420Z [command]/opt/homebrew/bin/git remote add origin https://github.com/szTheory/keepling
phase2-privacy	Run actions/checkout@34e114876b0b11c390a56381ad16ebd13914f8d5	2026-09-14T16:28:39.6071980Z ##[endgroup]
phase2-privacy	Run actions/checkout@34e114876b0b11c390a56381ad16ebd13914f8d5	2026-09-14T16:28:39.6072700Z ##[group]Disabling automatic garbage collection
phase2-privacy	Run actions/checkout@34e114876b0b11c390a56381ad16ebd13914f8d5	2026-09-14T16:28:39.6074540Z [command]/opt/homebrew/bin/git config --local gc.auto 0
phase2-privacy	Run actions/checkout@34e114876b0b11c390a56381ad16ebd13914f8d5	2026-09-14T16:28:39.6143760Z ##[endgroup]
phase2-privacy	Run actions/checkout@34e114876b0b11c390a56381ad16ebd13914f8d5	2026-09-14T16:28:39.6144570Z ##[group]Setting up auth
phase2-privacy	Run actions/checkout@34e114876b0b11c390a56381ad16ebd13914f8d5	2026-09-14T16:28:39.6147930Z [command]/opt/homebrew/bin/git config --local --name-only --get-regexp core\.sshCommand
phase2-privacy	Run actions/checkout@34e114876b0b11c390a56381ad16ebd13914f8d5	2026-09-14T16:28:39.6216020Z [command]/opt/homebrew/bin/git submodule foreach --recursive sh -c "git config --local --name-only --get-regexp 'core\.sshCommand' && git config --local --unset-all 'core.sshCommand' || :"
phase2-privacy	Run actions/checkout@34e114876b0b11c390a56381ad16ebd13914f8d5	2026-09-14T16:28:39.7171900Z [command]/opt/homebrew/bin/git config --local --name-only --get-regexp http\.https\:\/\/github\.com\/\.extraheader
phase2-privacy	Run actions/checkout@34e114876b0b11c390a56381ad16ebd13914f8d5	2026-09-14T16:28:39.7229650Z [command]/opt/homebrew/bin/git submodule foreach --recursive sh -c "git config --local --name-only --get-regexp 'http\.https\:\/\/github\.com\/\.extraheader' && git config --local --unset-all 'http.https://github.com/.extraheader' || :"
phase2-privacy	Run actions/checkout@34e114876b0b11c390a56381ad16ebd13914f8d5	2026-09-14T16:28:39.7907050Z [command]/opt/homebrew/bin/git config --local --name-only --get-regexp ^includeIf\.gitdir:
phase2-privacy	Run actions/checkout@34e114876b0b11c390a56381ad16ebd13914f8d5	2026-09-14T16:28:39.7964190Z [command]/opt/homebrew/bin/git submodule foreach --recursive git config --local --show-origin --name-only --get-regexp remote.origin.url
phase2-privacy	Run actions/checkout@34e114876b0b11c390a56381ad16ebd13914f8d5	2026-09-14T16:28:39.8678200Z [command]/opt/homebrew/bin/git config --local http.https://github.com/.extraheader AUTHORIZATION: basic ***
phase2-privacy	Run actions/checkout@34e114876b0b11c390a56381ad16ebd13914f8d5	2026-09-14T16:28:39.8739160Z ##[endgroup]
phase2-privacy	Run actions/checkout@34e114876b0b11c390a56381ad16ebd13914f8d5	2026-09-14T16:28:39.8739880Z ##[group]Fetching the repository
phase2-privacy	Run actions/checkout@34e114876b0b11c390a56381ad16ebd13914f8d5	2026-09-14T16:28:39.8745030Z [command]/opt/homebrew/bin/git -c protocol.version=2 fetch --no-tags --prune --no-recurse-submodules --depth=1 origin +4f5954104c839dbec57188607829fdc7b975e0cc:refs/remotes/origin/main
phase2-privacy	Run actions/checkout@34e114876b0b11c390a56381ad16ebd13914f8d5	2026-09-14T16:28:41.5609580Z From https://github.com/szTheory/keepling
phase2-privacy	Run actions/checkout@34e114876b0b11c390a56381ad16ebd13914f8d5	2026-09-14T16:28:41.5610890Z  * [new ref]         4f5954104c839dbec57188607829fdc7b975e0cc -> origin/main
phase2-privacy	Run actions/checkout@34e114876b0b11c390a56381ad16ebd13914f8d5	2026-09-14T16:28:41.5617050Z ##[endgroup]
phase2-privacy	Run actions/checkout@34e114876b0b11c390a56381ad16ebd13914f8d5	2026-09-14T16:28:41.5618580Z ##[group]Determining the checkout info
phase2-privacy	Run actions/checkout@34e114876b0b11c390a56381ad16ebd13914f8d5	2026-09-14T16:28:41.5620360Z ##[endgroup]
phase2-privacy	Run actions/checkout@34e114876b0b11c390a56381ad16ebd13914f8d5	2026-09-14T16:28:41.5621930Z [command]/opt/homebrew/bin/git sparse-checkout disable
phase2-privacy	Run actions/checkout@34e114876b0b11c390a56381ad16ebd13914f8d5	2026-09-14T16:28:41.5705410Z [command]/opt/homebrew/bin/git config --local --unset-all extensions.worktreeConfig
phase2-privacy	Run actions/checkout@34e114876b0b11c390a56381ad16ebd13914f8d5	2026-09-14T16:28:41.5781910Z ##[group]Checking out the ref
phase2-privacy	Run actions/checkout@34e114876b0b11c390a56381ad16ebd13914f8d5	2026-09-14T16:28:41.5783290Z [command]/opt/homebrew/bin/git checkout --progress --force -B main refs/remotes/origin/main
phase2-privacy	Run actions/checkout@34e114876b0b11c390a56381ad16ebd13914f8d5	2026-09-14T16:28:41.8454410Z Switched to a new branch 'main'
phase2-privacy	Run actions/checkout@34e114876b0b11c390a56381ad16ebd13914f8d5	2026-09-14T16:28:41.8490050Z branch 'main' set up to track 'origin/main'.
phase2-privacy	Run actions/checkout@34e114876b0b11c390a56381ad16ebd13914f8d5	2026-09-14T16:28:41.8712630Z ##[endgroup]
phase2-privacy	Run actions/checkout@34e114876b0b11c390a56381ad16ebd13914f8d5	2026-09-14T16:28:41.8923150Z [command]/opt/homebrew/bin/git log -1 --format=%H
phase2-privacy	Run actions/checkout@34e114876b0b11c390a56381ad16ebd13914f8d5	2026-09-14T16:28:41.8926430Z 4f5954104c839dbec57188607829fdc7b975e0cc
phase2-privacy	Run actions/setup-node@49933ea5288caeca8642d1e84afbd3f7d6820020	﻿2026-09-14T16:28:41.9363750Z Node 20 is being deprecated. This workflow is running with Node 24 by default. If you need to temporarily use Node 20, you can set the ACTIONS_ALLOW_USE_UNSECURE_NODE_VERSION=true environment variable. For more information see: https://github.blog/changelog/2025-09-19-deprecation-of-node-20-on-github-actions-runners/
phase2-privacy	Run actions/setup-node@49933ea5288caeca8642d1e84afbd3f7d6820020	2026-09-14T16:28:41.9367620Z ##[group]Run actions/setup-node@49933ea5288caeca8642d1e84afbd3f7d6820020
phase2-privacy	Run actions/setup-node@49933ea5288caeca8642d1e84afbd3f7d6820020	2026-09-14T16:28:41.9368760Z with:
phase2-privacy	Run actions/setup-node@49933ea5288caeca8642d1e84afbd3f7d6820020	2026-09-14T16:28:41.9369420Z   node-version: 24.7.0
phase2-privacy	Run actions/setup-node@49933ea5288caeca8642d1e84afbd3f7d6820020	2026-09-14T16:28:41.9370130Z   always-auth: false
phase2-privacy	Run actions/setup-node@49933ea5288caeca8642d1e84afbd3f7d6820020	2026-09-14T16:28:41.9370820Z   check-latest: false
phase2-privacy	Run actions/setup-node@49933ea5288caeca8642d1e84afbd3f7d6820020	2026-09-14T16:28:41.9376920Z   token: ***
phase2-privacy	Run actions/setup-node@49933ea5288caeca8642d1e84afbd3f7d6820020	2026-09-14T16:28:41.9377560Z env:
phase2-privacy	Run actions/setup-node@49933ea5288caeca8642d1e84afbd3f7d6820020	2026-09-14T16:28:41.9378170Z   KEEPLING_PHASE2_SEED: 20260901
phase2-privacy	Run actions/setup-node@49933ea5288caeca8642d1e84afbd3f7d6820020	2026-09-14T16:28:41.9379180Z   KEEPLING_FLAKE_POLICY: no-retry; quarantine-requires-owner-issue-expiry
phase2-privacy	Run actions/setup-node@49933ea5288caeca8642d1e84afbd3f7d6820020	2026-09-14T16:28:41.9380270Z ##[endgroup]
phase2-privacy	Run actions/setup-node@49933ea5288caeca8642d1e84afbd3f7d6820020	2026-09-14T16:28:42.0966870Z Attempting to download 24.7.0...
phase2-privacy	Run actions/setup-node@49933ea5288caeca8642d1e84afbd3f7d6820020	2026-09-14T16:28:42.1123020Z (node:3146) [DEP0040] DeprecationWarning: The `punycode` module is deprecated. Please use a userland alternative instead.
phase2-privacy	Run actions/setup-node@49933ea5288caeca8642d1e84afbd3f7d6820020	2026-09-14T16:28:42.1129160Z (Use `node --trace-deprecation ...` to show where the warning was created)
phase2-privacy	Run actions/setup-node@49933ea5288caeca8642d1e84afbd3f7d6820020	2026-09-14T16:28:42.7857390Z Acquiring 24.7.0 - arm64 from https://github.com/actions/node-versions/releases/download/24.7.0-17283839804/node-24.7.0-darwin-arm64.tar.gz
phase2-privacy	Run actions/setup-node@49933ea5288caeca8642d1e84afbd3f7d6820020	2026-09-14T16:28:43.5125870Z Extracting ...
phase2-privacy	Run actions/setup-node@49933ea5288caeca8642d1e84afbd3f7d6820020	2026-09-14T16:28:43.5271880Z [command]/usr/bin/tar xz --strip 1 -C /Users/runner/work/_temp/56c5f3af-8621-4512-8d6f-60cdd73ed7c5 -f /Users/runner/work/_temp/2ca11e44-6ef2-4d14-a6ed-3ad0921624e1
phase2-privacy	Run actions/setup-node@49933ea5288caeca8642d1e84afbd3f7d6820020	2026-09-14T16:28:44.6932040Z Adding to the cache ...
phase2-privacy	Run actions/setup-node@49933ea5288caeca8642d1e84afbd3f7d6820020	2026-09-14T16:28:47.2848370Z ##[group]Environment details
phase2-privacy	Run actions/setup-node@49933ea5288caeca8642d1e84afbd3f7d6820020	2026-09-14T16:28:47.7211390Z node: v24.7.0
phase2-privacy	Run actions/setup-node@49933ea5288caeca8642d1e84afbd3f7d6820020	2026-09-14T16:28:47.7212470Z npm: 11.5.1
phase2-privacy	Run actions/setup-node@49933ea5288caeca8642d1e84afbd3f7d6820020	2026-09-14T16:28:47.7212930Z yarn: 1.22.22
phase2-privacy	Run actions/setup-node@49933ea5288caeca8642d1e84afbd3f7d6820020	2026-09-14T16:28:47.7214180Z ##[endgroup]
phase2-privacy	Run actions/cache@0400d5f644dc74513175e3cd8d07132dd4860809	﻿2026-09-14T16:28:48.0907090Z Node 20 is being deprecated. This workflow is running with Node 24 by default. If you need to temporarily use Node 20, you can set the ACTIONS_ALLOW_USE_UNSECURE_NODE_VERSION=true environment variable. For more information see: https://github.blog/changelog/2025-09-19-deprecation-of-node-20-on-github-actions-runners/
phase2-privacy	Run actions/cache@0400d5f644dc74513175e3cd8d07132dd4860809	2026-09-14T16:28:48.0908350Z ##[group]Run actions/cache@0400d5f644dc74513175e3cd8d07132dd4860809
phase2-privacy	Run actions/cache@0400d5f644dc74513175e3cd8d07132dd4860809	2026-09-14T16:28:48.0908740Z with:
phase2-privacy	Run actions/cache@0400d5f644dc74513175e3cd8d07132dd4860809	2026-09-14T16:28:48.0909030Z   path: ~/.asdf/installs
phase2-privacy	Run actions/cache@0400d5f644dc74513175e3cd8d07132dd4860809	apps/server/deps
phase2-privacy	Run actions/cache@0400d5f644dc74513175e3cd8d07132dd4860809	apps/server/_build
phase2-privacy	Run actions/cache@0400d5f644dc74513175e3cd8d07132dd4860809	node_modules
phase2-privacy	Run actions/cache@0400d5f644dc74513175e3cd8d07132dd4860809	
phase2-privacy	Run actions/cache@0400d5f644dc74513175e3cd8d07132dd4860809	2026-09-14T16:28:48.0909580Z   key: phase2-macOS-privacy-45b3b35ef45f5d65ae586b2b25dfb93049c099ec9870f23270bda4b35fe975d3
phase2-privacy	Run actions/cache@0400d5f644dc74513175e3cd8d07132dd4860809	2026-09-14T16:28:48.0910020Z   enableCrossOsArchive: false
phase2-privacy	Run actions/cache@0400d5f644dc74513175e3cd8d07132dd4860809	2026-09-14T16:28:48.0910330Z   fail-on-cache-miss: false
phase2-privacy	Run actions/cache@0400d5f644dc74513175e3cd8d07132dd4860809	2026-09-14T16:28:48.0910530Z   lookup-only: false
phase2-privacy	Run actions/cache@0400d5f644dc74513175e3cd8d07132dd4860809	2026-09-14T16:28:48.0910720Z   save-always: false
phase2-privacy	Run actions/cache@0400d5f644dc74513175e3cd8d07132dd4860809	2026-09-14T16:28:48.0910910Z env:
phase2-privacy	Run actions/cache@0400d5f644dc74513175e3cd8d07132dd4860809	2026-09-14T16:28:48.0911070Z   KEEPLING_PHASE2_SEED: 20260901
phase2-privacy	Run actions/cache@0400d5f644dc74513175e3cd8d07132dd4860809	2026-09-14T16:28:48.0911410Z   KEEPLING_FLAKE_POLICY: no-retry; quarantine-requires-owner-issue-expiry
phase2-privacy	Run actions/cache@0400d5f644dc74513175e3cd8d07132dd4860809	2026-09-14T16:28:48.0911800Z ##[endgroup]
phase2-privacy	Run actions/cache@0400d5f644dc74513175e3cd8d07132dd4860809	2026-09-14T16:28:48.2218810Z (node:3194) [DEP0040] DeprecationWarning: The `punycode` module is deprecated. Please use a userland alternative instead.
phase2-privacy	Run actions/cache@0400d5f644dc74513175e3cd8d07132dd4860809	2026-09-14T16:28:48.2220880Z (Use `node --trace-deprecation ...` to show where the warning was created)
phase2-privacy	Run actions/cache@0400d5f644dc74513175e3cd8d07132dd4860809	2026-09-14T16:28:48.3830530Z Cache hit for: phase2-macOS-privacy-45b3b35ef45f5d65ae586b2b25dfb93049c099ec9870f23270bda4b35fe975d3
phase2-privacy	Run actions/cache@0400d5f644dc74513175e3cd8d07132dd4860809	2026-09-14T16:28:48.3910630Z (node:3194) [DEP0169] DeprecationWarning: `url.parse()` behavior is not standardized and prone to errors that have security implications. Use the WHATWG URL API instead. CVEs are not issued for `url.parse()` vulnerabilities.
phase2-privacy	Run actions/cache@0400d5f644dc74513175e3cd8d07132dd4860809	2026-09-14T16:28:49.5695590Z Received 37748736 of 194499448 (19.4%), 35.9 MBs/sec
phase2-privacy	Run actions/cache@0400d5f644dc74513175e3cd8d07132dd4860809	2026-09-14T16:28:50.5722650Z Received 134217728 of 194499448 (69.0%), 63.8 MBs/sec
phase2-privacy	Run actions/cache@0400d5f644dc74513175e3cd8d07132dd4860809	2026-09-14T16:28:51.2369030Z Received 194499448 of 194499448 (100.0%), 69.5 MBs/sec
phase2-privacy	Run actions/cache@0400d5f644dc74513175e3cd8d07132dd4860809	2026-09-14T16:28:51.2388310Z Cache Size: ~185 MB (194499448 B)
phase2-privacy	Run actions/cache@0400d5f644dc74513175e3cd8d07132dd4860809	2026-09-14T16:28:51.2536140Z [command]/opt/homebrew/bin/gtar -xf /Users/runner/work/_temp/84b392e4-2508-468f-b0c5-2af6bbac4af3/cache.tzst -P -C /Users/runner/work/keepling/keepling --delay-directory-restore --use-compress-program unzstd
phase2-privacy	Run actions/cache@0400d5f644dc74513175e3cd8d07132dd4860809	2026-09-14T16:29:01.5049580Z Cache restored successfully
phase2-privacy	Run actions/cache@0400d5f644dc74513175e3cd8d07132dd4860809	2026-09-14T16:29:01.5648110Z Cache restored from key: phase2-macOS-privacy-45b3b35ef45f5d65ae586b2b25dfb93049c099ec9870f23270bda4b35fe975d3
phase2-privacy	Provision exact repository runtimes	﻿2026-09-14T16:29:01.6204560Z ##[group]Run brew list asdf >/dev/null 2>&1 || brew install asdf
phase2-privacy	Provision exact repository runtimes	2026-09-14T16:29:01.6206310Z ^[[36;1mbrew list asdf >/dev/null 2>&1 || brew install asdf^[[0m
phase2-privacy	Provision exact repository runtimes	2026-09-14T16:29:01.6207260Z ^[[36;1m./tooling/runtime-preflight.sh --provision^[[0m
phase2-privacy	Provision exact repository runtimes	2026-09-14T16:29:01.6207930Z ^[[36;1mcorepack enable^[[0m
phase2-privacy	Provision exact repository runtimes	2026-09-14T16:29:01.6208280Z ^[[36;1mpnpm install --frozen-lockfile^[[0m
phase2-privacy	Provision exact repository runtimes	2026-09-14T16:29:01.6209160Z ^[[36;1m./tooling/runtime-preflight.sh --exec -- sh -c 'cd apps/server && mix deps.get --check-locked'^[[0m
phase2-privacy	Provision exact repository runtimes	2026-09-14T16:29:01.6332050Z shell: /bin/bash -e {0}
phase2-privacy	Provision exact repository runtimes	2026-09-14T16:29:01.6332850Z env:
phase2-privacy	Provision exact repository runtimes	2026-09-14T16:29:01.6333450Z   KEEPLING_PHASE2_SEED: 20260901
phase2-privacy	Provision exact repository runtimes	2026-09-14T16:29:01.6334450Z   KEEPLING_FLAKE_POLICY: no-retry; quarantine-requires-owner-issue-expiry
phase2-privacy	Provision exact repository runtimes	2026-09-14T16:29:01.6335470Z ##[endgroup]
phase2-privacy	Provision exact repository runtimes	2026-09-14T16:29:06.3940750Z ^[[32m==>^[[0m ^[[1mDownloading bottle manifests^[[0m
phase2-privacy	Provision exact repository runtimes	2026-09-14T16:29:06.4053920Z ✔︎ Bottle Manifest asdf (0.20.0)
phase2-privacy	Provision exact repository runtimes	2026-09-14T16:29:06.4056130Z ^[[34m==>^[[0m ^[[1mWould install 1 formula:^[[0m
phase2-privacy	Provision exact repository runtimes	2026-09-14T16:29:06.4058380Z asdf
phase2-privacy	Provision exact repository runtimes	2026-09-14T16:29:06.4486610Z ^[[32m==>^[[0m ^[[1mFetching downloads for: ^[[32masdf^[[39m^[[0m
phase2-privacy	Provision exact repository runtimes	2026-09-14T16:29:06.8009720Z ✔︎ Bottle asdf (0.20.0)
phase2-privacy	Provision exact repository runtimes	2026-09-14T16:29:06.8038180Z ^[[34m==>^[[0m ^[[1mPouring asdf--0.20.0.arm64_sequoia.bottle.tar.gz^[[0m
phase2-privacy	Provision exact repository runtimes	2026-09-14T16:29:06.9704650Z 🍺  /opt/homebrew/Cellar/asdf/0.20.0: 10 files, 4.4MB
phase2-privacy	Provision exact repository runtimes	2026-09-14T16:29:06.9711570Z ^[[32m==>^[[0m ^[[1mCaveats^[[0m
phase2-privacy	Provision exact repository runtimes	2026-09-14T16:29:06.9712230Z Bash completion has been installed to:
phase2-privacy	Provision exact repository runtimes	2026-09-14T16:29:06.9712650Z   /opt/homebrew/etc/bash_completion.d
phase2-privacy	Provision exact repository runtimes	2026-09-14T16:29:10.3313940Z version 29.0.5 of erlang is already installed
phase2-privacy	Provision exact repository runtimes	2026-09-14T16:29:10.3364010Z version 1.20.2-otp-29 of elixir is already installed
phase2-privacy	Provision exact repository runtimes	2026-09-14T16:29:10.9704950Z ^[[32m==>^[[0m ^[[1mDownloading bottle manifests^[[0m
phase2-privacy	Provision exact repository runtimes	2026-09-14T16:29:11.2577290Z ✔︎ Bottle Manifest postgresql@18 (18.6)
phase2-privacy	Provision exact repository runtimes	2026-09-14T16:29:11.2579360Z ^[[34m==>^[[0m ^[[1mWould install 1 formula:^[[0m
phase2-privacy	Provision exact repository runtimes	2026-09-14T16:29:11.2579970Z postgresql@18
phase2-privacy	Provision exact repository runtimes	2026-09-14T16:29:11.3569970Z ^[[32m==>^[[0m ^[[1mFetching downloads for: ^[[32mpostgresql@18^[[39m^[[0m
phase2-privacy	Provision exact repository runtimes	2026-09-14T16:29:12.5993960Z ✔︎ Bottle postgresql@18 (18.6)
phase2-privacy	Provision exact repository runtimes	2026-09-14T16:29:12.6272980Z ^[[34m==>^[[0m ^[[1mPouring postgresql@18--18.6.arm64_sequoia.bottle.tar.gz^[[0m
phase2-privacy	Provision exact repository runtimes	2026-09-14T16:29:15.6396000Z The files belonging to this database system will be owned by user "runner".
phase2-privacy	Provision exact repository runtimes	2026-09-14T16:29:15.6404990Z This user must also own the server process.
phase2-privacy	Provision exact repository runtimes	2026-09-14T16:29:15.6433890Z 
phase2-privacy	Provision exact repository runtimes	2026-09-14T16:29:15.6438970Z The database cluster will be initialized with locale "en_US.UTF-8".
phase2-privacy	Provision exact repository runtimes	2026-09-14T16:29:15.6444680Z The default text search configuration will be set to "english".
phase2-privacy	Provision exact repository runtimes	2026-09-14T16:29:15.6445320Z 
phase2-privacy	Provision exact repository runtimes	2026-09-14T16:29:15.6445740Z Data page checksums are enabled.
phase2-privacy	Provision exact repository runtimes	2026-09-14T16:29:15.6458400Z 
phase2-privacy	Provision exact repository runtimes	2026-09-14T16:29:15.6459590Z fixing permissions on existing directory /opt/homebrew/var/postgresql@18 ... ok
phase2-privacy	Provision exact repository runtimes	2026-09-14T16:29:15.6460860Z creating subdirectories ... ok
phase2-privacy	Provision exact repository runtimes	2026-09-14T16:29:15.6469410Z selecting dynamic shared memory implementation ... posix
phase2-privacy	Provision exact repository runtimes	2026-09-14T16:29:15.6808870Z selecting default "max_connections" ... 100
phase2-privacy	Provision exact repository runtimes	2026-09-14T16:29:15.7003800Z selecting default "shared_buffers" ... 128MB
phase2-privacy	Provision exact repository runtimes	2026-09-14T16:29:15.7035160Z selecting default time zone ... UTC
phase2-privacy	Provision exact repository runtimes	2026-09-14T16:29:15.7055160Z creating configuration files ... ok
phase2-privacy	Provision exact repository runtimes	2026-09-14T16:29:15.8225120Z running bootstrap script ... ok
phase2-privacy	Provision exact repository runtimes	2026-09-14T16:29:16.2469580Z performing post-bootstrap initialization ... ok
phase2-privacy	Provision exact repository runtimes	2026-09-14T16:29:16.2598540Z syncing data to disk ... ok
phase2-privacy	Provision exact repository runtimes	2026-09-14T16:29:16.2607800Z 
phase2-privacy	Provision exact repository runtimes	2026-09-14T16:29:16.2608010Z 
phase2-privacy	Provision exact repository runtimes	2026-09-14T16:29:16.2608670Z Success. You can now start the database server using:
phase2-privacy	Provision exact repository runtimes	2026-09-14T16:29:16.2609120Z 
phase2-privacy	Provision exact repository runtimes	2026-09-14T16:29:16.2611190Z     '/opt/homebrew/Cellar/postgresql@18/18.6/bin/pg_ctl' -D '/opt/homebrew/var/postgresql@18' -l logfile start
phase2-privacy	Provision exact repository runtimes	2026-09-14T16:29:16.2611800Z 
phase2-privacy	Provision exact repository runtimes	2026-09-14T16:29:16.2612250Z initdb: warning: enabling "trust" authentication for local connections
phase2-privacy	Provision exact repository runtimes	2026-09-14T16:29:16.2614430Z initdb: hint: You can change this by editing pg_hba.conf or using the option -A, or --auth-local and --auth-host, the next time you run initdb.
phase2-privacy	Provision exact repository runtimes	2026-09-14T16:29:16.7862170Z 🍺  /opt/homebrew/Cellar/postgresql@18/18.6: 3,873 files, 77.7MB
phase2-privacy	Provision exact repository runtimes	2026-09-14T16:29:16.7868100Z ^[[32m==>^[[0m ^[[1mCaveats^[[0m
phase2-privacy	Provision exact repository runtimes	2026-09-14T16:29:16.7869400Z ^[[34m==>^[[0m ^[[1mpostgresql@18^[[0m
phase2-privacy	Provision exact repository runtimes	2026-09-14T16:29:16.7870730Z This formula has created a default database cluster with:
phase2-privacy	Provision exact repository runtimes	2026-09-14T16:29:16.7871950Z   initdb --locale=en_US.UTF-8 -E UTF-8 /opt/homebrew/var/postgresql@18
phase2-privacy	Provision exact repository runtimes	2026-09-14T16:29:16.7872700Z 
phase2-privacy	Provision exact repository runtimes	2026-09-14T16:29:16.7873640Z When uninstalling, some dead symlinks are left behind so you may want to run:
phase2-privacy	Provision exact repository runtimes	2026-09-14T16:29:16.7874790Z   brew cleanup --prune-prefix
phase2-privacy	Provision exact repository runtimes	2026-09-14T16:29:16.7875150Z 
phase2-privacy	Provision exact repository runtimes	2026-09-14T16:29:16.7876270Z To start postgresql@18 now and restart at login:
phase2-privacy	Provision exact repository runtimes	2026-09-14T16:29:16.7877450Z   brew services start postgresql@18
phase2-privacy	Provision exact repository runtimes	2026-09-14T16:29:16.7879880Z Or, if you don't want/need a background service you can just run:
phase2-privacy	Provision exact repository runtimes	2026-09-14T16:29:16.7881690Z   LC_ALL="en_US.UTF-8" /opt/homebrew/opt/postgresql@18/bin/postgres -D /opt/homebrew/var/postgresql@18
phase2-privacy	Provision exact repository runtimes	2026-09-14T16:29:17.3720410Z Runtime preflight passed: Elixir 1.20.2, OTP 29.0.5, PostgreSQL 18.6
phase2-privacy	Provision exact repository runtimes	2026-09-14T16:29:17.5463310Z ! Corepack is about to download https://registry.npmjs.org/pnpm/-/pnpm-10.33.0.tgz
phase2-privacy	Provision exact repository runtimes	2026-09-14T16:29:18.5060560Z Scope: all 4 workspace projects
phase2-privacy	Provision exact repository runtimes	2026-09-14T16:29:18.5655160Z Lockfile is up to date, resolution step is skipped
phase2-privacy	Provision exact repository runtimes	2026-09-14T16:29:19.7028890Z Progress: resolved 0, reused 0, downloaded 1, added 0
phase2-privacy	Provision exact repository runtimes	2026-09-14T16:29:20.1475600Z Packages: +2 -45
phase2-privacy	Provision exact repository runtimes	2026-09-14T16:29:20.1597310Z ++---------------------------------------------
phase2-privacy	Provision exact repository runtimes	2026-09-14T16:29:20.7044350Z Progress: resolved 0, reused 0, downloaded 15, added 0
phase2-privacy	Provision exact repository runtimes	2026-09-14T16:29:21.6667590Z Progress: resolved 0, reused 0, downloaded 46, added 2, done
phase2-privacy	Provision exact repository runtimes	2026-09-14T16:29:21.8486380Z 
phase2-privacy	Provision exact repository runtimes	2026-09-14T16:29:21.9388220Z Done in 3.7s using pnpm v10.33.0
phase2-privacy	Provision exact repository runtimes	2026-09-14T16:29:22.4267590Z Runtime preflight passed: Elixir 1.20.2, OTP 29.0.5, PostgreSQL 18.6
phase2-privacy	Provision exact repository runtimes	2026-09-14T16:29:23.4181270Z * creating /Users/runner/.mix/archives/hex-2.5.1
phase2-privacy	Provision exact repository runtimes	2026-09-14T16:29:23.9497570Z Resolving Hex dependencies...
phase2-privacy	Provision exact repository runtimes	2026-09-14T16:29:24.0399860Z Resolution completed in 0.087s
phase2-privacy	Provision exact repository runtimes	2026-09-14T16:29:24.0586580Z Unchanged:
phase2-privacy	Provision exact repository runtimes	2026-09-14T16:29:24.0593230Z   argon2_elixir 4.1.3
phase2-privacy	Provision exact repository runtimes	2026-09-14T16:29:24.0608380Z   bandit 1.12.5
phase2-privacy	Provision exact repository runtimes	2026-09-14T16:29:24.0608760Z   certifi 2.17.0
phase2-privacy	Provision exact repository runtimes	2026-09-14T16:29:24.0610660Z   comeonin 5.5.1
phase2-privacy	Provision exact repository runtimes	2026-09-14T16:29:24.0615840Z   db_connection 2.10.2
phase2-privacy	Provision exact repository runtimes	2026-09-14T16:29:24.0617330Z   decimal 3.1.1
phase2-privacy	Provision exact repository runtimes	2026-09-14T16:29:24.0618950Z   dns_cluster 0.2.0
phase2-privacy	Provision exact repository runtimes	2026-09-14T16:29:24.0620840Z   ecto 3.14.2
phase2-privacy	Provision exact repository runtimes	2026-09-14T16:29:24.0621050Z   ecto_sql 3.14.0
phase2-privacy	Provision exact repository runtimes	2026-09-14T16:29:24.0625870Z   elixir_make 0.10.0
phase2-privacy	Provision exact repository runtimes	2026-09-14T16:29:24.0629340Z   expo 1.1.1
phase2-privacy	Provision exact repository runtimes	2026-09-14T16:29:24.0629650Z   gettext 1.0.2
phase2-privacy	Provision exact repository runtimes	2026-09-14T16:29:24.0631000Z   h2 0.12.0
phase2-privacy	Provision exact repository runtimes	2026-09-14T16:29:24.0632620Z   hackney 4.7.4
phase2-privacy	Provision exact repository runtimes	2026-09-14T16:29:24.0633090Z   hammer 7.4.1
phase2-privacy	Provision exact repository runtimes	2026-09-14T16:29:24.0634030Z   hex_core 0.15.0
phase2-privacy	Provision exact repository runtimes	2026-09-14T16:29:24.0635770Z   hpax 1.0.4
phase2-privacy	Provision exact repository runtimes	2026-09-14T16:29:24.0636290Z   idna 7.1.0
phase2-privacy	Provision exact repository runtimes	2026-09-14T16:29:24.0637100Z   jason 1.4.5
phase2-privacy	Provision exact repository runtimes	2026-09-14T16:29:24.0637940Z   mime 2.0.7
phase2-privacy	Provision exact repository runtimes	2026-09-14T16:29:24.0638160Z   mimerl 1.5.0
phase2-privacy	Provision exact repository runtimes	2026-09-14T16:29:24.0638430Z   optimus 0.6.1
phase2-privacy	Provision exact repository runtimes	2026-09-14T16:29:24.0638700Z   parse_trans 3.4.2
phase2-privacy	Provision exact repository runtimes	2026-09-14T16:29:24.0639260Z   phoenix 1.8.13
phase2-privacy	Provision exact repository runtimes	2026-09-14T16:29:24.0640040Z   phoenix_ecto 4.7.0
phase2-privacy	Provision exact repository runtimes	2026-09-14T16:29:24.0641650Z   phoenix_pubsub 2.3.0
phase2-privacy	Provision exact repository runtimes	2026-09-14T16:29:24.0642380Z   phoenix_template 1.0.4
phase2-privacy	Provision exact repository runtimes	2026-09-14T16:29:24.0642840Z   plug 1.20.3
phase2-privacy	Provision exact repository runtimes	2026-09-14T16:29:24.0643080Z   plug_crypto 2.2.0
phase2-privacy	Provision exact repository runtimes	2026-09-14T16:29:24.0643400Z   postgrex 0.22.4
phase2-privacy	Provision exact repository runtimes	2026-09-14T16:29:24.0643710Z   protobuf 0.16.1
phase2-privacy	Provision exact repository runtimes	2026-09-14T16:29:24.0644940Z   purl 0.3.0
phase2-privacy	Provision exact repository runtimes	2026-09-14T16:29:24.0645500Z   quic 1.8.2
phase2-privacy	Provision exact repository runtimes	2026-09-14T16:29:24.0645830Z   sbom 0.10.0
phase2-privacy	Provision exact repository runtimes	2026-09-14T16:29:24.0646090Z   ssl_verify_fun 1.1.7
phase2-privacy	Provision exact repository runtimes	2026-09-14T16:29:24.0646410Z   stream_data 1.4.0
phase2-privacy	Provision exact repository runtimes	2026-09-14T16:29:24.0646720Z   telemetry 1.4.2
phase2-privacy	Provision exact repository runtimes	2026-09-14T16:29:24.0646950Z   telemetry_metrics 1.2.0
phase2-privacy	Provision exact repository runtimes	2026-09-14T16:29:24.0647300Z   telemetry_poller 1.3.0
phase2-privacy	Provision exact repository runtimes	2026-09-14T16:29:24.0647630Z   thousand_island 1.5.0
phase2-privacy	Provision exact repository runtimes	2026-09-14T16:29:24.0647870Z   tzdata 1.1.5
phase2-privacy	Provision exact repository runtimes	2026-09-14T16:29:24.0655300Z   websock 0.5.3
phase2-privacy	Provision exact repository runtimes	2026-09-14T16:29:24.0655700Z   websock_adapter 0.6.0
phase2-privacy	Provision exact repository runtimes	2026-09-14T16:29:24.0656030Z   webtransport 0.4.5
phase2-privacy	Provision exact repository runtimes	2026-09-14T16:29:24.2788970Z * creating /Users/runner/.mix/elixir/1-20-otp-29/rebar3
phase2-privacy	Provision exact repository runtimes	2026-09-14T16:29:24.3763350Z All dependencies have been fetched
phase2-privacy	Run exact Phase 2 lane	﻿2026-09-14T16:29:24.4048680Z ##[group]Run set -o pipefail
phase2-privacy	Run exact Phase 2 lane	2026-09-14T16:29:24.4049020Z ^[[36;1mset -o pipefail^[[0m
phase2-privacy	Run exact Phase 2 lane	2026-09-14T16:29:24.4049440Z ^[[36;1m./tooling/test-phase-2.sh --lane "privacy" | tee "$RUNNER_TEMP/privacy.txt"^[[0m
phase2-privacy	Run exact Phase 2 lane	2026-09-14T16:29:24.4049980Z ^[[36;1m./tooling/verify-privacy.sh "$RUNNER_TEMP/privacy.txt"^[[0m
phase2-privacy	Run exact Phase 2 lane	2026-09-14T16:29:24.4100660Z shell: /bin/bash -e {0}
phase2-privacy	Run exact Phase 2 lane	2026-09-14T16:29:24.4100990Z env:
phase2-privacy	Run exact Phase 2 lane	2026-09-14T16:29:24.4101280Z   KEEPLING_PHASE2_SEED: 20260901
phase2-privacy	Run exact Phase 2 lane	2026-09-14T16:29:24.4101640Z   KEEPLING_FLAKE_POLICY: no-retry; quarantine-requires-owner-issue-expiry
phase2-privacy	Run exact Phase 2 lane	2026-09-14T16:29:24.4102070Z ##[endgroup]
phase2-privacy	Run exact Phase 2 lane	2026-09-14T16:29:27.2762980Z Runtime preflight passed: Elixir 1.20.2, OTP 29.0.5, PostgreSQL 18.6
phase2-privacy	Run exact Phase 2 lane	2026-09-14T16:29:28.0508920Z lane=privacy status=RUNNING command=mix test telemetry_redaction_test.exs ops_redaction_test.exs && verify-privacy.sh --self-test cases=17 seed=20260901 inputs_sha256=c6edd21e23c46a55d10b4ef943b72e5aea08d99b5e79ddde03b4e4ec6720fa97
phase2-privacy	Run exact Phase 2 lane	2026-09-14T16:29:31.2208230Z lane=privacy status=PASS command=mix test telemetry_redaction_test.exs ops_redaction_test.exs && verify-privacy.sh --self-test cases=17 seed=20260901 elapsed_ms=3172 inputs_sha256=c6edd21e23c46a55d10b4ef943b72e5aea08d99b5e79ddde03b4e4ec6720fa97
phase2-privacy	Run exact Phase 2 lane	2026-09-14T16:29:31.8659060Z Privacy verification passed: artifacts=1 sentinels=7
phase2-privacy	Run actions/upload-artifact@ea165f8d65b6e75b540449e92b4886f43607fa02	﻿2026-09-14T16:29:31.8869030Z Node 20 is being deprecated. This workflow is running with Node 24 by default. If you need to temporarily use Node 20, you can set the ACTIONS_ALLOW_USE_UNSECURE_NODE_VERSION=true environment variable. For more information see: https://github.blog/changelog/2025-09-19-deprecation-of-node-20-on-github-actions-runners/
phase2-privacy	Run actions/upload-artifact@ea165f8d65b6e75b540449e92b4886f43607fa02	2026-09-14T16:29:31.8870320Z ##[group]Run actions/upload-artifact@ea165f8d65b6e75b540449e92b4886f43607fa02
phase2-privacy	Run actions/upload-artifact@ea165f8d65b6e75b540449e92b4886f43607fa02	2026-09-14T16:29:31.8871160Z with:
phase2-privacy	Run actions/upload-artifact@ea165f8d65b6e75b540449e92b4886f43607fa02	2026-09-14T16:29:31.8871320Z   name: phase2-privacy-timing
phase2-privacy	Run actions/upload-artifact@ea165f8d65b6e75b540449e92b4886f43607fa02	2026-09-14T16:29:31.8871540Z   path: /Users/runner/work/_temp/privacy.txt
phase2-privacy	Run actions/upload-artifact@ea165f8d65b6e75b540449e92b4886f43607fa02	2026-09-14T16:29:31.8871760Z   if-no-files-found: error
phase2-privacy	Run actions/upload-artifact@ea165f8d65b6e75b540449e92b4886f43607fa02	2026-09-14T16:29:31.8871940Z   retention-days: 14
phase2-privacy	Run actions/upload-artifact@ea165f8d65b6e75b540449e92b4886f43607fa02	2026-09-14T16:29:31.8872100Z   compression-level: 6
phase2-privacy	Run actions/upload-artifact@ea165f8d65b6e75b540449e92b4886f43607fa02	2026-09-14T16:29:31.8872260Z   overwrite: false
phase2-privacy	Run actions/upload-artifact@ea165f8d65b6e75b540449e92b4886f43607fa02	2026-09-14T16:29:31.8872470Z   include-hidden-files: false
phase2-privacy	Run actions/upload-artifact@ea165f8d65b6e75b540449e92b4886f43607fa02	2026-09-14T16:29:31.8872700Z env:
phase2-privacy	Run actions/upload-artifact@ea165f8d65b6e75b540449e92b4886f43607fa02	2026-09-14T16:29:31.8872970Z   KEEPLING_PHASE2_SEED: 20260901
phase2-privacy	Run actions/upload-artifact@ea165f8d65b6e75b540449e92b4886f43607fa02	2026-09-14T16:29:31.8873360Z   KEEPLING_FLAKE_POLICY: no-retry; quarantine-requires-owner-issue-expiry
phase2-privacy	Run actions/upload-artifact@ea165f8d65b6e75b540449e92b4886f43607fa02	2026-09-14T16:29:31.8873930Z ##[endgroup]
phase2-privacy	Run actions/upload-artifact@ea165f8d65b6e75b540449e92b4886f43607fa02	2026-09-14T16:29:32.0624920Z (node:4780) [DEP0040] DeprecationWarning: The `punycode` module is deprecated. Please use a userland alternative instead.
phase2-privacy	Run actions/upload-artifact@ea165f8d65b6e75b540449e92b4886f43607fa02	2026-09-14T16:29:32.0626350Z (Use `node --trace-deprecation ...` to show where the warning was created)
phase2-privacy	Run actions/upload-artifact@ea165f8d65b6e75b540449e92b4886f43607fa02	2026-09-14T16:29:32.0649040Z With the provided path, there will be 1 file uploaded
phase2-privacy	Run actions/upload-artifact@ea165f8d65b6e75b540449e92b4886f43607fa02	2026-09-14T16:29:32.0651590Z Artifact name is valid!
phase2-privacy	Run actions/upload-artifact@ea165f8d65b6e75b540449e92b4886f43607fa02	2026-09-14T16:29:32.0652160Z Root directory input is valid!
phase2-privacy	Run actions/upload-artifact@ea165f8d65b6e75b540449e92b4886f43607fa02	2026-09-14T16:29:32.7051440Z Beginning upload of artifact content to blob storage
phase2-privacy	Run actions/upload-artifact@ea165f8d65b6e75b540449e92b4886f43607fa02	2026-09-14T16:29:32.7163620Z (node:4780) [DEP0169] DeprecationWarning: `url.parse()` behavior is not standardized and prone to errors that have security implications. Use the WHATWG URL API instead. CVEs are not issued for `url.parse()` vulnerabilities.
phase2-privacy	Run actions/upload-artifact@ea165f8d65b6e75b540449e92b4886f43607fa02	2026-09-14T16:29:32.8580310Z Uploaded bytes 389
phase2-privacy	Run actions/upload-artifact@ea165f8d65b6e75b540449e92b4886f43607fa02	2026-09-14T16:29:32.8956000Z Finished uploading artifact content to blob storage!
phase2-privacy	Run actions/upload-artifact@ea165f8d65b6e75b540449e92b4886f43607fa02	2026-09-14T16:29:32.8956760Z SHA256 digest of uploaded artifact zip is 6990acb912f10b6ebce5d77069f937bc42404e04f04d5b4c7907cf56dbb58f42
phase2-privacy	Run actions/upload-artifact@ea165f8d65b6e75b540449e92b4886f43607fa02	2026-09-14T16:29:32.8957350Z Finalizing artifact upload
phase2-privacy	Run actions/upload-artifact@ea165f8d65b6e75b540449e92b4886f43607fa02	2026-09-14T16:29:33.1403210Z Artifact phase2-privacy-timing.zip successfully finalized. Artifact ID 10357309211
phase2-privacy	Run actions/upload-artifact@ea165f8d65b6e75b540449e92b4886f43607fa02	2026-09-14T16:29:33.1407460Z Artifact phase2-privacy-timing has been successfully uploaded! Final size is 389 bytes. Artifact ID is 10357309211
phase2-privacy	Run actions/upload-artifact@ea165f8d65b6e75b540449e92b4886f43607fa02	2026-09-14T16:29:33.1424170Z Artifact download URL: https://github.com/szTheory/keepling/actions/runs/34868832053/artifacts/10357309211
phase2-privacy	Post Run actions/cache@0400d5f644dc74513175e3cd8d07132dd4860809	﻿2026-09-14T16:29:33.2591460Z Node 20 is being deprecated. This workflow is running with Node 24 by default. If you need to temporarily use Node 20, you can set the ACTIONS_ALLOW_USE_UNSECURE_NODE_VERSION=true environment variable. For more information see: https://github.blog/changelog/2025-09-19-deprecation-of-node-20-on-github-actions-runners/
phase2-privacy	Post Run actions/cache@0400d5f644dc74513175e3cd8d07132dd4860809	2026-09-14T16:29:33.2592500Z Post job cleanup.
phase2-privacy	Post Run actions/cache@0400d5f644dc74513175e3cd8d07132dd4860809	2026-09-14T16:29:33.3613840Z Cache hit occurred on the primary key phase2-macOS-privacy-45b3b35ef45f5d65ae586b2b25dfb93049c099ec9870f23270bda4b35fe975d3, not saving cache.
phase2-privacy	Post Run actions/cache@0400d5f644dc74513175e3cd8d07132dd4860809	2026-09-14T16:29:33.3615120Z (node:4786) [DEP0040] DeprecationWarning: The `punycode` module is deprecated. Please use a userland alternative instead.
phase2-privacy	Post Run actions/cache@0400d5f644dc74513175e3cd8d07132dd4860809	2026-09-14T16:29:33.3615860Z (Use `node --trace-deprecation ...` to show where the warning was created)
phase2-privacy	Post Run actions/setup-node@49933ea5288caeca8642d1e84afbd3f7d6820020	﻿2026-09-14T16:29:33.3694780Z Node 20 is being deprecated. This workflow is running with Node 24 by default. If you need to temporarily use Node 20, you can set the ACTIONS_ALLOW_USE_UNSECURE_NODE_VERSION=true environment variable. For more information see: https://github.blog/changelog/2025-09-19-deprecation-of-node-20-on-github-actions-runners/
phase2-privacy	Post Run actions/setup-node@49933ea5288caeca8642d1e84afbd3f7d6820020	2026-09-14T16:29:33.3695710Z Post job cleanup.
phase2-privacy	Post Run actions/setup-node@49933ea5288caeca8642d1e84afbd3f7d6820020	2026-09-14T16:29:33.4720820Z (node:4787) [DEP0040] DeprecationWarning: The `punycode` module is deprecated. Please use a userland alternative instead.
phase2-privacy	Post Run actions/setup-node@49933ea5288caeca8642d1e84afbd3f7d6820020	2026-09-14T16:29:33.4721660Z (Use `node --trace-deprecation ...` to show where the warning was created)
phase2-privacy	Post Run actions/checkout@34e114876b0b11c390a56381ad16ebd13914f8d5	﻿2026-09-14T16:29:33.4815200Z Node 20 is being deprecated. This workflow is running with Node 24 by default. If you need to temporarily use Node 20, you can set the ACTIONS_ALLOW_USE_UNSECURE_NODE_VERSION=true environment variable. For more information see: https://github.blog/changelog/2025-09-19-deprecation-of-node-20-on-github-actions-runners/
phase2-privacy	Post Run actions/checkout@34e114876b0b11c390a56381ad16ebd13914f8d5	2026-09-14T16:29:33.4816220Z Post job cleanup.
phase2-privacy	Post Run actions/checkout@34e114876b0b11c390a56381ad16ebd13914f8d5	2026-09-14T16:29:33.5648610Z [command]/opt/homebrew/bin/git version
phase2-privacy	Post Run actions/checkout@34e114876b0b11c390a56381ad16ebd13914f8d5	2026-09-14T16:29:33.5706370Z git version 2.55.0
phase2-privacy	Post Run actions/checkout@34e114876b0b11c390a56381ad16ebd13914f8d5	2026-09-14T16:29:33.5723370Z Copying '/Users/runner/.gitconfig' to '/Users/runner/work/_temp/b9ac6fef-8428-4d01-8e27-50e724e48866/.gitconfig'
phase2-privacy	Post Run actions/checkout@34e114876b0b11c390a56381ad16ebd13914f8d5	2026-09-14T16:29:33.5729420Z Temporarily overriding HOME='/Users/runner/work/_temp/b9ac6fef-8428-4d01-8e27-50e724e48866' before making global git config changes
phase2-privacy	Post Run actions/checkout@34e114876b0b11c390a56381ad16ebd13914f8d5	2026-09-14T16:29:33.5730410Z Adding repository directory to the temporary git global config as a safe directory
phase2-privacy	Post Run actions/checkout@34e114876b0b11c390a56381ad16ebd13914f8d5	2026-09-14T16:29:33.5732720Z [command]/opt/homebrew/bin/git config --global --add safe.directory /Users/runner/work/keepling/keepling
phase2-privacy	Post Run actions/checkout@34e114876b0b11c390a56381ad16ebd13914f8d5	2026-09-14T16:29:33.5789860Z [command]/opt/homebrew/bin/git config --local --name-only --get-regexp core\.sshCommand
phase2-privacy	Post Run actions/checkout@34e114876b0b11c390a56381ad16ebd13914f8d5	2026-09-14T16:29:33.5837450Z [command]/opt/homebrew/bin/git submodule foreach --recursive sh -c "git config --local --name-only --get-regexp 'core\.sshCommand' && git config --local --unset-all 'core.sshCommand' || :"
phase2-privacy	Post Run actions/checkout@34e114876b0b11c390a56381ad16ebd13914f8d5	2026-09-14T16:29:33.6486520Z [command]/opt/homebrew/bin/git config --local --name-only --get-regexp http\.https\:\/\/github\.com\/\.extraheader
phase2-privacy	Post Run actions/checkout@34e114876b0b11c390a56381ad16ebd13914f8d5	2026-09-14T16:29:33.6530220Z http.https://github.com/.extraheader
phase2-privacy	Post Run actions/checkout@34e114876b0b11c390a56381ad16ebd13914f8d5	2026-09-14T16:29:33.6536110Z [command]/opt/homebrew/bin/git config --local --unset-all http.https://github.com/.extraheader
phase2-privacy	Post Run actions/checkout@34e114876b0b11c390a56381ad16ebd13914f8d5	2026-09-14T16:29:33.6592990Z [command]/opt/homebrew/bin/git submodule foreach --recursive sh -c "git config --local --name-only --get-regexp 'http\.https\:\/\/github\.com\/\.extraheader' && git config --local --unset-all 'http.https://github.com/.extraheader' || :"
phase2-privacy	Post Run actions/checkout@34e114876b0b11c390a56381ad16ebd13914f8d5	2026-09-14T16:29:33.7161710Z [command]/opt/homebrew/bin/git config --local --name-only --get-regexp ^includeIf\.gitdir:
phase2-privacy	Post Run actions/checkout@34e114876b0b11c390a56381ad16ebd13914f8d5	2026-09-14T16:29:33.7207530Z [command]/opt/homebrew/bin/git submodule foreach --recursive git config --local --show-origin --name-only --get-regexp remote.origin.url
phase2-privacy	Complete job	﻿2026-09-14T16:29:33.7865920Z Cleaning up orphan processes
phase2-privacy	Complete job	2026-09-14T16:29:34.4249220Z ##[warning]Node.js 20 is deprecated. The following actions target Node.js 20 but are being forced to run on Node.js 24: actions/cache@0400d5f644dc74513175e3cd8d07132dd4860809, actions/checkout@34e114876b0b11c390a56381ad16ebd13914f8d5, actions/setup-node@49933ea5288caeca8642d1e84afbd3f7d6820020, actions/upload-artifact@ea165f8d65b6e75b540449e92b4886f43607fa02. For more information see: https://github.blog/changelog/2025-09-19-deprecation-of-node-20-on-github-actions-runners/
image-compose-deploy	Set up job	﻿2026-09-14T16:28:33.9529056Z Current runner version: '2.337.0'
image-compose-deploy	Set up job	2026-09-14T16:28:33.9551183Z ##[group]Runner Image Provisioner
image-compose-deploy	Set up job	2026-09-14T16:28:33.9552021Z Hosted Compute Agent
image-compose-deploy	Set up job	2026-09-14T16:28:33.9552538Z Version: 20260828.587
image-compose-deploy	Set up job	2026-09-14T16:28:33.9553080Z Commit: abac92662cab4cc7352de4f9f9d2e2419aad9c29
image-compose-deploy	Set up job	2026-09-14T16:28:33.9553771Z Build Date: 2026-08-28T16:44:25Z
image-compose-deploy	Set up job	2026-09-14T16:28:33.9554486Z Worker ID: {423758e0-396e-41c0-b45f-8401b397fce8}
image-compose-deploy	Set up job	2026-09-14T16:28:33.9555173Z Azure Region: westus3
image-compose-deploy	Set up job	2026-09-14T16:28:33.9555728Z ##[endgroup]
image-compose-deploy	Set up job	2026-09-14T16:28:33.9556976Z ##[group]Operating System
image-compose-deploy	Set up job	2026-09-14T16:28:33.9557577Z Ubuntu
image-compose-deploy	Set up job	2026-09-14T16:28:33.9558074Z 24.04.5
image-compose-deploy	Set up job	2026-09-14T16:28:33.9558497Z LTS
image-compose-deploy	Set up job	2026-09-14T16:28:33.9559000Z ##[endgroup]
image-compose-deploy	Set up job	2026-09-14T16:28:33.9559466Z ##[group]Runner Image
image-compose-deploy	Set up job	2026-09-14T16:28:33.9560020Z Image: ubuntu-24.04
image-compose-deploy	Set up job	2026-09-14T16:28:33.9560513Z Version: 20260907.300.1
image-compose-deploy	Set up job	2026-09-14T16:28:33.9561392Z Included Software: https://github.com/actions/runner-images/blob/ubuntu24/20260907.300/images/ubuntu/Ubuntu2404-Readme.md
image-compose-deploy	Set up job	2026-09-14T16:28:33.9563272Z Image Release: https://github.com/actions/runner-images/releases/tag/ubuntu24%2F20260907.300
image-compose-deploy	Set up job	2026-09-14T16:28:33.9564410Z ##[endgroup]
image-compose-deploy	Set up job	2026-09-14T16:28:33.9565382Z ##[group]GITHUB_TOKEN Permissions
image-compose-deploy	Set up job	2026-09-14T16:28:33.9567308Z Contents: read
image-compose-deploy	Set up job	2026-09-14T16:28:33.9567828Z Metadata: read
image-compose-deploy	Set up job	2026-09-14T16:28:33.9568321Z ##[endgroup]
image-compose-deploy	Set up job	2026-09-14T16:28:33.9570134Z Secret source: Actions
image-compose-deploy	Set up job	2026-09-14T16:28:33.9570965Z Cache mode: write
image-compose-deploy	Set up job	2026-09-14T16:28:33.9571646Z Prepare workflow directory
image-compose-deploy	Set up job	2026-09-14T16:28:33.9904720Z Prepare all required actions
image-compose-deploy	Set up job	2026-09-14T16:28:33.9946120Z Getting action download info
image-compose-deploy	Set up job	2026-09-14T16:28:34.2961006Z Download action repository 'actions/checkout@34e114876b0b11c390a56381ad16ebd13914f8d5' (SHA:34e114876b0b11c390a56381ad16ebd13914f8d5)
image-compose-deploy	Set up job	2026-09-14T16:28:34.4392683Z Download action repository 'actions/setup-node@49933ea5288caeca8642d1e84afbd3f7d6820020' (SHA:49933ea5288caeca8642d1e84afbd3f7d6820020)
image-compose-deploy	Set up job	2026-09-14T16:28:34.5547631Z Download action repository 'actions/upload-artifact@ea165f8d65b6e75b540449e92b4886f43607fa02' (SHA:ea165f8d65b6e75b540449e92b4886f43607fa02)
image-compose-deploy	Set up job	2026-09-14T16:28:34.8106274Z Complete job name: image-compose-deploy
image-compose-deploy	Run actions/checkout@34e114876b0b11c390a56381ad16ebd13914f8d5	﻿2026-09-14T16:28:34.8703099Z Node 20 is being deprecated. This workflow is running with Node 24 by default. If you need to temporarily use Node 20, you can set the ACTIONS_ALLOW_USE_UNSECURE_NODE_VERSION=true environment variable. For more information see: https://github.blog/changelog/2025-09-19-deprecation-of-node-20-on-github-actions-runners/
image-compose-deploy	Run actions/checkout@34e114876b0b11c390a56381ad16ebd13914f8d5	2026-09-14T16:28:34.8710489Z ##[group]Run actions/checkout@34e114876b0b11c390a56381ad16ebd13914f8d5
image-compose-deploy	Run actions/checkout@34e114876b0b11c390a56381ad16ebd13914f8d5	2026-09-14T16:28:34.8711236Z with:
image-compose-deploy	Run actions/checkout@34e114876b0b11c390a56381ad16ebd13914f8d5	2026-09-14T16:28:34.8711596Z   repository: szTheory/keepling
image-compose-deploy	Run actions/checkout@34e114876b0b11c390a56381ad16ebd13914f8d5	2026-09-14T16:28:34.8714986Z   token: ***
image-compose-deploy	Run actions/checkout@34e114876b0b11c390a56381ad16ebd13914f8d5	2026-09-14T16:28:34.8715357Z   ssh-strict: true
image-compose-deploy	Run actions/checkout@34e114876b0b11c390a56381ad16ebd13914f8d5	2026-09-14T16:28:34.8715777Z   ssh-user: git
image-compose-deploy	Run actions/checkout@34e114876b0b11c390a56381ad16ebd13914f8d5	2026-09-14T16:28:34.8716152Z   persist-credentials: true
image-compose-deploy	Run actions/checkout@34e114876b0b11c390a56381ad16ebd13914f8d5	2026-09-14T16:28:34.8716554Z   clean: true
image-compose-deploy	Run actions/checkout@34e114876b0b11c390a56381ad16ebd13914f8d5	2026-09-14T16:28:34.8716909Z   sparse-checkout-cone-mode: true
image-compose-deploy	Run actions/checkout@34e114876b0b11c390a56381ad16ebd13914f8d5	2026-09-14T16:28:34.8717352Z   fetch-depth: 1
image-compose-deploy	Run actions/checkout@34e114876b0b11c390a56381ad16ebd13914f8d5	2026-09-14T16:28:34.8717699Z   fetch-tags: false
image-compose-deploy	Run actions/checkout@34e114876b0b11c390a56381ad16ebd13914f8d5	2026-09-14T16:28:34.8718060Z   show-progress: true
image-compose-deploy	Run actions/checkout@34e114876b0b11c390a56381ad16ebd13914f8d5	2026-09-14T16:28:34.8718426Z   lfs: false
image-compose-deploy	Run actions/checkout@34e114876b0b11c390a56381ad16ebd13914f8d5	2026-09-14T16:28:34.8718798Z   submodules: false
image-compose-deploy	Run actions/checkout@34e114876b0b11c390a56381ad16ebd13914f8d5	2026-09-14T16:28:34.8719158Z   set-safe-directory: true
image-compose-deploy	Run actions/checkout@34e114876b0b11c390a56381ad16ebd13914f8d5	2026-09-14T16:28:34.8719759Z env:
image-compose-deploy	Run actions/checkout@34e114876b0b11c390a56381ad16ebd13914f8d5	2026-09-14T16:28:34.8720111Z   KEEPLING_PHASE2_SEED: 20260901
image-compose-deploy	Run actions/checkout@34e114876b0b11c390a56381ad16ebd13914f8d5	2026-09-14T16:28:34.8720684Z   KEEPLING_FLAKE_POLICY: no-retry; quarantine-requires-owner-issue-expiry
image-compose-deploy	Run actions/checkout@34e114876b0b11c390a56381ad16ebd13914f8d5	2026-09-14T16:28:34.8721298Z   KEEPLING_IMAGE_PLATFORM: linux/amd64
image-compose-deploy	Run actions/checkout@34e114876b0b11c390a56381ad16ebd13914f8d5	2026-09-14T16:28:34.8721718Z ##[endgroup]
image-compose-deploy	Run actions/checkout@34e114876b0b11c390a56381ad16ebd13914f8d5	2026-09-14T16:28:34.9569106Z Syncing repository: szTheory/keepling
image-compose-deploy	Run actions/checkout@34e114876b0b11c390a56381ad16ebd13914f8d5	2026-09-14T16:28:34.9570691Z ##[group]Getting Git version info
image-compose-deploy	Run actions/checkout@34e114876b0b11c390a56381ad16ebd13914f8d5	2026-09-14T16:28:34.9571289Z Working directory is '/home/runner/work/keepling/keepling'
image-compose-deploy	Run actions/checkout@34e114876b0b11c390a56381ad16ebd13914f8d5	2026-09-14T16:28:34.9572149Z [command]/usr/bin/git version
image-compose-deploy	Run actions/checkout@34e114876b0b11c390a56381ad16ebd13914f8d5	2026-09-14T16:28:34.9615773Z git version 2.55.0
image-compose-deploy	Run actions/checkout@34e114876b0b11c390a56381ad16ebd13914f8d5	2026-09-14T16:28:34.9632271Z ##[endgroup]
image-compose-deploy	Run actions/checkout@34e114876b0b11c390a56381ad16ebd13914f8d5	2026-09-14T16:28:34.9645199Z Temporarily overriding HOME='/home/runner/work/_temp/24151845-f8a8-491f-a4d5-63843b20e967' before making global git config changes
image-compose-deploy	Run actions/checkout@34e114876b0b11c390a56381ad16ebd13914f8d5	2026-09-14T16:28:34.9647340Z Adding repository directory to the temporary git global config as a safe directory
image-compose-deploy	Run actions/checkout@34e114876b0b11c390a56381ad16ebd13914f8d5	2026-09-14T16:28:34.9650030Z [command]/usr/bin/git config --global --add safe.directory /home/runner/work/keepling/keepling
image-compose-deploy	Run actions/checkout@34e114876b0b11c390a56381ad16ebd13914f8d5	2026-09-14T16:28:34.9688542Z Deleting the contents of '/home/runner/work/keepling/keepling'
image-compose-deploy	Run actions/checkout@34e114876b0b11c390a56381ad16ebd13914f8d5	2026-09-14T16:28:34.9692192Z ##[group]Initializing the repository
image-compose-deploy	Run actions/checkout@34e114876b0b11c390a56381ad16ebd13914f8d5	2026-09-14T16:28:34.9695710Z [command]/usr/bin/git init /home/runner/work/keepling/keepling
image-compose-deploy	Run actions/checkout@34e114876b0b11c390a56381ad16ebd13914f8d5	2026-09-14T16:28:34.9766822Z hint: Using 'master' as the name for the initial branch. This default branch name
image-compose-deploy	Run actions/checkout@34e114876b0b11c390a56381ad16ebd13914f8d5	2026-09-14T16:28:34.9767797Z hint: will change to "main" in Git 3.0. To configure the initial branch name
image-compose-deploy	Run actions/checkout@34e114876b0b11c390a56381ad16ebd13914f8d5	2026-09-14T16:28:34.9768958Z hint: to use in all of your new repositories, which will suppress this warning,
image-compose-deploy	Run actions/checkout@34e114876b0b11c390a56381ad16ebd13914f8d5	2026-09-14T16:28:34.9769958Z hint: call:
image-compose-deploy	Run actions/checkout@34e114876b0b11c390a56381ad16ebd13914f8d5	2026-09-14T16:28:34.9770506Z hint:
image-compose-deploy	Run actions/checkout@34e114876b0b11c390a56381ad16ebd13914f8d5	2026-09-14T16:28:34.9771208Z hint: 	git config --global init.defaultBranch <name>
image-compose-deploy	Run actions/checkout@34e114876b0b11c390a56381ad16ebd13914f8d5	2026-09-14T16:28:34.9772077Z hint:
image-compose-deploy	Run actions/checkout@34e114876b0b11c390a56381ad16ebd13914f8d5	2026-09-14T16:28:34.9772847Z hint: Names commonly chosen instead of 'master' are 'main', 'trunk' and
image-compose-deploy	Run actions/checkout@34e114876b0b11c390a56381ad16ebd13914f8d5	2026-09-14T16:28:34.9774470Z hint: 'development'. The just-created branch can be renamed via this command:
image-compose-deploy	Run actions/checkout@34e114876b0b11c390a56381ad16ebd13914f8d5	2026-09-14T16:28:34.9775519Z hint:
image-compose-deploy	Run actions/checkout@34e114876b0b11c390a56381ad16ebd13914f8d5	2026-09-14T16:28:34.9776071Z hint: 	git branch -m <name>
image-compose-deploy	Run actions/checkout@34e114876b0b11c390a56381ad16ebd13914f8d5	2026-09-14T16:28:34.9776687Z hint:
image-compose-deploy	Run actions/checkout@34e114876b0b11c390a56381ad16ebd13914f8d5	2026-09-14T16:28:34.9777478Z hint: Disable this message with "git config set advice.defaultBranchName false"
image-compose-deploy	Run actions/checkout@34e114876b0b11c390a56381ad16ebd13914f8d5	2026-09-14T16:28:34.9778832Z Initialized empty Git repository in /home/runner/work/keepling/keepling/.git/
image-compose-deploy	Run actions/checkout@34e114876b0b11c390a56381ad16ebd13914f8d5	2026-09-14T16:28:34.9781049Z [command]/usr/bin/git remote add origin https://github.com/szTheory/keepling
image-compose-deploy	Run actions/checkout@34e114876b0b11c390a56381ad16ebd13914f8d5	2026-09-14T16:28:34.9819470Z ##[endgroup]
image-compose-deploy	Run actions/checkout@34e114876b0b11c390a56381ad16ebd13914f8d5	2026-09-14T16:28:34.9820149Z ##[group]Disabling automatic garbage collection
image-compose-deploy	Run actions/checkout@34e114876b0b11c390a56381ad16ebd13914f8d5	2026-09-14T16:28:34.9822656Z [command]/usr/bin/git config --local gc.auto 0
image-compose-deploy	Run actions/checkout@34e114876b0b11c390a56381ad16ebd13914f8d5	2026-09-14T16:28:34.9849869Z ##[endgroup]
image-compose-deploy	Run actions/checkout@34e114876b0b11c390a56381ad16ebd13914f8d5	2026-09-14T16:28:34.9850492Z ##[group]Setting up auth
image-compose-deploy	Run actions/checkout@34e114876b0b11c390a56381ad16ebd13914f8d5	2026-09-14T16:28:34.9855331Z [command]/usr/bin/git config --local --name-only --get-regexp core\.sshCommand
image-compose-deploy	Run actions/checkout@34e114876b0b11c390a56381ad16ebd13914f8d5	2026-09-14T16:28:34.9882848Z [command]/usr/bin/git submodule foreach --recursive sh -c "git config --local --name-only --get-regexp 'core\.sshCommand' && git config --local --unset-all 'core.sshCommand' || :"
image-compose-deploy	Run actions/checkout@34e114876b0b11c390a56381ad16ebd13914f8d5	2026-09-14T16:28:35.0198737Z [command]/usr/bin/git config --local --name-only --get-regexp http\.https\:\/\/github\.com\/\.extraheader
image-compose-deploy	Run actions/checkout@34e114876b0b11c390a56381ad16ebd13914f8d5	2026-09-14T16:28:35.0232900Z [command]/usr/bin/git submodule foreach --recursive sh -c "git config --local --name-only --get-regexp 'http\.https\:\/\/github\.com\/\.extraheader' && git config --local --unset-all 'http.https://github.com/.extraheader' || :"
image-compose-deploy	Run actions/checkout@34e114876b0b11c390a56381ad16ebd13914f8d5	2026-09-14T16:28:35.0449755Z [command]/usr/bin/git config --local --name-only --get-regexp ^includeIf\.gitdir:
image-compose-deploy	Run actions/checkout@34e114876b0b11c390a56381ad16ebd13914f8d5	2026-09-14T16:28:35.0486999Z [command]/usr/bin/git submodule foreach --recursive git config --local --show-origin --name-only --get-regexp remote.origin.url
image-compose-deploy	Run actions/checkout@34e114876b0b11c390a56381ad16ebd13914f8d5	2026-09-14T16:28:35.0682357Z [command]/usr/bin/git config --local http.https://github.com/.extraheader AUTHORIZATION: basic ***
image-compose-deploy	Run actions/checkout@34e114876b0b11c390a56381ad16ebd13914f8d5	2026-09-14T16:28:35.0711609Z ##[endgroup]
image-compose-deploy	Run actions/checkout@34e114876b0b11c390a56381ad16ebd13914f8d5	2026-09-14T16:28:35.0712309Z ##[group]Fetching the repository
image-compose-deploy	Run actions/checkout@34e114876b0b11c390a56381ad16ebd13914f8d5	2026-09-14T16:28:35.0719145Z [command]/usr/bin/git -c protocol.version=2 fetch --no-tags --prune --no-recurse-submodules --depth=1 origin +4f5954104c839dbec57188607829fdc7b975e0cc:refs/remotes/origin/main
image-compose-deploy	Run actions/checkout@34e114876b0b11c390a56381ad16ebd13914f8d5	2026-09-14T16:28:36.3064871Z From https://github.com/szTheory/keepling
image-compose-deploy	Run actions/checkout@34e114876b0b11c390a56381ad16ebd13914f8d5	2026-09-14T16:28:36.3066368Z  * [new ref]         4f5954104c839dbec57188607829fdc7b975e0cc -> origin/main
image-compose-deploy	Run actions/checkout@34e114876b0b11c390a56381ad16ebd13914f8d5	2026-09-14T16:28:36.3081376Z ##[endgroup]
image-compose-deploy	Run actions/checkout@34e114876b0b11c390a56381ad16ebd13914f8d5	2026-09-14T16:28:36.3082351Z ##[group]Determining the checkout info
image-compose-deploy	Run actions/checkout@34e114876b0b11c390a56381ad16ebd13914f8d5	2026-09-14T16:28:36.3083383Z ##[endgroup]
image-compose-deploy	Run actions/checkout@34e114876b0b11c390a56381ad16ebd13914f8d5	2026-09-14T16:28:36.3084484Z [command]/usr/bin/git sparse-checkout disable
image-compose-deploy	Run actions/checkout@34e114876b0b11c390a56381ad16ebd13914f8d5	2026-09-14T16:28:36.3113764Z [command]/usr/bin/git config --local --unset-all extensions.worktreeConfig
image-compose-deploy	Run actions/checkout@34e114876b0b11c390a56381ad16ebd13914f8d5	2026-09-14T16:28:36.3138642Z ##[group]Checking out the ref
image-compose-deploy	Run actions/checkout@34e114876b0b11c390a56381ad16ebd13914f8d5	2026-09-14T16:28:36.3140880Z [command]/usr/bin/git checkout --progress --force -B main refs/remotes/origin/main
image-compose-deploy	Run actions/checkout@34e114876b0b11c390a56381ad16ebd13914f8d5	2026-09-14T16:28:36.4358204Z Switched to a new branch 'main'
image-compose-deploy	Run actions/checkout@34e114876b0b11c390a56381ad16ebd13914f8d5	2026-09-14T16:28:36.4359774Z branch 'main' set up to track 'origin/main'.
image-compose-deploy	Run actions/checkout@34e114876b0b11c390a56381ad16ebd13914f8d5	2026-09-14T16:28:36.4372192Z ##[endgroup]
image-compose-deploy	Run actions/checkout@34e114876b0b11c390a56381ad16ebd13914f8d5	2026-09-14T16:28:36.4408607Z [command]/usr/bin/git log -1 --format=%H
image-compose-deploy	Run actions/checkout@34e114876b0b11c390a56381ad16ebd13914f8d5	2026-09-14T16:28:36.4428842Z 4f5954104c839dbec57188607829fdc7b975e0cc
image-compose-deploy	Run actions/setup-node@49933ea5288caeca8642d1e84afbd3f7d6820020	﻿2026-09-14T16:28:36.4736307Z Node 20 is being deprecated. This workflow is running with Node 24 by default. If you need to temporarily use Node 20, you can set the ACTIONS_ALLOW_USE_UNSECURE_NODE_VERSION=true environment variable. For more information see: https://github.blog/changelog/2025-09-19-deprecation-of-node-20-on-github-actions-runners/
image-compose-deploy	Run actions/setup-node@49933ea5288caeca8642d1e84afbd3f7d6820020	2026-09-14T16:28:36.4741283Z ##[group]Run actions/setup-node@49933ea5288caeca8642d1e84afbd3f7d6820020
image-compose-deploy	Run actions/setup-node@49933ea5288caeca8642d1e84afbd3f7d6820020	2026-09-14T16:28:36.4742655Z with:
image-compose-deploy	Run actions/setup-node@49933ea5288caeca8642d1e84afbd3f7d6820020	2026-09-14T16:28:36.4743420Z   node-version: 24.7.0
image-compose-deploy	Run actions/setup-node@49933ea5288caeca8642d1e84afbd3f7d6820020	2026-09-14T16:28:36.4744382Z   always-auth: false
image-compose-deploy	Run actions/setup-node@49933ea5288caeca8642d1e84afbd3f7d6820020	2026-09-14T16:28:36.4745243Z   check-latest: false
image-compose-deploy	Run actions/setup-node@49933ea5288caeca8642d1e84afbd3f7d6820020	2026-09-14T16:28:36.4752768Z   token: ***
image-compose-deploy	Run actions/setup-node@49933ea5288caeca8642d1e84afbd3f7d6820020	2026-09-14T16:28:36.4753569Z env:
image-compose-deploy	Run actions/setup-node@49933ea5288caeca8642d1e84afbd3f7d6820020	2026-09-14T16:28:36.4754409Z   KEEPLING_PHASE2_SEED: 20260901
image-compose-deploy	Run actions/setup-node@49933ea5288caeca8642d1e84afbd3f7d6820020	2026-09-14T16:28:36.4755731Z   KEEPLING_FLAKE_POLICY: no-retry; quarantine-requires-owner-issue-expiry
image-compose-deploy	Run actions/setup-node@49933ea5288caeca8642d1e84afbd3f7d6820020	2026-09-14T16:28:36.4757188Z   KEEPLING_IMAGE_PLATFORM: linux/amd64
image-compose-deploy	Run actions/setup-node@49933ea5288caeca8642d1e84afbd3f7d6820020	2026-09-14T16:28:36.4758158Z ##[endgroup]
image-compose-deploy	Run actions/setup-node@49933ea5288caeca8642d1e84afbd3f7d6820020	2026-09-14T16:28:36.5991951Z Attempting to download 24.7.0...
image-compose-deploy	Run actions/setup-node@49933ea5288caeca8642d1e84afbd3f7d6820020	2026-09-14T16:28:36.6081570Z (node:2025) [DEP0040] DeprecationWarning: The `punycode` module is deprecated. Please use a userland alternative instead.
image-compose-deploy	Run actions/setup-node@49933ea5288caeca8642d1e84afbd3f7d6820020	2026-09-14T16:28:36.6084189Z (Use `node --trace-deprecation ...` to show where the warning was created)
image-compose-deploy	Run actions/setup-node@49933ea5288caeca8642d1e84afbd3f7d6820020	2026-09-14T16:28:37.5964762Z Acquiring 24.7.0 - x64 from https://github.com/actions/node-versions/releases/download/24.7.0-17283839804/node-24.7.0-linux-x64.tar.gz
image-compose-deploy	Run actions/setup-node@49933ea5288caeca8642d1e84afbd3f7d6820020	2026-09-14T16:28:38.2285571Z Extracting ...
image-compose-deploy	Run actions/setup-node@49933ea5288caeca8642d1e84afbd3f7d6820020	2026-09-14T16:28:38.2381278Z [command]/usr/bin/tar xz --strip 1 --warning=no-unknown-keyword --overwrite -C /home/runner/work/_temp/b942159a-65a6-4f71-a5a7-15d02f2f24f6 -f /home/runner/work/_temp/3dce3485-603e-43da-93e1-d0348c38db1a
image-compose-deploy	Run actions/setup-node@49933ea5288caeca8642d1e84afbd3f7d6820020	2026-09-14T16:28:39.3505978Z Adding to the cache ...
image-compose-deploy	Run actions/setup-node@49933ea5288caeca8642d1e84afbd3f7d6820020	2026-09-14T16:28:41.4711635Z ##[group]Environment details
image-compose-deploy	Run actions/setup-node@49933ea5288caeca8642d1e84afbd3f7d6820020	2026-09-14T16:28:41.6627073Z node: v24.7.0
image-compose-deploy	Run actions/setup-node@49933ea5288caeca8642d1e84afbd3f7d6820020	2026-09-14T16:28:41.6627588Z npm: 11.5.1
image-compose-deploy	Run actions/setup-node@49933ea5288caeca8642d1e84afbd3f7d6820020	2026-09-14T16:28:41.6627853Z yarn: 1.22.22
image-compose-deploy	Run actions/setup-node@49933ea5288caeca8642d1e84afbd3f7d6820020	2026-09-14T16:28:41.6628480Z ##[endgroup]
image-compose-deploy	Install locked JavaScript inputs	﻿2026-09-14T16:28:41.6774489Z ##[group]Run corepack enable && pnpm install --frozen-lockfile
image-compose-deploy	Install locked JavaScript inputs	2026-09-14T16:28:41.6774966Z ^[[36;1mcorepack enable && pnpm install --frozen-lockfile^[[0m
image-compose-deploy	Install locked JavaScript inputs	2026-09-14T16:28:41.6813010Z shell: /usr/bin/bash -e {0}
image-compose-deploy	Install locked JavaScript inputs	2026-09-14T16:28:41.6813255Z env:
image-compose-deploy	Install locked JavaScript inputs	2026-09-14T16:28:41.6813438Z   KEEPLING_PHASE2_SEED: 20260901
image-compose-deploy	Install locked JavaScript inputs	2026-09-14T16:28:41.6813765Z   KEEPLING_FLAKE_POLICY: no-retry; quarantine-requires-owner-issue-expiry
image-compose-deploy	Install locked JavaScript inputs	2026-09-14T16:28:41.6814315Z   KEEPLING_IMAGE_PLATFORM: linux/amd64
image-compose-deploy	Install locked JavaScript inputs	2026-09-14T16:28:41.6814539Z ##[endgroup]
image-compose-deploy	Install locked JavaScript inputs	2026-09-14T16:28:41.7807174Z ! Corepack is about to download https://registry.npmjs.org/pnpm/-/pnpm-10.33.0.tgz
image-compose-deploy	Install locked JavaScript inputs	2026-09-14T16:28:42.5703790Z Scope: all 4 workspace projects
image-compose-deploy	Install locked JavaScript inputs	2026-09-14T16:28:42.6133863Z Lockfile is up to date, resolution step is skipped
image-compose-deploy	Install locked JavaScript inputs	2026-09-14T16:28:42.7426645Z Packages: +910
image-compose-deploy	Install locked JavaScript inputs	2026-09-14T16:28:42.7427317Z ++++++++++++++++++++++++++++++++++++++++++++++++++++++++++++++++++++++++++++++++
image-compose-deploy	Install locked JavaScript inputs	2026-09-14T16:28:42.8515625Z Progress: resolved 0, reused 0, downloaded 1, added 0
image-compose-deploy	Install locked JavaScript inputs	2026-09-14T16:28:43.8506609Z Progress: resolved 0, reused 0, downloaded 65, added 32
image-compose-deploy	Install locked JavaScript inputs	2026-09-14T16:28:44.8512518Z Progress: resolved 0, reused 0, downloaded 251, added 228
image-compose-deploy	Install locked JavaScript inputs	2026-09-14T16:28:45.8645854Z Progress: resolved 0, reused 0, downloaded 487, added 494
image-compose-deploy	Install locked JavaScript inputs	2026-09-14T16:28:46.3342411Z Packages are hard linked from the content-addressable store to the virtual store.
image-compose-deploy	Install locked JavaScript inputs	2026-09-14T16:28:46.3368044Z   Content-addressable store is at: /home/runner/.local/share/pnpm/store/v10
image-compose-deploy	Install locked JavaScript inputs	2026-09-14T16:28:46.3381436Z   Virtual store is at:             node_modules/.pnpm
image-compose-deploy	Install locked JavaScript inputs	2026-09-14T16:28:46.8590031Z Progress: resolved 0, reused 0, downloaded 825, added 849
image-compose-deploy	Install locked JavaScript inputs	2026-09-14T16:28:47.1099102Z Progress: resolved 0, reused 0, downloaded 868, added 910, done
image-compose-deploy	Install locked JavaScript inputs	2026-09-14T16:28:47.5276239Z 
image-compose-deploy	Install locked JavaScript inputs	2026-09-14T16:28:47.6109572Z Done in 5.3s using pnpm v10.33.0
image-compose-deploy	Run exact image, Compose, and deploy lane	﻿2026-09-14T16:28:47.6516919Z ##[group]Run set -o pipefail
image-compose-deploy	Run exact image, Compose, and deploy lane	2026-09-14T16:28:47.6517203Z ^[[36;1mset -o pipefail^[[0m
image-compose-deploy	Run exact image, Compose, and deploy lane	2026-09-14T16:28:47.6517606Z ^[[36;1m./tooling/test-phase-2.sh --lane image-compose-deploy | tee "$RUNNER_TEMP/image-compose-deploy.txt"^[[0m
image-compose-deploy	Run exact image, Compose, and deploy lane	2026-09-14T16:28:47.6518124Z ^[[36;1m./tooling/verify-privacy.sh "$RUNNER_TEMP/image-compose-deploy.txt"^[[0m
image-compose-deploy	Run exact image, Compose, and deploy lane	2026-09-14T16:28:47.6552698Z shell: /usr/bin/bash -e {0}
image-compose-deploy	Run exact image, Compose, and deploy lane	2026-09-14T16:28:47.6552913Z env:
image-compose-deploy	Run exact image, Compose, and deploy lane	2026-09-14T16:28:47.6553094Z   KEEPLING_PHASE2_SEED: 20260901
image-compose-deploy	Run exact image, Compose, and deploy lane	2026-09-14T16:28:47.6553419Z   KEEPLING_FLAKE_POLICY: no-retry; quarantine-requires-owner-issue-expiry
image-compose-deploy	Run exact image, Compose, and deploy lane	2026-09-14T16:28:47.6553752Z   KEEPLING_IMAGE_PLATFORM: linux/amd64
image-compose-deploy	Run exact image, Compose, and deploy lane	2026-09-14T16:28:47.6554117Z ##[endgroup]
image-compose-deploy	Run exact image, Compose, and deploy lane	2026-09-14T16:28:47.7437993Z lane=image-compose-deploy status=RUNNING command=./tooling/verify-image.sh && ./tooling/verify-compose.sh && ./tooling/verify-deploy.sh --local cases=3 seed=none inputs_sha256=b66292c73157a26fef8264963c54a478e24e739dacaf869b519266a64b07a883
image-compose-deploy	Run exact image, Compose, and deploy lane	2026-09-14T16:31:16.5688570Z lane=image-compose-deploy status=PASS command=./tooling/verify-image.sh && ./tooling/verify-compose.sh && ./tooling/verify-deploy.sh --local cases=3 seed=none elapsed_ms=148825 inputs_sha256=b66292c73157a26fef8264963c54a478e24e739dacaf869b519266a64b07a883
image-compose-deploy	Run exact image, Compose, and deploy lane	2026-09-14T16:31:16.5807345Z Privacy verification passed: artifacts=1 sentinels=7
image-compose-deploy	Run actions/upload-artifact@ea165f8d65b6e75b540449e92b4886f43607fa02	﻿2026-09-14T16:31:16.5886416Z Node 20 is being deprecated. This workflow is running with Node 24 by default. If you need to temporarily use Node 20, you can set the ACTIONS_ALLOW_USE_UNSECURE_NODE_VERSION=true environment variable. For more information see: https://github.blog/changelog/2025-09-19-deprecation-of-node-20-on-github-actions-runners/
image-compose-deploy	Run actions/upload-artifact@ea165f8d65b6e75b540449e92b4886f43607fa02	2026-09-14T16:31:16.5887862Z ##[group]Run actions/upload-artifact@ea165f8d65b6e75b540449e92b4886f43607fa02
image-compose-deploy	Run actions/upload-artifact@ea165f8d65b6e75b540449e92b4886f43607fa02	2026-09-14T16:31:16.5888243Z with:
image-compose-deploy	Run actions/upload-artifact@ea165f8d65b6e75b540449e92b4886f43607fa02	2026-09-14T16:31:16.5888426Z   name: image-compose-deploy-timing
image-compose-deploy	Run actions/upload-artifact@ea165f8d65b6e75b540449e92b4886f43607fa02	2026-09-14T16:31:16.5888709Z   path: /home/runner/work/_temp/image-compose-deploy.txt
image-compose-deploy	Run actions/upload-artifact@ea165f8d65b6e75b540449e92b4886f43607fa02	2026-09-14T16:31:16.5888967Z   if-no-files-found: error
image-compose-deploy	Run actions/upload-artifact@ea165f8d65b6e75b540449e92b4886f43607fa02	2026-09-14T16:31:16.5889154Z   retention-days: 14
image-compose-deploy	Run actions/upload-artifact@ea165f8d65b6e75b540449e92b4886f43607fa02	2026-09-14T16:31:16.5889329Z   compression-level: 6
image-compose-deploy	Run actions/upload-artifact@ea165f8d65b6e75b540449e92b4886f43607fa02	2026-09-14T16:31:16.5889504Z   overwrite: false
image-compose-deploy	Run actions/upload-artifact@ea165f8d65b6e75b540449e92b4886f43607fa02	2026-09-14T16:31:16.5889693Z   include-hidden-files: false
image-compose-deploy	Run actions/upload-artifact@ea165f8d65b6e75b540449e92b4886f43607fa02	2026-09-14T16:31:16.5889884Z env:
image-compose-deploy	Run actions/upload-artifact@ea165f8d65b6e75b540449e92b4886f43607fa02	2026-09-14T16:31:16.5890055Z   KEEPLING_PHASE2_SEED: 20260901
image-compose-deploy	Run actions/upload-artifact@ea165f8d65b6e75b540449e92b4886f43607fa02	2026-09-14T16:31:16.5890351Z   KEEPLING_FLAKE_POLICY: no-retry; quarantine-requires-owner-issue-expiry
image-compose-deploy	Run actions/upload-artifact@ea165f8d65b6e75b540449e92b4886f43607fa02	2026-09-14T16:31:16.5890697Z   KEEPLING_IMAGE_PLATFORM: linux/amd64
image-compose-deploy	Run actions/upload-artifact@ea165f8d65b6e75b540449e92b4886f43607fa02	2026-09-14T16:31:16.5890904Z ##[endgroup]
image-compose-deploy	Run actions/upload-artifact@ea165f8d65b6e75b540449e92b4886f43607fa02	2026-09-14T16:31:16.7258355Z (node:9063) [DEP0040] DeprecationWarning: The `punycode` module is deprecated. Please use a userland alternative instead.
image-compose-deploy	Run actions/upload-artifact@ea165f8d65b6e75b540449e92b4886f43607fa02	2026-09-14T16:31:16.7259052Z (Use `node --trace-deprecation ...` to show where the warning was created)
image-compose-deploy	Run actions/upload-artifact@ea165f8d65b6e75b540449e92b4886f43607fa02	2026-09-14T16:31:16.7293617Z With the provided path, there will be 1 file uploaded
image-compose-deploy	Run actions/upload-artifact@ea165f8d65b6e75b540449e92b4886f43607fa02	2026-09-14T16:31:16.7297535Z Artifact name is valid!
image-compose-deploy	Run actions/upload-artifact@ea165f8d65b6e75b540449e92b4886f43607fa02	2026-09-14T16:31:16.7298101Z Root directory input is valid!
image-compose-deploy	Run actions/upload-artifact@ea165f8d65b6e75b540449e92b4886f43607fa02	2026-09-14T16:31:17.0798071Z Beginning upload of artifact content to blob storage
image-compose-deploy	Run actions/upload-artifact@ea165f8d65b6e75b540449e92b4886f43607fa02	2026-09-14T16:31:17.0937936Z (node:9063) [DEP0169] DeprecationWarning: `url.parse()` behavior is not standardized and prone to errors that have security implications. Use the WHATWG URL API instead. CVEs are not issued for `url.parse()` vulnerabilities.
image-compose-deploy	Run actions/upload-artifact@ea165f8d65b6e75b540449e92b4886f43607fa02	2026-09-14T16:31:17.2956411Z Uploaded bytes 361
image-compose-deploy	Run actions/upload-artifact@ea165f8d65b6e75b540449e92b4886f43607fa02	2026-09-14T16:31:17.3515217Z Finished uploading artifact content to blob storage!
image-compose-deploy	Run actions/upload-artifact@ea165f8d65b6e75b540449e92b4886f43607fa02	2026-09-14T16:31:17.3515926Z SHA256 digest of uploaded artifact zip is 9b4fec4a119d9160b80a76c6c49a1dcb60dd90d0d096cb660cd27328d205ab5d
image-compose-deploy	Run actions/upload-artifact@ea165f8d65b6e75b540449e92b4886f43607fa02	2026-09-14T16:31:17.3516562Z Finalizing artifact upload
image-compose-deploy	Run actions/upload-artifact@ea165f8d65b6e75b540449e92b4886f43607fa02	2026-09-14T16:31:17.6204747Z Artifact image-compose-deploy-timing.zip successfully finalized. Artifact ID 10357274603
image-compose-deploy	Run actions/upload-artifact@ea165f8d65b6e75b540449e92b4886f43607fa02	2026-09-14T16:31:17.6205866Z Artifact image-compose-deploy-timing has been successfully uploaded! Final size is 361 bytes. Artifact ID is 10357274603
image-compose-deploy	Run actions/upload-artifact@ea165f8d65b6e75b540449e92b4886f43607fa02	2026-09-14T16:31:17.6210302Z Artifact download URL: https://github.com/szTheory/keepling/actions/runs/34868832053/artifacts/10357274603
image-compose-deploy	Post Run actions/setup-node@49933ea5288caeca8642d1e84afbd3f7d6820020	﻿2026-09-14T16:31:17.6357015Z Node 20 is being deprecated. This workflow is running with Node 24 by default. If you need to temporarily use Node 20, you can set the ACTIONS_ALLOW_USE_UNSECURE_NODE_VERSION=true environment variable. For more information see: https://github.blog/changelog/2025-09-19-deprecation-of-node-20-on-github-actions-runners/
image-compose-deploy	Post Run actions/setup-node@49933ea5288caeca8642d1e84afbd3f7d6820020	2026-09-14T16:31:17.6357948Z Post job cleanup.
image-compose-deploy	Post Run actions/setup-node@49933ea5288caeca8642d1e84afbd3f7d6820020	2026-09-14T16:31:17.7360607Z (node:9076) [DEP0040] DeprecationWarning: The `punycode` module is deprecated. Please use a userland alternative instead.
image-compose-deploy	Post Run actions/setup-node@49933ea5288caeca8642d1e84afbd3f7d6820020	2026-09-14T16:31:17.7361311Z (Use `node --trace-deprecation ...` to show where the warning was created)
image-compose-deploy	Post Run actions/checkout@34e114876b0b11c390a56381ad16ebd13914f8d5	﻿2026-09-14T16:31:17.7499016Z Node 20 is being deprecated. This workflow is running with Node 24 by default. If you need to temporarily use Node 20, you can set the ACTIONS_ALLOW_USE_UNSECURE_NODE_VERSION=true environment variable. For more information see: https://github.blog/changelog/2025-09-19-deprecation-of-node-20-on-github-actions-runners/
image-compose-deploy	Post Run actions/checkout@34e114876b0b11c390a56381ad16ebd13914f8d5	2026-09-14T16:31:17.7499954Z Post job cleanup.
image-compose-deploy	Post Run actions/checkout@34e114876b0b11c390a56381ad16ebd13914f8d5	2026-09-14T16:31:17.8193292Z [command]/usr/bin/git version
image-compose-deploy	Post Run actions/checkout@34e114876b0b11c390a56381ad16ebd13914f8d5	2026-09-14T16:31:17.8224580Z git version 2.55.0
image-compose-deploy	Post Run actions/checkout@34e114876b0b11c390a56381ad16ebd13914f8d5	2026-09-14T16:31:17.8254122Z Temporarily overriding HOME='/home/runner/work/_temp/4fa2e1ae-29c3-4c4d-ab59-4949fa82b773' before making global git config changes
image-compose-deploy	Post Run actions/checkout@34e114876b0b11c390a56381ad16ebd13914f8d5	2026-09-14T16:31:17.8255707Z Adding repository directory to the temporary git global config as a safe directory
image-compose-deploy	Post Run actions/checkout@34e114876b0b11c390a56381ad16ebd13914f8d5	2026-09-14T16:31:17.8258600Z [command]/usr/bin/git config --global --add safe.directory /home/runner/work/keepling/keepling
image-compose-deploy	Post Run actions/checkout@34e114876b0b11c390a56381ad16ebd13914f8d5	2026-09-14T16:31:17.8288292Z [command]/usr/bin/git config --local --name-only --get-regexp core\.sshCommand
image-compose-deploy	Post Run actions/checkout@34e114876b0b11c390a56381ad16ebd13914f8d5	2026-09-14T16:31:17.8315705Z [command]/usr/bin/git submodule foreach --recursive sh -c "git config --local --name-only --get-regexp 'core\.sshCommand' && git config --local --unset-all 'core.sshCommand' || :"
image-compose-deploy	Post Run actions/checkout@34e114876b0b11c390a56381ad16ebd13914f8d5	2026-09-14T16:31:17.8505012Z [command]/usr/bin/git config --local --name-only --get-regexp http\.https\:\/\/github\.com\/\.extraheader
image-compose-deploy	Post Run actions/checkout@34e114876b0b11c390a56381ad16ebd13914f8d5	2026-09-14T16:31:17.8527841Z http.https://github.com/.extraheader
image-compose-deploy	Post Run actions/checkout@34e114876b0b11c390a56381ad16ebd13914f8d5	2026-09-14T16:31:17.8535641Z [command]/usr/bin/git config --local --unset-all http.https://github.com/.extraheader
image-compose-deploy	Post Run actions/checkout@34e114876b0b11c390a56381ad16ebd13914f8d5	2026-09-14T16:31:17.8560521Z [command]/usr/bin/git submodule foreach --recursive sh -c "git config --local --name-only --get-regexp 'http\.https\:\/\/github\.com\/\.extraheader' && git config --local --unset-all 'http.https://github.com/.extraheader' || :"
image-compose-deploy	Post Run actions/checkout@34e114876b0b11c390a56381ad16ebd13914f8d5	2026-09-14T16:31:17.8742901Z [command]/usr/bin/git config --local --name-only --get-regexp ^includeIf\.gitdir:
image-compose-deploy	Post Run actions/checkout@34e114876b0b11c390a56381ad16ebd13914f8d5	2026-09-14T16:31:17.8767722Z [command]/usr/bin/git submodule foreach --recursive git config --local --show-origin --name-only --get-regexp remote.origin.url
image-compose-deploy	Complete job	﻿2026-09-14T16:31:17.9072475Z Cleaning up orphan processes
image-compose-deploy	Complete job	2026-09-14T16:31:17.9359911Z ##[warning]Node.js 20 is deprecated. The following actions target Node.js 20 but are being forced to run on Node.js 24: actions/checkout@34e114876b0b11c390a56381ad16ebd13914f8d5, actions/setup-node@49933ea5288caeca8642d1e84afbd3f7d6820020, actions/upload-artifact@ea165f8d65b6e75b540449e92b4886f43607fa02. For more information see: https://github.blog/changelog/2025-09-19-deprecation-of-node-20-on-github-actions-runners/
phase2-sync-property	Set up job	﻿2026-09-14T16:28:33.9838298Z Current runner version: '2.337.0'
phase2-sync-property	Set up job	2026-09-14T16:28:33.9861929Z ##[group]Runner Image Provisioner
phase2-sync-property	Set up job	2026-09-14T16:28:33.9862890Z Hosted Compute Agent
phase2-sync-property	Set up job	2026-09-14T16:28:33.9863375Z Version: 20260828.587
phase2-sync-property	Set up job	2026-09-14T16:28:33.9863919Z Commit: abac92662cab4cc7352de4f9f9d2e2419aad9c29
phase2-sync-property	Set up job	2026-09-14T16:28:33.9864527Z Build Date: 2026-08-28T16:44:25Z
phase2-sync-property	Set up job	2026-09-14T16:28:33.9865108Z Worker ID: {8ce4be50-3eaa-40ed-92e6-10263eeaba33}
phase2-sync-property	Set up job	2026-09-14T16:28:33.9865723Z Azure Region: westus3
phase2-sync-property	Set up job	2026-09-14T16:28:33.9866235Z ##[endgroup]
phase2-sync-property	Set up job	2026-09-14T16:28:33.9867503Z ##[group]Operating System
phase2-sync-property	Set up job	2026-09-14T16:28:33.9868039Z Ubuntu
phase2-sync-property	Set up job	2026-09-14T16:28:33.9868501Z 24.04.5
phase2-sync-property	Set up job	2026-09-14T16:28:33.9868961Z LTS
phase2-sync-property	Set up job	2026-09-14T16:28:33.9869393Z ##[endgroup]
phase2-sync-property	Set up job	2026-09-14T16:28:33.9870164Z ##[group]Runner Image
phase2-sync-property	Set up job	2026-09-14T16:28:33.9870813Z Image: ubuntu-24.04
phase2-sync-property	Set up job	2026-09-14T16:28:33.9871313Z Version: 20260907.300.1
phase2-sync-property	Set up job	2026-09-14T16:28:33.9872244Z Included Software: https://github.com/actions/runner-images/blob/ubuntu24/20260907.300/images/ubuntu/Ubuntu2404-Readme.md
phase2-sync-property	Set up job	2026-09-14T16:28:33.9873729Z Image Release: https://github.com/actions/runner-images/releases/tag/ubuntu24%2F20260907.300
phase2-sync-property	Set up job	2026-09-14T16:28:33.9874576Z ##[endgroup]
phase2-sync-property	Set up job	2026-09-14T16:28:33.9875518Z ##[group]GITHUB_TOKEN Permissions
phase2-sync-property	Set up job	2026-09-14T16:28:33.9877439Z Contents: read
phase2-sync-property	Set up job	2026-09-14T16:28:33.9877995Z Metadata: read
phase2-sync-property	Set up job	2026-09-14T16:28:33.9878544Z ##[endgroup]
phase2-sync-property	Set up job	2026-09-14T16:28:33.9880417Z Secret source: Actions
phase2-sync-property	Set up job	2026-09-14T16:28:33.9881229Z Cache mode: write
phase2-sync-property	Set up job	2026-09-14T16:28:33.9881859Z Prepare workflow directory
phase2-sync-property	Set up job	2026-09-14T16:28:34.0216044Z Prepare all required actions
phase2-sync-property	Set up job	2026-09-14T16:28:34.0259152Z Getting action download info
phase2-sync-property	Set up job	2026-09-14T16:28:34.3400533Z Download action repository 'actions/checkout@34e114876b0b11c390a56381ad16ebd13914f8d5' (SHA:34e114876b0b11c390a56381ad16ebd13914f8d5)
phase2-sync-property	Set up job	2026-09-14T16:28:34.4416654Z Download action repository 'actions/setup-node@49933ea5288caeca8642d1e84afbd3f7d6820020' (SHA:49933ea5288caeca8642d1e84afbd3f7d6820020)
phase2-sync-property	Set up job	2026-09-14T16:28:34.5500244Z Download action repository 'actions/cache@0400d5f644dc74513175e3cd8d07132dd4860809' (SHA:0400d5f644dc74513175e3cd8d07132dd4860809)
phase2-sync-property	Set up job	2026-09-14T16:28:34.7123071Z Download action repository 'actions/upload-artifact@ea165f8d65b6e75b540449e92b4886f43607fa02' (SHA:ea165f8d65b6e75b540449e92b4886f43607fa02)
phase2-sync-property	Set up job	2026-09-14T16:28:34.9467593Z Complete job name: phase2-sync-property
phase2-sync-property	Run actions/checkout@34e114876b0b11c390a56381ad16ebd13914f8d5	﻿2026-09-14T16:28:35.0157305Z Node 20 is being deprecated. This workflow is running with Node 24 by default. If you need to temporarily use Node 20, you can set the ACTIONS_ALLOW_USE_UNSECURE_NODE_VERSION=true environment variable. For more information see: https://github.blog/changelog/2025-09-19-deprecation-of-node-20-on-github-actions-runners/
phase2-sync-property	Run actions/checkout@34e114876b0b11c390a56381ad16ebd13914f8d5	2026-09-14T16:28:35.0165603Z ##[group]Run actions/checkout@34e114876b0b11c390a56381ad16ebd13914f8d5
phase2-sync-property	Run actions/checkout@34e114876b0b11c390a56381ad16ebd13914f8d5	2026-09-14T16:28:35.0166420Z with:
phase2-sync-property	Run actions/checkout@34e114876b0b11c390a56381ad16ebd13914f8d5	2026-09-14T16:28:35.0166817Z   repository: szTheory/keepling
phase2-sync-property	Run actions/checkout@34e114876b0b11c390a56381ad16ebd13914f8d5	2026-09-14T16:28:35.0170398Z   token: ***
phase2-sync-property	Run actions/checkout@34e114876b0b11c390a56381ad16ebd13914f8d5	2026-09-14T16:28:35.0170789Z   ssh-strict: true
phase2-sync-property	Run actions/checkout@34e114876b0b11c390a56381ad16ebd13914f8d5	2026-09-14T16:28:35.0171162Z   ssh-user: git
phase2-sync-property	Run actions/checkout@34e114876b0b11c390a56381ad16ebd13914f8d5	2026-09-14T16:28:35.0171583Z   persist-credentials: true
phase2-sync-property	Run actions/checkout@34e114876b0b11c390a56381ad16ebd13914f8d5	2026-09-14T16:28:35.0172000Z   clean: true
phase2-sync-property	Run actions/checkout@34e114876b0b11c390a56381ad16ebd13914f8d5	2026-09-14T16:28:35.0172384Z   sparse-checkout-cone-mode: true
phase2-sync-property	Run actions/checkout@34e114876b0b11c390a56381ad16ebd13914f8d5	2026-09-14T16:28:35.0172977Z   fetch-depth: 1
phase2-sync-property	Run actions/checkout@34e114876b0b11c390a56381ad16ebd13914f8d5	2026-09-14T16:28:35.0173361Z   fetch-tags: false
phase2-sync-property	Run actions/checkout@34e114876b0b11c390a56381ad16ebd13914f8d5	2026-09-14T16:28:35.0173744Z   show-progress: true
phase2-sync-property	Run actions/checkout@34e114876b0b11c390a56381ad16ebd13914f8d5	2026-09-14T16:28:35.0174129Z   lfs: false
phase2-sync-property	Run actions/checkout@34e114876b0b11c390a56381ad16ebd13914f8d5	2026-09-14T16:28:35.0174571Z   submodules: false
phase2-sync-property	Run actions/checkout@34e114876b0b11c390a56381ad16ebd13914f8d5	2026-09-14T16:28:35.0174952Z   set-safe-directory: true
phase2-sync-property	Run actions/checkout@34e114876b0b11c390a56381ad16ebd13914f8d5	2026-09-14T16:28:35.0175528Z env:
phase2-sync-property	Run actions/checkout@34e114876b0b11c390a56381ad16ebd13914f8d5	2026-09-14T16:28:35.0175893Z   KEEPLING_PHASE2_SEED: 20260901
phase2-sync-property	Run actions/checkout@34e114876b0b11c390a56381ad16ebd13914f8d5	2026-09-14T16:28:35.0176496Z   KEEPLING_FLAKE_POLICY: no-retry; quarantine-requires-owner-issue-expiry
phase2-sync-property	Run actions/checkout@34e114876b0b11c390a56381ad16ebd13914f8d5	2026-09-14T16:28:35.0177122Z ##[endgroup]
phase2-sync-property	Run actions/checkout@34e114876b0b11c390a56381ad16ebd13914f8d5	2026-09-14T16:28:35.1018265Z Syncing repository: szTheory/keepling
phase2-sync-property	Run actions/checkout@34e114876b0b11c390a56381ad16ebd13914f8d5	2026-09-14T16:28:35.1020085Z ##[group]Getting Git version info
phase2-sync-property	Run actions/checkout@34e114876b0b11c390a56381ad16ebd13914f8d5	2026-09-14T16:28:35.1020753Z Working directory is '/home/runner/work/keepling/keepling'
phase2-sync-property	Run actions/checkout@34e114876b0b11c390a56381ad16ebd13914f8d5	2026-09-14T16:28:35.1021741Z [command]/usr/bin/git version
phase2-sync-property	Run actions/checkout@34e114876b0b11c390a56381ad16ebd13914f8d5	2026-09-14T16:28:35.1050862Z git version 2.55.0
phase2-sync-property	Run actions/checkout@34e114876b0b11c390a56381ad16ebd13914f8d5	2026-09-14T16:28:35.1068102Z ##[endgroup]
phase2-sync-property	Run actions/checkout@34e114876b0b11c390a56381ad16ebd13914f8d5	2026-09-14T16:28:35.1080552Z Temporarily overriding HOME='/home/runner/work/_temp/4f5f5f55-473d-4858-9c9d-de678bcb45ba' before making global git config changes
phase2-sync-property	Run actions/checkout@34e114876b0b11c390a56381ad16ebd13914f8d5	2026-09-14T16:28:35.1082232Z Adding repository directory to the temporary git global config as a safe directory
phase2-sync-property	Run actions/checkout@34e114876b0b11c390a56381ad16ebd13914f8d5	2026-09-14T16:28:35.1084820Z [command]/usr/bin/git config --global --add safe.directory /home/runner/work/keepling/keepling
phase2-sync-property	Run actions/checkout@34e114876b0b11c390a56381ad16ebd13914f8d5	2026-09-14T16:28:35.1124953Z Deleting the contents of '/home/runner/work/keepling/keepling'
phase2-sync-property	Run actions/checkout@34e114876b0b11c390a56381ad16ebd13914f8d5	2026-09-14T16:28:35.1128476Z ##[group]Initializing the repository
phase2-sync-property	Run actions/checkout@34e114876b0b11c390a56381ad16ebd13914f8d5	2026-09-14T16:28:35.1132120Z [command]/usr/bin/git init /home/runner/work/keepling/keepling
phase2-sync-property	Run actions/checkout@34e114876b0b11c390a56381ad16ebd13914f8d5	2026-09-14T16:28:35.2049931Z hint: Using 'master' as the name for the initial branch. This default branch name
phase2-sync-property	Run actions/checkout@34e114876b0b11c390a56381ad16ebd13914f8d5	2026-09-14T16:28:35.2051951Z hint: will change to "main" in Git 3.0. To configure the initial branch name
phase2-sync-property	Run actions/checkout@34e114876b0b11c390a56381ad16ebd13914f8d5	2026-09-14T16:28:35.2053462Z hint: to use in all of your new repositories, which will suppress this warning,
phase2-sync-property	Run actions/checkout@34e114876b0b11c390a56381ad16ebd13914f8d5	2026-09-14T16:28:35.2054511Z hint: call:
phase2-sync-property	Run actions/checkout@34e114876b0b11c390a56381ad16ebd13914f8d5	2026-09-14T16:28:35.2055156Z hint:
phase2-sync-property	Run actions/checkout@34e114876b0b11c390a56381ad16ebd13914f8d5	2026-09-14T16:28:35.2055867Z hint: 	git config --global init.defaultBranch <name>
phase2-sync-property	Run actions/checkout@34e114876b0b11c390a56381ad16ebd13914f8d5	2026-09-14T16:28:35.2056685Z hint:
phase2-sync-property	Run actions/checkout@34e114876b0b11c390a56381ad16ebd13914f8d5	2026-09-14T16:28:35.2058280Z hint: Names commonly chosen instead of 'master' are 'main', 'trunk' and
phase2-sync-property	Run actions/checkout@34e114876b0b11c390a56381ad16ebd13914f8d5	2026-09-14T16:28:35.2059752Z hint: 'development'. The just-created branch can be renamed via this command:
phase2-sync-property	Run actions/checkout@34e114876b0b11c390a56381ad16ebd13914f8d5	2026-09-14T16:28:35.2060855Z hint:
phase2-sync-property	Run actions/checkout@34e114876b0b11c390a56381ad16ebd13914f8d5	2026-09-14T16:28:35.2061443Z hint: 	git branch -m <name>
phase2-sync-property	Run actions/checkout@34e114876b0b11c390a56381ad16ebd13914f8d5	2026-09-14T16:28:35.2062069Z hint:
phase2-sync-property	Run actions/checkout@34e114876b0b11c390a56381ad16ebd13914f8d5	2026-09-14T16:28:35.2063023Z hint: Disable this message with "git config set advice.defaultBranchName false"
phase2-sync-property	Run actions/checkout@34e114876b0b11c390a56381ad16ebd13914f8d5	2026-09-14T16:28:35.2064406Z Initialized empty Git repository in /home/runner/work/keepling/keepling/.git/
phase2-sync-property	Run actions/checkout@34e114876b0b11c390a56381ad16ebd13914f8d5	2026-09-14T16:28:35.2066947Z [command]/usr/bin/git remote add origin https://github.com/szTheory/keepling
phase2-sync-property	Run actions/checkout@34e114876b0b11c390a56381ad16ebd13914f8d5	2026-09-14T16:28:35.2099070Z ##[endgroup]
phase2-sync-property	Run actions/checkout@34e114876b0b11c390a56381ad16ebd13914f8d5	2026-09-14T16:28:35.2100182Z ##[group]Disabling automatic garbage collection
phase2-sync-property	Run actions/checkout@34e114876b0b11c390a56381ad16ebd13914f8d5	2026-09-14T16:28:35.2103084Z [command]/usr/bin/git config --local gc.auto 0
phase2-sync-property	Run actions/checkout@34e114876b0b11c390a56381ad16ebd13914f8d5	2026-09-14T16:28:35.2130291Z ##[endgroup]
phase2-sync-property	Run actions/checkout@34e114876b0b11c390a56381ad16ebd13914f8d5	2026-09-14T16:28:35.2131534Z ##[group]Setting up auth
phase2-sync-property	Run actions/checkout@34e114876b0b11c390a56381ad16ebd13914f8d5	2026-09-14T16:28:35.2137013Z [command]/usr/bin/git config --local --name-only --get-regexp core\.sshCommand
phase2-sync-property	Run actions/checkout@34e114876b0b11c390a56381ad16ebd13914f8d5	2026-09-14T16:28:35.2166467Z [command]/usr/bin/git submodule foreach --recursive sh -c "git config --local --name-only --get-regexp 'core\.sshCommand' && git config --local --unset-all 'core.sshCommand' || :"
phase2-sync-property	Run actions/checkout@34e114876b0b11c390a56381ad16ebd13914f8d5	2026-09-14T16:28:35.2452900Z [command]/usr/bin/git config --local --name-only --get-regexp http\.https\:\/\/github\.com\/\.extraheader
phase2-sync-property	Run actions/checkout@34e114876b0b11c390a56381ad16ebd13914f8d5	2026-09-14T16:28:35.2480225Z [command]/usr/bin/git submodule foreach --recursive sh -c "git config --local --name-only --get-regexp 'http\.https\:\/\/github\.com\/\.extraheader' && git config --local --unset-all 'http.https://github.com/.extraheader' || :"
phase2-sync-property	Run actions/checkout@34e114876b0b11c390a56381ad16ebd13914f8d5	2026-09-14T16:28:35.2668588Z [command]/usr/bin/git config --local --name-only --get-regexp ^includeIf\.gitdir:
phase2-sync-property	Run actions/checkout@34e114876b0b11c390a56381ad16ebd13914f8d5	2026-09-14T16:28:35.2695256Z [command]/usr/bin/git submodule foreach --recursive git config --local --show-origin --name-only --get-regexp remote.origin.url
phase2-sync-property	Run actions/checkout@34e114876b0b11c390a56381ad16ebd13914f8d5	2026-09-14T16:28:35.2883519Z [command]/usr/bin/git config --local http.https://github.com/.extraheader AUTHORIZATION: basic ***
phase2-sync-property	Run actions/checkout@34e114876b0b11c390a56381ad16ebd13914f8d5	2026-09-14T16:28:35.2913850Z ##[endgroup]
phase2-sync-property	Run actions/checkout@34e114876b0b11c390a56381ad16ebd13914f8d5	2026-09-14T16:28:35.2914732Z ##[group]Fetching the repository
phase2-sync-property	Run actions/checkout@34e114876b0b11c390a56381ad16ebd13914f8d5	2026-09-14T16:28:35.2921206Z [command]/usr/bin/git -c protocol.version=2 fetch --no-tags --prune --no-recurse-submodules --depth=1 origin +4f5954104c839dbec57188607829fdc7b975e0cc:refs/remotes/origin/main
phase2-sync-property	Run actions/checkout@34e114876b0b11c390a56381ad16ebd13914f8d5	2026-09-14T16:28:36.6119049Z From https://github.com/szTheory/keepling
phase2-sync-property	Run actions/checkout@34e114876b0b11c390a56381ad16ebd13914f8d5	2026-09-14T16:28:36.6121238Z  * [new ref]         4f5954104c839dbec57188607829fdc7b975e0cc -> origin/main
phase2-sync-property	Run actions/checkout@34e114876b0b11c390a56381ad16ebd13914f8d5	2026-09-14T16:28:36.6126473Z ##[endgroup]
phase2-sync-property	Run actions/checkout@34e114876b0b11c390a56381ad16ebd13914f8d5	2026-09-14T16:28:36.6127865Z ##[group]Determining the checkout info
phase2-sync-property	Run actions/checkout@34e114876b0b11c390a56381ad16ebd13914f8d5	2026-09-14T16:28:36.6129360Z ##[endgroup]
phase2-sync-property	Run actions/checkout@34e114876b0b11c390a56381ad16ebd13914f8d5	2026-09-14T16:28:36.6130325Z [command]/usr/bin/git sparse-checkout disable
phase2-sync-property	Run actions/checkout@34e114876b0b11c390a56381ad16ebd13914f8d5	2026-09-14T16:28:36.6174472Z [command]/usr/bin/git config --local --unset-all extensions.worktreeConfig
phase2-sync-property	Run actions/checkout@34e114876b0b11c390a56381ad16ebd13914f8d5	2026-09-14T16:28:36.6202773Z ##[group]Checking out the ref
phase2-sync-property	Run actions/checkout@34e114876b0b11c390a56381ad16ebd13914f8d5	2026-09-14T16:28:36.6206644Z [command]/usr/bin/git checkout --progress --force -B main refs/remotes/origin/main
phase2-sync-property	Run actions/checkout@34e114876b0b11c390a56381ad16ebd13914f8d5	2026-09-14T16:28:36.7413578Z Switched to a new branch 'main'
phase2-sync-property	Run actions/checkout@34e114876b0b11c390a56381ad16ebd13914f8d5	2026-09-14T16:28:36.7415837Z branch 'main' set up to track 'origin/main'.
phase2-sync-property	Run actions/checkout@34e114876b0b11c390a56381ad16ebd13914f8d5	2026-09-14T16:28:36.7429798Z ##[endgroup]
phase2-sync-property	Run actions/checkout@34e114876b0b11c390a56381ad16ebd13914f8d5	2026-09-14T16:28:36.7473529Z [command]/usr/bin/git log -1 --format=%H
phase2-sync-property	Run actions/checkout@34e114876b0b11c390a56381ad16ebd13914f8d5	2026-09-14T16:28:36.7497379Z 4f5954104c839dbec57188607829fdc7b975e0cc
phase2-sync-property	Run actions/setup-node@49933ea5288caeca8642d1e84afbd3f7d6820020	﻿2026-09-14T16:28:36.7796566Z Node 20 is being deprecated. This workflow is running with Node 24 by default. If you need to temporarily use Node 20, you can set the ACTIONS_ALLOW_USE_UNSECURE_NODE_VERSION=true environment variable. For more information see: https://github.blog/changelog/2025-09-19-deprecation-of-node-20-on-github-actions-runners/
phase2-sync-property	Run actions/setup-node@49933ea5288caeca8642d1e84afbd3f7d6820020	2026-09-14T16:28:36.7798141Z ##[group]Run actions/setup-node@49933ea5288caeca8642d1e84afbd3f7d6820020
phase2-sync-property	Run actions/setup-node@49933ea5288caeca8642d1e84afbd3f7d6820020	2026-09-14T16:28:36.7798479Z with:
phase2-sync-property	Run actions/setup-node@49933ea5288caeca8642d1e84afbd3f7d6820020	2026-09-14T16:28:36.7798688Z   node-version: 24.7.0
phase2-sync-property	Run actions/setup-node@49933ea5288caeca8642d1e84afbd3f7d6820020	2026-09-14T16:28:36.7798914Z   always-auth: false
phase2-sync-property	Run actions/setup-node@49933ea5288caeca8642d1e84afbd3f7d6820020	2026-09-14T16:28:36.7799159Z   check-latest: false
phase2-sync-property	Run actions/setup-node@49933ea5288caeca8642d1e84afbd3f7d6820020	2026-09-14T16:28:36.7801322Z   token: ***
phase2-sync-property	Run actions/setup-node@49933ea5288caeca8642d1e84afbd3f7d6820020	2026-09-14T16:28:36.7801530Z env:
phase2-sync-property	Run actions/setup-node@49933ea5288caeca8642d1e84afbd3f7d6820020	2026-09-14T16:28:36.7801743Z   KEEPLING_PHASE2_SEED: 20260901
phase2-sync-property	Run actions/setup-node@49933ea5288caeca8642d1e84afbd3f7d6820020	2026-09-14T16:28:36.7802093Z   KEEPLING_FLAKE_POLICY: no-retry; quarantine-requires-owner-issue-expiry
phase2-sync-property	Run actions/setup-node@49933ea5288caeca8642d1e84afbd3f7d6820020	2026-09-14T16:28:36.7802444Z ##[endgroup]
phase2-sync-property	Run actions/setup-node@49933ea5288caeca8642d1e84afbd3f7d6820020	2026-09-14T16:28:36.8954227Z Attempting to download 24.7.0...
phase2-sync-property	Run actions/setup-node@49933ea5288caeca8642d1e84afbd3f7d6820020	2026-09-14T16:28:36.9040606Z (node:2019) [DEP0040] DeprecationWarning: The `punycode` module is deprecated. Please use a userland alternative instead.
phase2-sync-property	Run actions/setup-node@49933ea5288caeca8642d1e84afbd3f7d6820020	2026-09-14T16:28:36.9041557Z (Use `node --trace-deprecation ...` to show where the warning was created)
phase2-sync-property	Run actions/setup-node@49933ea5288caeca8642d1e84afbd3f7d6820020	2026-09-14T16:28:37.9085349Z Acquiring 24.7.0 - x64 from https://github.com/actions/node-versions/releases/download/24.7.0-17283839804/node-24.7.0-linux-x64.tar.gz
phase2-sync-property	Run actions/setup-node@49933ea5288caeca8642d1e84afbd3f7d6820020	2026-09-14T16:28:38.3711632Z Extracting ...
phase2-sync-property	Run actions/setup-node@49933ea5288caeca8642d1e84afbd3f7d6820020	2026-09-14T16:28:38.3811726Z [command]/usr/bin/tar xz --strip 1 --warning=no-unknown-keyword --overwrite -C /home/runner/work/_temp/719d0d32-0d97-44a7-bf9b-f1d0ed5dfca8 -f /home/runner/work/_temp/44b389c8-ed5b-41bb-bf73-4d43b8d04b83
phase2-sync-property	Run actions/setup-node@49933ea5288caeca8642d1e84afbd3f7d6820020	2026-09-14T16:28:39.4595616Z Adding to the cache ...
phase2-sync-property	Run actions/setup-node@49933ea5288caeca8642d1e84afbd3f7d6820020	2026-09-14T16:28:41.9487270Z ##[group]Environment details
phase2-sync-property	Run actions/setup-node@49933ea5288caeca8642d1e84afbd3f7d6820020	2026-09-14T16:28:42.1439423Z node: v24.7.0
phase2-sync-property	Run actions/setup-node@49933ea5288caeca8642d1e84afbd3f7d6820020	2026-09-14T16:28:42.1439778Z npm: 11.5.1
phase2-sync-property	Run actions/setup-node@49933ea5288caeca8642d1e84afbd3f7d6820020	2026-09-14T16:28:42.1440016Z yarn: 1.22.22
phase2-sync-property	Run actions/setup-node@49933ea5288caeca8642d1e84afbd3f7d6820020	2026-09-14T16:28:42.1440674Z ##[endgroup]
phase2-sync-property	Run actions/cache@0400d5f644dc74513175e3cd8d07132dd4860809	﻿2026-09-14T16:28:42.2118410Z Node 20 is being deprecated. This workflow is running with Node 24 by default. If you need to temporarily use Node 20, you can set the ACTIONS_ALLOW_USE_UNSECURE_NODE_VERSION=true environment variable. For more information see: https://github.blog/changelog/2025-09-19-deprecation-of-node-20-on-github-actions-runners/
phase2-sync-property	Run actions/cache@0400d5f644dc74513175e3cd8d07132dd4860809	2026-09-14T16:28:42.2119506Z ##[group]Run actions/cache@0400d5f644dc74513175e3cd8d07132dd4860809
phase2-sync-property	Run actions/cache@0400d5f644dc74513175e3cd8d07132dd4860809	2026-09-14T16:28:42.2119779Z with:
phase2-sync-property	Run actions/cache@0400d5f644dc74513175e3cd8d07132dd4860809	2026-09-14T16:28:42.2120035Z   path: ~/.asdf/installs
phase2-sync-property	Run actions/cache@0400d5f644dc74513175e3cd8d07132dd4860809	apps/server/deps
phase2-sync-property	Run actions/cache@0400d5f644dc74513175e3cd8d07132dd4860809	apps/server/_build
phase2-sync-property	Run actions/cache@0400d5f644dc74513175e3cd8d07132dd4860809	node_modules
phase2-sync-property	Run actions/cache@0400d5f644dc74513175e3cd8d07132dd4860809	
phase2-sync-property	Run actions/cache@0400d5f644dc74513175e3cd8d07132dd4860809	2026-09-14T16:28:42.2120527Z   key: phase2-Linux-sync-property-45b3b35ef45f5d65ae586b2b25dfb93049c099ec9870f23270bda4b35fe975d3
phase2-sync-property	Run actions/cache@0400d5f644dc74513175e3cd8d07132dd4860809	2026-09-14T16:28:42.2120953Z   enableCrossOsArchive: false
phase2-sync-property	Run actions/cache@0400d5f644dc74513175e3cd8d07132dd4860809	2026-09-14T16:28:42.2121159Z   fail-on-cache-miss: false
phase2-sync-property	Run actions/cache@0400d5f644dc74513175e3cd8d07132dd4860809	2026-09-14T16:28:42.2121347Z   lookup-only: false
phase2-sync-property	Run actions/cache@0400d5f644dc74513175e3cd8d07132dd4860809	2026-09-14T16:28:42.2121516Z   save-always: false
phase2-sync-property	Run actions/cache@0400d5f644dc74513175e3cd8d07132dd4860809	2026-09-14T16:28:42.2121677Z env:
phase2-sync-property	Run actions/cache@0400d5f644dc74513175e3cd8d07132dd4860809	2026-09-14T16:28:42.2121834Z   KEEPLING_PHASE2_SEED: 20260901
phase2-sync-property	Run actions/cache@0400d5f644dc74513175e3cd8d07132dd4860809	2026-09-14T16:28:42.2122122Z   KEEPLING_FLAKE_POLICY: no-retry; quarantine-requires-owner-issue-expiry
phase2-sync-property	Run actions/cache@0400d5f644dc74513175e3cd8d07132dd4860809	2026-09-14T16:28:42.2122467Z ##[endgroup]
phase2-sync-property	Run actions/cache@0400d5f644dc74513175e3cd8d07132dd4860809	2026-09-14T16:28:42.3045133Z (node:2066) [DEP0040] DeprecationWarning: The `punycode` module is deprecated. Please use a userland alternative instead.
phase2-sync-property	Run actions/cache@0400d5f644dc74513175e3cd8d07132dd4860809	2026-09-14T16:28:42.3046044Z (Use `node --trace-deprecation ...` to show where the warning was created)
phase2-sync-property	Run actions/cache@0400d5f644dc74513175e3cd8d07132dd4860809	2026-09-14T16:28:42.5044949Z Cache hit for: phase2-Linux-sync-property-45b3b35ef45f5d65ae586b2b25dfb93049c099ec9870f23270bda4b35fe975d3
phase2-sync-property	Run actions/cache@0400d5f644dc74513175e3cd8d07132dd4860809	2026-09-14T16:28:42.5161358Z (node:2066) [DEP0169] DeprecationWarning: `url.parse()` behavior is not standardized and prone to errors that have security implications. Use the WHATWG URL API instead. CVEs are not issued for `url.parse()` vulnerabilities.
phase2-sync-property	Run actions/cache@0400d5f644dc74513175e3cd8d07132dd4860809	2026-09-14T16:28:43.7114132Z Received 37748736 of 172338255 (21.9%), 36.0 MBs/sec
phase2-sync-property	Run actions/cache@0400d5f644dc74513175e3cd8d07132dd4860809	2026-09-14T16:28:44.6412040Z Received 172338255 of 172338255 (100.0%), 85.2 MBs/sec
phase2-sync-property	Run actions/cache@0400d5f644dc74513175e3cd8d07132dd4860809	2026-09-14T16:28:44.6413810Z Cache Size: ~164 MB (172338255 B)
phase2-sync-property	Run actions/cache@0400d5f644dc74513175e3cd8d07132dd4860809	2026-09-14T16:28:44.6449049Z [command]/usr/bin/tar -xf /home/runner/work/_temp/53fc81dc-8249-4548-8131-900942bc9ba7/cache.tzst -P -C /home/runner/work/keepling/keepling --use-compress-program unzstd
phase2-sync-property	Run actions/cache@0400d5f644dc74513175e3cd8d07132dd4860809	2026-09-14T16:28:46.6683892Z Cache restored successfully
phase2-sync-property	Run actions/cache@0400d5f644dc74513175e3cd8d07132dd4860809	2026-09-14T16:28:46.6815499Z Cache restored from key: phase2-Linux-sync-property-45b3b35ef45f5d65ae586b2b25dfb93049c099ec9870f23270bda4b35fe975d3
phase2-sync-property	Install asdf	﻿2026-09-14T16:28:46.6935765Z ##[group]Run set -eu
phase2-sync-property	Install asdf	2026-09-14T16:28:46.6936073Z ^[[36;1mset -eu^[[0m
phase2-sync-property	Install asdf	2026-09-14T16:28:46.6936351Z ^[[36;1m# The cache step above restores ~/.asdf/installs, which CREATES^[[0m
phase2-sync-property	Install asdf	2026-09-14T16:28:46.6936757Z ^[[36;1m# $HOME/.asdf before this step runs. An unconditional clone then dies^[[0m
phase2-sync-property	Install asdf	2026-09-14T16:28:46.6937146Z ^[[36;1m# with "destination path already exists and is not an empty^[[0m
phase2-sync-property	Install asdf	2026-09-14T16:28:46.6937508Z ^[[36;1m# directory" (exit 128) and the lane never reaches any project code.^[[0m
phase2-sync-property	Install asdf	2026-09-14T16:28:46.6937875Z ^[[36;1m# Clone into a scratch directory and move only the parts that are^[[0m
phase2-sync-property	Install asdf	2026-09-14T16:28:46.6938273Z ^[[36;1m# missing, so a restored cache and a cold runner both end up with the^[[0m
phase2-sync-property	Install asdf	2026-09-14T16:28:46.6938569Z ^[[36;1m# same tree.^[[0m
phase2-sync-property	Install asdf	2026-09-14T16:28:46.6938777Z ^[[36;1mif [ ! -d "$HOME/.asdf/.git" ]; then^[[0m
phase2-sync-property	Install asdf	2026-09-14T16:28:46.6939016Z ^[[36;1m  scratch="$(mktemp -d)"^[[0m
phase2-sync-property	Install asdf	2026-09-14T16:28:46.6939376Z ^[[36;1m  git clone https://github.com/asdf-vm/asdf.git "$scratch/asdf" --branch v0.14.1^[[0m
phase2-sync-property	Install asdf	2026-09-14T16:28:46.6939768Z ^[[36;1m  mkdir -p "$HOME/.asdf"^[[0m
phase2-sync-property	Install asdf	2026-09-14T16:28:46.6940059Z ^[[36;1m  # `cp -R src/. dst` merges into an existing directory instead of^[[0m
phase2-sync-property	Install asdf	2026-09-14T16:28:46.6940403Z ^[[36;1m  # nesting, which is what the restored-cache case needs.^[[0m
phase2-sync-property	Install asdf	2026-09-14T16:28:46.6940707Z ^[[36;1m  cp -R "$scratch/asdf/." "$HOME/.asdf/"^[[0m
phase2-sync-property	Install asdf	2026-09-14T16:28:46.6940941Z ^[[36;1m  rm -rf "$scratch"^[[0m
phase2-sync-property	Install asdf	2026-09-14T16:28:46.6941137Z ^[[36;1mfi^[[0m
phase2-sync-property	Install asdf	2026-09-14T16:28:46.6941322Z ^[[36;1mecho "$HOME/.asdf/bin" >> "$GITHUB_PATH"^[[0m
phase2-sync-property	Install asdf	2026-09-14T16:28:46.6941591Z ^[[36;1mecho "$HOME/.asdf/shims" >> "$GITHUB_PATH"^[[0m
phase2-sync-property	Install asdf	2026-09-14T16:28:46.6976625Z shell: /usr/bin/bash -e {0}
phase2-sync-property	Install asdf	2026-09-14T16:28:46.6976845Z env:
phase2-sync-property	Install asdf	2026-09-14T16:28:46.6977023Z   KEEPLING_PHASE2_SEED: 20260901
phase2-sync-property	Install asdf	2026-09-14T16:28:46.6977350Z   KEEPLING_FLAKE_POLICY: no-retry; quarantine-requires-owner-issue-expiry
phase2-sync-property	Install asdf	2026-09-14T16:28:46.6977670Z ##[endgroup]
phase2-sync-property	Install asdf	2026-09-14T16:28:46.7315497Z Cloning into '/tmp/tmp.hEQdwuqVu2/asdf'...
phase2-sync-property	Install asdf	2026-09-14T16:28:48.4312700Z Note: switching to 'f00f759f3d8d405468d0071310a91b8f5a9c3798'.
phase2-sync-property	Install asdf	2026-09-14T16:28:48.4313115Z 
phase2-sync-property	Install asdf	2026-09-14T16:28:48.4313368Z You are in 'detached HEAD' state. You can look around, make experimental
phase2-sync-property	Install asdf	2026-09-14T16:28:48.4313850Z changes and commit them, and you can discard any commits you make in this
phase2-sync-property	Install asdf	2026-09-14T16:28:48.4314300Z state without impacting any branches by switching back to a branch.
phase2-sync-property	Install asdf	2026-09-14T16:28:48.4314528Z 
phase2-sync-property	Install asdf	2026-09-14T16:28:48.4314741Z If you want to create a new branch to retain commits you create, you may
phase2-sync-property	Install asdf	2026-09-14T16:28:48.4315153Z do so (now or later) by using -c with the switch command. Example:
phase2-sync-property	Install asdf	2026-09-14T16:28:48.4315358Z 
phase2-sync-property	Install asdf	2026-09-14T16:28:48.4315471Z   git switch -c <new-branch-name>
phase2-sync-property	Install asdf	2026-09-14T16:28:48.4315621Z 
phase2-sync-property	Install asdf	2026-09-14T16:28:48.4315727Z Or undo this operation with:
phase2-sync-property	Install asdf	2026-09-14T16:28:48.4315856Z 
phase2-sync-property	Install asdf	2026-09-14T16:28:48.4315941Z   git switch -
phase2-sync-property	Install asdf	2026-09-14T16:28:48.4316044Z 
phase2-sync-property	Install asdf	2026-09-14T16:28:48.4316271Z Turn off this advice by setting config variable advice.detachedHead to false
phase2-sync-property	Install asdf	2026-09-14T16:28:48.4316514Z 
phase2-sync-property	Provision exact repository runtimes	﻿2026-09-14T16:28:48.4647928Z ##[group]Run ./tooling/runtime-preflight.sh --provision
phase2-sync-property	Provision exact repository runtimes	2026-09-14T16:28:48.4648298Z ^[[36;1m./tooling/runtime-preflight.sh --provision^[[0m
phase2-sync-property	Provision exact repository runtimes	2026-09-14T16:28:48.4648555Z ^[[36;1mcorepack enable^[[0m
phase2-sync-property	Provision exact repository runtimes	2026-09-14T16:28:48.4648908Z ^[[36;1mpnpm install --frozen-lockfile^[[0m
phase2-sync-property	Provision exact repository runtimes	2026-09-14T16:28:48.4649299Z ^[[36;1m./tooling/runtime-preflight.sh --exec -- sh -c 'cd apps/server && mix deps.get --check-locked'^[[0m
phase2-sync-property	Provision exact repository runtimes	2026-09-14T16:28:48.4681655Z shell: /usr/bin/bash -e {0}
phase2-sync-property	Provision exact repository runtimes	2026-09-14T16:28:48.4681878Z env:
phase2-sync-property	Provision exact repository runtimes	2026-09-14T16:28:48.4682066Z   KEEPLING_PHASE2_SEED: 20260901
phase2-sync-property	Provision exact repository runtimes	2026-09-14T16:28:48.4682382Z   KEEPLING_FLAKE_POLICY: no-retry; quarantine-requires-owner-issue-expiry
phase2-sync-property	Provision exact repository runtimes	2026-09-14T16:28:48.4682798Z ##[endgroup]
phase2-sync-property	Provision exact repository runtimes	2026-09-14T16:28:48.5557587Z Cloning into '/home/runner/.asdf/repository'...
phase2-sync-property	Provision exact repository runtimes	2026-09-14T16:28:53.4763914Z initializing plugin repository...erlang 29.0.5 is already installed
phase2-sync-property	Provision exact repository runtimes	2026-09-14T16:28:53.5081618Z elixir 1.20.2-otp-29 is already installed
phase2-sync-property	Provision exact repository runtimes	2026-09-14T16:28:54.9931966Z Get:1 file:/etc/apt/apt-mirrors.txt Mirrorlist [144 B]
phase2-sync-property	Provision exact repository runtimes	2026-09-14T16:28:55.0210699Z Hit:2 http://azure.archive.ubuntu.com/ubuntu noble InRelease
phase2-sync-property	Provision exact repository runtimes	2026-09-14T16:28:55.0211698Z Get:6 https://packages.microsoft.com/ubuntu/24.04/prod noble InRelease [3600 B]
phase2-sync-property	Provision exact repository runtimes	2026-09-14T16:28:55.0229135Z Get:3 http://azure.archive.ubuntu.com/ubuntu noble-updates InRelease [126 kB]
phase2-sync-property	Provision exact repository runtimes	2026-09-14T16:28:55.0244228Z Get:4 http://azure.archive.ubuntu.com/ubuntu noble-backports InRelease [126 kB]
phase2-sync-property	Provision exact repository runtimes	2026-09-14T16:28:55.0279952Z Get:5 http://azure.archive.ubuntu.com/ubuntu noble-security InRelease [126 kB]
phase2-sync-property	Provision exact repository runtimes	2026-09-14T16:28:55.0436790Z Get:7 https://apt.postgresql.org/pub/repos/apt noble-pgdg InRelease [189 kB]
phase2-sync-property	Provision exact repository runtimes	2026-09-14T16:28:55.0833082Z Get:8 https://dl.google.com/linux/chrome-stable/deb stable InRelease [2548 B]
phase2-sync-property	Provision exact repository runtimes	2026-09-14T16:28:55.1534286Z Get:9 https://packages.microsoft.com/ubuntu/24.04/prod noble/main amd64 Packages [464 kB]
phase2-sync-property	Provision exact repository runtimes	2026-09-14T16:28:55.1659841Z Get:10 https://packages.microsoft.com/ubuntu/24.04/prod noble/main arm64 Packages [415 kB]
phase2-sync-property	Provision exact repository runtimes	2026-09-14T16:28:55.1938000Z Get:11 http://azure.archive.ubuntu.com/ubuntu noble-updates/main amd64 Packages [1263 kB]
phase2-sync-property	Provision exact repository runtimes	2026-09-14T16:28:55.2024159Z Get:12 http://azure.archive.ubuntu.com/ubuntu noble-updates/main Translation-en [292 kB]
phase2-sync-property	Provision exact repository runtimes	2026-09-14T16:28:55.2029562Z Get:13 http://azure.archive.ubuntu.com/ubuntu noble-updates/main amd64 Components [181 kB]
phase2-sync-property	Provision exact repository runtimes	2026-09-14T16:28:55.2043908Z Get:14 http://azure.archive.ubuntu.com/ubuntu noble-updates/universe amd64 Packages [1691 kB]
phase2-sync-property	Provision exact repository runtimes	2026-09-14T16:28:55.2117214Z Get:15 http://azure.archive.ubuntu.com/ubuntu noble-updates/universe Translation-en [339 kB]
phase2-sync-property	Provision exact repository runtimes	2026-09-14T16:28:55.2301645Z Get:16 http://azure.archive.ubuntu.com/ubuntu noble-updates/universe amd64 Components [388 kB]
phase2-sync-property	Provision exact repository runtimes	2026-09-14T16:28:55.2324426Z Get:17 http://azure.archive.ubuntu.com/ubuntu noble-updates/restricted amd64 Packages [1544 kB]
phase2-sync-property	Provision exact repository runtimes	2026-09-14T16:28:55.2479000Z Get:18 http://azure.archive.ubuntu.com/ubuntu noble-updates/restricted Translation-en [354 kB]
phase2-sync-property	Provision exact repository runtimes	2026-09-14T16:28:55.2499212Z Get:19 http://azure.archive.ubuntu.com/ubuntu noble-updates/multiverse amd64 Components [940 B]
phase2-sync-property	Provision exact repository runtimes	2026-09-14T16:28:55.2505789Z Get:20 http://azure.archive.ubuntu.com/ubuntu noble-backports/main amd64 Components [5772 B]
phase2-sync-property	Provision exact repository runtimes	2026-09-14T16:28:55.2936228Z Get:21 http://azure.archive.ubuntu.com/ubuntu noble-backports/universe amd64 Components [12.6 kB]
phase2-sync-property	Provision exact repository runtimes	2026-09-14T16:28:55.2949681Z Get:22 http://azure.archive.ubuntu.com/ubuntu noble-security/main amd64 Packages [1007 kB]
phase2-sync-property	Provision exact repository runtimes	2026-09-14T16:28:55.2994423Z Get:23 http://azure.archive.ubuntu.com/ubuntu noble-security/main Translation-en [213 kB]
phase2-sync-property	Provision exact repository runtimes	2026-09-14T16:28:55.3015763Z Get:24 http://azure.archive.ubuntu.com/ubuntu noble-security/main amd64 Components [46.4 kB]
phase2-sync-property	Provision exact repository runtimes	2026-09-14T16:28:55.3024095Z Get:25 http://azure.archive.ubuntu.com/ubuntu noble-security/universe amd64 Packages [1207 kB]
phase2-sync-property	Provision exact repository runtimes	2026-09-14T16:28:55.3080022Z Get:26 http://azure.archive.ubuntu.com/ubuntu noble-security/universe Translation-en [242 kB]
phase2-sync-property	Provision exact repository runtimes	2026-09-14T16:28:55.3096343Z Get:27 http://azure.archive.ubuntu.com/ubuntu noble-security/universe amd64 Components [76.3 kB]
phase2-sync-property	Provision exact repository runtimes	2026-09-14T16:28:55.3108420Z Get:28 http://azure.archive.ubuntu.com/ubuntu noble-security/restricted amd64 Packages [1445 kB]
phase2-sync-property	Provision exact repository runtimes	2026-09-14T16:28:55.3169864Z Get:29 http://azure.archive.ubuntu.com/ubuntu noble-security/restricted Translation-en [336 kB]
phase2-sync-property	Provision exact repository runtimes	2026-09-14T16:28:55.3469013Z Get:30 https://apt.postgresql.org/pub/repos/apt noble-pgdg/main amd64 Packages [835 kB]
phase2-sync-property	Provision exact repository runtimes	2026-09-14T16:28:55.4859595Z Get:31 https://dl.google.com/linux/chrome-stable/deb stable/main amd64 Packages [1410 B]
phase2-sync-property	Provision exact repository runtimes	2026-09-14T16:29:00.3554633Z Fetched 12.9 MB in 1s (10.0 MB/s)
phase2-sync-property	Provision exact repository runtimes	2026-09-14T16:29:01.1105783Z Reading package lists...
phase2-sync-property	Provision exact repository runtimes	2026-09-14T16:29:01.1393263Z Reading package lists...
phase2-sync-property	Provision exact repository runtimes	2026-09-14T16:29:01.3696495Z Building dependency tree...
phase2-sync-property	Provision exact repository runtimes	2026-09-14T16:29:01.3703731Z Reading state information...
phase2-sync-property	Provision exact repository runtimes	2026-09-14T16:29:01.5655209Z The following additional packages will be installed:
phase2-sync-property	Provision exact repository runtimes	2026-09-14T16:29:01.5656896Z   liburing2 postgresql-18-jit postgresql-client-18
phase2-sync-property	Provision exact repository runtimes	2026-09-14T16:29:01.5661938Z Suggested packages:
phase2-sync-property	Provision exact repository runtimes	2026-09-14T16:29:01.5662289Z   postgresql-doc-18
phase2-sync-property	Provision exact repository runtimes	2026-09-14T16:29:01.5888400Z The following NEW packages will be installed:
phase2-sync-property	Provision exact repository runtimes	2026-09-14T16:29:01.5894950Z   liburing2 postgresql-18 postgresql-18-jit postgresql-client-18
phase2-sync-property	Provision exact repository runtimes	2026-09-14T16:29:01.6146769Z 0 upgraded, 4 newly installed, 0 to remove and 52 not upgraded.
phase2-sync-property	Provision exact repository runtimes	2026-09-14T16:29:01.6147333Z Need to get 19.6 MB of archives.
phase2-sync-property	Provision exact repository runtimes	2026-09-14T16:29:01.6147698Z After this operation, 71.9 MB of additional disk space will be used.
phase2-sync-property	Provision exact repository runtimes	2026-09-14T16:29:01.6148121Z Get:1 file:/etc/apt/apt-mirrors.txt Mirrorlist [144 B]
phase2-sync-property	Provision exact repository runtimes	2026-09-14T16:29:01.6554171Z Get:3 https://apt.postgresql.org/pub/repos/apt noble-pgdg/main amd64 postgresql-client-18 amd64 18.6-1.pgdg24.04+2 [2114 kB]
phase2-sync-property	Provision exact repository runtimes	2026-09-14T16:29:01.6744444Z Get:2 http://azure.archive.ubuntu.com/ubuntu noble/main amd64 liburing2 amd64 2.5-1build1 [21.1 kB]
phase2-sync-property	Provision exact repository runtimes	2026-09-14T16:29:01.7596949Z Get:4 https://apt.postgresql.org/pub/repos/apt noble-pgdg/main amd64 postgresql-18 amd64 18.6-1.pgdg24.04+2 [7577 kB]
phase2-sync-property	Provision exact repository runtimes	2026-09-14T16:29:01.8815611Z Get:5 https://apt.postgresql.org/pub/repos/apt noble-pgdg/main amd64 postgresql-18-jit amd64 18.6-1.pgdg24.04+2 [9924 kB]
phase2-sync-property	Provision exact repository runtimes	2026-09-14T16:29:02.2411752Z Preconfiguring packages ...
phase2-sync-property	Provision exact repository runtimes	2026-09-14T16:29:02.4832410Z Fetched 19.6 MB in 0s (46.0 MB/s)
phase2-sync-property	Provision exact repository runtimes	2026-09-14T16:29:02.5301232Z Selecting previously unselected package liburing2:amd64.
phase2-sync-property	Provision exact repository runtimes	2026-09-14T16:29:02.5492826Z (Reading database ... 
phase2-sync-property	Provision exact repository runtimes	2026-09-14T16:29:02.5493721Z (Reading database ... 5%
phase2-sync-property	Provision exact repository runtimes	2026-09-14T16:29:02.5494551Z (Reading database ... 10%
phase2-sync-property	Provision exact repository runtimes	2026-09-14T16:29:02.5495094Z (Reading database ... 15%
phase2-sync-property	Provision exact repository runtimes	2026-09-14T16:29:02.5495540Z (Reading database ... 20%
phase2-sync-property	Provision exact repository runtimes	2026-09-14T16:29:02.5495974Z (Reading database ... 25%
phase2-sync-property	Provision exact repository runtimes	2026-09-14T16:29:02.5496396Z (Reading database ... 30%
phase2-sync-property	Provision exact repository runtimes	2026-09-14T16:29:02.5496859Z (Reading database ... 35%
phase2-sync-property	Provision exact repository runtimes	2026-09-14T16:29:02.5497306Z (Reading database ... 40%
phase2-sync-property	Provision exact repository runtimes	2026-09-14T16:29:02.5497758Z (Reading database ... 45%
phase2-sync-property	Provision exact repository runtimes	2026-09-14T16:29:02.5498177Z (Reading database ... 50%
phase2-sync-property	Provision exact repository runtimes	2026-09-14T16:29:02.5538361Z (Reading database ... 55%
phase2-sync-property	Provision exact repository runtimes	2026-09-14T16:29:02.6790224Z (Reading database ... 60%
phase2-sync-property	Provision exact repository runtimes	2026-09-14T16:29:02.8823072Z (Reading database ... 65%
phase2-sync-property	Provision exact repository runtimes	2026-09-14T16:29:03.0251963Z (Reading database ... 70%
phase2-sync-property	Provision exact repository runtimes	2026-09-14T16:29:03.2235649Z (Reading database ... 75%
phase2-sync-property	Provision exact repository runtimes	2026-09-14T16:29:03.4175330Z (Reading database ... 80%
phase2-sync-property	Provision exact repository runtimes	2026-09-14T16:29:03.5731939Z (Reading database ... 85%
phase2-sync-property	Provision exact repository runtimes	2026-09-14T16:29:04.0170676Z (Reading database ... 90%
phase2-sync-property	Provision exact repository runtimes	2026-09-14T16:29:04.2347284Z (Reading database ... 95%
phase2-sync-property	Provision exact repository runtimes	2026-09-14T16:29:04.2368887Z (Reading database ... 100%
phase2-sync-property	Provision exact repository runtimes	2026-09-14T16:29:04.2369499Z (Reading database ... 201818 files and directories currently installed.)
phase2-sync-property	Provision exact repository runtimes	2026-09-14T16:29:04.2397458Z Preparing to unpack .../liburing2_2.5-1build1_amd64.deb ...
phase2-sync-property	Provision exact repository runtimes	2026-09-14T16:29:04.2515898Z Unpacking liburing2:amd64 (2.5-1build1) ...
phase2-sync-property	Provision exact repository runtimes	2026-09-14T16:29:04.2704320Z Selecting previously unselected package postgresql-client-18.
phase2-sync-property	Provision exact repository runtimes	2026-09-14T16:29:04.2817315Z Preparing to unpack .../postgresql-client-18_18.6-1.pgdg24.04+2_amd64.deb ...
phase2-sync-property	Provision exact repository runtimes	2026-09-14T16:29:04.2826673Z Unpacking postgresql-client-18 (18.6-1.pgdg24.04+2) ...
phase2-sync-property	Provision exact repository runtimes	2026-09-14T16:29:04.7303963Z Selecting previously unselected package postgresql-18.
phase2-sync-property	Provision exact repository runtimes	2026-09-14T16:29:04.7418064Z Preparing to unpack .../postgresql-18_18.6-1.pgdg24.04+2_amd64.deb ...
phase2-sync-property	Provision exact repository runtimes	2026-09-14T16:29:04.7448922Z Unpacking postgresql-18 (18.6-1.pgdg24.04+2) ...
phase2-sync-property	Provision exact repository runtimes	2026-09-14T16:29:05.5671488Z Selecting previously unselected package postgresql-18-jit.
phase2-sync-property	Provision exact repository runtimes	2026-09-14T16:29:05.5788137Z Preparing to unpack .../postgresql-18-jit_18.6-1.pgdg24.04+2_amd64.deb ...
phase2-sync-property	Provision exact repository runtimes	2026-09-14T16:29:05.5795550Z Unpacking postgresql-18-jit (18.6-1.pgdg24.04+2) ...
phase2-sync-property	Provision exact repository runtimes	2026-09-14T16:29:06.3450044Z Setting up postgresql-client-18 (18.6-1.pgdg24.04+2) ...
phase2-sync-property	Provision exact repository runtimes	2026-09-14T16:29:06.6617357Z update-alternatives: using /usr/share/postgresql/18/man/man1/psql.1.gz to provide /usr/share/man/man1/psql.1.gz (psql.1.gz) in auto mode
phase2-sync-property	Provision exact repository runtimes	2026-09-14T16:29:06.7263132Z Setting up liburing2:amd64 (2.5-1build1) ...
phase2-sync-property	Provision exact repository runtimes	2026-09-14T16:29:06.7291689Z Setting up postgresql-18 (18.6-1.pgdg24.04+2) ...
phase2-sync-property	Provision exact repository runtimes	2026-09-14T16:29:07.4445230Z Setting up postgresql-18-jit (18.6-1.pgdg24.04+2) ...
phase2-sync-property	Provision exact repository runtimes	2026-09-14T16:29:07.4469077Z Processing triggers for libc-bin (2.39-0ubuntu8.8) ...
phase2-sync-property	Provision exact repository runtimes	2026-09-14T16:29:07.6038570Z Processing triggers for postgresql-common (293.pgdg24.04+1) ...
phase2-sync-property	Provision exact repository runtimes	2026-09-14T16:29:07.6970410Z Building PostgreSQL dictionaries from installed myspell/hunspell packages...
phase2-sync-property	Provision exact repository runtimes	2026-09-14T16:29:07.6973860Z   en_us
phase2-sync-property	Provision exact repository runtimes	2026-09-14T16:29:07.7271081Z Removing obsolete dictionary files:
phase2-sync-property	Provision exact repository runtimes	2026-09-14T16:29:08.2712310Z 
phase2-sync-property	Provision exact repository runtimes	2026-09-14T16:29:08.2713077Z Running kernel seems to be up-to-date.
phase2-sync-property	Provision exact repository runtimes	2026-09-14T16:29:08.2713354Z 
phase2-sync-property	Provision exact repository runtimes	2026-09-14T16:29:08.2713483Z No services need to be restarted.
phase2-sync-property	Provision exact repository runtimes	2026-09-14T16:29:08.2713641Z 
phase2-sync-property	Provision exact repository runtimes	2026-09-14T16:29:08.2713763Z No containers need to be restarted.
phase2-sync-property	Provision exact repository runtimes	2026-09-14T16:29:08.2713919Z 
phase2-sync-property	Provision exact repository runtimes	2026-09-14T16:29:08.2714069Z No user sessions are running outdated binaries.
phase2-sync-property	Provision exact repository runtimes	2026-09-14T16:29:08.2714238Z 
phase2-sync-property	Provision exact repository runtimes	2026-09-14T16:29:08.2714472Z No VM guests are running outdated hypervisor (qemu) binaries on this host.
phase2-sync-property	Provision exact repository runtimes	2026-09-14T16:29:09.6573110Z Runtime preflight passed: Elixir 1.20.2, OTP 29.0.5, PostgreSQL 18.6
phase2-sync-property	Provision exact repository runtimes	2026-09-14T16:29:09.7625876Z ! Corepack is about to download https://registry.npmjs.org/pnpm/-/pnpm-10.33.0.tgz
phase2-sync-property	Provision exact repository runtimes	2026-09-14T16:29:10.5383149Z Scope: all 4 workspace projects
phase2-sync-property	Provision exact repository runtimes	2026-09-14T16:29:10.6076235Z Lockfile is up to date, resolution step is skipped
phase2-sync-property	Provision exact repository runtimes	2026-09-14T16:29:11.3741846Z Packages: +2 -47
phase2-sync-property	Provision exact repository runtimes	2026-09-14T16:29:11.3742420Z ++-----------------------------------------------
phase2-sync-property	Provision exact repository runtimes	2026-09-14T16:29:11.7364384Z Progress: resolved 0, reused 0, downloaded 1, added 0
phase2-sync-property	Provision exact repository runtimes	2026-09-14T16:29:12.7370857Z Progress: resolved 0, reused 0, downloaded 40, added 0
phase2-sync-property	Provision exact repository runtimes	2026-09-14T16:29:12.9051618Z Progress: resolved 0, reused 0, downloaded 47, added 2, done
phase2-sync-property	Provision exact repository runtimes	2026-09-14T16:29:13.0638439Z 
phase2-sync-property	Provision exact repository runtimes	2026-09-14T16:29:13.1364008Z Done in 2.8s using pnpm v10.33.0
phase2-sync-property	Provision exact repository runtimes	2026-09-14T16:29:13.5498755Z Runtime preflight passed: Elixir 1.20.2, OTP 29.0.5, PostgreSQL 18.6
phase2-sync-property	Provision exact repository runtimes	2026-09-14T16:29:14.2319045Z * creating /home/runner/.mix/archives/hex-2.5.1
phase2-sync-property	Provision exact repository runtimes	2026-09-14T16:29:14.6126126Z Resolving Hex dependencies...
phase2-sync-property	Provision exact repository runtimes	2026-09-14T16:29:14.7159124Z Resolution completed in 0.101s
phase2-sync-property	Provision exact repository runtimes	2026-09-14T16:29:14.7311775Z Unchanged:
phase2-sync-property	Provision exact repository runtimes	2026-09-14T16:29:14.7312433Z   argon2_elixir 4.1.3
phase2-sync-property	Provision exact repository runtimes	2026-09-14T16:29:14.7322185Z   bandit 1.12.5
phase2-sync-property	Provision exact repository runtimes	2026-09-14T16:29:14.7322476Z   certifi 2.17.0
phase2-sync-property	Provision exact repository runtimes	2026-09-14T16:29:14.7322836Z   comeonin 5.5.1
phase2-sync-property	Provision exact repository runtimes	2026-09-14T16:29:14.7323109Z   db_connection 2.10.2
phase2-sync-property	Provision exact repository runtimes	2026-09-14T16:29:14.7323427Z   decimal 3.1.1
phase2-sync-property	Provision exact repository runtimes	2026-09-14T16:29:14.7323692Z   dns_cluster 0.2.0
phase2-sync-property	Provision exact repository runtimes	2026-09-14T16:29:14.7323956Z   ecto 3.14.2
phase2-sync-property	Provision exact repository runtimes	2026-09-14T16:29:14.7324220Z   ecto_sql 3.14.0
phase2-sync-property	Provision exact repository runtimes	2026-09-14T16:29:14.7324488Z   elixir_make 0.10.0
phase2-sync-property	Provision exact repository runtimes	2026-09-14T16:29:14.7324737Z   expo 1.1.1
phase2-sync-property	Provision exact repository runtimes	2026-09-14T16:29:14.7324989Z   gettext 1.0.2
phase2-sync-property	Provision exact repository runtimes	2026-09-14T16:29:14.7325235Z   h2 0.12.0
phase2-sync-property	Provision exact repository runtimes	2026-09-14T16:29:14.7325465Z   hackney 4.7.4
phase2-sync-property	Provision exact repository runtimes	2026-09-14T16:29:14.7325711Z   hammer 7.4.1
phase2-sync-property	Provision exact repository runtimes	2026-09-14T16:29:14.7325953Z   hex_core 0.15.0
phase2-sync-property	Provision exact repository runtimes	2026-09-14T16:29:14.7326199Z   hpax 1.0.4
phase2-sync-property	Provision exact repository runtimes	2026-09-14T16:29:14.7326444Z   idna 7.1.0
phase2-sync-property	Provision exact repository runtimes	2026-09-14T16:29:14.7326676Z   jason 1.4.5
phase2-sync-property	Provision exact repository runtimes	2026-09-14T16:29:14.7326913Z   mime 2.0.7
phase2-sync-property	Provision exact repository runtimes	2026-09-14T16:29:14.7327154Z   mimerl 1.5.0
phase2-sync-property	Provision exact repository runtimes	2026-09-14T16:29:14.7327393Z   optimus 0.6.1
phase2-sync-property	Provision exact repository runtimes	2026-09-14T16:29:14.7327644Z   parse_trans 3.4.2
phase2-sync-property	Provision exact repository runtimes	2026-09-14T16:29:14.7327911Z   phoenix 1.8.13
phase2-sync-property	Provision exact repository runtimes	2026-09-14T16:29:14.7328506Z   phoenix_ecto 4.7.0
phase2-sync-property	Provision exact repository runtimes	2026-09-14T16:29:14.7328774Z   phoenix_pubsub 2.3.0
phase2-sync-property	Provision exact repository runtimes	2026-09-14T16:29:14.7329065Z   phoenix_template 1.0.4
phase2-sync-property	Provision exact repository runtimes	2026-09-14T16:29:14.7329348Z   plug 1.20.3
phase2-sync-property	Provision exact repository runtimes	2026-09-14T16:29:14.7329743Z   plug_crypto 2.2.0
phase2-sync-property	Provision exact repository runtimes	2026-09-14T16:29:14.7330016Z   postgrex 0.22.4
phase2-sync-property	Provision exact repository runtimes	2026-09-14T16:29:14.7330207Z   protobuf 0.16.1
phase2-sync-property	Provision exact repository runtimes	2026-09-14T16:29:14.7330375Z   purl 0.3.0
phase2-sync-property	Provision exact repository runtimes	2026-09-14T16:29:14.7330744Z   quic 1.8.2
phase2-sync-property	Provision exact repository runtimes	2026-09-14T16:29:14.7330965Z   sbom 0.10.0
phase2-sync-property	Provision exact repository runtimes	2026-09-14T16:29:14.7331186Z   ssl_verify_fun 1.1.7
phase2-sync-property	Provision exact repository runtimes	2026-09-14T16:29:14.7331443Z   stream_data 1.4.0
phase2-sync-property	Provision exact repository runtimes	2026-09-14T16:29:14.7331687Z   telemetry 1.4.2
phase2-sync-property	Provision exact repository runtimes	2026-09-14T16:29:14.7331939Z   telemetry_metrics 1.2.0
phase2-sync-property	Provision exact repository runtimes	2026-09-14T16:29:14.7332219Z   telemetry_poller 1.3.0
phase2-sync-property	Provision exact repository runtimes	2026-09-14T16:29:14.7332501Z   thousand_island 1.5.0
phase2-sync-property	Provision exact repository runtimes	2026-09-14T16:29:14.7332905Z   tzdata 1.1.5
phase2-sync-property	Provision exact repository runtimes	2026-09-14T16:29:14.7333163Z   websock 0.5.3
phase2-sync-property	Provision exact repository runtimes	2026-09-14T16:29:14.7333408Z   websock_adapter 0.6.0
phase2-sync-property	Provision exact repository runtimes	2026-09-14T16:29:14.7333686Z   webtransport 0.4.5
phase2-sync-property	Provision exact repository runtimes	2026-09-14T16:29:14.8832042Z * creating /home/runner/.mix/elixir/1-20-otp-29/rebar3
phase2-sync-property	Provision exact repository runtimes	2026-09-14T16:29:14.9341587Z All dependencies have been fetched
phase2-sync-property	Run exact Phase 2 lane	﻿2026-09-14T16:29:14.9615068Z ##[group]Run set -o pipefail
phase2-sync-property	Run exact Phase 2 lane	2026-09-14T16:29:14.9615351Z ^[[36;1mset -o pipefail^[[0m
phase2-sync-property	Run exact Phase 2 lane	2026-09-14T16:29:14.9615714Z ^[[36;1m./tooling/test-phase-2.sh --lane "sync-property" | tee "$RUNNER_TEMP/sync-property.txt"^[[0m
phase2-sync-property	Run exact Phase 2 lane	2026-09-14T16:29:14.9616166Z ^[[36;1m./tooling/verify-privacy.sh "$RUNNER_TEMP/sync-property.txt"^[[0m
phase2-sync-property	Run exact Phase 2 lane	2026-09-14T16:29:14.9648563Z shell: /usr/bin/bash -e {0}
phase2-sync-property	Run exact Phase 2 lane	2026-09-14T16:29:14.9648790Z env:
phase2-sync-property	Run exact Phase 2 lane	2026-09-14T16:29:14.9648968Z   KEEPLING_PHASE2_SEED: 20260901
phase2-sync-property	Run exact Phase 2 lane	2026-09-14T16:29:14.9649278Z   KEEPLING_FLAKE_POLICY: no-retry; quarantine-requires-owner-issue-expiry
phase2-sync-property	Run exact Phase 2 lane	2026-09-14T16:29:14.9649597Z ##[endgroup]
phase2-sync-property	Run exact Phase 2 lane	2026-09-14T16:29:17.2452039Z Runtime preflight passed: Elixir 1.20.2, OTP 29.0.5, PostgreSQL 18.6
phase2-sync-property	Run exact Phase 2 lane	2026-09-14T16:29:17.4348440Z lane=sync-property status=RUNNING command=mix test test/keepling/application/sync test/keepling/adapters/postgres/sync_feed_test.exs cases=20 seed=20260901 inputs_sha256=61b3304932f2e61b1e63d0aba457f7ca896bbd91259e8c4e670378597cdb9b32
phase2-sync-property	Run exact Phase 2 lane	2026-09-14T16:29:19.5755566Z lane=sync-property status=PASS command=mix test test/keepling/application/sync test/keepling/adapters/postgres/sync_feed_test.exs cases=20 seed=20260901 elapsed_ms=2141 inputs_sha256=61b3304932f2e61b1e63d0aba457f7ca896bbd91259e8c4e670378597cdb9b32
phase2-sync-property	Run exact Phase 2 lane	2026-09-14T16:29:20.2172479Z Privacy verification passed: artifacts=1 sentinels=7
phase2-sync-property	Run actions/upload-artifact@ea165f8d65b6e75b540449e92b4886f43607fa02	﻿2026-09-14T16:29:20.2227085Z Node 20 is being deprecated. This workflow is running with Node 24 by default. If you need to temporarily use Node 20, you can set the ACTIONS_ALLOW_USE_UNSECURE_NODE_VERSION=true environment variable. For more information see: https://github.blog/changelog/2025-09-19-deprecation-of-node-20-on-github-actions-runners/
phase2-sync-property	Run actions/upload-artifact@ea165f8d65b6e75b540449e92b4886f43607fa02	2026-09-14T16:29:20.2228154Z ##[group]Run actions/upload-artifact@ea165f8d65b6e75b540449e92b4886f43607fa02
phase2-sync-property	Run actions/upload-artifact@ea165f8d65b6e75b540449e92b4886f43607fa02	2026-09-14T16:29:20.2228461Z with:
phase2-sync-property	Run actions/upload-artifact@ea165f8d65b6e75b540449e92b4886f43607fa02	2026-09-14T16:29:20.2228648Z   name: phase2-sync-property-timing
phase2-sync-property	Run actions/upload-artifact@ea165f8d65b6e75b540449e92b4886f43607fa02	2026-09-14T16:29:20.2228896Z   path: /home/runner/work/_temp/sync-property.txt
phase2-sync-property	Run actions/upload-artifact@ea165f8d65b6e75b540449e92b4886f43607fa02	2026-09-14T16:29:20.2229155Z   if-no-files-found: error
phase2-sync-property	Run actions/upload-artifact@ea165f8d65b6e75b540449e92b4886f43607fa02	2026-09-14T16:29:20.2229351Z   retention-days: 14
phase2-sync-property	Run actions/upload-artifact@ea165f8d65b6e75b540449e92b4886f43607fa02	2026-09-14T16:29:20.2229534Z   compression-level: 6
phase2-sync-property	Run actions/upload-artifact@ea165f8d65b6e75b540449e92b4886f43607fa02	2026-09-14T16:29:20.2229726Z   overwrite: false
phase2-sync-property	Run actions/upload-artifact@ea165f8d65b6e75b540449e92b4886f43607fa02	2026-09-14T16:29:20.2229910Z   include-hidden-files: false
phase2-sync-property	Run actions/upload-artifact@ea165f8d65b6e75b540449e92b4886f43607fa02	2026-09-14T16:29:20.2230102Z env:
phase2-sync-property	Run actions/upload-artifact@ea165f8d65b6e75b540449e92b4886f43607fa02	2026-09-14T16:29:20.2230274Z   KEEPLING_PHASE2_SEED: 20260901
phase2-sync-property	Run actions/upload-artifact@ea165f8d65b6e75b540449e92b4886f43607fa02	2026-09-14T16:29:20.2230570Z   KEEPLING_FLAKE_POLICY: no-retry; quarantine-requires-owner-issue-expiry
phase2-sync-property	Run actions/upload-artifact@ea165f8d65b6e75b540449e92b4886f43607fa02	2026-09-14T16:29:20.2230904Z ##[endgroup]
phase2-sync-property	Run actions/upload-artifact@ea165f8d65b6e75b540449e92b4886f43607fa02	2026-09-14T16:29:20.3742135Z (node:5684) [DEP0040] DeprecationWarning: The `punycode` module is deprecated. Please use a userland alternative instead.
phase2-sync-property	Run actions/upload-artifact@ea165f8d65b6e75b540449e92b4886f43607fa02	2026-09-14T16:29:20.3743013Z (Use `node --trace-deprecation ...` to show where the warning was created)
phase2-sync-property	Run actions/upload-artifact@ea165f8d65b6e75b540449e92b4886f43607fa02	2026-09-14T16:29:20.3782863Z With the provided path, there will be 1 file uploaded
phase2-sync-property	Run actions/upload-artifact@ea165f8d65b6e75b540449e92b4886f43607fa02	2026-09-14T16:29:20.3786879Z Artifact name is valid!
phase2-sync-property	Run actions/upload-artifact@ea165f8d65b6e75b540449e92b4886f43607fa02	2026-09-14T16:29:20.3787395Z Root directory input is valid!
phase2-sync-property	Run actions/upload-artifact@ea165f8d65b6e75b540449e92b4886f43607fa02	2026-09-14T16:29:20.6941970Z Beginning upload of artifact content to blob storage
phase2-sync-property	Run actions/upload-artifact@ea165f8d65b6e75b540449e92b4886f43607fa02	2026-09-14T16:29:20.7083229Z (node:5684) [DEP0169] DeprecationWarning: `url.parse()` behavior is not standardized and prone to errors that have security implications. Use the WHATWG URL API instead. CVEs are not issued for `url.parse()` vulnerabilities.
phase2-sync-property	Run actions/upload-artifact@ea165f8d65b6e75b540449e92b4886f43607fa02	2026-09-14T16:29:20.9105251Z Uploaded bytes 406
phase2-sync-property	Run actions/upload-artifact@ea165f8d65b6e75b540449e92b4886f43607fa02	2026-09-14T16:29:20.9666154Z Finished uploading artifact content to blob storage!
phase2-sync-property	Run actions/upload-artifact@ea165f8d65b6e75b540449e92b4886f43607fa02	2026-09-14T16:29:20.9673453Z SHA256 digest of uploaded artifact zip is f18deff48135f38af3e5bbc75b46a155937710541abc12dbbc8949283f2fb56d
phase2-sync-property	Run actions/upload-artifact@ea165f8d65b6e75b540449e92b4886f43607fa02	2026-09-14T16:29:20.9675553Z Finalizing artifact upload
phase2-sync-property	Run actions/upload-artifact@ea165f8d65b6e75b540449e92b4886f43607fa02	2026-09-14T16:29:21.2077523Z Artifact phase2-sync-property-timing.zip successfully finalized. Artifact ID 10358027155
phase2-sync-property	Run actions/upload-artifact@ea165f8d65b6e75b540449e92b4886f43607fa02	2026-09-14T16:29:21.2078690Z Artifact phase2-sync-property-timing has been successfully uploaded! Final size is 406 bytes. Artifact ID is 10358027155
phase2-sync-property	Run actions/upload-artifact@ea165f8d65b6e75b540449e92b4886f43607fa02	2026-09-14T16:29:21.2083410Z Artifact download URL: https://github.com/szTheory/keepling/actions/runs/34868832053/artifacts/10358027155
phase2-sync-property	Post Run actions/cache@0400d5f644dc74513175e3cd8d07132dd4860809	﻿2026-09-14T16:29:21.2720888Z Node 20 is being deprecated. This workflow is running with Node 24 by default. If you need to temporarily use Node 20, you can set the ACTIONS_ALLOW_USE_UNSECURE_NODE_VERSION=true environment variable. For more information see: https://github.blog/changelog/2025-09-19-deprecation-of-node-20-on-github-actions-runners/
phase2-sync-property	Post Run actions/cache@0400d5f644dc74513175e3cd8d07132dd4860809	2026-09-14T16:29:21.2721881Z Post job cleanup.
phase2-sync-property	Post Run actions/cache@0400d5f644dc74513175e3cd8d07132dd4860809	2026-09-14T16:29:21.3673549Z Cache hit occurred on the primary key phase2-Linux-sync-property-45b3b35ef45f5d65ae586b2b25dfb93049c099ec9870f23270bda4b35fe975d3, not saving cache.
phase2-sync-property	Post Run actions/cache@0400d5f644dc74513175e3cd8d07132dd4860809	2026-09-14T16:29:21.3675119Z (node:5709) [DEP0040] DeprecationWarning: The `punycode` module is deprecated. Please use a userland alternative instead.
phase2-sync-property	Post Run actions/cache@0400d5f644dc74513175e3cd8d07132dd4860809	2026-09-14T16:29:21.3676039Z (Use `node --trace-deprecation ...` to show where the warning was created)
phase2-sync-property	Post Run actions/setup-node@49933ea5288caeca8642d1e84afbd3f7d6820020	﻿2026-09-14T16:29:21.3776577Z Node 20 is being deprecated. This workflow is running with Node 24 by default. If you need to temporarily use Node 20, you can set the ACTIONS_ALLOW_USE_UNSECURE_NODE_VERSION=true environment variable. For more information see: https://github.blog/changelog/2025-09-19-deprecation-of-node-20-on-github-actions-runners/
phase2-sync-property	Post Run actions/setup-node@49933ea5288caeca8642d1e84afbd3f7d6820020	2026-09-14T16:29:21.3777526Z Post job cleanup.
phase2-sync-property	Post Run actions/setup-node@49933ea5288caeca8642d1e84afbd3f7d6820020	2026-09-14T16:29:21.4799232Z (node:5717) [DEP0040] DeprecationWarning: The `punycode` module is deprecated. Please use a userland alternative instead.
phase2-sync-property	Post Run actions/setup-node@49933ea5288caeca8642d1e84afbd3f7d6820020	2026-09-14T16:29:21.4799922Z (Use `node --trace-deprecation ...` to show where the warning was created)
phase2-sync-property	Post Run actions/checkout@34e114876b0b11c390a56381ad16ebd13914f8d5	﻿2026-09-14T16:29:21.4950261Z Node 20 is being deprecated. This workflow is running with Node 24 by default. If you need to temporarily use Node 20, you can set the ACTIONS_ALLOW_USE_UNSECURE_NODE_VERSION=true environment variable. For more information see: https://github.blog/changelog/2025-09-19-deprecation-of-node-20-on-github-actions-runners/
phase2-sync-property	Post Run actions/checkout@34e114876b0b11c390a56381ad16ebd13914f8d5	2026-09-14T16:29:21.4951202Z Post job cleanup.
phase2-sync-property	Post Run actions/checkout@34e114876b0b11c390a56381ad16ebd13914f8d5	2026-09-14T16:29:21.5677133Z [command]/usr/bin/git version
phase2-sync-property	Post Run actions/checkout@34e114876b0b11c390a56381ad16ebd13914f8d5	2026-09-14T16:29:21.5709160Z git version 2.55.0
phase2-sync-property	Post Run actions/checkout@34e114876b0b11c390a56381ad16ebd13914f8d5	2026-09-14T16:29:21.5739158Z Temporarily overriding HOME='/home/runner/work/_temp/2da88cb0-0574-4efd-ae9e-3a4fb1f44638' before making global git config changes
phase2-sync-property	Post Run actions/checkout@34e114876b0b11c390a56381ad16ebd13914f8d5	2026-09-14T16:29:21.5740307Z Adding repository directory to the temporary git global config as a safe directory
phase2-sync-property	Post Run actions/checkout@34e114876b0b11c390a56381ad16ebd13914f8d5	2026-09-14T16:29:21.5744300Z [command]/usr/bin/git config --global --add safe.directory /home/runner/work/keepling/keepling
phase2-sync-property	Post Run actions/checkout@34e114876b0b11c390a56381ad16ebd13914f8d5	2026-09-14T16:29:21.5780536Z [command]/usr/bin/git config --local --name-only --get-regexp core\.sshCommand
phase2-sync-property	Post Run actions/checkout@34e114876b0b11c390a56381ad16ebd13914f8d5	2026-09-14T16:29:21.5812762Z [command]/usr/bin/git submodule foreach --recursive sh -c "git config --local --name-only --get-regexp 'core\.sshCommand' && git config --local --unset-all 'core.sshCommand' || :"
phase2-sync-property	Post Run actions/checkout@34e114876b0b11c390a56381ad16ebd13914f8d5	2026-09-14T16:29:21.6011865Z [command]/usr/bin/git config --local --name-only --get-regexp http\.https\:\/\/github\.com\/\.extraheader
phase2-sync-property	Post Run actions/checkout@34e114876b0b11c390a56381ad16ebd13914f8d5	2026-09-14T16:29:21.6037077Z http.https://github.com/.extraheader
phase2-sync-property	Post Run actions/checkout@34e114876b0b11c390a56381ad16ebd13914f8d5	2026-09-14T16:29:21.6047417Z [command]/usr/bin/git config --local --unset-all http.https://github.com/.extraheader
phase2-sync-property	Post Run actions/checkout@34e114876b0b11c390a56381ad16ebd13914f8d5	2026-09-14T16:29:21.6077765Z [command]/usr/bin/git submodule foreach --recursive sh -c "git config --local --name-only --get-regexp 'http\.https\:\/\/github\.com\/\.extraheader' && git config --local --unset-all 'http.https://github.com/.extraheader' || :"
phase2-sync-property	Post Run actions/checkout@34e114876b0b11c390a56381ad16ebd13914f8d5	2026-09-14T16:29:21.6284454Z [command]/usr/bin/git config --local --name-only --get-regexp ^includeIf\.gitdir:
phase2-sync-property	Post Run actions/checkout@34e114876b0b11c390a56381ad16ebd13914f8d5	2026-09-14T16:29:21.6317702Z [command]/usr/bin/git submodule foreach --recursive git config --local --show-origin --name-only --get-regexp remote.origin.url
phase2-sync-property	Complete job	﻿2026-09-14T16:29:21.6670967Z Cleaning up orphan processes
phase2-sync-property	Complete job	2026-09-14T16:29:21.6989280Z ##[warning]Node.js 20 is deprecated. The following actions target Node.js 20 but are being forced to run on Node.js 24: actions/cache@0400d5f644dc74513175e3cd8d07132dd4860809, actions/checkout@34e114876b0b11c390a56381ad16ebd13914f8d5, actions/setup-node@49933ea5288caeca8642d1e84afbd3f7d6820020, actions/upload-artifact@ea165f8d65b6e75b540449e92b4886f43607fa02. For more information see: https://github.blog/changelog/2025-09-19-deprecation-of-node-20-on-github-actions-runners/
ci-contract	Set up job	﻿2026-09-14T16:28:33.2834742Z Current runner version: '2.337.0'
ci-contract	Set up job	2026-09-14T16:28:33.2871304Z ##[group]Runner Image Provisioner
ci-contract	Set up job	2026-09-14T16:28:33.2872994Z Hosted Compute Agent
ci-contract	Set up job	2026-09-14T16:28:33.2874203Z Version: 20260828.587
ci-contract	Set up job	2026-09-14T16:28:33.2875361Z Commit: abac92662cab4cc7352de4f9f9d2e2419aad9c29
ci-contract	Set up job	2026-09-14T16:28:33.2876842Z Build Date: 2026-08-28T16:44:25Z
ci-contract	Set up job	2026-09-14T16:28:33.2878094Z Worker ID: {69b4884e-148a-49e6-9ea1-4504faa53bd8}
ci-contract	Set up job	2026-09-14T16:28:33.2880099Z Azure Region: eastus
ci-contract	Set up job	2026-09-14T16:28:33.2881208Z ##[endgroup]
ci-contract	Set up job	2026-09-14T16:28:33.2884067Z ##[group]Operating System
ci-contract	Set up job	2026-09-14T16:28:33.2885355Z Ubuntu
ci-contract	Set up job	2026-09-14T16:28:33.2886378Z 24.04.5
ci-contract	Set up job	2026-09-14T16:28:33.2887425Z LTS
ci-contract	Set up job	2026-09-14T16:28:33.2888396Z ##[endgroup]
ci-contract	Set up job	2026-09-14T16:28:33.2889347Z ##[group]Runner Image
ci-contract	Set up job	2026-09-14T16:28:33.2890637Z Image: ubuntu-24.04
ci-contract	Set up job	2026-09-14T16:28:33.2891648Z Version: 20260907.300.1
ci-contract	Set up job	2026-09-14T16:28:33.2893916Z Included Software: https://github.com/actions/runner-images/blob/ubuntu24/20260907.300/images/ubuntu/Ubuntu2404-Readme.md
ci-contract	Set up job	2026-09-14T16:28:33.2897062Z Image Release: https://github.com/actions/runner-images/releases/tag/ubuntu24%2F20260907.300
ci-contract	Set up job	2026-09-14T16:28:33.2898778Z ##[endgroup]
ci-contract	Set up job	2026-09-14T16:28:33.2900729Z ##[group]GITHUB_TOKEN Permissions
ci-contract	Set up job	2026-09-14T16:28:33.2903859Z Contents: read
ci-contract	Set up job	2026-09-14T16:28:33.2904993Z Metadata: read
ci-contract	Set up job	2026-09-14T16:28:33.2906068Z ##[endgroup]
ci-contract	Set up job	2026-09-14T16:28:33.2909050Z Secret source: Actions
ci-contract	Set up job	2026-09-14T16:28:33.2910951Z Cache mode: write
ci-contract	Set up job	2026-09-14T16:28:33.2912470Z Prepare workflow directory
ci-contract	Set up job	2026-09-14T16:28:33.3480917Z Prepare all required actions
ci-contract	Set up job	2026-09-14T16:28:33.3553049Z Getting action download info
ci-contract	Set up job	2026-09-14T16:28:33.5239926Z Download action repository 'actions/checkout@34e114876b0b11c390a56381ad16ebd13914f8d5' (SHA:34e114876b0b11c390a56381ad16ebd13914f8d5)
ci-contract	Set up job	2026-09-14T16:28:33.6591832Z Download action repository 'actions/setup-node@49933ea5288caeca8642d1e84afbd3f7d6820020' (SHA:49933ea5288caeca8642d1e84afbd3f7d6820020)
ci-contract	Set up job	2026-09-14T16:28:33.8441765Z Complete job name: ci-contract
ci-contract	Run actions/checkout@34e114876b0b11c390a56381ad16ebd13914f8d5	﻿2026-09-14T16:28:33.9187803Z Node 20 is being deprecated. This workflow is running with Node 24 by default. If you need to temporarily use Node 20, you can set the ACTIONS_ALLOW_USE_UNSECURE_NODE_VERSION=true environment variable. For more information see: https://github.blog/changelog/2025-09-19-deprecation-of-node-20-on-github-actions-runners/
ci-contract	Run actions/checkout@34e114876b0b11c390a56381ad16ebd13914f8d5	2026-09-14T16:28:33.9196561Z ##[group]Run actions/checkout@34e114876b0b11c390a56381ad16ebd13914f8d5
ci-contract	Run actions/checkout@34e114876b0b11c390a56381ad16ebd13914f8d5	2026-09-14T16:28:33.9197518Z with:
ci-contract	Run actions/checkout@34e114876b0b11c390a56381ad16ebd13914f8d5	2026-09-14T16:28:33.9197987Z   repository: szTheory/keepling
ci-contract	Run actions/checkout@34e114876b0b11c390a56381ad16ebd13914f8d5	2026-09-14T16:28:33.9201825Z   token: ***
ci-contract	Run actions/checkout@34e114876b0b11c390a56381ad16ebd13914f8d5	2026-09-14T16:28:33.9202278Z   ssh-strict: true
ci-contract	Run actions/checkout@34e114876b0b11c390a56381ad16ebd13914f8d5	2026-09-14T16:28:33.9202963Z   ssh-user: git
ci-contract	Run actions/checkout@34e114876b0b11c390a56381ad16ebd13914f8d5	2026-09-14T16:28:33.9203430Z   persist-credentials: true
ci-contract	Run actions/checkout@34e114876b0b11c390a56381ad16ebd13914f8d5	2026-09-14T16:28:33.9203924Z   clean: true
ci-contract	Run actions/checkout@34e114876b0b11c390a56381ad16ebd13914f8d5	2026-09-14T16:28:33.9204376Z   sparse-checkout-cone-mode: true
ci-contract	Run actions/checkout@34e114876b0b11c390a56381ad16ebd13914f8d5	2026-09-14T16:28:33.9204914Z   fetch-depth: 1
ci-contract	Run actions/checkout@34e114876b0b11c390a56381ad16ebd13914f8d5	2026-09-14T16:28:33.9205353Z   fetch-tags: false
ci-contract	Run actions/checkout@34e114876b0b11c390a56381ad16ebd13914f8d5	2026-09-14T16:28:33.9205809Z   show-progress: true
ci-contract	Run actions/checkout@34e114876b0b11c390a56381ad16ebd13914f8d5	2026-09-14T16:28:33.9206435Z   lfs: false
ci-contract	Run actions/checkout@34e114876b0b11c390a56381ad16ebd13914f8d5	2026-09-14T16:28:33.9206992Z   submodules: false
ci-contract	Run actions/checkout@34e114876b0b11c390a56381ad16ebd13914f8d5	2026-09-14T16:28:33.9207448Z   set-safe-directory: true
ci-contract	Run actions/checkout@34e114876b0b11c390a56381ad16ebd13914f8d5	2026-09-14T16:28:33.9208215Z env:
ci-contract	Run actions/checkout@34e114876b0b11c390a56381ad16ebd13914f8d5	2026-09-14T16:28:33.9208661Z   KEEPLING_PHASE2_SEED: 20260901
ci-contract	Run actions/checkout@34e114876b0b11c390a56381ad16ebd13914f8d5	2026-09-14T16:28:33.9209394Z   KEEPLING_FLAKE_POLICY: no-retry; quarantine-requires-owner-issue-expiry
ci-contract	Run actions/checkout@34e114876b0b11c390a56381ad16ebd13914f8d5	2026-09-14T16:28:33.9210153Z ##[endgroup]
ci-contract	Run actions/checkout@34e114876b0b11c390a56381ad16ebd13914f8d5	2026-09-14T16:28:34.0187634Z Syncing repository: szTheory/keepling
ci-contract	Run actions/checkout@34e114876b0b11c390a56381ad16ebd13914f8d5	2026-09-14T16:28:34.0189546Z ##[group]Getting Git version info
ci-contract	Run actions/checkout@34e114876b0b11c390a56381ad16ebd13914f8d5	2026-09-14T16:28:34.0190366Z Working directory is '/home/runner/work/keepling/keepling'
ci-contract	Run actions/checkout@34e114876b0b11c390a56381ad16ebd13914f8d5	2026-09-14T16:28:34.0191388Z [command]/usr/bin/git version
ci-contract	Run actions/checkout@34e114876b0b11c390a56381ad16ebd13914f8d5	2026-09-14T16:28:34.0279534Z git version 2.55.0
ci-contract	Run actions/checkout@34e114876b0b11c390a56381ad16ebd13914f8d5	2026-09-14T16:28:34.0299547Z ##[endgroup]
ci-contract	Run actions/checkout@34e114876b0b11c390a56381ad16ebd13914f8d5	2026-09-14T16:28:34.0313416Z Temporarily overriding HOME='/home/runner/work/_temp/b3069643-4e37-4185-ad38-a7d79814f681' before making global git config changes
ci-contract	Run actions/checkout@34e114876b0b11c390a56381ad16ebd13914f8d5	2026-09-14T16:28:34.0315366Z Adding repository directory to the temporary git global config as a safe directory
ci-contract	Run actions/checkout@34e114876b0b11c390a56381ad16ebd13914f8d5	2026-09-14T16:28:34.0318634Z [command]/usr/bin/git config --global --add safe.directory /home/runner/work/keepling/keepling
ci-contract	Run actions/checkout@34e114876b0b11c390a56381ad16ebd13914f8d5	2026-09-14T16:28:34.0368777Z Deleting the contents of '/home/runner/work/keepling/keepling'
ci-contract	Run actions/checkout@34e114876b0b11c390a56381ad16ebd13914f8d5	2026-09-14T16:28:34.0372917Z ##[group]Initializing the repository
ci-contract	Run actions/checkout@34e114876b0b11c390a56381ad16ebd13914f8d5	2026-09-14T16:28:34.0377899Z [command]/usr/bin/git init /home/runner/work/keepling/keepling
ci-contract	Run actions/checkout@34e114876b0b11c390a56381ad16ebd13914f8d5	2026-09-14T16:28:34.0504509Z hint: Using 'master' as the name for the initial branch. This default branch name
ci-contract	Run actions/checkout@34e114876b0b11c390a56381ad16ebd13914f8d5	2026-09-14T16:28:34.0506559Z hint: will change to "main" in Git 3.0. To configure the initial branch name
ci-contract	Run actions/checkout@34e114876b0b11c390a56381ad16ebd13914f8d5	2026-09-14T16:28:34.0508657Z hint: to use in all of your new repositories, which will suppress this warning,
ci-contract	Run actions/checkout@34e114876b0b11c390a56381ad16ebd13914f8d5	2026-09-14T16:28:34.0510749Z hint: call:
ci-contract	Run actions/checkout@34e114876b0b11c390a56381ad16ebd13914f8d5	2026-09-14T16:28:34.0511972Z hint:
ci-contract	Run actions/checkout@34e114876b0b11c390a56381ad16ebd13914f8d5	2026-09-14T16:28:34.0513599Z hint: 	git config --global init.defaultBranch <name>
ci-contract	Run actions/checkout@34e114876b0b11c390a56381ad16ebd13914f8d5	2026-09-14T16:28:34.0515290Z hint:
ci-contract	Run actions/checkout@34e114876b0b11c390a56381ad16ebd13914f8d5	2026-09-14T16:28:34.0516392Z hint: Names commonly chosen instead of 'master' are 'main', 'trunk' and
ci-contract	Run actions/checkout@34e114876b0b11c390a56381ad16ebd13914f8d5	2026-09-14T16:28:34.0518042Z hint: 'development'. The just-created branch can be renamed via this command:
ci-contract	Run actions/checkout@34e114876b0b11c390a56381ad16ebd13914f8d5	2026-09-14T16:28:34.0519413Z hint:
ci-contract	Run actions/checkout@34e114876b0b11c390a56381ad16ebd13914f8d5	2026-09-14T16:28:34.0520233Z hint: 	git branch -m <name>
ci-contract	Run actions/checkout@34e114876b0b11c390a56381ad16ebd13914f8d5	2026-09-14T16:28:34.0521346Z hint:
ci-contract	Run actions/checkout@34e114876b0b11c390a56381ad16ebd13914f8d5	2026-09-14T16:28:34.0522548Z hint: Disable this message with "git config set advice.defaultBranchName false"
ci-contract	Run actions/checkout@34e114876b0b11c390a56381ad16ebd13914f8d5	2026-09-14T16:28:34.0524638Z Initialized empty Git repository in /home/runner/work/keepling/keepling/.git/
ci-contract	Run actions/checkout@34e114876b0b11c390a56381ad16ebd13914f8d5	2026-09-14T16:28:34.0527336Z [command]/usr/bin/git remote add origin https://github.com/szTheory/keepling
ci-contract	Run actions/checkout@34e114876b0b11c390a56381ad16ebd13914f8d5	2026-09-14T16:28:34.0573755Z ##[endgroup]
ci-contract	Run actions/checkout@34e114876b0b11c390a56381ad16ebd13914f8d5	2026-09-14T16:28:34.0575453Z ##[group]Disabling automatic garbage collection
ci-contract	Run actions/checkout@34e114876b0b11c390a56381ad16ebd13914f8d5	2026-09-14T16:28:34.0577295Z [command]/usr/bin/git config --local gc.auto 0
ci-contract	Run actions/checkout@34e114876b0b11c390a56381ad16ebd13914f8d5	2026-09-14T16:28:34.0606337Z ##[endgroup]
ci-contract	Run actions/checkout@34e114876b0b11c390a56381ad16ebd13914f8d5	2026-09-14T16:28:34.0607161Z ##[group]Setting up auth
ci-contract	Run actions/checkout@34e114876b0b11c390a56381ad16ebd13914f8d5	2026-09-14T16:28:34.0612767Z [command]/usr/bin/git config --local --name-only --get-regexp core\.sshCommand
ci-contract	Run actions/checkout@34e114876b0b11c390a56381ad16ebd13914f8d5	2026-09-14T16:28:34.0643745Z [command]/usr/bin/git submodule foreach --recursive sh -c "git config --local --name-only --get-regexp 'core\.sshCommand' && git config --local --unset-all 'core.sshCommand' || :"
ci-contract	Run actions/checkout@34e114876b0b11c390a56381ad16ebd13914f8d5	2026-09-14T16:28:34.1028728Z [command]/usr/bin/git config --local --name-only --get-regexp http\.https\:\/\/github\.com\/\.extraheader
ci-contract	Run actions/checkout@34e114876b0b11c390a56381ad16ebd13914f8d5	2026-09-14T16:28:34.1060147Z [command]/usr/bin/git submodule foreach --recursive sh -c "git config --local --name-only --get-regexp 'http\.https\:\/\/github\.com\/\.extraheader' && git config --local --unset-all 'http.https://github.com/.extraheader' || :"
ci-contract	Run actions/checkout@34e114876b0b11c390a56381ad16ebd13914f8d5	2026-09-14T16:28:34.1275539Z [command]/usr/bin/git config --local --name-only --get-regexp ^includeIf\.gitdir:
ci-contract	Run actions/checkout@34e114876b0b11c390a56381ad16ebd13914f8d5	2026-09-14T16:28:34.1305331Z [command]/usr/bin/git submodule foreach --recursive git config --local --show-origin --name-only --get-regexp remote.origin.url
ci-contract	Run actions/checkout@34e114876b0b11c390a56381ad16ebd13914f8d5	2026-09-14T16:28:34.1519364Z [command]/usr/bin/git config --local http.https://github.com/.extraheader AUTHORIZATION: basic ***
ci-contract	Run actions/checkout@34e114876b0b11c390a56381ad16ebd13914f8d5	2026-09-14T16:28:34.1553330Z ##[endgroup]
ci-contract	Run actions/checkout@34e114876b0b11c390a56381ad16ebd13914f8d5	2026-09-14T16:28:34.1554307Z ##[group]Fetching the repository
ci-contract	Run actions/checkout@34e114876b0b11c390a56381ad16ebd13914f8d5	2026-09-14T16:28:34.1562581Z [command]/usr/bin/git -c protocol.version=2 fetch --no-tags --prune --no-recurse-submodules --depth=1 origin +4f5954104c839dbec57188607829fdc7b975e0cc:refs/remotes/origin/main
ci-contract	Run actions/checkout@34e114876b0b11c390a56381ad16ebd13914f8d5	2026-09-14T16:28:35.3398943Z From https://github.com/szTheory/keepling
ci-contract	Run actions/checkout@34e114876b0b11c390a56381ad16ebd13914f8d5	2026-09-14T16:28:35.3425090Z  * [new ref]         4f5954104c839dbec57188607829fdc7b975e0cc -> origin/main
ci-contract	Run actions/checkout@34e114876b0b11c390a56381ad16ebd13914f8d5	2026-09-14T16:28:35.3446295Z ##[endgroup]
ci-contract	Run actions/checkout@34e114876b0b11c390a56381ad16ebd13914f8d5	2026-09-14T16:28:35.3447177Z ##[group]Determining the checkout info
ci-contract	Run actions/checkout@34e114876b0b11c390a56381ad16ebd13914f8d5	2026-09-14T16:28:35.3448085Z ##[endgroup]
ci-contract	Run actions/checkout@34e114876b0b11c390a56381ad16ebd13914f8d5	2026-09-14T16:28:35.3448937Z [command]/usr/bin/git sparse-checkout disable
ci-contract	Run actions/checkout@34e114876b0b11c390a56381ad16ebd13914f8d5	2026-09-14T16:28:35.3470959Z [command]/usr/bin/git config --local --unset-all extensions.worktreeConfig
ci-contract	Run actions/checkout@34e114876b0b11c390a56381ad16ebd13914f8d5	2026-09-14T16:28:35.3501495Z ##[group]Checking out the ref
ci-contract	Run actions/checkout@34e114876b0b11c390a56381ad16ebd13914f8d5	2026-09-14T16:28:35.3506760Z [command]/usr/bin/git checkout --progress --force -B main refs/remotes/origin/main
ci-contract	Run actions/checkout@34e114876b0b11c390a56381ad16ebd13914f8d5	2026-09-14T16:28:35.4977028Z Switched to a new branch 'main'
ci-contract	Run actions/checkout@34e114876b0b11c390a56381ad16ebd13914f8d5	2026-09-14T16:28:35.4982973Z branch 'main' set up to track 'origin/main'.
ci-contract	Run actions/checkout@34e114876b0b11c390a56381ad16ebd13914f8d5	2026-09-14T16:28:35.4996861Z ##[endgroup]
ci-contract	Run actions/checkout@34e114876b0b11c390a56381ad16ebd13914f8d5	2026-09-14T16:28:35.5039313Z [command]/usr/bin/git log -1 --format=%H
ci-contract	Run actions/checkout@34e114876b0b11c390a56381ad16ebd13914f8d5	2026-09-14T16:28:35.5063298Z 4f5954104c839dbec57188607829fdc7b975e0cc
ci-contract	Run actions/setup-node@49933ea5288caeca8642d1e84afbd3f7d6820020	﻿2026-09-14T16:28:35.5445116Z Node 20 is being deprecated. This workflow is running with Node 24 by default. If you need to temporarily use Node 20, you can set the ACTIONS_ALLOW_USE_UNSECURE_NODE_VERSION=true environment variable. For more information see: https://github.blog/changelog/2025-09-19-deprecation-of-node-20-on-github-actions-runners/
ci-contract	Run actions/setup-node@49933ea5288caeca8642d1e84afbd3f7d6820020	2026-09-14T16:28:35.5451463Z ##[group]Run actions/setup-node@49933ea5288caeca8642d1e84afbd3f7d6820020
ci-contract	Run actions/setup-node@49933ea5288caeca8642d1e84afbd3f7d6820020	2026-09-14T16:28:35.5453467Z with:
ci-contract	Run actions/setup-node@49933ea5288caeca8642d1e84afbd3f7d6820020	2026-09-14T16:28:35.5454449Z   node-version: 24.7.0
ci-contract	Run actions/setup-node@49933ea5288caeca8642d1e84afbd3f7d6820020	2026-09-14T16:28:35.5455548Z   always-auth: false
ci-contract	Run actions/setup-node@49933ea5288caeca8642d1e84afbd3f7d6820020	2026-09-14T16:28:35.5456632Z   check-latest: false
ci-contract	Run actions/setup-node@49933ea5288caeca8642d1e84afbd3f7d6820020	2026-09-14T16:28:35.5466927Z   token: ***
ci-contract	Run actions/setup-node@49933ea5288caeca8642d1e84afbd3f7d6820020	2026-09-14T16:28:35.5467929Z env:
ci-contract	Run actions/setup-node@49933ea5288caeca8642d1e84afbd3f7d6820020	2026-09-14T16:28:35.5468880Z   KEEPLING_PHASE2_SEED: 20260901
ci-contract	Run actions/setup-node@49933ea5288caeca8642d1e84afbd3f7d6820020	2026-09-14T16:28:35.5470612Z   KEEPLING_FLAKE_POLICY: no-retry; quarantine-requires-owner-issue-expiry
ci-contract	Run actions/setup-node@49933ea5288caeca8642d1e84afbd3f7d6820020	2026-09-14T16:28:35.5472385Z ##[endgroup]
ci-contract	Run actions/setup-node@49933ea5288caeca8642d1e84afbd3f7d6820020	2026-09-14T16:28:35.6862862Z Attempting to download 24.7.0...
ci-contract	Run actions/setup-node@49933ea5288caeca8642d1e84afbd3f7d6820020	2026-09-14T16:28:35.6968975Z (node:2256) [DEP0040] DeprecationWarning: The `punycode` module is deprecated. Please use a userland alternative instead.
ci-contract	Run actions/setup-node@49933ea5288caeca8642d1e84afbd3f7d6820020	2026-09-14T16:28:35.6973306Z (Use `node --trace-deprecation ...` to show where the warning was created)
ci-contract	Run actions/setup-node@49933ea5288caeca8642d1e84afbd3f7d6820020	2026-09-14T16:28:36.1929095Z Acquiring 24.7.0 - x64 from https://github.com/actions/node-versions/releases/download/24.7.0-17283839804/node-24.7.0-linux-x64.tar.gz
ci-contract	Run actions/setup-node@49933ea5288caeca8642d1e84afbd3f7d6820020	2026-09-14T16:28:36.6028408Z Extracting ...
ci-contract	Run actions/setup-node@49933ea5288caeca8642d1e84afbd3f7d6820020	2026-09-14T16:28:36.6154797Z [command]/usr/bin/tar xz --strip 1 --warning=no-unknown-keyword --overwrite -C /home/runner/work/_temp/db24dcb8-f740-4407-bceb-1607a43520aa -f /home/runner/work/_temp/6c665ea1-e42f-4e8e-ad65-d8bd4533b030
ci-contract	Run actions/setup-node@49933ea5288caeca8642d1e84afbd3f7d6820020	2026-09-14T16:28:37.9212204Z Adding to the cache ...
ci-contract	Run actions/setup-node@49933ea5288caeca8642d1e84afbd3f7d6820020	2026-09-14T16:28:40.3155904Z ##[group]Environment details
ci-contract	Run actions/setup-node@49933ea5288caeca8642d1e84afbd3f7d6820020	2026-09-14T16:28:40.5662856Z node: v24.7.0
ci-contract	Run actions/setup-node@49933ea5288caeca8642d1e84afbd3f7d6820020	2026-09-14T16:28:40.5663492Z npm: 11.5.1
ci-contract	Run actions/setup-node@49933ea5288caeca8642d1e84afbd3f7d6820020	2026-09-14T16:28:40.5665425Z yarn: 1.22.22
ci-contract	Run actions/setup-node@49933ea5288caeca8642d1e84afbd3f7d6820020	2026-09-14T16:28:40.5666236Z ##[endgroup]
ci-contract	Verify committed CI contract and lane inventory	﻿2026-09-14T16:28:40.5856003Z ##[group]Run ./tooling/check-ci-contract.mjs && ./tooling/test-phase-2.sh --list
ci-contract	Verify committed CI contract and lane inventory	2026-09-14T16:28:40.5856681Z ^[[36;1m./tooling/check-ci-contract.mjs && ./tooling/test-phase-2.sh --list^[[0m
ci-contract	Verify committed CI contract and lane inventory	2026-09-14T16:28:40.5898295Z shell: /usr/bin/bash -e {0}
ci-contract	Verify committed CI contract and lane inventory	2026-09-14T16:28:40.5898608Z env:
ci-contract	Verify committed CI contract and lane inventory	2026-09-14T16:28:40.5898841Z   KEEPLING_PHASE2_SEED: 20260901
ci-contract	Verify committed CI contract and lane inventory	2026-09-14T16:28:40.5899272Z   KEEPLING_FLAKE_POLICY: no-retry; quarantine-requires-owner-issue-expiry
ci-contract	Verify committed CI contract and lane inventory	2026-09-14T16:28:40.5899780Z ##[endgroup]
ci-contract	Verify committed CI contract and lane inventory	2026-09-14T16:28:40.7002129Z CI contract passed: lanes=9 pins=full-sha caches=exact scheduled=non-vacuous privacy_self_test=passed
ci-contract	Verify committed CI contract and lane inventory	2026-09-14T16:28:40.7075719Z repository-integrity       repository boundary checks
ci-contract	Verify committed CI contract and lane inventory	2026-09-14T16:28:40.7077134Z server                     complete ExUnit suite against disposable PostgreSQL
ci-contract	Verify committed CI contract and lane inventory	2026-09-14T16:28:40.7078753Z sync-property              seeded reference model and PostgreSQL feed tests
ci-contract	Verify committed CI contract and lane inventory	2026-09-14T16:28:40.7080344Z contracts-compatibility    generated contracts and current/previous skew matrix
ci-contract	Verify committed CI contract and lane inventory	2026-09-14T16:28:40.7081484Z image-compose-deploy       disposable OCI, Compose, migration, and retry proof
ci-contract	Verify committed CI contract and lane inventory	2026-09-14T16:28:40.7082418Z backup-restore             backup policy and three isolated restore fixtures
ci-contract	Verify committed CI contract and lane inventory	2026-09-14T16:28:40.7083733Z opentofu-host-fixtures     pinned provider graph and hermetic live-boundary regressions
ci-contract	Verify committed CI contract and lane inventory	2026-09-14T16:28:40.7084698Z privacy                    producer redaction tests and aggregate hostile scan
ci-contract	Verify committed CI contract and lane inventory	2026-09-14T16:28:40.7085721Z live-host-dns-acceptance   credentialed outer acceptance; runs only with every input present
ci-contract	Prove the release verifier still refuses a vanished lane and a locally bound lane	﻿2026-09-14T16:28:40.7123855Z ##[group]Run # NOTE: deliberately no `set -o pipefail` here. Each fixture makes the
ci-contract	Prove the release verifier still refuses a vanished lane and a locally bound lane	2026-09-14T16:28:40.7124554Z ^[[36;1m# NOTE: deliberately no `set -o pipefail` here. Each fixture makes the^[[0m
ci-contract	Prove the release verifier still refuses a vanished lane and a locally bound lane	2026-09-14T16:28:40.7125101Z ^[[36;1m# verifier exit non-zero ON PURPOSE -- that refusal IS the assertion.^[[0m
ci-contract	Prove the release verifier still refuses a vanished lane and a locally bound lane	2026-09-14T16:28:40.7125643Z ^[[36;1m# Piping it straight into grep under pipefail fails the step precisely^[[0m
ci-contract	Prove the release verifier still refuses a vanished lane and a locally bound lane	2026-09-14T16:28:40.7126406Z ^[[36;1m# WHEN THE GUARD WORKS, because the node exit status poisons the^[[0m
ci-contract	Prove the release verifier still refuses a vanished lane and a locally bound lane	2026-09-14T16:28:40.7126894Z ^[[36;1m# pipeline. Capture the output first, then assert against it.^[[0m
ci-contract	Prove the release verifier still refuses a vanished lane and a locally bound lane	2026-09-14T16:28:40.7127298Z ^[[36;1mset -u^[[0m
ci-contract	Prove the release verifier still refuses a vanished lane and a locally bound lane	2026-09-14T16:28:40.7127561Z ^[[36;1massert_refused() {^[[0m
ci-contract	Prove the release verifier still refuses a vanished lane and a locally bound lane	2026-09-14T16:28:40.7127812Z ^[[36;1m  fixture="$1"^[[0m
ci-contract	Prove the release verifier still refuses a vanished lane and a locally bound lane	2026-09-14T16:28:40.7128047Z ^[[36;1m  expected="$2"^[[0m
ci-contract	Prove the release verifier still refuses a vanished lane and a locally bound lane	2026-09-14T16:28:40.7128480Z ^[[36;1m  output="$(node tooling/verify-release.mjs --manifest "$fixture" --offline 2>&1)" && {^[[0m
ci-contract	Prove the release verifier still refuses a vanished lane and a locally bound lane	2026-09-14T16:28:40.7129074Z ^[[36;1m    echo "verify-release ACCEPTED $fixture; the guard is gone" >&2^[[0m
ci-contract	Prove the release verifier still refuses a vanished lane and a locally bound lane	2026-09-14T16:28:40.7129507Z ^[[36;1m    printf '%s\n' "$output" >&2^[[0m
ci-contract	Prove the release verifier still refuses a vanished lane and a locally bound lane	2026-09-14T16:28:40.7129789Z ^[[36;1m    exit 1^[[0m
ci-contract	Prove the release verifier still refuses a vanished lane and a locally bound lane	2026-09-14T16:28:40.7130001Z ^[[36;1m  }^[[0m
ci-contract	Prove the release verifier still refuses a vanished lane and a locally bound lane	2026-09-14T16:28:40.7130262Z ^[[36;1m  printf '%s\n' "$output" | grep -q "$expected" || {^[[0m
ci-contract	Prove the release verifier still refuses a vanished lane and a locally bound lane	2026-09-14T16:28:40.7130737Z ^[[36;1m    echo "verify-release refused $fixture but not for the stated reason:" >&2^[[0m
ci-contract	Prove the release verifier still refuses a vanished lane and a locally bound lane	2026-09-14T16:28:40.7131208Z ^[[36;1m    echo "  expected to find: $expected" >&2^[[0m
ci-contract	Prove the release verifier still refuses a vanished lane and a locally bound lane	2026-09-14T16:28:40.7131518Z ^[[36;1m    printf '%s\n' "$output" >&2^[[0m
ci-contract	Prove the release verifier still refuses a vanished lane and a locally bound lane	2026-09-14T16:28:40.7131785Z ^[[36;1m    exit 1^[[0m
ci-contract	Prove the release verifier still refuses a vanished lane and a locally bound lane	2026-09-14T16:28:40.7132002Z ^[[36;1m  }^[[0m
ci-contract	Prove the release verifier still refuses a vanished lane and a locally bound lane	2026-09-14T16:28:40.7132195Z ^[[36;1m}^[[0m
ci-contract	Prove the release verifier still refuses a vanished lane and a locally bound lane	2026-09-14T16:28:40.7132890Z ^[[36;1massert_refused tooling/fixtures/release-manifest.vanished-lane.json 'lane vanished from manifest'^[[0m
ci-contract	Prove the release verifier still refuses a vanished lane and a locally bound lane	2026-09-14T16:28:40.7134138Z ^[[36;1massert_refused tooling/fixtures/release-manifest.local-unattested.json 'nothing local may bind to locally built bytes'^[[0m
ci-contract	Prove the release verifier still refuses a vanished lane and a locally bound lane	2026-09-14T16:28:40.7135128Z ^[[36;1massert_refused tooling/fixtures/release-manifest.not-produced-artifact.json 'a lane cannot have tested bytes that were never built'^[[0m
ci-contract	Prove the release verifier still refuses a vanished lane and a locally bound lane	2026-09-14T16:28:40.7136075Z ^[[36;1massert_refused tooling/fixtures/release-manifest.dangling-evidence.json 'a digest naming nothing proves nothing'^[[0m
ci-contract	Prove the release verifier still refuses a vanished lane and a locally bound lane	2026-09-14T16:28:40.7137054Z ^[[36;1mecho 'release-verifier guards intact: vanished-lane=refused local-unattested=refused not-produced-artifact=refused dangling-evidence=refused'^[[0m
ci-contract	Prove the release verifier still refuses a vanished lane and a locally bound lane	2026-09-14T16:28:40.7173859Z shell: /usr/bin/bash -e {0}
ci-contract	Prove the release verifier still refuses a vanished lane and a locally bound lane	2026-09-14T16:28:40.7174135Z env:
ci-contract	Prove the release verifier still refuses a vanished lane and a locally bound lane	2026-09-14T16:28:40.7174346Z   KEEPLING_PHASE2_SEED: 20260901
ci-contract	Prove the release verifier still refuses a vanished lane and a locally bound lane	2026-09-14T16:28:40.7174738Z   KEEPLING_FLAKE_POLICY: no-retry; quarantine-requires-owner-issue-expiry
ci-contract	Prove the release verifier still refuses a vanished lane and a locally bound lane	2026-09-14T16:28:40.7175133Z ##[endgroup]
ci-contract	Prove the release verifier still refuses a vanished lane and a locally bound lane	2026-09-14T16:28:40.8745034Z release-verifier guards intact: vanished-lane=refused local-unattested=refused not-produced-artifact=refused dangling-evidence=refused
ci-contract	Report the committed release evidence that exists at this revision	﻿2026-09-14T16:28:40.8778963Z ##[group]Run set -o pipefail
ci-contract	Report the committed release evidence that exists at this revision	2026-09-14T16:28:40.8779328Z ^[[36;1mset -o pipefail^[[0m
ci-contract	Report the committed release evidence that exists at this revision	2026-09-14T16:28:40.8779691Z ^[[36;1mfor manifest in .planning/releases/*/release-manifest.json; do^[[0m
ci-contract	Report the committed release evidence that exists at this revision	2026-09-14T16:28:40.8780099Z ^[[36;1m  [ -e "$manifest" ] || continue^[[0m
ci-contract	Report the committed release evidence that exists at this revision	2026-09-14T16:28:40.8780414Z ^[[36;1m  echo "::group::verify-release $manifest"^[[0m
ci-contract	Report the committed release evidence that exists at this revision	2026-09-14T16:28:40.8780941Z ^[[36;1m  node tooling/verify-release.mjs --manifest "$manifest" --offline || echo "NON-PASSING: $manifest"^[[0m
ci-contract	Report the committed release evidence that exists at this revision	2026-09-14T16:28:40.8781470Z ^[[36;1m  echo "::endgroup::"^[[0m
ci-contract	Report the committed release evidence that exists at this revision	2026-09-14T16:28:40.8781721Z ^[[36;1mdone^[[0m
ci-contract	Report the committed release evidence that exists at this revision	2026-09-14T16:28:40.8818993Z shell: /usr/bin/bash -e {0}
ci-contract	Report the committed release evidence that exists at this revision	2026-09-14T16:28:40.8819273Z env:
ci-contract	Report the committed release evidence that exists at this revision	2026-09-14T16:28:40.8819495Z   KEEPLING_PHASE2_SEED: 20260901
ci-contract	Report the committed release evidence that exists at this revision	2026-09-14T16:28:40.8819915Z   KEEPLING_FLAKE_POLICY: no-retry; quarantine-requires-owner-issue-expiry
ci-contract	Report the committed release evidence that exists at this revision	2026-09-14T16:28:40.8820319Z ##[endgroup]
ci-contract	Report the committed release evidence that exists at this revision	2026-09-14T16:28:40.8879487Z ##[group]verify-release .planning/releases/candidate-0/release-manifest.json
ci-contract	Report the committed release evidence that exists at this revision	2026-09-14T16:28:40.9201808Z verify-release failed: lane vanished from manifest: repository-integrity
ci-contract	Report the committed release evidence that exists at this revision	2026-09-14T16:28:40.9203372Z verify-release failed: lane vanished from manifest: all-required-passed
ci-contract	Report the committed release evidence that exists at this revision	2026-09-14T16:28:40.9204524Z verify-release failed: lane vanished from manifest: phase2-server
ci-contract	Report the committed release evidence that exists at this revision	2026-09-14T16:28:40.9205647Z verify-release failed: lane vanished from manifest: phase2-sync-property
ci-contract	Report the committed release evidence that exists at this revision	2026-09-14T16:28:40.9206755Z verify-release failed: lane vanished from manifest: phase2-backup-restore
ci-contract	Report the committed release evidence that exists at this revision	2026-09-14T16:28:40.9208218Z verify-release tracked_input_sha256=a43c5ff88228d8b2edc0f0b05ce75d0c67695dcb00eae6b7bc9484d0f95eb0e7
ci-contract	Report the committed release evidence that exists at this revision	2026-09-14T16:28:40.9209999Z verify-release failed: lane vanished from manifest: phase2-contracts-compatibility
ci-contract	Report the committed release evidence that exists at this revision	2026-09-14T16:28:40.9211038Z verify-release failed: lane vanished from manifest: phase2-privacy
ci-contract	Report the committed release evidence that exists at this revision	2026-09-14T16:28:40.9212034Z verify-release failed: lane vanished from manifest: image-compose-deploy
ci-contract	Report the committed release evidence that exists at this revision	2026-09-14T16:28:40.9213269Z verify-release failed: lane vanished from manifest: opentofu-host-fixtures
ci-contract	Report the committed release evidence that exists at this revision	2026-09-14T16:28:40.9214254Z verify-release failed: lane vanished from manifest: export-elixir
ci-contract	Report the committed release evidence that exists at this revision	2026-09-14T16:28:40.9215145Z verify-release failed: lane vanished from manifest: export-reader
ci-contract	Report the committed release evidence that exists at this revision	2026-09-14T16:28:40.9216100Z verify-release failed: lane vanished from manifest: desktop-units
ci-contract	Report the committed release evidence that exists at this revision	2026-09-14T16:28:40.9217071Z verify-release failed: lane vanished from manifest: desktop-package
ci-contract	Report the committed release evidence that exists at this revision	2026-09-14T16:28:40.9218043Z verify-release failed: lane vanished from manifest: desktop-packaged
ci-contract	Report the committed release evidence that exists at this revision	2026-09-14T16:28:40.9219041Z verify-release failed: lane vanished from manifest: desktop-e2e
ci-contract	Report the committed release evidence that exists at this revision	2026-09-14T16:28:40.9220064Z verify-release failed: lane vanished from manifest: macos-integration-no-grant
ci-contract	Report the committed release evidence that exists at this revision	2026-09-14T16:28:40.9221254Z verify-release failed: lane vanished from manifest: macos-integration-live-appearance
ci-contract	Report the committed release evidence that exists at this revision	2026-09-14T16:28:40.9222399Z verify-release failed: lane vanished from manifest: hosted-runner-tcc-report
ci-contract	Report the committed release evidence that exists at this revision	2026-09-14T16:28:40.9223660Z verify-release failed: lane vanished from manifest: desktop-promote
ci-contract	Report the committed release evidence that exists at this revision	2026-09-14T16:28:40.9224798Z verify-release failed: lane vanished from manifest: slsa-provenance-attestation
ci-contract	Report the committed release evidence that exists at this revision	2026-09-14T16:28:40.9225888Z verify-release failed: lane vanished from manifest: sbom-generation
ci-contract	Report the committed release evidence that exists at this revision	2026-09-14T16:28:40.9226897Z verify-release failed: lane vanished from manifest: package-reproducible
ci-contract	Report the committed release evidence that exists at this revision	2026-09-14T16:28:40.9227888Z verify-release failed: lane vanished from manifest: daily-restore
ci-contract	Report the committed release evidence that exists at this revision	2026-09-14T16:28:40.9228902Z verify-release failed: lane vanished from manifest: weekly-historical-pitr
ci-contract	Report the committed release evidence that exists at this revision	2026-09-14T16:28:40.9230019Z verify-release failed: lane vanished from manifest: quarterly-host-replacement
ci-contract	Report the committed release evidence that exists at this revision	2026-09-14T16:28:40.9230804Z verify-release failed: lane vanished from manifest: phase-1-desktop
ci-contract	Report the committed release evidence that exists at this revision	2026-09-14T16:28:40.9231652Z verify-release failed: lane vanished from manifest: mcp-gate-selftest
ci-contract	Report the committed release evidence that exists at this revision	2026-09-14T16:28:40.9232879Z verify-release failed: lane vanished from manifest: mcp-phase-non-model
ci-contract	Report the committed release evidence that exists at this revision	2026-09-14T16:28:40.9233691Z verify-release failed: lane vanished from manifest: cross-adapter-phase
ci-contract	Report the committed release evidence that exists at this revision	2026-09-14T16:28:40.9234263Z verify-release failed: lane vanished from manifest: ios-simulator
ci-contract	Report the committed release evidence that exists at this revision	2026-09-14T16:28:40.9235107Z verify-release failed: lane vanished from manifest: ios-signed-build
ci-contract	Report the committed release evidence that exists at this revision	2026-09-14T16:28:40.9235683Z verify-release failed: lane vanished from manifest: real-stack-desktop
ci-contract	Report the committed release evidence that exists at this revision	2026-09-14T16:28:40.9236279Z verify-release failed: lane vanished from manifest: real-stack-ios-simulator
ci-contract	Report the committed release evidence that exists at this revision	2026-09-14T16:28:40.9236841Z verify-release failed: lane vanished from manifest: trust-soak
ci-contract	Report the committed release evidence that exists at this revision	2026-09-14T16:28:40.9237436Z verify-release failed: lane vanished from manifest: macos-integration-full-grant
ci-contract	Report the committed release evidence that exists at this revision	2026-09-14T16:28:40.9238013Z verify-release failed: lane vanished from manifest: ios-device
ci-contract	Report the committed release evidence that exists at this revision	2026-09-14T16:28:40.9238585Z verify-release failed: lane vanished from manifest: mcp-representative-model
ci-contract	Report the committed release evidence that exists at this revision	2026-09-14T16:28:40.9239203Z verify-release failed: lane vanished from manifest: live-host-dns-acceptance
ci-contract	Report the committed release evidence that exists at this revision	2026-09-14T16:28:40.9240637Z verify-release failed: lane ci-contract records evidenceDigestSha256=82db996cfd088bbf67dd4aed1297edbd4174ca41df24e9f205baec6162ee37be but its evidence file does not exist at evidence/lanes/ci-contract.log -- a digest naming nothing proves nothing
ci-contract	Report the committed release evidence that exists at this revision	2026-09-14T16:28:40.9242093Z verify-release failed: revision f7b7c902cd13c8b0ca6a1c78467b3f67e30b5213 verification did not pass (PASSED)
ci-contract	Report the committed release evidence that exists at this revision	2026-09-14T16:28:40.9243230Z attestation=UNVERIFIED artifact=.planning/releases/candidate-0/artifact reason=offline-flag
ci-contract	Report the committed release evidence that exists at this revision	2026-09-14T16:28:40.9243928Z NON-PASSING: .planning/releases/candidate-0/release-manifest.json
ci-contract	Report the committed release evidence that exists at this revision	2026-09-14T16:28:40.9244680Z ##[endgroup]
ci-contract	Report the committed release evidence that exists at this revision	2026-09-14T16:28:40.9245177Z ##[group]verify-release .planning/releases/candidate-1/release-manifest.json
ci-contract	Report the committed release evidence that exists at this revision	2026-09-14T16:28:40.9569948Z verify-release tracked_input_sha256=a43c5ff88228d8b2edc0f0b05ce75d0c67695dcb00eae6b7bc9484d0f95eb0e7
ci-contract	Report the committed release evidence that exists at this revision	2026-09-14T16:28:40.9577201Z attestation=UNVERIFIED artifact=.planning/releases/candidate-1/artifacts/desktop-macos-app.package-manifest.json reason=offline-flag
ci-contract	Report the committed release evidence that exists at this revision	2026-09-14T16:28:40.9579861Z attestation=UNVERIFIED artifact=.planning/releases/candidate-1/artifacts/ios-archive.absence-record.json reason=offline-flag
ci-contract	Report the committed release evidence that exists at this revision	2026-09-14T16:28:40.9584635Z attestation=UNVERIFIED artifact=.planning/releases/candidate-1/artifacts/server-oci-image.absence-record.json reason=offline-flag
ci-contract	Report the committed release evidence that exists at this revision	2026-09-14T16:28:40.9589829Z verify-release failed: lane all-required-passed reports BLOCKED
ci-contract	Report the committed release evidence that exists at this revision	2026-09-14T16:28:40.9594114Z attestation=UNVERIFIED artifact=.planning/releases/candidate-1/artifacts/web-bundle.absence-record.json reason=offline-flag
ci-contract	Report the committed release evidence that exists at this revision	2026-09-14T16:28:40.9595623Z attestation=UNVERIFIED artifact=.planning/releases/candidate-1/artifacts/source-tree.record.json reason=offline-flag
ci-contract	Report the committed release evidence that exists at this revision	2026-09-14T16:28:40.9597553Z lane=ci-contract status=PASSED cases=5 authority=ci ranAgainstArtifactDigest=2aa86c8ebc448eed9fb3c7e2cb20c33cf26a7c5bdbfba4e6f521837227672fde
ci-contract	Report the committed release evidence that exists at this revision	2026-09-14T16:28:40.9599758Z lane=repository-integrity status=PASSED cases=3 authority=ci ranAgainstArtifactDigest=2aa86c8ebc448eed9fb3c7e2cb20c33cf26a7c5bdbfba4e6f521837227672fde
ci-contract	Report the committed release evidence that exists at this revision	2026-09-14T16:28:40.9603677Z lane=all-required-passed status=BLOCKED cases=0 owner=backlog reason=The aggregator ran with if: always() and FAILED: it reports `required job phase2-linux did not succeed (result=failure)` and `required job image-compose-deploy did not succeed (result=failure)`. The aggregator working correctly is what produces this BLOCKED entry; the blockers are the two lanes it names, each of which carries its own entry below.
ci-contract	Report the committed release evidence that exists at this revision	2026-09-14T16:28:40.9606311Z verify-release failed: lane phase2-server reports BLOCKED
ci-contract	Report the committed release evidence that exists at this revision	2026-09-14T16:28:40.9611418Z lane=phase2-server status=BLOCKED cases=0 owner=backlog reason=The lane's own command SUCCEEDED (`mix compile --warnings-as-errors && mix test`, 337 declared cases) and then the mandatory post-run privacy scan over the lane's diagnostic log FAILED: `Privacy verification failed: hostile sentinel found in a diagnostic artifact` (tooling/verify-privacy.sh, run 34668212479). No PASS line was emitted, so no case count from this lane may be claimed. The 337 figure is the lane's DECLARED case count from its RUNNING line, not a passing count, and is deliberately not recorded as cases here. TO CLOSE: reproduce with `./tooling/test-phase-2.sh --lane server` and identify which emitter puts a vector sentinel into the lane log -- apps/server/test/keepling_web/mcp/content_isolation_test.exs is the only server test outside the two redaction suites that uses one. See .planning/WINDOWS.md.
ci-contract	Report the committed release evidence that exists at this revision	2026-09-14T16:28:40.9616672Z verify-release failed: lane phase2-sync-property reports BLOCKED
ci-contract	Report the committed release evidence that exists at this revision	2026-09-14T16:28:40.9617293Z verify-release failed: lane phase2-backup-restore reports BLOCKED
ci-contract	Report the committed release evidence that exists at this revision	2026-09-14T16:28:40.9617867Z verify-release failed: lane image-compose-deploy reports BLOCKED
ci-contract	Report the committed release evidence that exists at this revision	2026-09-14T16:28:40.9618390Z verify-release failed: lane export-elixir reports BLOCKED
ci-contract	Report the committed release evidence that exists at this revision	2026-09-14T16:28:40.9618874Z verify-release failed: lane export-reader reports BLOCKED
ci-contract	Report the committed release evidence that exists at this revision	2026-09-14T16:28:40.9619459Z verify-release failed: lane macos-integration-live-appearance reports BLOCKED
ci-contract	Report the committed release evidence that exists at this revision	2026-09-14T16:28:40.9620044Z verify-release failed: lane desktop-promote reports BLOCKED
ci-contract	Report the committed release evidence that exists at this revision	2026-09-14T16:28:40.9620603Z verify-release failed: lane slsa-provenance-attestation reports BLOCKED
ci-contract	Report the committed release evidence that exists at this revision	2026-09-14T16:28:40.9621173Z verify-release failed: lane sbom-generation reports BLOCKED
ci-contract	Report the committed release evidence that exists at this revision	2026-09-14T16:28:40.9621692Z verify-release failed: lane package-reproducible reports BLOCKED
ci-contract	Report the committed release evidence that exists at this revision	2026-09-14T16:28:40.9622187Z verify-release failed: lane daily-restore reports BLOCKED
ci-contract	Report the committed release evidence that exists at this revision	2026-09-14T16:28:40.9623000Z verify-release failed: lane weekly-historical-pitr reports BLOCKED
ci-contract	Report the committed release evidence that exists at this revision	2026-09-14T16:28:40.9623834Z verify-release failed: lane quarterly-host-replacement reports BLOCKED
ci-contract	Report the committed release evidence that exists at this revision	2026-09-14T16:28:40.9624381Z verify-release failed: lane phase-1-desktop reports BLOCKED
ci-contract	Report the committed release evidence that exists at this revision	2026-09-14T16:28:40.9624881Z verify-release failed: lane mcp-gate-selftest reports BLOCKED
ci-contract	Report the committed release evidence that exists at this revision	2026-09-14T16:28:40.9625402Z verify-release failed: lane mcp-phase-non-model reports BLOCKED
ci-contract	Report the committed release evidence that exists at this revision	2026-09-14T16:28:40.9625924Z verify-release failed: lane cross-adapter-phase reports BLOCKED
ci-contract	Report the committed release evidence that exists at this revision	2026-09-14T16:28:40.9626473Z verify-release failed: lane ios-simulator reports BLOCKED
ci-contract	Report the committed release evidence that exists at this revision	2026-09-14T16:28:40.9626965Z verify-release failed: lane ios-signed-build reports BLOCKED
ci-contract	Report the committed release evidence that exists at this revision	2026-09-14T16:28:40.9627482Z verify-release failed: lane real-stack-desktop reports BLOCKED
ci-contract	Report the committed release evidence that exists at this revision	2026-09-14T16:28:40.9628027Z verify-release failed: lane real-stack-ios-simulator reports BLOCKED
ci-contract	Report the committed release evidence that exists at this revision	2026-09-14T16:28:40.9628533Z verify-release failed: lane trust-soak reports BLOCKED
ci-contract	Report the committed release evidence that exists at this revision	2026-09-14T16:28:40.9629079Z verify-release failed: lane macos-integration-full-grant reports BLOCKED
ci-contract	Report the committed release evidence that exists at this revision	2026-09-14T16:28:40.9629616Z verify-release failed: lane ios-device reports BLOCKED
ci-contract	Report the committed release evidence that exists at this revision	2026-09-14T16:28:40.9630138Z verify-release failed: lane mcp-representative-model reports BLOCKED
ci-contract	Report the committed release evidence that exists at this revision	2026-09-14T16:28:40.9630708Z verify-release failed: lane live-host-dns-acceptance reports BLOCKED
ci-contract	Report the committed release evidence that exists at this revision	2026-09-14T16:28:40.9631700Z verify-release failed: revision 26628e1771d5b90569b5eec232047456fdda9f2e verification did not pass (PASSED)
ci-contract	Report the committed release evidence that exists at this revision	2026-09-14T16:28:40.9636206Z lane=phase2-sync-property status=BLOCKED cases=0 owner=backlog reason=Never reached the lane: the job failed at its `Install asdf` step with `fatal: destination path '/home/runner/.asdf' already exists and is not an empty directory` (exit 128). The actions/cache restore of ~/.asdf/installs creates $HOME/.asdf, after which the unconditional `git clone ... $HOME/.asdf` cannot succeed. Toolchain provisioning, before any project code ran. See .planning/WINDOWS.md.
ci-contract	Report the committed release evidence that exists at this revision	2026-09-14T16:28:40.9642109Z lane=phase2-backup-restore status=BLOCKED cases=0 owner=backlog reason=Never reached the lane: identical `Install asdf` failure to phase2-sync-property in the same run (`fatal: destination path '/home/runner/.asdf' already exists and is not an empty directory`, exit 128). Toolchain provisioning, before any project code ran. See .planning/WINDOWS.md.
ci-contract	Report the committed release evidence that exists at this revision	2026-09-14T16:28:40.9645988Z lane=phase2-contracts-compatibility status=PASSED cases=30 authority=ci ranAgainstArtifactDigest=2aa86c8ebc448eed9fb3c7e2cb20c33cf26a7c5bdbfba4e6f521837227672fde
ci-contract	Report the committed release evidence that exists at this revision	2026-09-14T16:28:40.9648364Z lane=phase2-privacy status=PASSED cases=17 authority=ci ranAgainstArtifactDigest=2aa86c8ebc448eed9fb3c7e2cb20c33cf26a7c5bdbfba4e6f521837227672fde
ci-contract	Report the committed release evidence that exists at this revision	2026-09-14T16:28:40.9655158Z lane=image-compose-deploy status=BLOCKED cases=0 owner=backlog reason=The lane FAILED building the server image: the image build's dependency audit reports hackney 1.25.0 as VULNERABLE with four advisories, one HIGH (EEF-CVE-2026-47071, SOCKS5 TLS upgrade ignores caller timeout) and three MEDIUM/LOW CR/LF-injection and SSRF-allowlist-bypass advisories. This is a real supply-chain finding in the bytes the server image would ship, not an infrastructure fault. TO CLOSE: update the hackney dependency (directly or via its parent) to a version carrying no open advisory and re-run `./tooling/test-phase-2.sh --lane image-compose-deploy`. See .planning/WINDOWS.md.
ci-contract	Report the committed release evidence that exists at this revision	2026-09-14T16:28:40.9660630Z lane=opentofu-host-fixtures status=PASSED cases=8 authority=ci ranAgainstArtifactDigest=2aa86c8ebc448eed9fb3c7e2cb20c33cf26a7c5bdbfba4e6f521837227672fde
ci-contract	Report the committed release evidence that exists at this revision	2026-09-14T16:28:40.9665761Z lane=export-elixir status=BLOCKED cases=0 owner=backlog reason=This lane's evidence is the phase2-server job, which produced no PASS line at this revision (its post-run privacy scan failed -- see the phase2-server entry). The export suite's own result is therefore not separable from a lane that did not pass, and no case count may be claimed for it. TO CLOSE: close the phase2-server privacy finding, or give the export suite its own job with its own PASS line.
ci-contract	Report the committed release evidence that exists at this revision	2026-09-14T16:28:40.9673697Z lane=export-reader status=BLOCKED cases=0 owner=ci reason=Unwired. The independent reader `tooling/verify-export-reader.mjs` exists and runs locally, but NO committed workflow job under .github/ invokes it -- it is referenced only by SUPPORT.md, PRIVACY.md and itself. An unwired lane may never report PASSED because it has no job it could have passed in. DATA-01 and the public PRIVACY.md both lean on this reader. TO CLOSE: add a job running `node tooling/verify-export-reader.mjs --golden` to repository-integrity.yml and add it to the required-lane list. See .planning/WINDOWS.md.
ci-contract	Report the committed release evidence that exists at this revision	2026-09-14T16:28:40.9678829Z lane=desktop-units status=PASSED cases=381 authority=ci ranAgainstArtifactDigest=2aa86c8ebc448eed9fb3c7e2cb20c33cf26a7c5bdbfba4e6f521837227672fde
ci-contract	Report the committed release evidence that exists at this revision	2026-09-14T16:28:40.9681079Z lane=desktop-package status=PASSED cases=1 authority=ci ranAgainstArtifactDigest=f14a8d8ab2dc61ec3d47c0f45b3f50f7cd73d02597dce0199d73d4511b74d02e
ci-contract	Report the committed release evidence that exists at this revision	2026-09-14T16:28:40.9683550Z lane=desktop-packaged status=PASSED cases=11 authority=ci ranAgainstArtifactDigest=f14a8d8ab2dc61ec3d47c0f45b3f50f7cd73d02597dce0199d73d4511b74d02e
ci-contract	Report the committed release evidence that exists at this revision	2026-09-14T16:28:40.9685808Z lane=desktop-e2e status=PASSED cases=65 authority=ci ranAgainstArtifactDigest=2aa86c8ebc448eed9fb3c7e2cb20c33cf26a7c5bdbfba4e6f521837227672fde
ci-contract	Report the committed release evidence that exists at this revision	2026-09-14T16:28:40.9688107Z lane=macos-integration-no-grant status=PASSED cases=9 authority=ci ranAgainstArtifactDigest=f14a8d8ab2dc61ec3d47c0f45b3f50f7cd73d02597dce0199d73d4511b74d02e
ci-contract	Report the committed release evidence that exists at this revision	2026-09-14T16:28:40.9695183Z lane=macos-integration-live-appearance status=BLOCKED cases=0 owner=backlog reason=Physical blocker. Row A14 changes the system appearance WHILE the app is running and asserts the window re-themes without a relaunch. That requires a logged-in Aqua session whose appearance daemon posts AppleInterfaceThemeChangedNotification; a hosted GitHub runner has none. Observed at this revision: `ROW id=A14 status=FAIL cases=4` on macos-15 with `background stayed {"b":0,"g":0,"r":0}` (run 34668212473). The identical row reports `status=PASS cases=4` on a real logged-in session. That local pass is NOT recorded as a passing status here: it binds to locally built bytes, and nothing local may bind to locally built bytes. See .planning/WINDOWS.md.
ci-contract	Report the committed release evidence that exists at this revision	2026-09-14T16:28:40.9701093Z lane=hosted-runner-tcc-report status=PASSED cases=1 authority=ci ranAgainstArtifactDigest=f14a8d8ab2dc61ec3d47c0f45b3f50f7cd73d02597dce0199d73d4511b74d02e
ci-contract	Report the committed release evidence that exists at this revision	2026-09-14T16:28:40.9705672Z lane=desktop-promote status=BLOCKED cases=0 owner=backlog reason=The job was SKIPPED: its `needs` gate requires every required desktop lane to have succeeded, and desktop-macos-integration did not (row A14, physical blocker above). The gate refusing to promote is the gate working. No promotion occurred at this revision, so QUAL-03's promotion clause has no passing lane behind it here.
ci-contract	Report the committed release evidence that exists at this revision	2026-09-14T16:28:40.9711405Z lane=slsa-provenance-attestation status=BLOCKED cases=0 owner=backlog reason=Lives in the skipped desktop-promote job, so `actions/attest-build-provenance` never ran and no provenance attestation exists for this revision's archive. Consequently `verify-release.mjs` cannot report anything other than attestation=UNVERIFIED for these bytes, online or offline.
ci-contract	Report the committed release evidence that exists at this revision	2026-09-14T16:28:40.9715681Z lane=sbom-generation status=BLOCKED cases=0 owner=backlog reason=Lives in the skipped desktop-promote job, so `node tooling/generate-sbom.mjs` never ran and no bill of materials exists for this revision.
ci-contract	Report the committed release evidence that exists at this revision	2026-09-14T16:28:40.9721460Z lane=package-reproducible status=BLOCKED cases=0 owner=backlog reason=Unwired, by a deliberate open decision recorded as .planning/WINDOWS.md row 82: a notarized Developer ID build is not byte-reproducible by construction, because @electron/osx-sign embeds a fresh RFC 3161 secure timestamp -- required for notarization -- into every signature blob. 16 of 618 entries differ and they are exactly the signature-bearing ones. The lane may not report PASSED while unwired. TO CLOSE: pick option (a) or (b) in row 82. Owner: BACKLOG.
ci-contract	Report the committed release evidence that exists at this revision	2026-09-14T16:28:40.9728084Z lane=daily-restore status=BLOCKED cases=0 owner=backlog reason=Scheduled lane (recovery-drills.yml, `on: schedule`). No run exists at this revision, so it has no evidence here. An absent scheduled run is reported explicitly rather than omitted, because an omitted lane reads as satisfied. TO CLOSE at a revision: dispatch recovery-drills.yml at that revision and bind its run id.
ci-contract	Report the committed release evidence that exists at this revision	2026-09-14T16:28:40.9733064Z lane=weekly-historical-pitr status=BLOCKED cases=0 owner=backlog reason=Scheduled lane (recovery-drills.yml, `on: schedule`). No run exists at this revision. TO CLOSE at a revision: dispatch recovery-drills.yml at that revision and bind its run id.
ci-contract	Report the committed release evidence that exists at this revision	2026-09-14T16:28:40.9736829Z lane=quarterly-host-replacement status=BLOCKED cases=0 owner=backlog reason=Scheduled lane (recovery-drills.yml, `on: schedule`). No run exists at this revision. TO CLOSE at a revision: dispatch recovery-drills.yml at that revision and bind its run id.
ci-contract	Report the committed release evidence that exists at this revision	2026-09-14T16:28:40.9741231Z lane=phase-1-desktop status=BLOCKED cases=0 owner=backlog reason=Unwired: D-14 names this lane required on pull requests and main, but no committed workflow job runs `./tooling/test-phase-1.sh`. An unwired lane may never report PASSED. TO CLOSE: add the job and add the lane to the required-lane list in tooling/check-ci-contract.mjs.
ci-contract	Report the committed release evidence that exists at this revision	2026-09-14T16:28:40.9745766Z lane=mcp-gate-selftest status=BLOCKED cases=0 owner=backlog reason=Unwired: D-14 names this lane required on pull requests and main, but no committed workflow job runs `node tooling/mcp-gate-selftest.mjs`. TO CLOSE: add the job and add the lane to the required-lane list.
ci-contract	Report the committed release evidence that exists at this revision	2026-09-14T16:28:40.9749884Z lane=mcp-phase-non-model status=BLOCKED cases=0 owner=backlog reason=Unwired: D-14 names this lane required on pull requests and main, but no committed workflow job runs `node tooling/verify-mcp-phase.mjs` non-model lanes. TO CLOSE: add the job and add the lane to the required-lane list.
ci-contract	Report the committed release evidence that exists at this revision	2026-09-14T16:28:40.9754729Z lane=cross-adapter-phase status=BLOCKED cases=0 owner=backlog reason=Unwired: D-14 names this lane required on pull requests and main, but no committed workflow job runs `node tooling/verify-cross-adapter-phase.mjs`. SRV-02 depends on this lane and stays unchecked. TO CLOSE: add the job and add the lane to the required-lane list.
ci-contract	Report the committed release evidence that exists at this revision	2026-09-14T16:28:40.9758916Z lane=ios-simulator status=BLOCKED cases=0 owner=backlog reason=Unwired: D-14 names the iOS simulator lanes required on main, but no committed workflow job runs them. TO CLOSE: add a macOS job running `node tooling/verify-ios-phase.mjs --lane simulator`.
ci-contract	Report the committed release evidence that exists at this revision	2026-09-14T16:28:40.9763572Z lane=ios-signed-build status=BLOCKED cases=0 owner=backlog reason=Unwired: D-14 names this lane required on main only, never on forked pull requests, but no committed workflow job runs `node tooling/build-ios-signed.mjs`. It also requires repository secrets that are not present. TO CLOSE: add the main-only job and provision the signing secrets.
ci-contract	Report the committed release evidence that exists at this revision	2026-09-14T16:28:40.9768104Z lane=real-stack-desktop status=BLOCKED cases=0 owner=backlog reason=Unwired: D-14 places this lane on-demand via workflow_dispatch on main, and no such committed job exists. It also requires repository secrets. TO CLOSE: add the workflow_dispatch job.
ci-contract	Report the committed release evidence that exists at this revision	2026-09-14T16:28:40.9771798Z lane=real-stack-ios-simulator status=BLOCKED cases=0 owner=backlog reason=Unwired: D-14 places this lane on-demand via workflow_dispatch on main, and no such committed job exists. It also requires repository secrets. TO CLOSE: add the workflow_dispatch job.
ci-contract	Report the committed release evidence that exists at this revision	2026-09-14T16:28:40.9779507Z lane=trust-soak status=BLOCKED cases=0 owner=backlog reason=The soak's verdict at this revision is BLOCKED with zero samples: .artifacts/trust-soak/trust-soak-evidence.json reports verdict=BLOCKED, every chaos operator count 0, every invariant I1-I10 samples=0 violations=0 disposition=BLOCKED, an empty dailyUsageCensus, and detectionFloor confidence=null with the note 'Insufficient accumulated samples to state a detection floor. This proves nothing about defects of any rarity yet.' The measurement window accumulates in calendar time. This is the correct and honest outcome, and it keeps the overall run non-zero. TO CLOSE: accumulate the stated window and re-run `node tooling/verify-trust-soak.mjs`.
ci-contract	Report the committed release evidence that exists at this revision	2026-09-14T16:28:40.9791948Z lane=macos-integration-full-grant status=BLOCKED cases=0 owner=backlog reason=Physical blocker as recorded in the inventory: a hosted runner cannot be given a non-interactive TCC Accessibility grant. A signed, notarized, stapled local build exists and the full-grant rows have passed locally in the past, but that evidence binds to LOCALLY BUILT bytes and to a different revision, so under the anti-loophole rule it may not be recorded as a passing status here. It additionally could NOT be regenerated during this plan: two attempts at the current local artefact were aborted by the lane's own focus guard (`FOCUS_STOLEN by_bundle=dev.playstead.mac`), and the lane correctly refuses to claim a row it could not drive. TO CLOSE with CI authority: sign a CI build (export the Developer ID .p12 to repository secrets), then run the full-grant rows against those exact CI bytes on a machine with the grant.
ci-contract	Report the committed release evidence that exists at this revision	2026-09-14T16:28:40.9799365Z lane=ios-device status=BLOCKED cases=0 owner=backlog reason=Physical blocker as recorded in the inventory: the lane drives a physically present, unlocked iPhone, which a hosted runner does not have.
ci-contract	Report the committed release evidence that exists at this revision	2026-09-14T16:28:40.9802274Z lane=mcp-representative-model status=BLOCKED cases=0 owner=backlog reason=Physical blocker as recorded in the inventory: the lane calls a real, paid, non-deterministic third-party model credential.
ci-contract	Report the committed release evidence that exists at this revision	2026-09-14T16:28:40.9805358Z lane=live-host-dns-acceptance status=BLOCKED cases=0 owner=backlog reason=Protected outer lane, carried forward unchanged per D-40: the lane provisions a real paid host and real DNS and is single-attempt. It keeps exiting non-zero so that no skip is ever counted as evidence. DATA-03 and OPS-02 stay unchecked, which is the honest outcome and is already recorded as a dated narrowing. Owner: BACKLOG.
ci-contract	Report the committed release evidence that exists at this revision	2026-09-14T16:28:40.9807065Z NON-PASSING: .planning/releases/candidate-1/release-manifest.json
ci-contract	Report the committed release evidence that exists at this revision	2026-09-14T16:28:40.9807662Z ##[endgroup]
ci-contract	Report the committed release evidence that exists at this revision	2026-09-14T16:28:40.9808142Z ##[group]verify-release .planning/releases/candidate-2/release-manifest.json
ci-contract	Report the committed release evidence that exists at this revision	2026-09-14T16:28:40.9986813Z verify-release tracked_input_sha256=a43c5ff88228d8b2edc0f0b05ce75d0c67695dcb00eae6b7bc9484d0f95eb0e7
ci-contract	Report the committed release evidence that exists at this revision	2026-09-14T16:28:40.9994457Z attestation=UNVERIFIED artifact=.planning/releases/candidate-2/artifacts/desktop-macos-app.package-manifest.json reason=offline-flag
ci-contract	Report the committed release evidence that exists at this revision	2026-09-14T16:28:40.9996484Z attestation=UNVERIFIED artifact=.planning/releases/candidate-2/artifacts/ios-archive.absence-record.json reason=offline-flag
ci-contract	Report the committed release evidence that exists at this revision	2026-09-14T16:28:40.9998368Z attestation=UNVERIFIED artifact=.planning/releases/candidate-2/artifacts/server-oci-image.absence-record.json reason=offline-flag
ci-contract	Report the committed release evidence that exists at this revision	2026-09-14T16:28:40.9999872Z attestation=UNVERIFIED artifact=.planning/releases/candidate-2/artifacts/web-bundle.absence-record.json reason=offline-flag
ci-contract	Report the committed release evidence that exists at this revision	2026-09-14T16:28:41.0001527Z attestation=UNVERIFIED artifact=.planning/releases/candidate-2/artifacts/source-tree.record.json reason=offline-flag
ci-contract	Report the committed release evidence that exists at this revision	2026-09-14T16:28:41.0005619Z lane=ci-contract status=PASSED cases=5 authority=ci ranAgainstArtifactDigest=5a8b79ace9953076cc44298a6f3543b42ec54859cc93037afc17b78716268dcc
ci-contract	Report the committed release evidence that exists at this revision	2026-09-14T16:28:41.0007674Z lane=repository-integrity status=PASSED cases=3 authority=ci ranAgainstArtifactDigest=5a8b79ace9953076cc44298a6f3543b42ec54859cc93037afc17b78716268dcc
ci-contract	Report the committed release evidence that exists at this revision	2026-09-14T16:28:41.0014686Z lane=all-required-passed status=BLOCKED cases=0 owner=backlog reason=The aggregator ran with if: always() and FAILED, exactly as at candidate-1 and for exactly the same two causes: it reports `required job phase2-linux did not succeed (result=failure)` and `required job image-compose-deploy did not succeed (result=failure)` (run 34735177037). The aggregator working correctly is what produces this BLOCKED entry; the blockers are the two lanes it names, each of which carries its own entry below. NOTE what did NOT change it: the desktop workflow is entirely green at this revision, and this aggregator does not need it to be -- it aggregates the repository-integrity workflow's own required jobs.
ci-contract	Report the committed release evidence that exists at this revision	2026-09-14T16:28:41.0019616Z verify-release failed: lane all-required-passed reports BLOCKED
ci-contract	Report the committed release evidence that exists at this revision	2026-09-14T16:28:41.0020513Z verify-release failed: lane phase2-server reports BLOCKED
ci-contract	Report the committed release evidence that exists at this revision	2026-09-14T16:28:41.0021412Z verify-release failed: lane phase2-sync-property reports BLOCKED
ci-contract	Report the committed release evidence that exists at this revision	2026-09-14T16:28:41.0022355Z verify-release failed: lane phase2-backup-restore reports BLOCKED
ci-contract	Report the committed release evidence that exists at this revision	2026-09-14T16:28:41.0023503Z verify-release failed: lane image-compose-deploy reports BLOCKED
ci-contract	Report the committed release evidence that exists at this revision	2026-09-14T16:28:41.0024395Z verify-release failed: lane export-elixir reports BLOCKED
ci-contract	Report the committed release evidence that exists at this revision	2026-09-14T16:28:41.0029116Z lane=phase2-server status=BLOCKED cases=0 owner=backlog reason=Unchanged from candidate-1 and REPRODUCED at this revision. The lane's own command SUCCEEDED (`mix compile --warnings-as-errors && mix test`, 337 declared cases) and then the mandatory post-run privacy scan over the lane's diagnostic log FAILED: `Privacy verification failed: hostile sentinel found in a diagnostic artifact` (tooling/verify-privacy.sh, run 34735177037). No PASS line was emitted, so no case count from this lane may be claimed. The 337 figure is the lane's DECLARED case count from its RUNNING line, not a passing count, and is deliberately not recorded as cases here. TO CLOSE: reproduce with `./tooling/test-phase-2.sh --lane server` and identify which emitter puts a vector sentinel into the lane log -- apps/server/test/keepling_web/mcp/content_isolation_test.exs is the only server test outside the two redaction suites that uses one. See .planning/WINDOWS.md row 85.
ci-contract	Report the committed release evidence that exists at this revision	2026-09-14T16:28:41.0036584Z lane=phase2-sync-property status=BLOCKED cases=0 owner=backlog reason=Unchanged from candidate-1 and REPRODUCED at this revision. Never reached the lane: the job failed at its `Install asdf` step with `fatal: destination path '/home/runner/.asdf' already exists and is not an empty directory` (exit 128, run 34735177037). The actions/cache restore of ~/.asdf/installs creates $HOME/.asdf, after which the unconditional `git clone ... $HOME/.asdf` cannot succeed. Toolchain provisioning, before any project code ran. See .planning/WINDOWS.md row 87.
ci-contract	Report the committed release evidence that exists at this revision	2026-09-14T16:28:41.0043176Z lane=phase2-backup-restore status=BLOCKED cases=0 owner=backlog reason=Unchanged from candidate-1 and REPRODUCED at this revision. Identical `Install asdf` failure to phase2-sync-property in the same run (`fatal: destination path '/home/runner/.asdf' already exists and is not an empty directory`, exit 128, run 34735177037). Toolchain provisioning, before any project code ran. See .planning/WINDOWS.md row 87.
ci-contract	Report the committed release evidence that exists at this revision	2026-09-14T16:28:41.0046775Z lane=phase2-contracts-compatibility status=PASSED cases=30 authority=ci ranAgainstArtifactDigest=5a8b79ace9953076cc44298a6f3543b42ec54859cc93037afc17b78716268dcc
ci-contract	Report the committed release evidence that exists at this revision	2026-09-14T16:28:41.0048281Z lane=phase2-privacy status=PASSED cases=17 authority=ci ranAgainstArtifactDigest=5a8b79ace9953076cc44298a6f3543b42ec54859cc93037afc17b78716268dcc
ci-contract	Report the committed release evidence that exists at this revision	2026-09-14T16:28:41.0054066Z lane=image-compose-deploy status=BLOCKED cases=0 owner=backlog reason=Unchanged from candidate-1 and REPRODUCED at this revision. The lane FAILED building the server image: the image build's dependency audit reports hackney 1.25.0 as VULNERABLE with four advisories, one HIGH (EEF-CVE-2026-47071, SOCKS5 TLS upgrade ignores caller timeout) and three MEDIUM/LOW CR/LF-injection and SSRF-allowlist-bypass advisories (run 34735177037). This is a real supply-chain finding in the bytes the server image would ship, not an infrastructure fault. TO CLOSE: update the hackney dependency (directly or via its parent) to a version carrying no open advisory and re-run `./tooling/test-phase-2.sh --lane image-compose-deploy`. See .planning/WINDOWS.md row 86.
ci-contract	Report the committed release evidence that exists at this revision	2026-09-14T16:28:41.0057368Z lane=opentofu-host-fixtures status=PASSED cases=8 authority=ci ranAgainstArtifactDigest=5a8b79ace9953076cc44298a6f3543b42ec54859cc93037afc17b78716268dcc
ci-contract	Report the committed release evidence that exists at this revision	2026-09-14T16:28:41.0060549Z lane=export-elixir status=BLOCKED cases=0 owner=backlog reason=Unchanged from candidate-1. This lane's evidence is the phase2-server job, which produced no PASS line at this revision either (its post-run privacy scan failed -- see the phase2-server entry). The export suite's own result is therefore not separable from a lane that did not pass, and no case count may be claimed for it. TO CLOSE: close the phase2-server privacy finding (.planning/WINDOWS.md row 85), or give the export suite its own job with its own PASS line.
ci-contract	Report the committed release evidence that exists at this revision	2026-09-14T16:28:41.0068978Z lane=export-reader status=BLOCKED cases=0 owner=ci reason=Unwired. The independent reader `tooling/verify-export-reader.mjs` exists and runs locally, but NO committed workflow job under .github/ invokes it -- it is referenced only by SUPPORT.md, PRIVACY.md and itself. An unwired lane may never report PASSED because it has no job it could have passed in. DATA-01 and the public PRIVACY.md both lean on this reader. TO CLOSE: add a job running `node tooling/verify-export-reader.mjs --golden` to repository-integrity.yml and add it to the required-lane list. See .planning/WINDOWS.md.
ci-contract	Report the committed release evidence that exists at this revision	2026-09-14T16:28:41.0072839Z verify-release failed: lane export-reader reports BLOCKED
ci-contract	Report the committed release evidence that exists at this revision	2026-09-14T16:28:41.0073450Z verify-release failed: lane macos-integration-live-appearance reports BLOCKED
ci-contract	Report the committed release evidence that exists at this revision	2026-09-14T16:28:41.0074062Z verify-release failed: lane package-reproducible reports BLOCKED
ci-contract	Report the committed release evidence that exists at this revision	2026-09-14T16:28:41.0074584Z verify-release failed: lane daily-restore reports BLOCKED
ci-contract	Report the committed release evidence that exists at this revision	2026-09-14T16:28:41.0075113Z verify-release failed: lane weekly-historical-pitr reports BLOCKED
ci-contract	Report the committed release evidence that exists at this revision	2026-09-14T16:28:41.0075690Z verify-release failed: lane quarterly-host-replacement reports BLOCKED
ci-contract	Report the committed release evidence that exists at this revision	2026-09-14T16:28:41.0076234Z verify-release failed: lane phase-1-desktop reports BLOCKED
ci-contract	Report the committed release evidence that exists at this revision	2026-09-14T16:28:41.0076748Z verify-release failed: lane mcp-gate-selftest reports BLOCKED
ci-contract	Report the committed release evidence that exists at this revision	2026-09-14T16:28:41.0077284Z verify-release failed: lane mcp-phase-non-model reports BLOCKED
ci-contract	Report the committed release evidence that exists at this revision	2026-09-14T16:28:41.0077825Z verify-release failed: lane cross-adapter-phase reports BLOCKED
ci-contract	Report the committed release evidence that exists at this revision	2026-09-14T16:28:41.0078322Z verify-release failed: lane ios-simulator reports BLOCKED
ci-contract	Report the committed release evidence that exists at this revision	2026-09-14T16:28:41.0078818Z verify-release failed: lane ios-signed-build reports BLOCKED
ci-contract	Report the committed release evidence that exists at this revision	2026-09-14T16:28:41.0079327Z verify-release failed: lane real-stack-desktop reports BLOCKED
ci-contract	Report the committed release evidence that exists at this revision	2026-09-14T16:28:41.0079898Z verify-release failed: lane real-stack-ios-simulator reports BLOCKED
ci-contract	Report the committed release evidence that exists at this revision	2026-09-14T16:28:41.0080422Z verify-release failed: lane trust-soak reports BLOCKED
ci-contract	Report the committed release evidence that exists at this revision	2026-09-14T16:28:41.0080964Z verify-release failed: lane macos-integration-full-grant reports BLOCKED
ci-contract	Report the committed release evidence that exists at this revision	2026-09-14T16:28:41.0081487Z verify-release failed: lane ios-device reports BLOCKED
ci-contract	Report the committed release evidence that exists at this revision	2026-09-14T16:28:41.0082006Z verify-release failed: lane mcp-representative-model reports BLOCKED
ci-contract	Report the committed release evidence that exists at this revision	2026-09-14T16:28:41.0082857Z verify-release failed: lane live-host-dns-acceptance reports BLOCKED
ci-contract	Report the committed release evidence that exists at this revision	2026-09-14T16:28:41.0083631Z verify-release failed: revision 23d79e5caa7383a7be9e38ee473b6bde12ce8298 verification did not pass (PASSED)
ci-contract	Report the committed release evidence that exists at this revision	2026-09-14T16:28:41.0084732Z lane=desktop-units status=PASSED cases=381 authority=ci ranAgainstArtifactDigest=5a8b79ace9953076cc44298a6f3543b42ec54859cc93037afc17b78716268dcc
ci-contract	Report the committed release evidence that exists at this revision	2026-09-14T16:28:41.0085958Z lane=desktop-package status=PASSED cases=1 authority=ci ranAgainstArtifactDigest=e9ae649c5b37cd4846a5be43f1a152a495e7bfc678cd7daee9d135a163a0f65a
ci-contract	Report the committed release evidence that exists at this revision	2026-09-14T16:28:41.0087964Z lane=desktop-packaged status=PASSED cases=11 authority=ci ranAgainstArtifactDigest=e9ae649c5b37cd4846a5be43f1a152a495e7bfc678cd7daee9d135a163a0f65a
ci-contract	Report the committed release evidence that exists at this revision	2026-09-14T16:28:41.0090495Z lane=desktop-e2e status=PASSED cases=66 authority=ci ranAgainstArtifactDigest=5a8b79ace9953076cc44298a6f3543b42ec54859cc93037afc17b78716268dcc
ci-contract	Report the committed release evidence that exists at this revision	2026-09-14T16:28:41.0092060Z lane=macos-integration-no-grant status=PASSED cases=9 authority=ci ranAgainstArtifactDigest=e9ae649c5b37cd4846a5be43f1a152a495e7bfc678cd7daee9d135a163a0f65a
ci-contract	Report the committed release evidence that exists at this revision	2026-09-14T16:28:41.0097468Z lane=macos-integration-live-appearance status=BLOCKED cases=0 owner=backlog reason=Physical blocker, and at this revision the row was not attempted at all. Row A14 changes the system appearance WHILE the app is running and asserts the window re-themes without a relaunch; that requires a logged-in Aqua session whose appearance daemon posts AppleInterfaceThemeChangedNotification, which a hosted GitHub runner has none of. Between candidate-1 and this revision the row was split out of the desktop-macos-integration job into this local-attested lane, so the job reports `rows=3` and no longer produces an A14 result either way. THE SPLIT DID NOT CLOSE THE ROW, it only stopped a physically impossible row from failing a job: the row is exactly as unrunnable in continuous integration as it was, and it reports BLOCKED with a zero case count here rather than disappearing. A local pass exists and is NOT recorded as a passing status, because it binds to locally built bytes. See .planning/WINDOWS.md row 84.
ci-contract	Report the committed release evidence that exists at this revision	2026-09-14T16:28:41.0101784Z lane=hosted-runner-tcc-report status=PASSED cases=1 authority=ci ranAgainstArtifactDigest=e9ae649c5b37cd4846a5be43f1a152a495e7bfc678cd7daee9d135a163a0f65a
ci-contract	Report the committed release evidence that exists at this revision	2026-09-14T16:28:41.0103180Z lane=desktop-promote status=PASSED cases=1 authority=ci ranAgainstArtifactDigest=e9ae649c5b37cd4846a5be43f1a152a495e7bfc678cd7daee9d135a163a0f65a
ci-contract	Report the committed release evidence that exists at this revision	2026-09-14T16:28:41.0104486Z lane=slsa-provenance-attestation status=PASSED cases=2 authority=ci ranAgainstArtifactDigest=e9ae649c5b37cd4846a5be43f1a152a495e7bfc678cd7daee9d135a163a0f65a
ci-contract	Report the committed release evidence that exists at this revision	2026-09-14T16:28:41.0105757Z lane=sbom-generation status=PASSED cases=2 authority=ci ranAgainstArtifactDigest=e9ae649c5b37cd4846a5be43f1a152a495e7bfc678cd7daee9d135a163a0f65a
ci-contract	Report the committed release evidence that exists at this revision	2026-09-14T16:28:41.0108705Z lane=package-reproducible status=BLOCKED cases=0 owner=backlog reason=Unwired, by a deliberate open decision recorded as .planning/WINDOWS.md row 82: a notarized Developer ID build is not byte-reproducible by construction, because @electron/osx-sign embeds a fresh RFC 3161 secure timestamp -- required for notarization -- into every signature blob. 16 of 618 entries differ and they are exactly the signature-bearing ones. The lane may not report PASSED while unwired. TO CLOSE: pick option (a) or (b) in row 82. Owner: BACKLOG.
ci-contract	Report the committed release evidence that exists at this revision	2026-09-14T16:28:41.0112247Z lane=daily-restore status=BLOCKED cases=0 owner=backlog reason=Scheduled lane (recovery-drills.yml, `on: schedule`). No run exists at this revision, so it has no evidence here. An absent scheduled run is reported explicitly rather than omitted, because an omitted lane reads as satisfied. TO CLOSE at a revision: dispatch recovery-drills.yml at that revision and bind its run id.
ci-contract	Report the committed release evidence that exists at this revision	2026-09-14T16:28:41.0114805Z lane=weekly-historical-pitr status=BLOCKED cases=0 owner=backlog reason=Scheduled lane (recovery-drills.yml, `on: schedule`). No run exists at this revision. TO CLOSE at a revision: dispatch recovery-drills.yml at that revision and bind its run id.
ci-contract	Report the committed release evidence that exists at this revision	2026-09-14T16:28:41.0116982Z lane=quarterly-host-replacement status=BLOCKED cases=0 owner=backlog reason=Scheduled lane (recovery-drills.yml, `on: schedule`). No run exists at this revision. TO CLOSE at a revision: dispatch recovery-drills.yml at that revision and bind its run id.
ci-contract	Report the committed release evidence that exists at this revision	2026-09-14T16:28:41.0119376Z lane=phase-1-desktop status=BLOCKED cases=0 owner=backlog reason=Unwired: D-14 names this lane required on pull requests and main, but no committed workflow job runs `./tooling/test-phase-1.sh`. An unwired lane may never report PASSED. TO CLOSE: add the job and add the lane to the required-lane list in tooling/check-ci-contract.mjs.
ci-contract	Report the committed release evidence that exists at this revision	2026-09-14T16:28:41.0121687Z lane=mcp-gate-selftest status=BLOCKED cases=0 owner=backlog reason=Unwired: D-14 names this lane required on pull requests and main, but no committed workflow job runs `node tooling/mcp-gate-selftest.mjs`. TO CLOSE: add the job and add the lane to the required-lane list.
ci-contract	Report the committed release evidence that exists at this revision	2026-09-14T16:28:41.0124026Z lane=mcp-phase-non-model status=BLOCKED cases=0 owner=backlog reason=Unwired: D-14 names this lane required on pull requests and main, but no committed workflow job runs `node tooling/verify-mcp-phase.mjs` non-model lanes. TO CLOSE: add the job and add the lane to the required-lane list.
ci-contract	Report the committed release evidence that exists at this revision	2026-09-14T16:28:41.0126525Z lane=cross-adapter-phase status=BLOCKED cases=0 owner=backlog reason=Unwired: D-14 names this lane required on pull requests and main, but no committed workflow job runs `node tooling/verify-cross-adapter-phase.mjs`. SRV-02 depends on this lane and stays unchecked. TO CLOSE: add the job and add the lane to the required-lane list.
ci-contract	Report the committed release evidence that exists at this revision	2026-09-14T16:28:41.0128940Z lane=ios-simulator status=BLOCKED cases=0 owner=backlog reason=Unwired: D-14 names the iOS simulator lanes required on main, but no committed workflow job runs them. TO CLOSE: add a macOS job running `node tooling/verify-ios-phase.mjs --lane simulator`.
ci-contract	Report the committed release evidence that exists at this revision	2026-09-14T16:28:41.0131354Z lane=ios-signed-build status=BLOCKED cases=0 owner=backlog reason=Unwired: D-14 names this lane required on main only, never on forked pull requests, but no committed workflow job runs `node tooling/build-ios-signed.mjs`. It also requires repository secrets that are not present. TO CLOSE: add the main-only job and provision the signing secrets.
ci-contract	Report the committed release evidence that exists at this revision	2026-09-14T16:28:41.0133786Z lane=real-stack-desktop status=BLOCKED cases=0 owner=backlog reason=Unwired: D-14 places this lane on-demand via workflow_dispatch on main, and no such committed job exists. It also requires repository secrets. TO CLOSE: add the workflow_dispatch job.
ci-contract	Report the committed release evidence that exists at this revision	2026-09-14T16:28:41.0135810Z lane=real-stack-ios-simulator status=BLOCKED cases=0 owner=backlog reason=Unwired: D-14 places this lane on-demand via workflow_dispatch on main, and no such committed job exists. It also requires repository secrets. TO CLOSE: add the workflow_dispatch job.
ci-contract	Report the committed release evidence that exists at this revision	2026-09-14T16:28:41.0140155Z lane=trust-soak status=BLOCKED cases=0 owner=backlog reason=The soak's verdict at this revision is BLOCKED with zero samples: .artifacts/trust-soak/trust-soak-evidence.json reports verdict=BLOCKED, every chaos operator count 0, every invariant I1-I10 samples=0 violations=0 disposition=BLOCKED, an empty dailyUsageCensus, and detectionFloor confidence=null with the note 'Insufficient accumulated samples to state a detection floor. This proves nothing about defects of any rarity yet.' The measurement window accumulates in calendar time. This is the correct and honest outcome, and it keeps the overall run non-zero. TO CLOSE: accumulate the stated window and re-run `node tooling/verify-trust-soak.mjs`.
ci-contract	Report the committed release evidence that exists at this revision	2026-09-14T16:28:41.0148779Z lane=macos-integration-full-grant status=BLOCKED cases=0 owner=backlog reason=Physical blocker as recorded in the inventory: a hosted GitHub runner cannot be given a non-interactive TCC Accessibility grant. UPDATED AT THIS REVISION, because half of candidate-1's stated closing condition is now met. Candidate-1's reason said: 'TO CLOSE with CI authority: sign a CI build (export the Developer ID .p12 to repository secrets), then run the full-grant rows against those exact CI bytes on a machine with the grant.' The first half is DONE -- continuous integration now signs, notarizes and staples (see the desktop-macos-app artefact), so continuous-integration-built bytes a grant-holding machine could run against now exist and are named by digest. The second half is NOT done: no run has attempted the full-grant rows against those bytes on a machine with the grant, so this lane has no passing evidence and reports BLOCKED with a zero case count. A local pass over locally built bytes still may not be recorded here. REVISED TO CLOSE: download the archive from run 34735177060, verify it against the attestation, and run `node tooling/verify-macos-integration.mjs` full-grant rows against those exact bytes on a machine holding the Accessibility grant. See .planning/WINDOWS.md rows 84 and 89.
ci-contract	Report the committed release evidence that exists at this revision	2026-09-14T16:28:41.0154533Z lane=ios-device status=BLOCKED cases=0 owner=backlog reason=Physical blocker as recorded in the inventory: the lane drives a physically present, unlocked iPhone, which a hosted runner does not have.
ci-contract	Report the committed release evidence that exists at this revision	2026-09-14T16:28:41.0156140Z lane=mcp-representative-model status=BLOCKED cases=0 owner=backlog reason=Physical blocker as recorded in the inventory: the lane calls a real, paid, non-deterministic third-party model credential.
ci-contract	Report the committed release evidence that exists at this revision	2026-09-14T16:28:41.0158627Z lane=live-host-dns-acceptance status=BLOCKED cases=0 owner=backlog reason=Protected outer lane, carried forward unchanged per D-40: the lane provisions a real paid host and real DNS and is single-attempt. It keeps exiting non-zero so that no skip is ever counted as evidence. DATA-03 and OPS-02 stay unchecked, which is the honest outcome and is already recorded as a dated narrowing. Owner: BACKLOG.
ci-contract	Report the committed release evidence that exists at this revision	2026-09-14T16:28:41.0160418Z NON-PASSING: .planning/releases/candidate-2/release-manifest.json
ci-contract	Report the committed release evidence that exists at this revision	2026-09-14T16:28:41.0161012Z ##[endgroup]
ci-contract	Report the committed release evidence that exists at this revision	2026-09-14T16:28:41.0161502Z ##[group]verify-release .planning/releases/candidate-3/release-manifest.json
ci-contract	Report the committed release evidence that exists at this revision	2026-09-14T16:28:41.0390545Z verify-release tracked_input_sha256=a43c5ff88228d8b2edc0f0b05ce75d0c67695dcb00eae6b7bc9484d0f95eb0e7
ci-contract	Report the committed release evidence that exists at this revision	2026-09-14T16:28:41.0398731Z attestation=UNVERIFIED artifact=.planning/releases/candidate-3/artifacts/desktop-macos-app.package-manifest.json reason=offline-flag
ci-contract	Report the committed release evidence that exists at this revision	2026-09-14T16:28:41.0400984Z attestation=UNVERIFIED artifact=.planning/releases/candidate-3/artifacts/ios-archive.absence-record.json reason=offline-flag
ci-contract	Report the committed release evidence that exists at this revision	2026-09-14T16:28:41.0404615Z attestation=UNVERIFIED artifact=.planning/releases/candidate-3/artifacts/server-oci-image.absence-record.json reason=offline-flag
ci-contract	Report the committed release evidence that exists at this revision	2026-09-14T16:28:41.0414623Z attestation=UNVERIFIED artifact=.planning/releases/candidate-3/artifacts/web-bundle.absence-record.json reason=offline-flag
ci-contract	Report the committed release evidence that exists at this revision	2026-09-14T16:28:41.0416376Z attestation=UNVERIFIED artifact=.planning/releases/candidate-3/artifacts/source-tree.record.json reason=offline-flag
ci-contract	Report the committed release evidence that exists at this revision	2026-09-14T16:28:41.0418181Z lane=ci-contract status=PASSED cases=5 authority=ci ranAgainstArtifactDigest=bd97612b7c07027013ddd50ddb9c4b3486bb56540aa2b34cca01e64be5f57531
ci-contract	Report the committed release evidence that exists at this revision	2026-09-14T16:28:41.0420419Z lane=repository-integrity status=PASSED cases=3 authority=ci ranAgainstArtifactDigest=bd97612b7c07027013ddd50ddb9c4b3486bb56540aa2b34cca01e64be5f57531
ci-contract	Report the committed release evidence that exists at this revision	2026-09-14T16:28:41.0422933Z lane=all-required-passed status=PASSED cases=1 authority=ci ranAgainstArtifactDigest=bd97612b7c07027013ddd50ddb9c4b3486bb56540aa2b34cca01e64be5f57531
ci-contract	Report the committed release evidence that exists at this revision	2026-09-14T16:28:41.0425047Z lane=phase2-server status=PASSED cases=337 authority=ci ranAgainstArtifactDigest=bd97612b7c07027013ddd50ddb9c4b3486bb56540aa2b34cca01e64be5f57531
ci-contract	Report the committed release evidence that exists at this revision	2026-09-14T16:28:41.0426856Z lane=phase2-sync-property status=PASSED cases=20 authority=ci ranAgainstArtifactDigest=bd97612b7c07027013ddd50ddb9c4b3486bb56540aa2b34cca01e64be5f57531
ci-contract	Report the committed release evidence that exists at this revision	2026-09-14T16:28:41.0428745Z lane=phase2-backup-restore status=PASSED cases=4 authority=ci ranAgainstArtifactDigest=bd97612b7c07027013ddd50ddb9c4b3486bb56540aa2b34cca01e64be5f57531
ci-contract	Report the committed release evidence that exists at this revision	2026-09-14T16:28:41.0430655Z lane=phase2-contracts-compatibility status=PASSED cases=30 authority=ci ranAgainstArtifactDigest=bd97612b7c07027013ddd50ddb9c4b3486bb56540aa2b34cca01e64be5f57531
ci-contract	Report the committed release evidence that exists at this revision	2026-09-14T16:28:41.0432564Z lane=phase2-privacy status=PASSED cases=17 authority=ci ranAgainstArtifactDigest=bd97612b7c07027013ddd50ddb9c4b3486bb56540aa2b34cca01e64be5f57531
ci-contract	Report the committed release evidence that exists at this revision	2026-09-14T16:28:41.0434110Z lane=image-compose-deploy status=PASSED cases=3 authority=ci ranAgainstArtifactDigest=bd97612b7c07027013ddd50ddb9c4b3486bb56540aa2b34cca01e64be5f57531
ci-contract	Report the committed release evidence that exists at this revision	2026-09-14T16:28:41.0435539Z lane=opentofu-host-fixtures status=PASSED cases=8 authority=ci ranAgainstArtifactDigest=bd97612b7c07027013ddd50ddb9c4b3486bb56540aa2b34cca01e64be5f57531
ci-contract	Report the committed release evidence that exists at this revision	2026-09-14T16:28:41.0437250Z lane=export-elixir status=PASSED cases=337 authority=ci ranAgainstArtifactDigest=bd97612b7c07027013ddd50ddb9c4b3486bb56540aa2b34cca01e64be5f57531
ci-contract	Report the committed release evidence that exists at this revision	2026-09-14T16:28:41.0438947Z lane=export-reader status=PASSED cases=16 authority=ci ranAgainstArtifactDigest=bd97612b7c07027013ddd50ddb9c4b3486bb56540aa2b34cca01e64be5f57531
ci-contract	Report the committed release evidence that exists at this revision	2026-09-14T16:28:41.0440487Z lane=desktop-units status=PASSED cases=381 authority=ci ranAgainstArtifactDigest=bd97612b7c07027013ddd50ddb9c4b3486bb56540aa2b34cca01e64be5f57531
ci-contract	Report the committed release evidence that exists at this revision	2026-09-14T16:28:41.0441696Z lane=desktop-package status=PASSED cases=1 authority=ci ranAgainstArtifactDigest=2ec8d7c5696b2d58e334b3446b9bff6f9e1c837d161d07f50be4fbf53632c7e5
ci-contract	Report the committed release evidence that exists at this revision	2026-09-14T16:28:41.0443183Z lane=desktop-packaged status=PASSED cases=11 authority=ci ranAgainstArtifactDigest=2ec8d7c5696b2d58e334b3446b9bff6f9e1c837d161d07f50be4fbf53632c7e5
ci-contract	Report the committed release evidence that exists at this revision	2026-09-14T16:28:41.0444656Z lane=desktop-e2e status=PASSED cases=66 authority=ci ranAgainstArtifactDigest=bd97612b7c07027013ddd50ddb9c4b3486bb56540aa2b34cca01e64be5f57531
ci-contract	Report the committed release evidence that exists at this revision	2026-09-14T16:28:41.0445909Z lane=macos-integration-no-grant status=PASSED cases=9 authority=ci ranAgainstArtifactDigest=2ec8d7c5696b2d58e334b3446b9bff6f9e1c837d161d07f50be4fbf53632c7e5
ci-contract	Report the committed release evidence that exists at this revision	2026-09-14T16:28:41.0447203Z lane=hosted-runner-tcc-report status=PASSED cases=1 authority=ci ranAgainstArtifactDigest=2ec8d7c5696b2d58e334b3446b9bff6f9e1c837d161d07f50be4fbf53632c7e5
ci-contract	Report the committed release evidence that exists at this revision	2026-09-14T16:28:41.0450083Z lane=desktop-promote status=PASSED cases=1 authority=ci ranAgainstArtifactDigest=2ec8d7c5696b2d58e334b3446b9bff6f9e1c837d161d07f50be4fbf53632c7e5
ci-contract	Report the committed release evidence that exists at this revision	2026-09-14T16:28:41.0459967Z lane=slsa-provenance-attestation status=PASSED cases=2 authority=ci ranAgainstArtifactDigest=2ec8d7c5696b2d58e334b3446b9bff6f9e1c837d161d07f50be4fbf53632c7e5
ci-contract	Report the committed release evidence that exists at this revision	2026-09-14T16:28:41.0469648Z lane=sbom-generation status=PASSED cases=2 authority=ci ranAgainstArtifactDigest=2ec8d7c5696b2d58e334b3446b9bff6f9e1c837d161d07f50be4fbf53632c7e5
ci-contract	Report the committed release evidence that exists at this revision	2026-09-14T16:28:41.0471732Z lane=daily-restore status=PASSED cases=2 authority=ci ranAgainstArtifactDigest=bd97612b7c07027013ddd50ddb9c4b3486bb56540aa2b34cca01e64be5f57531
ci-contract	Report the committed release evidence that exists at this revision	2026-09-14T16:28:41.0473487Z verify-release failed: lane weekly-historical-pitr reports BLOCKED
ci-contract	Report the committed release evidence that exists at this revision	2026-09-14T16:28:41.0474512Z verify-release failed: lane quarterly-host-replacement reports BLOCKED
ci-contract	Report the committed release evidence that exists at this revision	2026-09-14T16:28:41.0475485Z verify-release failed: lane package-reproducible reports BLOCKED
ci-contract	Report the committed release evidence that exists at this revision	2026-09-14T16:28:41.0483105Z lane=weekly-historical-pitr status=BLOCKED cases=0 owner=backlog reason=Scheduled lane (recovery-drills.yml). NOT DISPATCHED AT THIS REVISION, and that is the only thing wrong with it. The fixture itself passes: it was dispatched two commits earlier at revision af49e08 as run 34777715708 and succeeded, the first time this drill has ever passed, on the same credential provisioning that unblocked daily-restore. But run 34778845662 at c2e4ce37ff0ca2c27067b098c2cfbdc59155ba96 selected drill=newest-logical, which runs both daily fixtures and SKIPS this job, so no evidence exists at the revision this manifest is cut at. A pass at a nearby revision is not a pass at this one, and is not recorded as one. TO CLOSE, one command: `gh workflow run recovery-drills.yml --ref main -f drill=historical-pitr` at this revision, then bind its evidence here. Row 100's caveat applies to it exactly as it applies to daily-restore.
ci-contract	Report the committed release evidence that exists at this revision	2026-09-14T16:28:41.0495819Z lane=quarterly-host-replacement status=BLOCKED cases=0 owner=backlog reason=Two independent things block this lane, and provisioning the credentials fixed neither. FIRST, the job body hardcodes `result: NON_PASSING` and `exit 1` before it reads any token, so it cannot pass whatever secrets exist; it has no runtime provisioning and materialises none of the five credential FILES the lane needs. SECOND, tooling/verify-host-replacement.sh requires eight inputs, five of them files outside the repository, and two of those inputs are not yet decided at all -- the DNS record name for the app host, and an SSH public key item. HCLOUD_TOKEN and CLOUDFLARE_API_TOKEN are now provisioned in the recovery-live environment (which had to be created; it did not exist), so the credential half is genuinely started, but the workflow half is untouched. DATA-03 and OPS-02 stay unchecked, which is the honest outcome. See .planning/WINDOWS.md row 95 as amended.
ci-contract	Report the committed release evidence that exists at this revision	2026-09-14T16:28:41.0504412Z lane=package-reproducible status=BLOCKED cases=0 owner=backlog reason=Unwired, by a deliberate open decision recorded as .planning/WINDOWS.md row 82: a notarized Developer ID build is not byte-reproducible by construction, so the lane needs a defined comparison that excludes the signature and staple before it can mean anything. Unchanged at this revision.
ci-contract	Report the committed release evidence that exists at this revision	2026-09-14T16:28:41.0506711Z verify-release failed: lane phase-1-desktop reports BLOCKED
ci-contract	Report the committed release evidence that exists at this revision	2026-09-14T16:28:41.0507257Z verify-release failed: lane mcp-gate-selftest reports BLOCKED
ci-contract	Report the committed release evidence that exists at this revision	2026-09-14T16:28:41.0507793Z verify-release failed: lane mcp-phase-non-model reports BLOCKED
ci-contract	Report the committed release evidence that exists at this revision	2026-09-14T16:28:41.0508535Z verify-release failed: lane cross-adapter-phase reports BLOCKED
ci-contract	Report the committed release evidence that exists at this revision	2026-09-14T16:28:41.0509058Z verify-release failed: lane ios-simulator reports BLOCKED
ci-contract	Report the committed release evidence that exists at this revision	2026-09-14T16:28:41.0509553Z verify-release failed: lane ios-signed-build reports BLOCKED
ci-contract	Report the committed release evidence that exists at this revision	2026-09-14T16:28:41.0510071Z verify-release failed: lane real-stack-desktop reports BLOCKED
ci-contract	Report the committed release evidence that exists at this revision	2026-09-14T16:28:41.0510616Z verify-release failed: lane real-stack-ios-simulator reports BLOCKED
ci-contract	Report the committed release evidence that exists at this revision	2026-09-14T16:28:41.0511126Z verify-release failed: lane trust-soak reports BLOCKED
ci-contract	Report the committed release evidence that exists at this revision	2026-09-14T16:28:41.0511695Z verify-release failed: lane macos-integration-live-appearance reports BLOCKED
ci-contract	Report the committed release evidence that exists at this revision	2026-09-14T16:28:41.0512325Z verify-release failed: lane macos-integration-full-grant reports BLOCKED
ci-contract	Report the committed release evidence that exists at this revision	2026-09-14T16:28:41.0513143Z verify-release failed: lane ios-device reports BLOCKED
ci-contract	Report the committed release evidence that exists at this revision	2026-09-14T16:28:41.0513674Z verify-release failed: lane mcp-representative-model reports BLOCKED
ci-contract	Report the committed release evidence that exists at this revision	2026-09-14T16:28:41.0514249Z verify-release failed: lane live-host-dns-acceptance reports BLOCKED
ci-contract	Report the committed release evidence that exists at this revision	2026-09-14T16:28:41.0515017Z verify-release failed: revision c2e4ce37ff0ca2c27067b098c2cfbdc59155ba96 verification did not pass (PASSED)
ci-contract	Report the committed release evidence that exists at this revision	2026-09-14T16:28:41.0516612Z lane=phase-1-desktop status=BLOCKED cases=0 owner=backlog reason=Unwired: D-14 names this lane required on pull requests and main, but no committed workflow job runs `./tooling/test-phase-1.sh`. An unwired lane may never report PASSED. Unchanged at this revision.
ci-contract	Report the committed release evidence that exists at this revision	2026-09-14T16:28:41.0518557Z lane=mcp-gate-selftest status=BLOCKED cases=0 owner=backlog reason=Unwired: D-14 names this lane required on pull requests and main, but no committed workflow job runs `node tooling/mcp-gate-selftest.mjs`. Unchanged at this revision.
ci-contract	Report the committed release evidence that exists at this revision	2026-09-14T16:28:41.0520512Z lane=mcp-phase-non-model status=BLOCKED cases=0 owner=backlog reason=Unwired: D-14 names this lane required on pull requests and main, but no committed workflow job runs `node tooling/verify-mcp-phase.mjs` non-model lanes. Unchanged at this revision.
ci-contract	Report the committed release evidence that exists at this revision	2026-09-14T16:28:41.0523689Z lane=cross-adapter-phase status=BLOCKED cases=0 owner=backlog reason=Unwired: D-14 names this lane required on pull requests and main, but no committed workflow job runs `node tooling/verify-cross-adapter-phase.mjs`. The wiring is genuinely expensive rather than merely absent -- it needs Postgres, a booted Phoenix server, a packaged Electron application and a booted iOS simulator on one macOS runner. SRV-02 stays unchecked. Unchanged at this revision.
ci-contract	Report the committed release evidence that exists at this revision	2026-09-14T16:28:41.0526097Z lane=ios-simulator status=BLOCKED cases=0 owner=backlog reason=Unwired: D-14 names the iOS simulator lanes required on main, but no committed workflow job runs them. Unchanged at this revision.
ci-contract	Report the committed release evidence that exists at this revision	2026-09-14T16:28:41.0528023Z lane=ios-signed-build status=BLOCKED cases=0 owner=backlog reason=Unwired: D-14 names this lane required on main only, never on forked pull requests, but no committed workflow job runs `node tooling/build-ios-signed.mjs`. Unchanged at this revision.
ci-contract	Report the committed release evidence that exists at this revision	2026-09-14T16:28:41.0529966Z lane=real-stack-desktop status=BLOCKED cases=0 owner=backlog reason=Unwired: D-14 places this lane on-demand via workflow_dispatch on main, and no such committed job exists. It also requires repository secrets. Unchanged at this revision.
ci-contract	Report the committed release evidence that exists at this revision	2026-09-14T16:28:41.0531875Z lane=real-stack-ios-simulator status=BLOCKED cases=0 owner=backlog reason=Unwired: D-14 places this lane on-demand via workflow_dispatch on main, and no such committed job exists. It also requires repository secrets. Unchanged at this revision.
ci-contract	Report the committed release evidence that exists at this revision	2026-09-14T16:28:41.0536058Z lane=trust-soak status=BLOCKED cases=0 owner=backlog reason=The soak's verdict at this revision is BLOCKED with zero samples, and the retained evidence at evidence/trust-soak-evidence.json is byte-identical to the file retained with candidate-1 and candidate-2 because the soak has accumulated nothing since: verdict=BLOCKED, every chaos operator count 0, every invariant I1-I10 samples=0 violations=0 disposition=BLOCKED, an empty dailyUsageCensus, and detectionFloor confidence=null. That is the correct and honest outcome, and it keeps this manifest's overall verdict non-zero. The measurement window accumulates in calendar time and cannot be shortened by any change to this repository.
ci-contract	Report the committed release evidence that exists at this revision	2026-09-14T16:28:41.0539848Z lane=macos-integration-live-appearance status=BLOCKED cases=0 owner=backlog reason=Physical blocker. Row A14 changes the system appearance WHILE the app is running and asserts the window re-themes without a relaunch. A hosted runner cannot drive that. Unchanged at this revision.
ci-contract	Report the committed release evidence that exists at this revision	2026-09-14T16:28:41.0546068Z lane=macos-integration-full-grant status=BLOCKED cases=0 owner=backlog reason=Physical blocker as recorded in the inventory: a hosted GitHub runner cannot be given a non-interactive TCC Accessibility grant, and the hosted-runner-tcc-report lane above is the runner stating so itself rather than anyone assuming it. HALF OF THE CLOSING CONDITION REMAINS MET AND HALF REMAINS UNMET, exactly as at candidate-2: continuous integration signs, notarizes and staples, so CI-built bytes a grant-holding machine could run against exist and are named by digest (ddce0c7dfb470a74dd2aa629b1c486a58fa5bd81f9b776b1c0980decb181fe1f); but no run has attempted the full-grant rows against those bytes on a machine with the grant, so this lane has no passing evidence. A local pass over locally built bytes may never be recorded here. TO CLOSE: download the archive from run 34777805267, verify it against the attestation, and run the full-grant rows against those exact bytes on a machine holding the Accessibility grant. See .planning/WINDOWS.md rows 84 and 89.
ci-contract	Report the committed release evidence that exists at this revision	2026-09-14T16:28:41.0550720Z lane=ios-device status=BLOCKED cases=0 owner=backlog reason=Physical blocker as recorded in the inventory: the lane drives a physically present, unlocked iPhone, which a hosted runner does not have.
ci-contract	Report the committed release evidence that exists at this revision	2026-09-14T16:28:41.0552309Z lane=mcp-representative-model status=BLOCKED cases=0 owner=backlog reason=Physical blocker as recorded in the inventory: the lane calls a real, paid, non-deterministic third-party model credential.
ci-contract	Report the committed release evidence that exists at this revision	2026-09-14T16:28:41.0559288Z lane=live-host-dns-acceptance status=BLOCKED cases=0 owner=backlog reason=Protected outer lane. CHANGED AT THIS REVISION, and the change is real but does not make it passable. Commit 1195bdc replaced the hardcoded deferral in tooling/test-phase-2.sh with a check of all nine required inputs: with every input present the lane now actually invokes tooling/verify-host-replacement.sh, and with any input absent it defers and NAMES the absent ones. Tested at eight of nine inputs, it still defers. So the lane is no longer structurally incapable of running -- but it still has no committed job that supplies those inputs (see quarterly-host-replacement above), so it has not run, and it reports BLOCKED with a zero case count. It provisions a real paid host and real DNS and is single-attempt; it keeps exiting non-zero so that no skip is ever counted as evidence.
ci-contract	Report the committed release evidence that exists at this revision	2026-09-14T16:28:41.0562866Z NON-PASSING: .planning/releases/candidate-3/release-manifest.json
ci-contract	Report the committed release evidence that exists at this revision	2026-09-14T16:28:41.0563519Z ##[endgroup]
ci-contract	Report the committed release evidence that exists at this revision	2026-09-14T16:28:41.0564017Z ##[group]verify-release .planning/releases/candidate-4/release-manifest.json
ci-contract	Report the committed release evidence that exists at this revision	2026-09-14T16:28:41.0811285Z verify-release tracked_input_sha256=a43c5ff88228d8b2edc0f0b05ce75d0c67695dcb00eae6b7bc9484d0f95eb0e7
ci-contract	Report the committed release evidence that exists at this revision	2026-09-14T16:28:41.0819109Z attestation=UNVERIFIED artifact=.planning/releases/candidate-4/artifacts/desktop-macos-app.package-manifest.json reason=offline-flag
ci-contract	Report the committed release evidence that exists at this revision	2026-09-14T16:28:41.0822205Z attestation=UNVERIFIED artifact=.planning/releases/candidate-4/artifacts/ios-archive.absence-record.json reason=offline-flag
ci-contract	Report the committed release evidence that exists at this revision	2026-09-14T16:28:41.0824636Z attestation=UNVERIFIED artifact=.planning/releases/candidate-4/artifacts/server-oci-image.absence-record.json reason=offline-flag
ci-contract	Report the committed release evidence that exists at this revision	2026-09-14T16:28:41.0826437Z attestation=UNVERIFIED artifact=.planning/releases/candidate-4/artifacts/web-bundle.absence-record.json reason=offline-flag
ci-contract	Report the committed release evidence that exists at this revision	2026-09-14T16:28:41.0829210Z attestation=UNVERIFIED artifact=.planning/releases/candidate-4/artifacts/source-tree.record.json reason=offline-flag
ci-contract	Report the committed release evidence that exists at this revision	2026-09-14T16:28:41.0831833Z lane=ci-contract status=PASSED cases=5 authority=ci ranAgainstArtifactDigest=09f7a3e01e729d49ff3b409c8d23cc665d0cc7a5bc888632a98534d0ff0b3535
ci-contract	Report the committed release evidence that exists at this revision	2026-09-14T16:28:41.0834683Z lane=repository-integrity status=PASSED cases=3 authority=ci ranAgainstArtifactDigest=09f7a3e01e729d49ff3b409c8d23cc665d0cc7a5bc888632a98534d0ff0b3535
ci-contract	Report the committed release evidence that exists at this revision	2026-09-14T16:28:41.0837396Z lane=all-required-passed status=PASSED cases=1 authority=ci ranAgainstArtifactDigest=09f7a3e01e729d49ff3b409c8d23cc665d0cc7a5bc888632a98534d0ff0b3535
ci-contract	Report the committed release evidence that exists at this revision	2026-09-14T16:28:41.0839917Z lane=phase2-server status=PASSED cases=337 authority=ci ranAgainstArtifactDigest=09f7a3e01e729d49ff3b409c8d23cc665d0cc7a5bc888632a98534d0ff0b3535
ci-contract	Report the committed release evidence that exists at this revision	2026-09-14T16:28:41.0842128Z lane=phase2-sync-property status=PASSED cases=20 authority=ci ranAgainstArtifactDigest=09f7a3e01e729d49ff3b409c8d23cc665d0cc7a5bc888632a98534d0ff0b3535
ci-contract	Report the committed release evidence that exists at this revision	2026-09-14T16:28:41.0844543Z lane=phase2-backup-restore status=PASSED cases=4 authority=ci ranAgainstArtifactDigest=09f7a3e01e729d49ff3b409c8d23cc665d0cc7a5bc888632a98534d0ff0b3535
ci-contract	Report the committed release evidence that exists at this revision	2026-09-14T16:28:41.0846419Z lane=phase2-contracts-compatibility status=PASSED cases=30 authority=ci ranAgainstArtifactDigest=09f7a3e01e729d49ff3b409c8d23cc665d0cc7a5bc888632a98534d0ff0b3535
ci-contract	Report the committed release evidence that exists at this revision	2026-09-14T16:28:41.0847716Z lane=phase2-privacy status=PASSED cases=17 authority=ci ranAgainstArtifactDigest=09f7a3e01e729d49ff3b409c8d23cc665d0cc7a5bc888632a98534d0ff0b3535
ci-contract	Report the committed release evidence that exists at this revision	2026-09-14T16:28:41.0848966Z lane=image-compose-deploy status=PASSED cases=3 authority=ci ranAgainstArtifactDigest=09f7a3e01e729d49ff3b409c8d23cc665d0cc7a5bc888632a98534d0ff0b3535
ci-contract	Report the committed release evidence that exists at this revision	2026-09-14T16:28:41.0850252Z lane=opentofu-host-fixtures status=PASSED cases=8 authority=ci ranAgainstArtifactDigest=09f7a3e01e729d49ff3b409c8d23cc665d0cc7a5bc888632a98534d0ff0b3535
ci-contract	Report the committed release evidence that exists at this revision	2026-09-14T16:28:41.0851474Z lane=export-elixir status=PASSED cases=337 authority=ci ranAgainstArtifactDigest=09f7a3e01e729d49ff3b409c8d23cc665d0cc7a5bc888632a98534d0ff0b3535
ci-contract	Report the committed release evidence that exists at this revision	2026-09-14T16:28:41.0864350Z lane=export-reader status=PASSED cases=16 authority=ci ranAgainstArtifactDigest=09f7a3e01e729d49ff3b409c8d23cc665d0cc7a5bc888632a98534d0ff0b3535
ci-contract	Report the committed release evidence that exists at this revision	2026-09-14T16:28:41.0865733Z lane=desktop-units status=PASSED cases=381 authority=ci ranAgainstArtifactDigest=09f7a3e01e729d49ff3b409c8d23cc665d0cc7a5bc888632a98534d0ff0b3535
ci-contract	Report the committed release evidence that exists at this revision	2026-09-14T16:28:41.0867644Z lane=desktop-package status=PASSED cases=1 authority=ci ranAgainstArtifactDigest=4fcdb82cdf28a7f8cbdd9af299f17d8b0f7d9321f6a346c0ed657c51d38304f5
ci-contract	Report the committed release evidence that exists at this revision	2026-09-14T16:28:41.0868923Z lane=desktop-packaged status=PASSED cases=11 authority=ci ranAgainstArtifactDigest=4fcdb82cdf28a7f8cbdd9af299f17d8b0f7d9321f6a346c0ed657c51d38304f5
ci-contract	Report the committed release evidence that exists at this revision	2026-09-14T16:28:41.0870341Z lane=desktop-e2e status=PASSED cases=66 authority=ci ranAgainstArtifactDigest=09f7a3e01e729d49ff3b409c8d23cc665d0cc7a5bc888632a98534d0ff0b3535
ci-contract	Report the committed release evidence that exists at this revision	2026-09-14T16:28:41.0871610Z lane=macos-integration-no-grant status=PASSED cases=9 authority=ci ranAgainstArtifactDigest=4fcdb82cdf28a7f8cbdd9af299f17d8b0f7d9321f6a346c0ed657c51d38304f5
ci-contract	Report the committed release evidence that exists at this revision	2026-09-14T16:28:41.0873151Z lane=hosted-runner-tcc-report status=PASSED cases=1 authority=ci ranAgainstArtifactDigest=4fcdb82cdf28a7f8cbdd9af299f17d8b0f7d9321f6a346c0ed657c51d38304f5
ci-contract	Report the committed release evidence that exists at this revision	2026-09-14T16:28:41.0874440Z lane=desktop-promote status=PASSED cases=1 authority=ci ranAgainstArtifactDigest=4fcdb82cdf28a7f8cbdd9af299f17d8b0f7d9321f6a346c0ed657c51d38304f5
ci-contract	Report the committed release evidence that exists at this revision	2026-09-14T16:28:41.0877212Z lane=slsa-provenance-attestation status=PASSED cases=2 authority=ci ranAgainstArtifactDigest=4fcdb82cdf28a7f8cbdd9af299f17d8b0f7d9321f6a346c0ed657c51d38304f5
ci-contract	Report the committed release evidence that exists at this revision	2026-09-14T16:28:41.0886556Z lane=sbom-generation status=PASSED cases=2 authority=ci ranAgainstArtifactDigest=4fcdb82cdf28a7f8cbdd9af299f17d8b0f7d9321f6a346c0ed657c51d38304f5
ci-contract	Report the committed release evidence that exists at this revision	2026-09-14T16:28:41.0888424Z lane=daily-restore status=PASSED cases=2 authority=ci ranAgainstArtifactDigest=09f7a3e01e729d49ff3b409c8d23cc665d0cc7a5bc888632a98534d0ff0b3535
ci-contract	Report the committed release evidence that exists at this revision	2026-09-14T16:28:41.0890333Z lane=weekly-historical-pitr status=PASSED cases=1 authority=ci ranAgainstArtifactDigest=09f7a3e01e729d49ff3b409c8d23cc665d0cc7a5bc888632a98534d0ff0b3535
ci-contract	Report the committed release evidence that exists at this revision	2026-09-14T16:28:41.0892323Z verify-release failed: lane quarterly-host-replacement reports BLOCKED
ci-contract	Report the committed release evidence that exists at this revision	2026-09-14T16:28:41.0893542Z verify-release failed: lane package-reproducible reports BLOCKED
ci-contract	Report the committed release evidence that exists at this revision	2026-09-14T16:28:41.0894531Z verify-release failed: lane phase-1-desktop reports BLOCKED
ci-contract	Report the committed release evidence that exists at this revision	2026-09-14T16:28:41.0895500Z verify-release failed: lane mcp-gate-selftest reports BLOCKED
ci-contract	Report the committed release evidence that exists at this revision	2026-09-14T16:28:41.0896506Z verify-release failed: lane mcp-phase-non-model reports BLOCKED
ci-contract	Report the committed release evidence that exists at this revision	2026-09-14T16:28:41.0902487Z lane=quarterly-host-replacement status=BLOCKED cases=0 owner=backlog reason=Two independent things block this lane, and provisioning the credentials fixed neither. FIRST, the job body hardcodes `result: NON_PASSING` and `exit 1` before it reads any token, so it cannot pass whatever secrets exist; it has no runtime provisioning and materialises none of the five credential FILES the lane needs. SECOND, tooling/verify-host-replacement.sh requires eight inputs, five of them files outside the repository, and two of those inputs are not yet decided at all -- the DNS record name for the app host, and an SSH public key item. HCLOUD_TOKEN and CLOUDFLARE_API_TOKEN are provisioned in the recovery-live environment (which had to be created; it did not exist), so the credential half is genuinely started, but the workflow half is untouched. THIS IS NOW THE ONLY DRILL FIXTURE THAT DOES NOT PASS AT THIS REVISION: run 34793473769 and run 34780506996 between them carry the other three, and this job was SKIPPED in both. DATA-03 and OPS-02 stay unchecked, which is the honest outcome. See .planning/WINDOWS.md row 95 as amended.
ci-contract	Report the committed release evidence that exists at this revision	2026-09-14T16:28:41.0915788Z lane=package-reproducible status=BLOCKED cases=0 owner=backlog reason=Unwired, by a deliberate open decision recorded as .planning/WINDOWS.md row 82: a notarized Developer ID build is not byte-reproducible by construction, so the lane needs a defined comparison that excludes the signature and staple before it can mean anything. THIS CANDIDATE MAKES THE POINT CONCRETE rather than theoretical: the package manifest's inputDigestSha256 is IDENTICAL to candidate-3's (713dd01d...), because the tracked inputs did not change between the two revisions, and the applicationDigestSha256 is nevertheless DIFFERENT. Two builds of the same inputs, two digests. That is exactly the comparison this lane would have to define away, and it is now measured rather than predicted.
ci-contract	Report the committed release evidence that exists at this revision	2026-09-14T16:28:41.0922289Z lane=phase-1-desktop status=BLOCKED cases=0 owner=backlog reason=Unwired: D-14 names this lane required on pull requests and main, but no committed workflow job runs `./tooling/test-phase-1.sh`. An unwired lane may never report PASSED.
ci-contract	Report the committed release evidence that exists at this revision	2026-09-14T16:28:41.0925693Z lane=mcp-gate-selftest status=BLOCKED cases=0 owner=backlog reason=Unwired: D-14 names this lane required on pull requests and main, but no committed workflow job runs `node tooling/mcp-gate-selftest.mjs`.
ci-contract	Report the committed release evidence that exists at this revision	2026-09-14T16:28:41.0928249Z lane=mcp-phase-non-model status=BLOCKED cases=0 owner=backlog reason=Unwired: D-14 names this lane required on pull requests and main, but no committed workflow job runs `node tooling/verify-mcp-phase.mjs` non-model lanes.
ci-contract	Report the committed release evidence that exists at this revision	2026-09-14T16:28:41.0929612Z verify-release failed: lane cross-adapter-phase reports BLOCKED
ci-contract	Report the committed release evidence that exists at this revision	2026-09-14T16:28:41.0930537Z verify-release failed: lane ios-simulator reports BLOCKED
ci-contract	Report the committed release evidence that exists at this revision	2026-09-14T16:28:41.0931387Z verify-release failed: lane ios-signed-build reports BLOCKED
ci-contract	Report the committed release evidence that exists at this revision	2026-09-14T16:28:41.0932051Z verify-release failed: lane real-stack-desktop reports BLOCKED
ci-contract	Report the committed release evidence that exists at this revision	2026-09-14T16:28:41.0932815Z verify-release failed: lane real-stack-ios-simulator reports BLOCKED
ci-contract	Report the committed release evidence that exists at this revision	2026-09-14T16:28:41.0933412Z verify-release failed: lane trust-soak reports BLOCKED
ci-contract	Report the committed release evidence that exists at this revision	2026-09-14T16:28:41.0933996Z verify-release failed: lane macos-integration-live-appearance reports BLOCKED
ci-contract	Report the committed release evidence that exists at this revision	2026-09-14T16:28:41.0934630Z verify-release failed: lane macos-integration-full-grant reports BLOCKED
ci-contract	Report the committed release evidence that exists at this revision	2026-09-14T16:28:41.0935151Z verify-release failed: lane ios-device reports BLOCKED
ci-contract	Report the committed release evidence that exists at this revision	2026-09-14T16:28:41.0935666Z verify-release failed: lane mcp-representative-model reports BLOCKED
ci-contract	Report the committed release evidence that exists at this revision	2026-09-14T16:28:41.0936440Z verify-release failed: lane live-host-dns-acceptance reports BLOCKED
ci-contract	Report the committed release evidence that exists at this revision	2026-09-14T16:28:41.0937222Z verify-release failed: revision 069df06570f7bc65ccb646935fd637dcc83bbd9c verification did not pass (PASSED)
ci-contract	Report the committed release evidence that exists at this revision	2026-09-14T16:28:41.0939625Z lane=cross-adapter-phase status=BLOCKED cases=0 owner=backlog reason=Unwired: D-14 names this lane required on pull requests and main, but no committed workflow job runs `node tooling/verify-cross-adapter-phase.mjs`. The wiring is genuinely expensive rather than merely absent -- it needs Postgres, a booted Phoenix server, a packaged Electron application and a booted iOS simulator on one macOS runner. SRV-02 stays unchecked.
ci-contract	Report the committed release evidence that exists at this revision	2026-09-14T16:28:41.0941880Z lane=ios-simulator status=BLOCKED cases=0 owner=backlog reason=Unwired: D-14 names the iOS simulator lanes required on main, but no committed workflow job runs them.
ci-contract	Report the committed release evidence that exists at this revision	2026-09-14T16:28:41.0943795Z lane=ios-signed-build status=BLOCKED cases=0 owner=backlog reason=Unwired: D-14 names this lane required on main only, never on forked pull requests, but no committed workflow job runs `node tooling/build-ios-signed.mjs`.
ci-contract	Report the committed release evidence that exists at this revision	2026-09-14T16:28:41.0945564Z lane=real-stack-desktop status=BLOCKED cases=0 owner=backlog reason=Unwired: D-14 places this lane on-demand via workflow_dispatch on main, and no such committed job exists. It also requires repository secrets.
ci-contract	Report the committed release evidence that exists at this revision	2026-09-14T16:28:41.0947279Z lane=real-stack-ios-simulator status=BLOCKED cases=0 owner=backlog reason=Unwired: D-14 places this lane on-demand via workflow_dispatch on main, and no such committed job exists. It also requires repository secrets.
ci-contract	Report the committed release evidence that exists at this revision	2026-09-14T16:28:41.0951178Z lane=trust-soak status=BLOCKED cases=0 owner=backlog reason=The soak's verdict at this revision is BLOCKED with zero samples, and the retained evidence at evidence/trust-soak-evidence.json is byte-identical to the file retained with candidates 1 through 3 because the soak has accumulated nothing since: verdict=BLOCKED, every chaos operator count 0, every invariant I1-I10 samples=0 violations=0 disposition=BLOCKED, an empty dailyUsageCensus, and detectionFloor confidence=null. That is the correct and honest outcome, and it keeps this manifest's overall verdict non-zero. The measurement window accumulates in calendar time and cannot be shortened by any change to this repository.
ci-contract	Report the committed release evidence that exists at this revision	2026-09-14T16:28:41.0954896Z lane=macos-integration-live-appearance status=BLOCKED cases=0 owner=backlog reason=Physical blocker. Row A14 changes the system appearance WHILE the app is running and asserts the window re-themes without a relaunch. A hosted runner cannot drive that.
ci-contract	Report the committed release evidence that exists at this revision	2026-09-14T16:28:41.0959535Z lane=macos-integration-full-grant status=BLOCKED cases=0 owner=backlog reason=Physical blocker as recorded in the inventory: a hosted GitHub runner cannot be given a non-interactive TCC Accessibility grant, and the hosted-runner-tcc-report lane above is the runner stating so itself rather than anyone assuming it. HALF OF THE CLOSING CONDITION IS MET AND HALF IS NOT: continuous integration signs, notarizes and staples, so CI-built bytes a grant-holding machine could run against exist and are named by digest (bcf45b6f8fce5709ff7ab7c423b84b6065f8d51a020ea76bbd9e8b7fc6ee916f); but no run has attempted the full-grant rows against those bytes on a machine with the grant. A local pass over locally built bytes may never be recorded here. See .planning/WINDOWS.md rows 84 and 89.
ci-contract	Report the committed release evidence that exists at this revision	2026-09-14T16:28:41.0963603Z lane=ios-device status=BLOCKED cases=0 owner=backlog reason=Physical blocker as recorded in the inventory: the lane drives a physically present, unlocked iPhone, which a hosted runner does not have.
ci-contract	Report the committed release evidence that exists at this revision	2026-09-14T16:28:41.0965293Z lane=mcp-representative-model status=BLOCKED cases=0 owner=backlog reason=Physical blocker as recorded in the inventory: the lane calls a real, paid, non-deterministic third-party model credential.
ci-contract	Report the committed release evidence that exists at this revision	2026-09-14T16:28:41.0969546Z lane=live-host-dns-acceptance status=BLOCKED cases=0 owner=backlog reason=Protected outer lane. Commit 1195bdc replaced the hardcoded deferral in tooling/test-phase-2.sh with a check of all nine required inputs: with every input present the lane now actually invokes tooling/verify-host-replacement.sh, and with any input absent it defers and NAMES the absent ones. Tested at eight of nine inputs, it still defers. So the lane is no longer structurally incapable of running -- but it still has no committed job that supplies those inputs (see quarterly-host-replacement above), so it has not run, and it reports BLOCKED with a zero case count. It provisions a real paid host and real DNS and is single-attempt; it keeps exiting non-zero so that no skip is ever counted as evidence.
ci-contract	Report the committed release evidence that exists at this revision	2026-09-14T16:28:41.0972871Z NON-PASSING: .planning/releases/candidate-4/release-manifest.json
ci-contract	Report the committed release evidence that exists at this revision	2026-09-14T16:28:41.0973484Z ##[endgroup]
ci-contract	Post Run actions/setup-node@49933ea5288caeca8642d1e84afbd3f7d6820020	﻿2026-09-14T16:28:41.1098555Z Node 20 is being deprecated. This workflow is running with Node 24 by default. If you need to temporarily use Node 20, you can set the ACTIONS_ALLOW_USE_UNSECURE_NODE_VERSION=true environment variable. For more information see: https://github.blog/changelog/2025-09-19-deprecation-of-node-20-on-github-actions-runners/
ci-contract	Post Run actions/setup-node@49933ea5288caeca8642d1e84afbd3f7d6820020	2026-09-14T16:28:41.1099871Z Post job cleanup.
ci-contract	Post Run actions/setup-node@49933ea5288caeca8642d1e84afbd3f7d6820020	2026-09-14T16:28:41.2308783Z (node:2453) [DEP0040] DeprecationWarning: The `punycode` module is deprecated. Please use a userland alternative instead.
ci-contract	Post Run actions/setup-node@49933ea5288caeca8642d1e84afbd3f7d6820020	2026-09-14T16:28:41.2310330Z (Use `node --trace-deprecation ...` to show where the warning was created)
ci-contract	Post Run actions/checkout@34e114876b0b11c390a56381ad16ebd13914f8d5	﻿2026-09-14T16:28:41.2569292Z Node 20 is being deprecated. This workflow is running with Node 24 by default. If you need to temporarily use Node 20, you can set the ACTIONS_ALLOW_USE_UNSECURE_NODE_VERSION=true environment variable. For more information see: https://github.blog/changelog/2025-09-19-deprecation-of-node-20-on-github-actions-runners/
ci-contract	Post Run actions/checkout@34e114876b0b11c390a56381ad16ebd13914f8d5	2026-09-14T16:28:41.2570581Z Post job cleanup.
ci-contract	Post Run actions/checkout@34e114876b0b11c390a56381ad16ebd13914f8d5	2026-09-14T16:28:41.3392140Z [command]/usr/bin/git version
ci-contract	Post Run actions/checkout@34e114876b0b11c390a56381ad16ebd13914f8d5	2026-09-14T16:28:41.3429211Z git version 2.55.0
ci-contract	Post Run actions/checkout@34e114876b0b11c390a56381ad16ebd13914f8d5	2026-09-14T16:28:41.3466794Z Temporarily overriding HOME='/home/runner/work/_temp/f69833b6-4f8f-4061-9b9c-475956cafeb4' before making global git config changes
ci-contract	Post Run actions/checkout@34e114876b0b11c390a56381ad16ebd13914f8d5	2026-09-14T16:28:41.3468296Z Adding repository directory to the temporary git global config as a safe directory
ci-contract	Post Run actions/checkout@34e114876b0b11c390a56381ad16ebd13914f8d5	2026-09-14T16:28:41.3472155Z [command]/usr/bin/git config --global --add safe.directory /home/runner/work/keepling/keepling
ci-contract	Post Run actions/checkout@34e114876b0b11c390a56381ad16ebd13914f8d5	2026-09-14T16:28:41.3509571Z [command]/usr/bin/git config --local --name-only --get-regexp core\.sshCommand
ci-contract	Post Run actions/checkout@34e114876b0b11c390a56381ad16ebd13914f8d5	2026-09-14T16:28:41.3542437Z [command]/usr/bin/git submodule foreach --recursive sh -c "git config --local --name-only --get-regexp 'core\.sshCommand' && git config --local --unset-all 'core.sshCommand' || :"
ci-contract	Post Run actions/checkout@34e114876b0b11c390a56381ad16ebd13914f8d5	2026-09-14T16:28:41.3763653Z [command]/usr/bin/git config --local --name-only --get-regexp http\.https\:\/\/github\.com\/\.extraheader
ci-contract	Post Run actions/checkout@34e114876b0b11c390a56381ad16ebd13914f8d5	2026-09-14T16:28:41.3787858Z http.https://github.com/.extraheader
ci-contract	Post Run actions/checkout@34e114876b0b11c390a56381ad16ebd13914f8d5	2026-09-14T16:28:41.3797971Z [command]/usr/bin/git config --local --unset-all http.https://github.com/.extraheader
ci-contract	Post Run actions/checkout@34e114876b0b11c390a56381ad16ebd13914f8d5	2026-09-14T16:28:41.3828229Z [command]/usr/bin/git submodule foreach --recursive sh -c "git config --local --name-only --get-regexp 'http\.https\:\/\/github\.com\/\.extraheader' && git config --local --unset-all 'http.https://github.com/.extraheader' || :"
ci-contract	Post Run actions/checkout@34e114876b0b11c390a56381ad16ebd13914f8d5	2026-09-14T16:28:41.4046247Z [command]/usr/bin/git config --local --name-only --get-regexp ^includeIf\.gitdir:
ci-contract	Post Run actions/checkout@34e114876b0b11c390a56381ad16ebd13914f8d5	2026-09-14T16:28:41.4075111Z [command]/usr/bin/git submodule foreach --recursive git config --local --show-origin --name-only --get-regexp remote.origin.url
ci-contract	Complete job	﻿2026-09-14T16:28:41.4427208Z Cleaning up orphan processes
ci-contract	Complete job	2026-09-14T16:28:41.4745092Z ##[warning]Node.js 20 is deprecated. The following actions target Node.js 20 but are being forced to run on Node.js 24: actions/checkout@34e114876b0b11c390a56381ad16ebd13914f8d5, actions/setup-node@49933ea5288caeca8642d1e84afbd3f7d6820020. For more information see: https://github.blog/changelog/2025-09-19-deprecation-of-node-20-on-github-actions-runners/
phase2-server	Set up job	﻿2026-09-14T16:28:34.1990044Z Current runner version: '2.337.0'
phase2-server	Set up job	2026-09-14T16:28:34.2017182Z ##[group]Runner Image Provisioner
phase2-server	Set up job	2026-09-14T16:28:34.2018187Z Hosted Compute Agent
phase2-server	Set up job	2026-09-14T16:28:34.2018817Z Version: 20260828.587
phase2-server	Set up job	2026-09-14T16:28:34.2019463Z Commit: abac92662cab4cc7352de4f9f9d2e2419aad9c29
phase2-server	Set up job	2026-09-14T16:28:34.2020282Z Build Date: 2026-08-28T16:44:25Z
phase2-server	Set up job	2026-09-14T16:28:34.2020989Z Worker ID: {ed6ae9ab-4626-45cc-9161-c9b17e107ece}
phase2-server	Set up job	2026-09-14T16:28:34.2021694Z Azure Region: westus3
phase2-server	Set up job	2026-09-14T16:28:34.2022597Z ##[endgroup]
phase2-server	Set up job	2026-09-14T16:28:34.2024349Z ##[group]Operating System
phase2-server	Set up job	2026-09-14T16:28:34.2025132Z Ubuntu
phase2-server	Set up job	2026-09-14T16:28:34.2025660Z 24.04.5
phase2-server	Set up job	2026-09-14T16:28:34.2026224Z LTS
phase2-server	Set up job	2026-09-14T16:28:34.2026829Z ##[endgroup]
phase2-server	Set up job	2026-09-14T16:28:34.2027390Z ##[group]Runner Image
phase2-server	Set up job	2026-09-14T16:28:34.2028466Z Image: ubuntu-24.04
phase2-server	Set up job	2026-09-14T16:28:34.2029083Z Version: 20260907.300.1
phase2-server	Set up job	2026-09-14T16:28:34.2030183Z Included Software: https://github.com/actions/runner-images/blob/ubuntu24/20260907.300/images/ubuntu/Ubuntu2404-Readme.md
phase2-server	Set up job	2026-09-14T16:28:34.2032041Z Image Release: https://github.com/actions/runner-images/releases/tag/ubuntu24%2F20260907.300
phase2-server	Set up job	2026-09-14T16:28:34.2033620Z ##[endgroup]
phase2-server	Set up job	2026-09-14T16:28:34.2034874Z ##[group]GITHUB_TOKEN Permissions
phase2-server	Set up job	2026-09-14T16:28:34.2037079Z Contents: read
phase2-server	Set up job	2026-09-14T16:28:34.2037747Z Metadata: read
phase2-server	Set up job	2026-09-14T16:28:34.2038405Z ##[endgroup]
phase2-server	Set up job	2026-09-14T16:28:34.2040643Z Secret source: Actions
phase2-server	Set up job	2026-09-14T16:28:34.2041640Z Cache mode: write
phase2-server	Set up job	2026-09-14T16:28:34.2042816Z Prepare workflow directory
phase2-server	Set up job	2026-09-14T16:28:34.2459863Z Prepare all required actions
phase2-server	Set up job	2026-09-14T16:28:34.2508170Z Getting action download info
phase2-server	Set up job	2026-09-14T16:28:34.5797753Z Download action repository 'actions/checkout@34e114876b0b11c390a56381ad16ebd13914f8d5' (SHA:34e114876b0b11c390a56381ad16ebd13914f8d5)
phase2-server	Set up job	2026-09-14T16:28:34.7148354Z Download action repository 'actions/setup-node@49933ea5288caeca8642d1e84afbd3f7d6820020' (SHA:49933ea5288caeca8642d1e84afbd3f7d6820020)
phase2-server	Set up job	2026-09-14T16:28:34.8039533Z Download action repository 'actions/cache@0400d5f644dc74513175e3cd8d07132dd4860809' (SHA:0400d5f644dc74513175e3cd8d07132dd4860809)
phase2-server	Set up job	2026-09-14T16:28:34.9753706Z Download action repository 'actions/upload-artifact@ea165f8d65b6e75b540449e92b4886f43607fa02' (SHA:ea165f8d65b6e75b540449e92b4886f43607fa02)
phase2-server	Set up job	2026-09-14T16:28:35.2059797Z Complete job name: phase2-server
phase2-server	Run actions/checkout@34e114876b0b11c390a56381ad16ebd13914f8d5	﻿2026-09-14T16:28:35.2879311Z Node 20 is being deprecated. This workflow is running with Node 24 by default. If you need to temporarily use Node 20, you can set the ACTIONS_ALLOW_USE_UNSECURE_NODE_VERSION=true environment variable. For more information see: https://github.blog/changelog/2025-09-19-deprecation-of-node-20-on-github-actions-runners/
phase2-server	Run actions/checkout@34e114876b0b11c390a56381ad16ebd13914f8d5	2026-09-14T16:28:35.2889014Z ##[group]Run actions/checkout@34e114876b0b11c390a56381ad16ebd13914f8d5
phase2-server	Run actions/checkout@34e114876b0b11c390a56381ad16ebd13914f8d5	2026-09-14T16:28:35.2890091Z with:
phase2-server	Run actions/checkout@34e114876b0b11c390a56381ad16ebd13914f8d5	2026-09-14T16:28:35.2890571Z   repository: szTheory/keepling
phase2-server	Run actions/checkout@34e114876b0b11c390a56381ad16ebd13914f8d5	2026-09-14T16:28:35.2894991Z   token: ***
phase2-server	Run actions/checkout@34e114876b0b11c390a56381ad16ebd13914f8d5	2026-09-14T16:28:35.2895478Z   ssh-strict: true
phase2-server	Run actions/checkout@34e114876b0b11c390a56381ad16ebd13914f8d5	2026-09-14T16:28:35.2895963Z   ssh-user: git
phase2-server	Run actions/checkout@34e114876b0b11c390a56381ad16ebd13914f8d5	2026-09-14T16:28:35.2896473Z   persist-credentials: true
phase2-server	Run actions/checkout@34e114876b0b11c390a56381ad16ebd13914f8d5	2026-09-14T16:28:35.2897004Z   clean: true
phase2-server	Run actions/checkout@34e114876b0b11c390a56381ad16ebd13914f8d5	2026-09-14T16:28:35.2897482Z   sparse-checkout-cone-mode: true
phase2-server	Run actions/checkout@34e114876b0b11c390a56381ad16ebd13914f8d5	2026-09-14T16:28:35.2898057Z   fetch-depth: 1
phase2-server	Run actions/checkout@34e114876b0b11c390a56381ad16ebd13914f8d5	2026-09-14T16:28:35.2898531Z   fetch-tags: false
phase2-server	Run actions/checkout@34e114876b0b11c390a56381ad16ebd13914f8d5	2026-09-14T16:28:35.2899021Z   show-progress: true
phase2-server	Run actions/checkout@34e114876b0b11c390a56381ad16ebd13914f8d5	2026-09-14T16:28:35.2899522Z   lfs: false
phase2-server	Run actions/checkout@34e114876b0b11c390a56381ad16ebd13914f8d5	2026-09-14T16:28:35.2900023Z   submodules: false
phase2-server	Run actions/checkout@34e114876b0b11c390a56381ad16ebd13914f8d5	2026-09-14T16:28:35.2900517Z   set-safe-directory: true
phase2-server	Run actions/checkout@34e114876b0b11c390a56381ad16ebd13914f8d5	2026-09-14T16:28:35.2901334Z env:
phase2-server	Run actions/checkout@34e114876b0b11c390a56381ad16ebd13914f8d5	2026-09-14T16:28:35.2901814Z   KEEPLING_PHASE2_SEED: 20260901
phase2-server	Run actions/checkout@34e114876b0b11c390a56381ad16ebd13914f8d5	2026-09-14T16:28:35.2902802Z   KEEPLING_FLAKE_POLICY: no-retry; quarantine-requires-owner-issue-expiry
phase2-server	Run actions/checkout@34e114876b0b11c390a56381ad16ebd13914f8d5	2026-09-14T16:28:35.2903665Z ##[endgroup]
phase2-server	Run actions/checkout@34e114876b0b11c390a56381ad16ebd13914f8d5	2026-09-14T16:28:35.3929799Z Syncing repository: szTheory/keepling
phase2-server	Run actions/checkout@34e114876b0b11c390a56381ad16ebd13914f8d5	2026-09-14T16:28:35.3931744Z ##[group]Getting Git version info
phase2-server	Run actions/checkout@34e114876b0b11c390a56381ad16ebd13914f8d5	2026-09-14T16:28:35.3933011Z Working directory is '/home/runner/work/keepling/keepling'
phase2-server	Run actions/checkout@34e114876b0b11c390a56381ad16ebd13914f8d5	2026-09-14T16:28:35.3934260Z [command]/usr/bin/git version
phase2-server	Run actions/checkout@34e114876b0b11c390a56381ad16ebd13914f8d5	2026-09-14T16:28:35.4013336Z git version 2.55.0
phase2-server	Run actions/checkout@34e114876b0b11c390a56381ad16ebd13914f8d5	2026-09-14T16:28:35.4035243Z ##[endgroup]
phase2-server	Run actions/checkout@34e114876b0b11c390a56381ad16ebd13914f8d5	2026-09-14T16:28:35.4049550Z Temporarily overriding HOME='/home/runner/work/_temp/82498792-ef5f-4945-b454-e73065e5e7f5' before making global git config changes
phase2-server	Run actions/checkout@34e114876b0b11c390a56381ad16ebd13914f8d5	2026-09-14T16:28:35.4051844Z Adding repository directory to the temporary git global config as a safe directory
phase2-server	Run actions/checkout@34e114876b0b11c390a56381ad16ebd13914f8d5	2026-09-14T16:28:35.4054507Z [command]/usr/bin/git config --global --add safe.directory /home/runner/work/keepling/keepling
phase2-server	Run actions/checkout@34e114876b0b11c390a56381ad16ebd13914f8d5	2026-09-14T16:28:35.4106556Z Deleting the contents of '/home/runner/work/keepling/keepling'
phase2-server	Run actions/checkout@34e114876b0b11c390a56381ad16ebd13914f8d5	2026-09-14T16:28:35.4110938Z ##[group]Initializing the repository
phase2-server	Run actions/checkout@34e114876b0b11c390a56381ad16ebd13914f8d5	2026-09-14T16:28:35.4116030Z [command]/usr/bin/git init /home/runner/work/keepling/keepling
phase2-server	Run actions/checkout@34e114876b0b11c390a56381ad16ebd13914f8d5	2026-09-14T16:28:35.4239737Z hint: Using 'master' as the name for the initial branch. This default branch name
phase2-server	Run actions/checkout@34e114876b0b11c390a56381ad16ebd13914f8d5	2026-09-14T16:28:35.4241975Z hint: will change to "main" in Git 3.0. To configure the initial branch name
phase2-server	Run actions/checkout@34e114876b0b11c390a56381ad16ebd13914f8d5	2026-09-14T16:28:35.4244568Z hint: to use in all of your new repositories, which will suppress this warning,
phase2-server	Run actions/checkout@34e114876b0b11c390a56381ad16ebd13914f8d5	2026-09-14T16:28:35.4246755Z hint: call:
phase2-server	Run actions/checkout@34e114876b0b11c390a56381ad16ebd13914f8d5	2026-09-14T16:28:35.4247762Z hint:
phase2-server	Run actions/checkout@34e114876b0b11c390a56381ad16ebd13914f8d5	2026-09-14T16:28:35.4249040Z hint: 	git config --global init.defaultBranch <name>
phase2-server	Run actions/checkout@34e114876b0b11c390a56381ad16ebd13914f8d5	2026-09-14T16:28:35.4250763Z hint:
phase2-server	Run actions/checkout@34e114876b0b11c390a56381ad16ebd13914f8d5	2026-09-14T16:28:35.4252713Z hint: Names commonly chosen instead of 'master' are 'main', 'trunk' and
phase2-server	Run actions/checkout@34e114876b0b11c390a56381ad16ebd13914f8d5	2026-09-14T16:28:35.4255084Z hint: 'development'. The just-created branch can be renamed via this command:
phase2-server	Run actions/checkout@34e114876b0b11c390a56381ad16ebd13914f8d5	2026-09-14T16:28:35.4256973Z hint:
phase2-server	Run actions/checkout@34e114876b0b11c390a56381ad16ebd13914f8d5	2026-09-14T16:28:35.4257860Z hint: 	git branch -m <name>
phase2-server	Run actions/checkout@34e114876b0b11c390a56381ad16ebd13914f8d5	2026-09-14T16:28:35.4258785Z hint:
phase2-server	Run actions/checkout@34e114876b0b11c390a56381ad16ebd13914f8d5	2026-09-14T16:28:35.4259973Z hint: Disable this message with "git config set advice.defaultBranchName false"
phase2-server	Run actions/checkout@34e114876b0b11c390a56381ad16ebd13914f8d5	2026-09-14T16:28:35.4262580Z Initialized empty Git repository in /home/runner/work/keepling/keepling/.git/
phase2-server	Run actions/checkout@34e114876b0b11c390a56381ad16ebd13914f8d5	2026-09-14T16:28:35.4264661Z [command]/usr/bin/git remote add origin https://github.com/szTheory/keepling
phase2-server	Run actions/checkout@34e114876b0b11c390a56381ad16ebd13914f8d5	2026-09-14T16:28:35.4306812Z ##[endgroup]
phase2-server	Run actions/checkout@34e114876b0b11c390a56381ad16ebd13914f8d5	2026-09-14T16:28:35.4308852Z ##[group]Disabling automatic garbage collection
phase2-server	Run actions/checkout@34e114876b0b11c390a56381ad16ebd13914f8d5	2026-09-14T16:28:35.4310850Z [command]/usr/bin/git config --local gc.auto 0
phase2-server	Run actions/checkout@34e114876b0b11c390a56381ad16ebd13914f8d5	2026-09-14T16:28:35.4339450Z ##[endgroup]
phase2-server	Run actions/checkout@34e114876b0b11c390a56381ad16ebd13914f8d5	2026-09-14T16:28:35.4340297Z ##[group]Setting up auth
phase2-server	Run actions/checkout@34e114876b0b11c390a56381ad16ebd13914f8d5	2026-09-14T16:28:35.4345781Z [command]/usr/bin/git config --local --name-only --get-regexp core\.sshCommand
phase2-server	Run actions/checkout@34e114876b0b11c390a56381ad16ebd13914f8d5	2026-09-14T16:28:35.4376571Z [command]/usr/bin/git submodule foreach --recursive sh -c "git config --local --name-only --get-regexp 'core\.sshCommand' && git config --local --unset-all 'core.sshCommand' || :"
phase2-server	Run actions/checkout@34e114876b0b11c390a56381ad16ebd13914f8d5	2026-09-14T16:28:35.4744563Z [command]/usr/bin/git config --local --name-only --get-regexp http\.https\:\/\/github\.com\/\.extraheader
phase2-server	Run actions/checkout@34e114876b0b11c390a56381ad16ebd13914f8d5	2026-09-14T16:28:35.4776327Z [command]/usr/bin/git submodule foreach --recursive sh -c "git config --local --name-only --get-regexp 'http\.https\:\/\/github\.com\/\.extraheader' && git config --local --unset-all 'http.https://github.com/.extraheader' || :"
phase2-server	Run actions/checkout@34e114876b0b11c390a56381ad16ebd13914f8d5	2026-09-14T16:28:35.4996126Z [command]/usr/bin/git config --local --name-only --get-regexp ^includeIf\.gitdir:
phase2-server	Run actions/checkout@34e114876b0b11c390a56381ad16ebd13914f8d5	2026-09-14T16:28:35.5026744Z [command]/usr/bin/git submodule foreach --recursive git config --local --show-origin --name-only --get-regexp remote.origin.url
phase2-server	Run actions/checkout@34e114876b0b11c390a56381ad16ebd13914f8d5	2026-09-14T16:28:35.5248790Z [command]/usr/bin/git config --local http.https://github.com/.extraheader AUTHORIZATION: basic ***
phase2-server	Run actions/checkout@34e114876b0b11c390a56381ad16ebd13914f8d5	2026-09-14T16:28:35.5284228Z ##[endgroup]
phase2-server	Run actions/checkout@34e114876b0b11c390a56381ad16ebd13914f8d5	2026-09-14T16:28:35.5285936Z ##[group]Fetching the repository
phase2-server	Run actions/checkout@34e114876b0b11c390a56381ad16ebd13914f8d5	2026-09-14T16:28:35.5295303Z [command]/usr/bin/git -c protocol.version=2 fetch --no-tags --prune --no-recurse-submodules --depth=1 origin +4f5954104c839dbec57188607829fdc7b975e0cc:refs/remotes/origin/main
phase2-server	Run actions/checkout@34e114876b0b11c390a56381ad16ebd13914f8d5	2026-09-14T16:28:37.3325573Z From https://github.com/szTheory/keepling
phase2-server	Run actions/checkout@34e114876b0b11c390a56381ad16ebd13914f8d5	2026-09-14T16:28:37.3327991Z  * [new ref]         4f5954104c839dbec57188607829fdc7b975e0cc -> origin/main
phase2-server	Run actions/checkout@34e114876b0b11c390a56381ad16ebd13914f8d5	2026-09-14T16:28:37.3334178Z ##[endgroup]
phase2-server	Run actions/checkout@34e114876b0b11c390a56381ad16ebd13914f8d5	2026-09-14T16:28:37.3336519Z ##[group]Determining the checkout info
phase2-server	Run actions/checkout@34e114876b0b11c390a56381ad16ebd13914f8d5	2026-09-14T16:28:37.3338827Z ##[endgroup]
phase2-server	Run actions/checkout@34e114876b0b11c390a56381ad16ebd13914f8d5	2026-09-14T16:28:37.3342324Z [command]/usr/bin/git sparse-checkout disable
phase2-server	Run actions/checkout@34e114876b0b11c390a56381ad16ebd13914f8d5	2026-09-14T16:28:37.3395196Z [command]/usr/bin/git config --local --unset-all extensions.worktreeConfig
phase2-server	Run actions/checkout@34e114876b0b11c390a56381ad16ebd13914f8d5	2026-09-14T16:28:37.3423368Z ##[group]Checking out the ref
phase2-server	Run actions/checkout@34e114876b0b11c390a56381ad16ebd13914f8d5	2026-09-14T16:28:37.3434945Z [command]/usr/bin/git checkout --progress --force -B main refs/remotes/origin/main
phase2-server	Run actions/checkout@34e114876b0b11c390a56381ad16ebd13914f8d5	2026-09-14T16:28:37.4933182Z Switched to a new branch 'main'
phase2-server	Run actions/checkout@34e114876b0b11c390a56381ad16ebd13914f8d5	2026-09-14T16:28:37.4938508Z branch 'main' set up to track 'origin/main'.
phase2-server	Run actions/checkout@34e114876b0b11c390a56381ad16ebd13914f8d5	2026-09-14T16:28:37.4956189Z ##[endgroup]
phase2-server	Run actions/checkout@34e114876b0b11c390a56381ad16ebd13914f8d5	2026-09-14T16:28:37.4998801Z [command]/usr/bin/git log -1 --format=%H
phase2-server	Run actions/checkout@34e114876b0b11c390a56381ad16ebd13914f8d5	2026-09-14T16:28:37.5021888Z 4f5954104c839dbec57188607829fdc7b975e0cc
phase2-server	Run actions/setup-node@49933ea5288caeca8642d1e84afbd3f7d6820020	﻿2026-09-14T16:28:37.5414451Z Node 20 is being deprecated. This workflow is running with Node 24 by default. If you need to temporarily use Node 20, you can set the ACTIONS_ALLOW_USE_UNSECURE_NODE_VERSION=true environment variable. For more information see: https://github.blog/changelog/2025-09-19-deprecation-of-node-20-on-github-actions-runners/
phase2-server	Run actions/setup-node@49933ea5288caeca8642d1e84afbd3f7d6820020	2026-09-14T16:28:37.5417752Z ##[group]Run actions/setup-node@49933ea5288caeca8642d1e84afbd3f7d6820020
phase2-server	Run actions/setup-node@49933ea5288caeca8642d1e84afbd3f7d6820020	2026-09-14T16:28:37.5418809Z with:
phase2-server	Run actions/setup-node@49933ea5288caeca8642d1e84afbd3f7d6820020	2026-09-14T16:28:37.5419591Z   node-version: 24.7.0
phase2-server	Run actions/setup-node@49933ea5288caeca8642d1e84afbd3f7d6820020	2026-09-14T16:28:37.5420421Z   always-auth: false
phase2-server	Run actions/setup-node@49933ea5288caeca8642d1e84afbd3f7d6820020	2026-09-14T16:28:37.5421278Z   check-latest: false
phase2-server	Run actions/setup-node@49933ea5288caeca8642d1e84afbd3f7d6820020	2026-09-14T16:28:37.5425215Z   token: ***
phase2-server	Run actions/setup-node@49933ea5288caeca8642d1e84afbd3f7d6820020	2026-09-14T16:28:37.5426013Z env:
phase2-server	Run actions/setup-node@49933ea5288caeca8642d1e84afbd3f7d6820020	2026-09-14T16:28:37.5426806Z   KEEPLING_PHASE2_SEED: 20260901
phase2-server	Run actions/setup-node@49933ea5288caeca8642d1e84afbd3f7d6820020	2026-09-14T16:28:37.5427871Z   KEEPLING_FLAKE_POLICY: no-retry; quarantine-requires-owner-issue-expiry
phase2-server	Run actions/setup-node@49933ea5288caeca8642d1e84afbd3f7d6820020	2026-09-14T16:28:37.5428940Z ##[endgroup]
phase2-server	Run actions/setup-node@49933ea5288caeca8642d1e84afbd3f7d6820020	2026-09-14T16:28:37.6865487Z Attempting to download 24.7.0...
phase2-server	Run actions/setup-node@49933ea5288caeca8642d1e84afbd3f7d6820020	2026-09-14T16:28:37.6972869Z (node:2282) [DEP0040] DeprecationWarning: The `punycode` module is deprecated. Please use a userland alternative instead.
phase2-server	Run actions/setup-node@49933ea5288caeca8642d1e84afbd3f7d6820020	2026-09-14T16:28:37.6975703Z (Use `node --trace-deprecation ...` to show where the warning was created)
phase2-server	Run actions/setup-node@49933ea5288caeca8642d1e84afbd3f7d6820020	2026-09-14T16:28:38.7572612Z Acquiring 24.7.0 - x64 from https://github.com/actions/node-versions/releases/download/24.7.0-17283839804/node-24.7.0-linux-x64.tar.gz
phase2-server	Run actions/setup-node@49933ea5288caeca8642d1e84afbd3f7d6820020	2026-09-14T16:28:39.3673368Z Extracting ...
phase2-server	Run actions/setup-node@49933ea5288caeca8642d1e84afbd3f7d6820020	2026-09-14T16:28:39.3808165Z [command]/usr/bin/tar xz --strip 1 --warning=no-unknown-keyword --overwrite -C /home/runner/work/_temp/6098f114-cb77-4f14-8fbe-04f4d8eac3e9 -f /home/runner/work/_temp/89765cef-dcbd-49d0-a6d9-f0462ba813df
phase2-server	Run actions/setup-node@49933ea5288caeca8642d1e84afbd3f7d6820020	2026-09-14T16:28:40.6892440Z Adding to the cache ...
phase2-server	Run actions/setup-node@49933ea5288caeca8642d1e84afbd3f7d6820020	2026-09-14T16:28:42.8841459Z ##[group]Environment details
phase2-server	Run actions/setup-node@49933ea5288caeca8642d1e84afbd3f7d6820020	2026-09-14T16:28:43.1297995Z node: v24.7.0
phase2-server	Run actions/setup-node@49933ea5288caeca8642d1e84afbd3f7d6820020	2026-09-14T16:28:43.1298482Z npm: 11.5.1
phase2-server	Run actions/setup-node@49933ea5288caeca8642d1e84afbd3f7d6820020	2026-09-14T16:28:43.1298805Z yarn: 1.22.22
phase2-server	Run actions/setup-node@49933ea5288caeca8642d1e84afbd3f7d6820020	2026-09-14T16:28:43.1299912Z ##[endgroup]
phase2-server	Run actions/cache@0400d5f644dc74513175e3cd8d07132dd4860809	﻿2026-09-14T16:28:43.2151628Z Node 20 is being deprecated. This workflow is running with Node 24 by default. If you need to temporarily use Node 20, you can set the ACTIONS_ALLOW_USE_UNSECURE_NODE_VERSION=true environment variable. For more information see: https://github.blog/changelog/2025-09-19-deprecation-of-node-20-on-github-actions-runners/
phase2-server	Run actions/cache@0400d5f644dc74513175e3cd8d07132dd4860809	2026-09-14T16:28:43.2153689Z ##[group]Run actions/cache@0400d5f644dc74513175e3cd8d07132dd4860809
phase2-server	Run actions/cache@0400d5f644dc74513175e3cd8d07132dd4860809	2026-09-14T16:28:43.2154052Z with:
phase2-server	Run actions/cache@0400d5f644dc74513175e3cd8d07132dd4860809	2026-09-14T16:28:43.2154362Z   path: ~/.asdf/installs
phase2-server	Run actions/cache@0400d5f644dc74513175e3cd8d07132dd4860809	apps/server/deps
phase2-server	Run actions/cache@0400d5f644dc74513175e3cd8d07132dd4860809	apps/server/_build
phase2-server	Run actions/cache@0400d5f644dc74513175e3cd8d07132dd4860809	node_modules
phase2-server	Run actions/cache@0400d5f644dc74513175e3cd8d07132dd4860809	
phase2-server	Run actions/cache@0400d5f644dc74513175e3cd8d07132dd4860809	2026-09-14T16:28:43.2154964Z   key: phase2-Linux-server-45b3b35ef45f5d65ae586b2b25dfb93049c099ec9870f23270bda4b35fe975d3
phase2-server	Run actions/cache@0400d5f644dc74513175e3cd8d07132dd4860809	2026-09-14T16:28:43.2155484Z   enableCrossOsArchive: false
phase2-server	Run actions/cache@0400d5f644dc74513175e3cd8d07132dd4860809	2026-09-14T16:28:43.2155739Z   fail-on-cache-miss: false
phase2-server	Run actions/cache@0400d5f644dc74513175e3cd8d07132dd4860809	2026-09-14T16:28:43.2155973Z   lookup-only: false
phase2-server	Run actions/cache@0400d5f644dc74513175e3cd8d07132dd4860809	2026-09-14T16:28:43.2156184Z   save-always: false
phase2-server	Run actions/cache@0400d5f644dc74513175e3cd8d07132dd4860809	2026-09-14T16:28:43.2156387Z env:
phase2-server	Run actions/cache@0400d5f644dc74513175e3cd8d07132dd4860809	2026-09-14T16:28:43.2156583Z   KEEPLING_PHASE2_SEED: 20260901
phase2-server	Run actions/cache@0400d5f644dc74513175e3cd8d07132dd4860809	2026-09-14T16:28:43.2156953Z   KEEPLING_FLAKE_POLICY: no-retry; quarantine-requires-owner-issue-expiry
phase2-server	Run actions/cache@0400d5f644dc74513175e3cd8d07132dd4860809	2026-09-14T16:28:43.2157386Z ##[endgroup]
phase2-server	Run actions/cache@0400d5f644dc74513175e3cd8d07132dd4860809	2026-09-14T16:28:43.3272661Z (node:2329) [DEP0040] DeprecationWarning: The `punycode` module is deprecated. Please use a userland alternative instead.
phase2-server	Run actions/cache@0400d5f644dc74513175e3cd8d07132dd4860809	2026-09-14T16:28:43.3274225Z (Use `node --trace-deprecation ...` to show where the warning was created)
phase2-server	Run actions/cache@0400d5f644dc74513175e3cd8d07132dd4860809	2026-09-14T16:28:43.5460074Z Cache hit for: phase2-Linux-server-45b3b35ef45f5d65ae586b2b25dfb93049c099ec9870f23270bda4b35fe975d3
phase2-server	Run actions/cache@0400d5f644dc74513175e3cd8d07132dd4860809	2026-09-14T16:28:43.5580484Z (node:2329) [DEP0169] DeprecationWarning: `url.parse()` behavior is not standardized and prone to errors that have security implications. Use the WHATWG URL API instead. CVEs are not issued for `url.parse()` vulnerabilities.
phase2-server	Run actions/cache@0400d5f644dc74513175e3cd8d07132dd4860809	2026-09-14T16:28:44.7785982Z Received 29360128 of 172382243 (17.0%), 28.0 MBs/sec
phase2-server	Run actions/cache@0400d5f644dc74513175e3cd8d07132dd4860809	2026-09-14T16:28:45.7800928Z Received 146800640 of 172382243 (85.2%), 69.9 MBs/sec
phase2-server	Run actions/cache@0400d5f644dc74513175e3cd8d07132dd4860809	2026-09-14T16:28:45.8849046Z Received 172382243 of 172382243 (100.0%), 78.0 MBs/sec
phase2-server	Run actions/cache@0400d5f644dc74513175e3cd8d07132dd4860809	2026-09-14T16:28:45.8851172Z Cache Size: ~164 MB (172382243 B)
phase2-server	Run actions/cache@0400d5f644dc74513175e3cd8d07132dd4860809	2026-09-14T16:28:45.8900852Z [command]/usr/bin/tar -xf /home/runner/work/_temp/4ac5289f-9e58-4354-a22e-9b03a50bf61d/cache.tzst -P -C /home/runner/work/keepling/keepling --use-compress-program unzstd
phase2-server	Run actions/cache@0400d5f644dc74513175e3cd8d07132dd4860809	2026-09-14T16:28:48.1137084Z Cache restored successfully
phase2-server	Run actions/cache@0400d5f644dc74513175e3cd8d07132dd4860809	2026-09-14T16:28:48.1293468Z Cache restored from key: phase2-Linux-server-45b3b35ef45f5d65ae586b2b25dfb93049c099ec9870f23270bda4b35fe975d3
phase2-server	Install asdf	﻿2026-09-14T16:28:48.1433602Z ##[group]Run set -eu
phase2-server	Install asdf	2026-09-14T16:28:48.1434156Z ^[[36;1mset -eu^[[0m
phase2-server	Install asdf	2026-09-14T16:28:48.1434609Z ^[[36;1m# The cache step above restores ~/.asdf/installs, which CREATES^[[0m
phase2-server	Install asdf	2026-09-14T16:28:48.1435152Z ^[[36;1m# $HOME/.asdf before this step runs. An unconditional clone then dies^[[0m
phase2-server	Install asdf	2026-09-14T16:28:48.1435643Z ^[[36;1m# with "destination path already exists and is not an empty^[[0m
phase2-server	Install asdf	2026-09-14T16:28:48.1436113Z ^[[36;1m# directory" (exit 128) and the lane never reaches any project code.^[[0m
phase2-server	Install asdf	2026-09-14T16:28:48.1436602Z ^[[36;1m# Clone into a scratch directory and move only the parts that are^[[0m
phase2-server	Install asdf	2026-09-14T16:28:48.1437097Z ^[[36;1m# missing, so a restored cache and a cold runner both end up with the^[[0m
phase2-server	Install asdf	2026-09-14T16:28:48.1437476Z ^[[36;1m# same tree.^[[0m
phase2-server	Install asdf	2026-09-14T16:28:48.1437738Z ^[[36;1mif [ ! -d "$HOME/.asdf/.git" ]; then^[[0m
phase2-server	Install asdf	2026-09-14T16:28:48.1438045Z ^[[36;1m  scratch="$(mktemp -d)"^[[0m
phase2-server	Install asdf	2026-09-14T16:28:48.1438494Z ^[[36;1m  git clone https://github.com/asdf-vm/asdf.git "$scratch/asdf" --branch v0.14.1^[[0m
phase2-server	Install asdf	2026-09-14T16:28:48.1438988Z ^[[36;1m  mkdir -p "$HOME/.asdf"^[[0m
phase2-server	Install asdf	2026-09-14T16:28:48.1439344Z ^[[36;1m  # `cp -R src/. dst` merges into an existing directory instead of^[[0m
phase2-server	Install asdf	2026-09-14T16:28:48.1439803Z ^[[36;1m  # nesting, which is what the restored-cache case needs.^[[0m
phase2-server	Install asdf	2026-09-14T16:28:48.1440194Z ^[[36;1m  cp -R "$scratch/asdf/." "$HOME/.asdf/"^[[0m
phase2-server	Install asdf	2026-09-14T16:28:48.1440493Z ^[[36;1m  rm -rf "$scratch"^[[0m
phase2-server	Install asdf	2026-09-14T16:28:48.1440729Z ^[[36;1mfi^[[0m
phase2-server	Install asdf	2026-09-14T16:28:48.1440961Z ^[[36;1mecho "$HOME/.asdf/bin" >> "$GITHUB_PATH"^[[0m
phase2-server	Install asdf	2026-09-14T16:28:48.1441293Z ^[[36;1mecho "$HOME/.asdf/shims" >> "$GITHUB_PATH"^[[0m
phase2-server	Install asdf	2026-09-14T16:28:48.1482804Z shell: /usr/bin/bash -e {0}
phase2-server	Install asdf	2026-09-14T16:28:48.1483081Z env:
phase2-server	Install asdf	2026-09-14T16:28:48.1483290Z   KEEPLING_PHASE2_SEED: 20260901
phase2-server	Install asdf	2026-09-14T16:28:48.1483699Z   KEEPLING_FLAKE_POLICY: no-retry; quarantine-requires-owner-issue-expiry
phase2-server	Install asdf	2026-09-14T16:28:48.1484112Z ##[endgroup]
phase2-server	Install asdf	2026-09-14T16:28:48.1589929Z Cloning into '/tmp/tmp.vRGOPGjTiO/asdf'...
phase2-server	Install asdf	2026-09-14T16:28:49.7321576Z Note: switching to 'f00f759f3d8d405468d0071310a91b8f5a9c3798'.
phase2-server	Install asdf	2026-09-14T16:28:49.7322768Z 
phase2-server	Install asdf	2026-09-14T16:28:49.7323829Z You are in 'detached HEAD' state. You can look around, make experimental
phase2-server	Install asdf	2026-09-14T16:28:49.7336053Z changes and commit them, and you can discard any commits you make in this
phase2-server	Install asdf	2026-09-14T16:28:49.7337874Z state without impacting any branches by switching back to a branch.
phase2-server	Install asdf	2026-09-14T16:28:49.7338764Z 
phase2-server	Install asdf	2026-09-14T16:28:49.7339642Z If you want to create a new branch to retain commits you create, you may
phase2-server	Install asdf	2026-09-14T16:28:49.7356113Z do so (now or later) by using -c with the switch command. Example:
phase2-server	Install asdf	2026-09-14T16:28:49.7356883Z 
phase2-server	Install asdf	2026-09-14T16:28:49.7357388Z   git switch -c <new-branch-name>
phase2-server	Install asdf	2026-09-14T16:28:49.7357946Z 
phase2-server	Install asdf	2026-09-14T16:28:49.7358349Z Or undo this operation with:
phase2-server	Install asdf	2026-09-14T16:28:49.7358889Z 
phase2-server	Install asdf	2026-09-14T16:28:49.7359281Z   git switch -
phase2-server	Install asdf	2026-09-14T16:28:49.7359751Z 
phase2-server	Install asdf	2026-09-14T16:28:49.7360533Z Turn off this advice by setting config variable advice.detachedHead to false
phase2-server	Install asdf	2026-09-14T16:28:49.7361503Z 
phase2-server	Provision exact repository runtimes	﻿2026-09-14T16:28:49.7761205Z ##[group]Run ./tooling/runtime-preflight.sh --provision
phase2-server	Provision exact repository runtimes	2026-09-14T16:28:49.7761970Z ^[[36;1m./tooling/runtime-preflight.sh --provision^[[0m
phase2-server	Provision exact repository runtimes	2026-09-14T16:28:49.7763098Z ^[[36;1mcorepack enable^[[0m
phase2-server	Provision exact repository runtimes	2026-09-14T16:28:49.7763565Z ^[[36;1mpnpm install --frozen-lockfile^[[0m
phase2-server	Provision exact repository runtimes	2026-09-14T16:28:49.7764438Z ^[[36;1m./tooling/runtime-preflight.sh --exec -- sh -c 'cd apps/server && mix deps.get --check-locked'^[[0m
phase2-server	Provision exact repository runtimes	2026-09-14T16:28:49.7813374Z shell: /usr/bin/bash -e {0}
phase2-server	Provision exact repository runtimes	2026-09-14T16:28:49.7813792Z env:
phase2-server	Provision exact repository runtimes	2026-09-14T16:28:49.7814142Z   KEEPLING_PHASE2_SEED: 20260901
phase2-server	Provision exact repository runtimes	2026-09-14T16:28:49.7814807Z   KEEPLING_FLAKE_POLICY: no-retry; quarantine-requires-owner-issue-expiry
phase2-server	Provision exact repository runtimes	2026-09-14T16:28:49.7815501Z ##[endgroup]
phase2-server	Provision exact repository runtimes	2026-09-14T16:28:50.2046734Z Cloning into '/home/runner/.asdf/repository'...
phase2-server	Provision exact repository runtimes	2026-09-14T16:28:53.7758116Z initializing plugin repository...erlang 29.0.5 is already installed
phase2-server	Provision exact repository runtimes	2026-09-14T16:28:53.8157127Z elixir 1.20.2-otp-29 is already installed
phase2-server	Provision exact repository runtimes	2026-09-14T16:28:54.5969425Z Get:1 file:/etc/apt/apt-mirrors.txt Mirrorlist [144 B]
phase2-server	Provision exact repository runtimes	2026-09-14T16:28:54.6432457Z Hit:2 http://azure.archive.ubuntu.com/ubuntu noble InRelease
phase2-server	Provision exact repository runtimes	2026-09-14T16:28:54.6434368Z Get:6 https://packages.microsoft.com/ubuntu/24.04/prod noble InRelease [3600 B]
phase2-server	Provision exact repository runtimes	2026-09-14T16:28:54.6465520Z Get:3 http://azure.archive.ubuntu.com/ubuntu noble-updates InRelease [126 kB]
phase2-server	Provision exact repository runtimes	2026-09-14T16:28:54.6523977Z Get:4 http://azure.archive.ubuntu.com/ubuntu noble-backports InRelease [126 kB]
phase2-server	Provision exact repository runtimes	2026-09-14T16:28:54.6573582Z Get:5 http://azure.archive.ubuntu.com/ubuntu noble-security InRelease [126 kB]
phase2-server	Provision exact repository runtimes	2026-09-14T16:28:54.7126664Z Get:7 https://dl.google.com/linux/chrome-stable/deb stable InRelease [2548 B]
phase2-server	Provision exact repository runtimes	2026-09-14T16:28:54.7961149Z Get:8 https://apt.postgresql.org/pub/repos/apt noble-pgdg InRelease [189 kB]
phase2-server	Provision exact repository runtimes	2026-09-14T16:28:54.8203248Z Get:9 https://packages.microsoft.com/ubuntu/24.04/prod noble/main amd64 Packages [464 kB]
phase2-server	Provision exact repository runtimes	2026-09-14T16:28:54.8518604Z Get:10 https://packages.microsoft.com/ubuntu/24.04/prod noble/main arm64 Packages [415 kB]
phase2-server	Provision exact repository runtimes	2026-09-14T16:28:54.8587545Z Get:11 http://azure.archive.ubuntu.com/ubuntu noble-updates/main amd64 Packages [1263 kB]
phase2-server	Provision exact repository runtimes	2026-09-14T16:28:54.8658832Z Get:12 http://azure.archive.ubuntu.com/ubuntu noble-updates/main Translation-en [292 kB]
phase2-server	Provision exact repository runtimes	2026-09-14T16:28:54.8681847Z Get:13 http://azure.archive.ubuntu.com/ubuntu noble-updates/main amd64 Components [181 kB]
phase2-server	Provision exact repository runtimes	2026-09-14T16:28:54.8699110Z Get:14 http://azure.archive.ubuntu.com/ubuntu noble-updates/universe amd64 Packages [1691 kB]
phase2-server	Provision exact repository runtimes	2026-09-14T16:28:54.8784810Z Get:15 http://azure.archive.ubuntu.com/ubuntu noble-updates/universe Translation-en [339 kB]
phase2-server	Provision exact repository runtimes	2026-09-14T16:28:54.8823887Z Get:16 http://azure.archive.ubuntu.com/ubuntu noble-updates/universe amd64 Components [388 kB]
phase2-server	Provision exact repository runtimes	2026-09-14T16:28:54.8843580Z Get:17 http://azure.archive.ubuntu.com/ubuntu noble-updates/restricted amd64 Packages [1544 kB]
phase2-server	Provision exact repository runtimes	2026-09-14T16:28:54.8915304Z Get:18 http://azure.archive.ubuntu.com/ubuntu noble-updates/restricted Translation-en [354 kB]
phase2-server	Provision exact repository runtimes	2026-09-14T16:28:54.8939394Z Get:19 http://azure.archive.ubuntu.com/ubuntu noble-updates/multiverse amd64 Components [940 B]
phase2-server	Provision exact repository runtimes	2026-09-14T16:28:54.9085613Z Get:20 http://azure.archive.ubuntu.com/ubuntu noble-backports/main amd64 Components [5772 B]
phase2-server	Provision exact repository runtimes	2026-09-14T16:28:54.9541014Z Get:21 http://azure.archive.ubuntu.com/ubuntu noble-backports/universe amd64 Components [12.6 kB]
phase2-server	Provision exact repository runtimes	2026-09-14T16:28:54.9645755Z Get:22 http://azure.archive.ubuntu.com/ubuntu noble-security/main amd64 Packages [1007 kB]
phase2-server	Provision exact repository runtimes	2026-09-14T16:28:54.9713510Z Get:23 http://azure.archive.ubuntu.com/ubuntu noble-security/main Translation-en [213 kB]
phase2-server	Provision exact repository runtimes	2026-09-14T16:28:54.9723428Z Get:24 http://azure.archive.ubuntu.com/ubuntu noble-security/main amd64 Components [46.4 kB]
phase2-server	Provision exact repository runtimes	2026-09-14T16:28:54.9754125Z Get:25 http://azure.archive.ubuntu.com/ubuntu noble-security/universe amd64 Packages [1207 kB]
phase2-server	Provision exact repository runtimes	2026-09-14T16:28:54.9800832Z Get:26 http://azure.archive.ubuntu.com/ubuntu noble-security/universe Translation-en [242 kB]
phase2-server	Provision exact repository runtimes	2026-09-14T16:28:54.9815559Z Get:27 http://azure.archive.ubuntu.com/ubuntu noble-security/universe amd64 Components [76.3 kB]
phase2-server	Provision exact repository runtimes	2026-09-14T16:28:54.9844022Z Get:28 http://azure.archive.ubuntu.com/ubuntu noble-security/restricted amd64 Packages [1445 kB]
phase2-server	Provision exact repository runtimes	2026-09-14T16:28:54.9897574Z Get:29 http://azure.archive.ubuntu.com/ubuntu noble-security/restricted Translation-en [336 kB]
phase2-server	Provision exact repository runtimes	2026-09-14T16:28:55.0960338Z Get:30 https://dl.google.com/linux/chrome-stable/deb stable/main amd64 Packages [1410 B]
phase2-server	Provision exact repository runtimes	2026-09-14T16:28:55.0998079Z Get:31 https://apt.postgresql.org/pub/repos/apt noble-pgdg/main amd64 Packages [835 kB]
phase2-server	Provision exact repository runtimes	2026-09-14T16:29:01.5993091Z Fetched 12.9 MB in 2s (8528 kB/s)
phase2-server	Provision exact repository runtimes	2026-09-14T16:29:02.4480498Z Reading package lists...
phase2-server	Provision exact repository runtimes	2026-09-14T16:29:02.4803392Z Reading package lists...
phase2-server	Provision exact repository runtimes	2026-09-14T16:29:02.6844120Z Building dependency tree...
phase2-server	Provision exact repository runtimes	2026-09-14T16:29:02.6852105Z Reading state information...
phase2-server	Provision exact repository runtimes	2026-09-14T16:29:02.8335859Z The following additional packages will be installed:
phase2-server	Provision exact repository runtimes	2026-09-14T16:29:02.8337217Z   liburing2 postgresql-18-jit postgresql-client-18
phase2-server	Provision exact repository runtimes	2026-09-14T16:29:02.8345815Z Suggested packages:
phase2-server	Provision exact repository runtimes	2026-09-14T16:29:02.8346472Z   postgresql-doc-18
phase2-server	Provision exact repository runtimes	2026-09-14T16:29:02.8723263Z The following NEW packages will be installed:
phase2-server	Provision exact repository runtimes	2026-09-14T16:29:02.8726562Z   liburing2 postgresql-18 postgresql-18-jit postgresql-client-18
phase2-server	Provision exact repository runtimes	2026-09-14T16:29:02.8949130Z 0 upgraded, 4 newly installed, 0 to remove and 52 not upgraded.
phase2-server	Provision exact repository runtimes	2026-09-14T16:29:02.8950235Z Need to get 19.6 MB of archives.
phase2-server	Provision exact repository runtimes	2026-09-14T16:29:02.8951122Z After this operation, 71.9 MB of additional disk space will be used.
phase2-server	Provision exact repository runtimes	2026-09-14T16:29:02.8952438Z Get:1 file:/etc/apt/apt-mirrors.txt Mirrorlist [144 B]
phase2-server	Provision exact repository runtimes	2026-09-14T16:29:02.9353465Z Get:3 https://apt.postgresql.org/pub/repos/apt noble-pgdg/main amd64 postgresql-client-18 amd64 18.6-1.pgdg24.04+2 [2114 kB]
phase2-server	Provision exact repository runtimes	2026-09-14T16:29:02.9599883Z Get:2 http://azure.archive.ubuntu.com/ubuntu noble/main amd64 liburing2 amd64 2.5-1build1 [21.1 kB]
phase2-server	Provision exact repository runtimes	2026-09-14T16:29:03.0144921Z Get:4 https://apt.postgresql.org/pub/repos/apt noble-pgdg/main amd64 postgresql-18 amd64 18.6-1.pgdg24.04+2 [7577 kB]
phase2-server	Provision exact repository runtimes	2026-09-14T16:29:03.0764417Z Get:5 https://apt.postgresql.org/pub/repos/apt noble-pgdg/main amd64 postgresql-18-jit amd64 18.6-1.pgdg24.04+2 [9924 kB]
phase2-server	Provision exact repository runtimes	2026-09-14T16:29:03.3730010Z Preconfiguring packages ...
phase2-server	Provision exact repository runtimes	2026-09-14T16:29:03.4195393Z Fetched 19.6 MB in 0s (77.8 MB/s)
phase2-server	Provision exact repository runtimes	2026-09-14T16:29:03.4715941Z Selecting previously unselected package liburing2:amd64.
phase2-server	Provision exact repository runtimes	2026-09-14T16:29:03.5334240Z (Reading database ... 
phase2-server	Provision exact repository runtimes	2026-09-14T16:29:03.5335033Z (Reading database ... 5%
phase2-server	Provision exact repository runtimes	2026-09-14T16:29:03.5335570Z (Reading database ... 10%
phase2-server	Provision exact repository runtimes	2026-09-14T16:29:03.5335960Z (Reading database ... 15%
phase2-server	Provision exact repository runtimes	2026-09-14T16:29:03.5336306Z (Reading database ... 20%
phase2-server	Provision exact repository runtimes	2026-09-14T16:29:03.5336634Z (Reading database ... 25%
phase2-server	Provision exact repository runtimes	2026-09-14T16:29:03.5336963Z (Reading database ... 30%
phase2-server	Provision exact repository runtimes	2026-09-14T16:29:03.5337286Z (Reading database ... 35%
phase2-server	Provision exact repository runtimes	2026-09-14T16:29:03.5337606Z (Reading database ... 40%
phase2-server	Provision exact repository runtimes	2026-09-14T16:29:03.5337933Z (Reading database ... 45%
phase2-server	Provision exact repository runtimes	2026-09-14T16:29:03.5338258Z (Reading database ... 50%
phase2-server	Provision exact repository runtimes	2026-09-14T16:29:03.5799144Z (Reading database ... 55%
phase2-server	Provision exact repository runtimes	2026-09-14T16:29:03.9283598Z (Reading database ... 60%
phase2-server	Provision exact repository runtimes	2026-09-14T16:29:04.1864384Z (Reading database ... 65%
phase2-server	Provision exact repository runtimes	2026-09-14T16:29:04.4187141Z (Reading database ... 70%
phase2-server	Provision exact repository runtimes	2026-09-14T16:29:04.6862956Z (Reading database ... 75%
phase2-server	Provision exact repository runtimes	2026-09-14T16:29:05.1597791Z (Reading database ... 80%
phase2-server	Provision exact repository runtimes	2026-09-14T16:29:05.6512033Z (Reading database ... 85%
phase2-server	Provision exact repository runtimes	2026-09-14T16:29:06.2158044Z (Reading database ... 90%
phase2-server	Provision exact repository runtimes	2026-09-14T16:29:06.7864394Z (Reading database ... 95%
phase2-server	Provision exact repository runtimes	2026-09-14T16:29:06.7865262Z (Reading database ... 100%
phase2-server	Provision exact repository runtimes	2026-09-14T16:29:06.7866540Z (Reading database ... 201818 files and directories currently installed.)
phase2-server	Provision exact repository runtimes	2026-09-14T16:29:06.7909450Z Preparing to unpack .../liburing2_2.5-1build1_amd64.deb ...
phase2-server	Provision exact repository runtimes	2026-09-14T16:29:06.7985859Z Unpacking liburing2:amd64 (2.5-1build1) ...
phase2-server	Provision exact repository runtimes	2026-09-14T16:29:06.8209844Z Selecting previously unselected package postgresql-client-18.
phase2-server	Provision exact repository runtimes	2026-09-14T16:29:06.8339823Z Preparing to unpack .../postgresql-client-18_18.6-1.pgdg24.04+2_amd64.deb ...
phase2-server	Provision exact repository runtimes	2026-09-14T16:29:06.8353063Z Unpacking postgresql-client-18 (18.6-1.pgdg24.04+2) ...
phase2-server	Provision exact repository runtimes	2026-09-14T16:29:07.0428470Z Selecting previously unselected package postgresql-18.
phase2-server	Provision exact repository runtimes	2026-09-14T16:29:07.0562781Z Preparing to unpack .../postgresql-18_18.6-1.pgdg24.04+2_amd64.deb ...
phase2-server	Provision exact repository runtimes	2026-09-14T16:29:07.0597892Z Unpacking postgresql-18 (18.6-1.pgdg24.04+2) ...
phase2-server	Provision exact repository runtimes	2026-09-14T16:29:07.5742738Z Selecting previously unselected package postgresql-18-jit.
phase2-server	Provision exact repository runtimes	2026-09-14T16:29:07.5855991Z Preparing to unpack .../postgresql-18-jit_18.6-1.pgdg24.04+2_amd64.deb ...
phase2-server	Provision exact repository runtimes	2026-09-14T16:29:07.5864335Z Unpacking postgresql-18-jit (18.6-1.pgdg24.04+2) ...
phase2-server	Provision exact repository runtimes	2026-09-14T16:29:08.2818811Z Setting up postgresql-client-18 (18.6-1.pgdg24.04+2) ...
phase2-server	Provision exact repository runtimes	2026-09-14T16:29:08.6844332Z update-alternatives: using /usr/share/postgresql/18/man/man1/psql.1.gz to provide /usr/share/man/man1/psql.1.gz (psql.1.gz) in auto mode
phase2-server	Provision exact repository runtimes	2026-09-14T16:29:08.7326352Z Setting up liburing2:amd64 (2.5-1build1) ...
phase2-server	Provision exact repository runtimes	2026-09-14T16:29:08.7351056Z Setting up postgresql-18 (18.6-1.pgdg24.04+2) ...
phase2-server	Provision exact repository runtimes	2026-09-14T16:29:09.6068114Z Setting up postgresql-18-jit (18.6-1.pgdg24.04+2) ...
phase2-server	Provision exact repository runtimes	2026-09-14T16:29:09.6094107Z Processing triggers for libc-bin (2.39-0ubuntu8.8) ...
phase2-server	Provision exact repository runtimes	2026-09-14T16:29:09.6822453Z Processing triggers for postgresql-common (293.pgdg24.04+1) ...
phase2-server	Provision exact repository runtimes	2026-09-14T16:29:09.7973283Z Building PostgreSQL dictionaries from installed myspell/hunspell packages...
phase2-server	Provision exact repository runtimes	2026-09-14T16:29:09.8017699Z   en_us
phase2-server	Provision exact repository runtimes	2026-09-14T16:29:09.8336138Z Removing obsolete dictionary files:
phase2-server	Provision exact repository runtimes	2026-09-14T16:29:11.0296127Z 
phase2-server	Provision exact repository runtimes	2026-09-14T16:29:11.0297280Z Running kernel seems to be up-to-date.
phase2-server	Provision exact repository runtimes	2026-09-14T16:29:11.0297742Z 
phase2-server	Provision exact repository runtimes	2026-09-14T16:29:11.0298000Z No services need to be restarted.
phase2-server	Provision exact repository runtimes	2026-09-14T16:29:11.0298306Z 
phase2-server	Provision exact repository runtimes	2026-09-14T16:29:11.0298566Z No containers need to be restarted.
phase2-server	Provision exact repository runtimes	2026-09-14T16:29:11.0298912Z 
phase2-server	Provision exact repository runtimes	2026-09-14T16:29:11.0299223Z No user sessions are running outdated binaries.
phase2-server	Provision exact repository runtimes	2026-09-14T16:29:11.0299591Z 
phase2-server	Provision exact repository runtimes	2026-09-14T16:29:11.0300105Z No VM guests are running outdated hypervisor (qemu) binaries on this host.
phase2-server	Provision exact repository runtimes	2026-09-14T16:29:12.3939788Z Runtime preflight passed: Elixir 1.20.2, OTP 29.0.5, PostgreSQL 18.6
phase2-server	Provision exact repository runtimes	2026-09-14T16:29:12.5243693Z ! Corepack is about to download https://registry.npmjs.org/pnpm/-/pnpm-10.33.0.tgz
phase2-server	Provision exact repository runtimes	2026-09-14T16:29:13.5166039Z Scope: all 4 workspace projects
phase2-server	Provision exact repository runtimes	2026-09-14T16:29:13.6244148Z Lockfile is up to date, resolution step is skipped
phase2-server	Provision exact repository runtimes	2026-09-14T16:29:14.6978937Z Packages: +2 -47
phase2-server	Provision exact repository runtimes	2026-09-14T16:29:14.6979650Z ++-----------------------------------------------
phase2-server	Provision exact repository runtimes	2026-09-14T16:29:15.2299798Z Progress: resolved 0, reused 0, downloaded 1, added 0
phase2-server	Provision exact repository runtimes	2026-09-14T16:29:16.2388150Z Progress: resolved 0, reused 0, downloaded 35, added 0
phase2-server	Provision exact repository runtimes	2026-09-14T16:29:16.5653260Z Progress: resolved 0, reused 0, downloaded 48, added 2, done
phase2-server	Provision exact repository runtimes	2026-09-14T16:29:16.7398047Z 
phase2-server	Provision exact repository runtimes	2026-09-14T16:29:16.8373579Z Done in 3.6s using pnpm v10.33.0
phase2-server	Provision exact repository runtimes	2026-09-14T16:29:17.3522490Z Runtime preflight passed: Elixir 1.20.2, OTP 29.0.5, PostgreSQL 18.6
phase2-server	Provision exact repository runtimes	2026-09-14T16:29:18.1876963Z * creating /home/runner/.mix/archives/hex-2.5.1
phase2-server	Provision exact repository runtimes	2026-09-14T16:29:18.5794466Z Resolving Hex dependencies...
phase2-server	Provision exact repository runtimes	2026-09-14T16:29:18.7047985Z Resolution completed in 0.124s
phase2-server	Provision exact repository runtimes	2026-09-14T16:29:18.7265287Z Unchanged:
phase2-server	Provision exact repository runtimes	2026-09-14T16:29:18.7265913Z   argon2_elixir 4.1.3
phase2-server	Provision exact repository runtimes	2026-09-14T16:29:18.7276423Z   bandit 1.12.5
phase2-server	Provision exact repository runtimes	2026-09-14T16:29:18.7276790Z   certifi 2.17.0
phase2-server	Provision exact repository runtimes	2026-09-14T16:29:18.7277220Z   comeonin 5.5.1
phase2-server	Provision exact repository runtimes	2026-09-14T16:29:18.7277614Z   db_connection 2.10.2
phase2-server	Provision exact repository runtimes	2026-09-14T16:29:18.7277989Z   decimal 3.1.1
phase2-server	Provision exact repository runtimes	2026-09-14T16:29:18.7278345Z   dns_cluster 0.2.0
phase2-server	Provision exact repository runtimes	2026-09-14T16:29:18.7278743Z   ecto 3.14.2
phase2-server	Provision exact repository runtimes	2026-09-14T16:29:18.7279132Z   ecto_sql 3.14.0
phase2-server	Provision exact repository runtimes	2026-09-14T16:29:18.7279506Z   elixir_make 0.10.0
phase2-server	Provision exact repository runtimes	2026-09-14T16:29:18.7279891Z   expo 1.1.1
phase2-server	Provision exact repository runtimes	2026-09-14T16:29:18.7280362Z   gettext 1.0.2
phase2-server	Provision exact repository runtimes	2026-09-14T16:29:18.7280755Z   h2 0.12.0
phase2-server	Provision exact repository runtimes	2026-09-14T16:29:18.7281138Z   hackney 4.7.4
phase2-server	Provision exact repository runtimes	2026-09-14T16:29:18.7281540Z   hammer 7.4.1
phase2-server	Provision exact repository runtimes	2026-09-14T16:29:18.7281941Z   hex_core 0.15.0
phase2-server	Provision exact repository runtimes	2026-09-14T16:29:18.7282591Z   hpax 1.0.4
phase2-server	Provision exact repository runtimes	2026-09-14T16:29:18.7282974Z   idna 7.1.0
phase2-server	Provision exact repository runtimes	2026-09-14T16:29:18.7283352Z   jason 1.4.5
phase2-server	Provision exact repository runtimes	2026-09-14T16:29:18.7283721Z   mime 2.0.7
phase2-server	Provision exact repository runtimes	2026-09-14T16:29:18.7284077Z   mimerl 1.5.0
phase2-server	Provision exact repository runtimes	2026-09-14T16:29:18.7284458Z   optimus 0.6.1
phase2-server	Provision exact repository runtimes	2026-09-14T16:29:18.7284847Z   parse_trans 3.4.2
phase2-server	Provision exact repository runtimes	2026-09-14T16:29:18.7285235Z   phoenix 1.8.13
phase2-server	Provision exact repository runtimes	2026-09-14T16:29:18.7286059Z   phoenix_ecto 4.7.0
phase2-server	Provision exact repository runtimes	2026-09-14T16:29:18.7286475Z   phoenix_pubsub 2.3.0
phase2-server	Provision exact repository runtimes	2026-09-14T16:29:18.7286892Z   phoenix_template 1.0.4
phase2-server	Provision exact repository runtimes	2026-09-14T16:29:18.7287530Z   plug 1.20.3
phase2-server	Provision exact repository runtimes	2026-09-14T16:29:18.7287888Z   plug_crypto 2.2.0
phase2-server	Provision exact repository runtimes	2026-09-14T16:29:18.7288262Z   postgrex 0.22.4
phase2-server	Provision exact repository runtimes	2026-09-14T16:29:18.7288631Z   protobuf 0.16.1
phase2-server	Provision exact repository runtimes	2026-09-14T16:29:18.7288998Z   purl 0.3.0
phase2-server	Provision exact repository runtimes	2026-09-14T16:29:18.7289332Z   quic 1.8.2
phase2-server	Provision exact repository runtimes	2026-09-14T16:29:18.7289663Z   sbom 0.10.0
phase2-server	Provision exact repository runtimes	2026-09-14T16:29:18.7290009Z   ssl_verify_fun 1.1.7
phase2-server	Provision exact repository runtimes	2026-09-14T16:29:18.7290404Z   stream_data 1.4.0
phase2-server	Provision exact repository runtimes	2026-09-14T16:29:18.7290768Z   telemetry 1.4.2
phase2-server	Provision exact repository runtimes	2026-09-14T16:29:18.7291138Z   telemetry_metrics 1.2.0
phase2-server	Provision exact repository runtimes	2026-09-14T16:29:18.7291563Z   telemetry_poller 1.3.0
phase2-server	Provision exact repository runtimes	2026-09-14T16:29:18.7291970Z   thousand_island 1.5.0
phase2-server	Provision exact repository runtimes	2026-09-14T16:29:18.7292607Z   tzdata 1.1.5
phase2-server	Provision exact repository runtimes	2026-09-14T16:29:18.7292962Z   websock 0.5.3
phase2-server	Provision exact repository runtimes	2026-09-14T16:29:18.7293321Z   websock_adapter 0.6.0
phase2-server	Provision exact repository runtimes	2026-09-14T16:29:18.7293716Z   webtransport 0.4.5
phase2-server	Provision exact repository runtimes	2026-09-14T16:29:18.8802375Z * creating /home/runner/.mix/elixir/1-20-otp-29/rebar3
phase2-server	Provision exact repository runtimes	2026-09-14T16:29:18.9358590Z All dependencies have been fetched
phase2-server	Run exact Phase 2 lane	﻿2026-09-14T16:29:18.9682924Z ##[group]Run set -o pipefail
phase2-server	Run exact Phase 2 lane	2026-09-14T16:29:18.9683311Z ^[[36;1mset -o pipefail^[[0m
phase2-server	Run exact Phase 2 lane	2026-09-14T16:29:18.9683709Z ^[[36;1m./tooling/test-phase-2.sh --lane "server" | tee "$RUNNER_TEMP/server.txt"^[[0m
phase2-server	Run exact Phase 2 lane	2026-09-14T16:29:18.9684238Z ^[[36;1m./tooling/verify-privacy.sh "$RUNNER_TEMP/server.txt"^[[0m
phase2-server	Run exact Phase 2 lane	2026-09-14T16:29:18.9720606Z shell: /usr/bin/bash -e {0}
phase2-server	Run exact Phase 2 lane	2026-09-14T16:29:18.9720893Z env:
phase2-server	Run exact Phase 2 lane	2026-09-14T16:29:18.9721119Z   KEEPLING_PHASE2_SEED: 20260901
phase2-server	Run exact Phase 2 lane	2026-09-14T16:29:18.9721569Z   KEEPLING_FLAKE_POLICY: no-retry; quarantine-requires-owner-issue-expiry
phase2-server	Run exact Phase 2 lane	2026-09-14T16:29:18.9722031Z ##[endgroup]
phase2-server	Run exact Phase 2 lane	2026-09-14T16:29:21.2422008Z Runtime preflight passed: Elixir 1.20.2, OTP 29.0.5, PostgreSQL 18.6
phase2-server	Run exact Phase 2 lane	2026-09-14T16:29:21.4067111Z lane=server status=RUNNING command=mix compile --warnings-as-errors && mix test cases=337 seed=20260901 inputs_sha256=84a3038de36aefcb7bcab4532824886f5f98f961af8bf586d856568be9186859
phase2-server	Run exact Phase 2 lane	2026-09-14T16:29:32.4179975Z lane=server status=PASS command=mix compile --warnings-as-errors && mix test cases=337 seed=20260901 elapsed_ms=11011 inputs_sha256=84a3038de36aefcb7bcab4532824886f5f98f961af8bf586d856568be9186859
phase2-server	Run exact Phase 2 lane	2026-09-14T16:29:33.0643112Z Privacy verification passed: artifacts=1 sentinels=7
phase2-server	Run actions/upload-artifact@ea165f8d65b6e75b540449e92b4886f43607fa02	﻿2026-09-14T16:29:33.0707612Z Node 20 is being deprecated. This workflow is running with Node 24 by default. If you need to temporarily use Node 20, you can set the ACTIONS_ALLOW_USE_UNSECURE_NODE_VERSION=true environment variable. For more information see: https://github.blog/changelog/2025-09-19-deprecation-of-node-20-on-github-actions-runners/
phase2-server	Run actions/upload-artifact@ea165f8d65b6e75b540449e92b4886f43607fa02	2026-09-14T16:29:33.0709028Z ##[group]Run actions/upload-artifact@ea165f8d65b6e75b540449e92b4886f43607fa02
phase2-server	Run actions/upload-artifact@ea165f8d65b6e75b540449e92b4886f43607fa02	2026-09-14T16:29:33.0709432Z with:
phase2-server	Run actions/upload-artifact@ea165f8d65b6e75b540449e92b4886f43607fa02	2026-09-14T16:29:33.0709645Z   name: phase2-server-timing
phase2-server	Run actions/upload-artifact@ea165f8d65b6e75b540449e92b4886f43607fa02	2026-09-14T16:29:33.0709919Z   path: /home/runner/work/_temp/server.txt
phase2-server	Run actions/upload-artifact@ea165f8d65b6e75b540449e92b4886f43607fa02	2026-09-14T16:29:33.0710217Z   if-no-files-found: error
phase2-server	Run actions/upload-artifact@ea165f8d65b6e75b540449e92b4886f43607fa02	2026-09-14T16:29:33.0710452Z   retention-days: 14
phase2-server	Run actions/upload-artifact@ea165f8d65b6e75b540449e92b4886f43607fa02	2026-09-14T16:29:33.0710675Z   compression-level: 6
phase2-server	Run actions/upload-artifact@ea165f8d65b6e75b540449e92b4886f43607fa02	2026-09-14T16:29:33.0710897Z   overwrite: false
phase2-server	Run actions/upload-artifact@ea165f8d65b6e75b540449e92b4886f43607fa02	2026-09-14T16:29:33.0711138Z   include-hidden-files: false
phase2-server	Run actions/upload-artifact@ea165f8d65b6e75b540449e92b4886f43607fa02	2026-09-14T16:29:33.0711376Z env:
phase2-server	Run actions/upload-artifact@ea165f8d65b6e75b540449e92b4886f43607fa02	2026-09-14T16:29:33.0711569Z   KEEPLING_PHASE2_SEED: 20260901
phase2-server	Run actions/upload-artifact@ea165f8d65b6e75b540449e92b4886f43607fa02	2026-09-14T16:29:33.0711948Z   KEEPLING_FLAKE_POLICY: no-retry; quarantine-requires-owner-issue-expiry
phase2-server	Run actions/upload-artifact@ea165f8d65b6e75b540449e92b4886f43607fa02	2026-09-14T16:29:33.0712673Z ##[endgroup]
phase2-server	Run actions/upload-artifact@ea165f8d65b6e75b540449e92b4886f43607fa02	2026-09-14T16:29:33.2534080Z (node:7760) [DEP0040] DeprecationWarning: The `punycode` module is deprecated. Please use a userland alternative instead.
phase2-server	Run actions/upload-artifact@ea165f8d65b6e75b540449e92b4886f43607fa02	2026-09-14T16:29:33.2535661Z (Use `node --trace-deprecation ...` to show where the warning was created)
phase2-server	Run actions/upload-artifact@ea165f8d65b6e75b540449e92b4886f43607fa02	2026-09-14T16:29:33.2583746Z With the provided path, there will be 1 file uploaded
phase2-server	Run actions/upload-artifact@ea165f8d65b6e75b540449e92b4886f43607fa02	2026-09-14T16:29:33.2630997Z Artifact name is valid!
phase2-server	Run actions/upload-artifact@ea165f8d65b6e75b540449e92b4886f43607fa02	2026-09-14T16:29:33.2631989Z Root directory input is valid!
phase2-server	Run actions/upload-artifact@ea165f8d65b6e75b540449e92b4886f43607fa02	2026-09-14T16:29:33.6279338Z Beginning upload of artifact content to blob storage
phase2-server	Run actions/upload-artifact@ea165f8d65b6e75b540449e92b4886f43607fa02	2026-09-14T16:29:33.6468734Z (node:7760) [DEP0169] DeprecationWarning: `url.parse()` behavior is not standardized and prone to errors that have security implications. Use the WHATWG URL API instead. CVEs are not issued for `url.parse()` vulnerabilities.
phase2-server	Run actions/upload-artifact@ea165f8d65b6e75b540449e92b4886f43607fa02	2026-09-14T16:29:33.8473792Z Uploaded bytes 366
phase2-server	Run actions/upload-artifact@ea165f8d65b6e75b540449e92b4886f43607fa02	2026-09-14T16:29:33.9052523Z Finished uploading artifact content to blob storage!
phase2-server	Run actions/upload-artifact@ea165f8d65b6e75b540449e92b4886f43607fa02	2026-09-14T16:29:33.9053984Z SHA256 digest of uploaded artifact zip is f961824ae2912a9caf795ec98a1ba29f51fa034217bf619038581b7417e90556
phase2-server	Run actions/upload-artifact@ea165f8d65b6e75b540449e92b4886f43607fa02	2026-09-14T16:29:33.9055064Z Finalizing artifact upload
phase2-server	Run actions/upload-artifact@ea165f8d65b6e75b540449e92b4886f43607fa02	2026-09-14T16:29:34.1525929Z Artifact phase2-server-timing.zip successfully finalized. Artifact ID 10358216740
phase2-server	Run actions/upload-artifact@ea165f8d65b6e75b540449e92b4886f43607fa02	2026-09-14T16:29:34.1527381Z Artifact phase2-server-timing has been successfully uploaded! Final size is 366 bytes. Artifact ID is 10358216740
phase2-server	Run actions/upload-artifact@ea165f8d65b6e75b540449e92b4886f43607fa02	2026-09-14T16:29:34.1532788Z Artifact download URL: https://github.com/szTheory/keepling/actions/runs/34868832053/artifacts/10358216740
phase2-server	Post Run actions/cache@0400d5f644dc74513175e3cd8d07132dd4860809	﻿2026-09-14T16:29:34.2313292Z Node 20 is being deprecated. This workflow is running with Node 24 by default. If you need to temporarily use Node 20, you can set the ACTIONS_ALLOW_USE_UNSECURE_NODE_VERSION=true environment variable. For more information see: https://github.blog/changelog/2025-09-19-deprecation-of-node-20-on-github-actions-runners/
phase2-server	Post Run actions/cache@0400d5f644dc74513175e3cd8d07132dd4860809	2026-09-14T16:29:34.2314704Z Post job cleanup.
phase2-server	Post Run actions/cache@0400d5f644dc74513175e3cd8d07132dd4860809	2026-09-14T16:29:34.3498463Z Cache hit occurred on the primary key phase2-Linux-server-45b3b35ef45f5d65ae586b2b25dfb93049c099ec9870f23270bda4b35fe975d3, not saving cache.
phase2-server	Post Run actions/cache@0400d5f644dc74513175e3cd8d07132dd4860809	2026-09-14T16:29:34.3500565Z (node:7784) [DEP0040] DeprecationWarning: The `punycode` module is deprecated. Please use a userland alternative instead.
phase2-server	Post Run actions/cache@0400d5f644dc74513175e3cd8d07132dd4860809	2026-09-14T16:29:34.3501999Z (Use `node --trace-deprecation ...` to show where the warning was created)
phase2-server	Post Run actions/setup-node@49933ea5288caeca8642d1e84afbd3f7d6820020	﻿2026-09-14T16:29:34.3653263Z Node 20 is being deprecated. This workflow is running with Node 24 by default. If you need to temporarily use Node 20, you can set the ACTIONS_ALLOW_USE_UNSECURE_NODE_VERSION=true environment variable. For more information see: https://github.blog/changelog/2025-09-19-deprecation-of-node-20-on-github-actions-runners/
phase2-server	Post Run actions/setup-node@49933ea5288caeca8642d1e84afbd3f7d6820020	2026-09-14T16:29:34.3654601Z Post job cleanup.
phase2-server	Post Run actions/setup-node@49933ea5288caeca8642d1e84afbd3f7d6820020	2026-09-14T16:29:34.5082969Z (node:7792) [DEP0040] DeprecationWarning: The `punycode` module is deprecated. Please use a userland alternative instead.
phase2-server	Post Run actions/setup-node@49933ea5288caeca8642d1e84afbd3f7d6820020	2026-09-14T16:29:34.5084118Z (Use `node --trace-deprecation ...` to show where the warning was created)
phase2-server	Post Run actions/checkout@34e114876b0b11c390a56381ad16ebd13914f8d5	﻿2026-09-14T16:29:34.5273873Z Node 20 is being deprecated. This workflow is running with Node 24 by default. If you need to temporarily use Node 20, you can set the ACTIONS_ALLOW_USE_UNSECURE_NODE_VERSION=true environment variable. For more information see: https://github.blog/changelog/2025-09-19-deprecation-of-node-20-on-github-actions-runners/
phase2-server	Post Run actions/checkout@34e114876b0b11c390a56381ad16ebd13914f8d5	2026-09-14T16:29:34.5275176Z Post job cleanup.
phase2-server	Post Run actions/checkout@34e114876b0b11c390a56381ad16ebd13914f8d5	2026-09-14T16:29:34.6148062Z [command]/usr/bin/git version
phase2-server	Post Run actions/checkout@34e114876b0b11c390a56381ad16ebd13914f8d5	2026-09-14T16:29:34.6185368Z git version 2.55.0
phase2-server	Post Run actions/checkout@34e114876b0b11c390a56381ad16ebd13914f8d5	2026-09-14T16:29:34.6223351Z Temporarily overriding HOME='/home/runner/work/_temp/bc2664d3-a34f-4add-8e60-9ba1be562010' before making global git config changes
phase2-server	Post Run actions/checkout@34e114876b0b11c390a56381ad16ebd13914f8d5	2026-09-14T16:29:34.6224395Z Adding repository directory to the temporary git global config as a safe directory
phase2-server	Post Run actions/checkout@34e114876b0b11c390a56381ad16ebd13914f8d5	2026-09-14T16:29:34.6228790Z [command]/usr/bin/git config --global --add safe.directory /home/runner/work/keepling/keepling
phase2-server	Post Run actions/checkout@34e114876b0b11c390a56381ad16ebd13914f8d5	2026-09-14T16:29:34.6266677Z [command]/usr/bin/git config --local --name-only --get-regexp core\.sshCommand
phase2-server	Post Run actions/checkout@34e114876b0b11c390a56381ad16ebd13914f8d5	2026-09-14T16:29:34.6303325Z [command]/usr/bin/git submodule foreach --recursive sh -c "git config --local --name-only --get-regexp 'core\.sshCommand' && git config --local --unset-all 'core.sshCommand' || :"
phase2-server	Post Run actions/checkout@34e114876b0b11c390a56381ad16ebd13914f8d5	2026-09-14T16:29:34.6533842Z [command]/usr/bin/git config --local --name-only --get-regexp http\.https\:\/\/github\.com\/\.extraheader
phase2-server	Post Run actions/checkout@34e114876b0b11c390a56381ad16ebd13914f8d5	2026-09-14T16:29:34.6560037Z http.https://github.com/.extraheader
phase2-server	Post Run actions/checkout@34e114876b0b11c390a56381ad16ebd13914f8d5	2026-09-14T16:29:34.6571210Z [command]/usr/bin/git config --local --unset-all http.https://github.com/.extraheader
phase2-server	Post Run actions/checkout@34e114876b0b11c390a56381ad16ebd13914f8d5	2026-09-14T16:29:34.6602984Z [command]/usr/bin/git submodule foreach --recursive sh -c "git config --local --name-only --get-regexp 'http\.https\:\/\/github\.com\/\.extraheader' && git config --local --unset-all 'http.https://github.com/.extraheader' || :"
phase2-server	Post Run actions/checkout@34e114876b0b11c390a56381ad16ebd13914f8d5	2026-09-14T16:29:34.6829043Z [command]/usr/bin/git config --local --name-only --get-regexp ^includeIf\.gitdir:
phase2-server	Post Run actions/checkout@34e114876b0b11c390a56381ad16ebd13914f8d5	2026-09-14T16:29:34.6858887Z [command]/usr/bin/git submodule foreach --recursive git config --local --show-origin --name-only --get-regexp remote.origin.url
phase2-server	Complete job	﻿2026-09-14T16:29:34.7218450Z Cleaning up orphan processes
phase2-server	Complete job	2026-09-14T16:29:34.7535505Z ##[warning]Node.js 20 is deprecated. The following actions target Node.js 20 but are being forced to run on Node.js 24: actions/cache@0400d5f644dc74513175e3cd8d07132dd4860809, actions/checkout@34e114876b0b11c390a56381ad16ebd13914f8d5, actions/setup-node@49933ea5288caeca8642d1e84afbd3f7d6820020, actions/upload-artifact@ea165f8d65b6e75b540449e92b4886f43607fa02. For more information see: https://github.blog/changelog/2025-09-19-deprecation-of-node-20-on-github-actions-runners/
opentofu-host-fixtures	Set up job	﻿2026-09-14T16:28:33.3117854Z Current runner version: '2.337.0'
opentofu-host-fixtures	Set up job	2026-09-14T16:28:33.3153919Z ##[group]Runner Image Provisioner
opentofu-host-fixtures	Set up job	2026-09-14T16:28:33.3155403Z Hosted Compute Agent
opentofu-host-fixtures	Set up job	2026-09-14T16:28:33.3156747Z Version: 20260828.587
opentofu-host-fixtures	Set up job	2026-09-14T16:28:33.3157902Z Commit: abac92662cab4cc7352de4f9f9d2e2419aad9c29
opentofu-host-fixtures	Set up job	2026-09-14T16:28:33.3159385Z Build Date: 2026-08-28T16:44:25Z
opentofu-host-fixtures	Set up job	2026-09-14T16:28:33.3160663Z Worker ID: {6ae94b06-83cd-423b-9e24-991f3179d755}
opentofu-host-fixtures	Set up job	2026-09-14T16:28:33.3162097Z Azure Region: eastus
opentofu-host-fixtures	Set up job	2026-09-14T16:28:33.3163307Z ##[endgroup]
opentofu-host-fixtures	Set up job	2026-09-14T16:28:33.3165995Z ##[group]Operating System
opentofu-host-fixtures	Set up job	2026-09-14T16:28:33.3167444Z Ubuntu
opentofu-host-fixtures	Set up job	2026-09-14T16:28:33.3168382Z 24.04.5
opentofu-host-fixtures	Set up job	2026-09-14T16:28:33.3169492Z LTS
opentofu-host-fixtures	Set up job	2026-09-14T16:28:33.3170506Z ##[endgroup]
opentofu-host-fixtures	Set up job	2026-09-14T16:28:33.3172172Z ##[group]Runner Image
opentofu-host-fixtures	Set up job	2026-09-14T16:28:33.3173246Z Image: ubuntu-24.04
opentofu-host-fixtures	Set up job	2026-09-14T16:28:33.3174254Z Version: 20260907.300.1
opentofu-host-fixtures	Set up job	2026-09-14T16:28:33.3176665Z Included Software: https://github.com/actions/runner-images/blob/ubuntu24/20260907.300/images/ubuntu/Ubuntu2404-Readme.md
opentofu-host-fixtures	Set up job	2026-09-14T16:28:33.3179855Z Image Release: https://github.com/actions/runner-images/releases/tag/ubuntu24%2F20260907.300
opentofu-host-fixtures	Set up job	2026-09-14T16:28:33.3181608Z ##[endgroup]
opentofu-host-fixtures	Set up job	2026-09-14T16:28:33.3183620Z ##[group]GITHUB_TOKEN Permissions
opentofu-host-fixtures	Set up job	2026-09-14T16:28:33.3186798Z Contents: read
opentofu-host-fixtures	Set up job	2026-09-14T16:28:33.3188076Z Metadata: read
opentofu-host-fixtures	Set up job	2026-09-14T16:28:33.3189090Z ##[endgroup]
opentofu-host-fixtures	Set up job	2026-09-14T16:28:33.3192194Z Secret source: Actions
opentofu-host-fixtures	Set up job	2026-09-14T16:28:33.3193882Z Cache mode: write
opentofu-host-fixtures	Set up job	2026-09-14T16:28:33.3195623Z Prepare workflow directory
opentofu-host-fixtures	Set up job	2026-09-14T16:28:33.3773199Z Prepare all required actions
opentofu-host-fixtures	Set up job	2026-09-14T16:28:33.3847380Z Getting action download info
opentofu-host-fixtures	Set up job	2026-09-14T16:28:33.5395143Z Download action repository 'actions/checkout@34e114876b0b11c390a56381ad16ebd13914f8d5' (SHA:34e114876b0b11c390a56381ad16ebd13914f8d5)
opentofu-host-fixtures	Set up job	2026-09-14T16:28:33.6661164Z Download action repository 'actions/upload-artifact@ea165f8d65b6e75b540449e92b4886f43607fa02' (SHA:ea165f8d65b6e75b540449e92b4886f43607fa02)
opentofu-host-fixtures	Set up job	2026-09-14T16:28:33.8675313Z Complete job name: opentofu-host-fixtures
opentofu-host-fixtures	Run actions/checkout@34e114876b0b11c390a56381ad16ebd13914f8d5	﻿2026-09-14T16:28:33.9416814Z Node 20 is being deprecated. This workflow is running with Node 24 by default. If you need to temporarily use Node 20, you can set the ACTIONS_ALLOW_USE_UNSECURE_NODE_VERSION=true environment variable. For more information see: https://github.blog/changelog/2025-09-19-deprecation-of-node-20-on-github-actions-runners/
opentofu-host-fixtures	Run actions/checkout@34e114876b0b11c390a56381ad16ebd13914f8d5	2026-09-14T16:28:33.9425589Z ##[group]Run actions/checkout@34e114876b0b11c390a56381ad16ebd13914f8d5
opentofu-host-fixtures	Run actions/checkout@34e114876b0b11c390a56381ad16ebd13914f8d5	2026-09-14T16:28:33.9426823Z with:
opentofu-host-fixtures	Run actions/checkout@34e114876b0b11c390a56381ad16ebd13914f8d5	2026-09-14T16:28:33.9427293Z   repository: szTheory/keepling
opentofu-host-fixtures	Run actions/checkout@34e114876b0b11c390a56381ad16ebd13914f8d5	2026-09-14T16:28:33.9431287Z   token: ***
opentofu-host-fixtures	Run actions/checkout@34e114876b0b11c390a56381ad16ebd13914f8d5	2026-09-14T16:28:33.9431728Z   ssh-strict: true
opentofu-host-fixtures	Run actions/checkout@34e114876b0b11c390a56381ad16ebd13914f8d5	2026-09-14T16:28:33.9432193Z   ssh-user: git
opentofu-host-fixtures	Run actions/checkout@34e114876b0b11c390a56381ad16ebd13914f8d5	2026-09-14T16:28:33.9432652Z   persist-credentials: true
opentofu-host-fixtures	Run actions/checkout@34e114876b0b11c390a56381ad16ebd13914f8d5	2026-09-14T16:28:33.9433147Z   clean: true
opentofu-host-fixtures	Run actions/checkout@34e114876b0b11c390a56381ad16ebd13914f8d5	2026-09-14T16:28:33.9433659Z   sparse-checkout-cone-mode: true
opentofu-host-fixtures	Run actions/checkout@34e114876b0b11c390a56381ad16ebd13914f8d5	2026-09-14T16:28:33.9434183Z   fetch-depth: 1
opentofu-host-fixtures	Run actions/checkout@34e114876b0b11c390a56381ad16ebd13914f8d5	2026-09-14T16:28:33.9434619Z   fetch-tags: false
opentofu-host-fixtures	Run actions/checkout@34e114876b0b11c390a56381ad16ebd13914f8d5	2026-09-14T16:28:33.9435061Z   show-progress: true
opentofu-host-fixtures	Run actions/checkout@34e114876b0b11c390a56381ad16ebd13914f8d5	2026-09-14T16:28:33.9435519Z   lfs: false
opentofu-host-fixtures	Run actions/checkout@34e114876b0b11c390a56381ad16ebd13914f8d5	2026-09-14T16:28:33.9435981Z   submodules: false
opentofu-host-fixtures	Run actions/checkout@34e114876b0b11c390a56381ad16ebd13914f8d5	2026-09-14T16:28:33.9436607Z   set-safe-directory: true
opentofu-host-fixtures	Run actions/checkout@34e114876b0b11c390a56381ad16ebd13914f8d5	2026-09-14T16:28:33.9437342Z env:
opentofu-host-fixtures	Run actions/checkout@34e114876b0b11c390a56381ad16ebd13914f8d5	2026-09-14T16:28:33.9437808Z   KEEPLING_PHASE2_SEED: 20260901
opentofu-host-fixtures	Run actions/checkout@34e114876b0b11c390a56381ad16ebd13914f8d5	2026-09-14T16:28:33.9438544Z   KEEPLING_FLAKE_POLICY: no-retry; quarantine-requires-owner-issue-expiry
opentofu-host-fixtures	Run actions/checkout@34e114876b0b11c390a56381ad16ebd13914f8d5	2026-09-14T16:28:33.9439288Z ##[endgroup]
opentofu-host-fixtures	Run actions/checkout@34e114876b0b11c390a56381ad16ebd13914f8d5	2026-09-14T16:28:34.0406630Z Syncing repository: szTheory/keepling
opentofu-host-fixtures	Run actions/checkout@34e114876b0b11c390a56381ad16ebd13914f8d5	2026-09-14T16:28:34.0408429Z ##[group]Getting Git version info
opentofu-host-fixtures	Run actions/checkout@34e114876b0b11c390a56381ad16ebd13914f8d5	2026-09-14T16:28:34.0409206Z Working directory is '/home/runner/work/keepling/keepling'
opentofu-host-fixtures	Run actions/checkout@34e114876b0b11c390a56381ad16ebd13914f8d5	2026-09-14T16:28:34.0410289Z [command]/usr/bin/git version
opentofu-host-fixtures	Run actions/checkout@34e114876b0b11c390a56381ad16ebd13914f8d5	2026-09-14T16:28:34.0510734Z git version 2.55.0
opentofu-host-fixtures	Run actions/checkout@34e114876b0b11c390a56381ad16ebd13914f8d5	2026-09-14T16:28:34.0531323Z ##[endgroup]
opentofu-host-fixtures	Run actions/checkout@34e114876b0b11c390a56381ad16ebd13914f8d5	2026-09-14T16:28:34.0545158Z Temporarily overriding HOME='/home/runner/work/_temp/3dc3e0a3-4767-4284-9a1b-44a0b56f1e29' before making global git config changes
opentofu-host-fixtures	Run actions/checkout@34e114876b0b11c390a56381ad16ebd13914f8d5	2026-09-14T16:28:34.0547615Z Adding repository directory to the temporary git global config as a safe directory
opentofu-host-fixtures	Run actions/checkout@34e114876b0b11c390a56381ad16ebd13914f8d5	2026-09-14T16:28:34.0550267Z [command]/usr/bin/git config --global --add safe.directory /home/runner/work/keepling/keepling
opentofu-host-fixtures	Run actions/checkout@34e114876b0b11c390a56381ad16ebd13914f8d5	2026-09-14T16:28:34.0600046Z Deleting the contents of '/home/runner/work/keepling/keepling'
opentofu-host-fixtures	Run actions/checkout@34e114876b0b11c390a56381ad16ebd13914f8d5	2026-09-14T16:28:34.0603959Z ##[group]Initializing the repository
opentofu-host-fixtures	Run actions/checkout@34e114876b0b11c390a56381ad16ebd13914f8d5	2026-09-14T16:28:34.0608750Z [command]/usr/bin/git init /home/runner/work/keepling/keepling
opentofu-host-fixtures	Run actions/checkout@34e114876b0b11c390a56381ad16ebd13914f8d5	2026-09-14T16:28:34.0706905Z hint: Using 'master' as the name for the initial branch. This default branch name
opentofu-host-fixtures	Run actions/checkout@34e114876b0b11c390a56381ad16ebd13914f8d5	2026-09-14T16:28:34.0708637Z hint: will change to "main" in Git 3.0. To configure the initial branch name
opentofu-host-fixtures	Run actions/checkout@34e114876b0b11c390a56381ad16ebd13914f8d5	2026-09-14T16:28:34.0709703Z hint: to use in all of your new repositories, which will suppress this warning,
opentofu-host-fixtures	Run actions/checkout@34e114876b0b11c390a56381ad16ebd13914f8d5	2026-09-14T16:28:34.0710503Z hint: call:
opentofu-host-fixtures	Run actions/checkout@34e114876b0b11c390a56381ad16ebd13914f8d5	2026-09-14T16:28:34.0710917Z hint:
opentofu-host-fixtures	Run actions/checkout@34e114876b0b11c390a56381ad16ebd13914f8d5	2026-09-14T16:28:34.0711484Z hint: 	git config --global init.defaultBranch <name>
opentofu-host-fixtures	Run actions/checkout@34e114876b0b11c390a56381ad16ebd13914f8d5	2026-09-14T16:28:34.0712111Z hint:
opentofu-host-fixtures	Run actions/checkout@34e114876b0b11c390a56381ad16ebd13914f8d5	2026-09-14T16:28:34.0712708Z hint: Names commonly chosen instead of 'master' are 'main', 'trunk' and
opentofu-host-fixtures	Run actions/checkout@34e114876b0b11c390a56381ad16ebd13914f8d5	2026-09-14T16:28:34.0713684Z hint: 'development'. The just-created branch can be renamed via this command:
opentofu-host-fixtures	Run actions/checkout@34e114876b0b11c390a56381ad16ebd13914f8d5	2026-09-14T16:28:34.0714474Z hint:
opentofu-host-fixtures	Run actions/checkout@34e114876b0b11c390a56381ad16ebd13914f8d5	2026-09-14T16:28:34.0714892Z hint: 	git branch -m <name>
opentofu-host-fixtures	Run actions/checkout@34e114876b0b11c390a56381ad16ebd13914f8d5	2026-09-14T16:28:34.0715382Z hint:
opentofu-host-fixtures	Run actions/checkout@34e114876b0b11c390a56381ad16ebd13914f8d5	2026-09-14T16:28:34.0716013Z hint: Disable this message with "git config set advice.defaultBranchName false"
opentofu-host-fixtures	Run actions/checkout@34e114876b0b11c390a56381ad16ebd13914f8d5	2026-09-14T16:28:34.0721841Z Initialized empty Git repository in /home/runner/work/keepling/keepling/.git/
opentofu-host-fixtures	Run actions/checkout@34e114876b0b11c390a56381ad16ebd13914f8d5	2026-09-14T16:28:34.0731159Z [command]/usr/bin/git remote add origin https://github.com/szTheory/keepling
opentofu-host-fixtures	Run actions/checkout@34e114876b0b11c390a56381ad16ebd13914f8d5	2026-09-14T16:28:34.0774581Z ##[endgroup]
opentofu-host-fixtures	Run actions/checkout@34e114876b0b11c390a56381ad16ebd13914f8d5	2026-09-14T16:28:34.0775398Z ##[group]Disabling automatic garbage collection
opentofu-host-fixtures	Run actions/checkout@34e114876b0b11c390a56381ad16ebd13914f8d5	2026-09-14T16:28:34.0778204Z [command]/usr/bin/git config --local gc.auto 0
opentofu-host-fixtures	Run actions/checkout@34e114876b0b11c390a56381ad16ebd13914f8d5	2026-09-14T16:28:34.0805186Z ##[endgroup]
opentofu-host-fixtures	Run actions/checkout@34e114876b0b11c390a56381ad16ebd13914f8d5	2026-09-14T16:28:34.0805932Z ##[group]Setting up auth
opentofu-host-fixtures	Run actions/checkout@34e114876b0b11c390a56381ad16ebd13914f8d5	2026-09-14T16:28:34.0811681Z [command]/usr/bin/git config --local --name-only --get-regexp core\.sshCommand
opentofu-host-fixtures	Run actions/checkout@34e114876b0b11c390a56381ad16ebd13914f8d5	2026-09-14T16:28:34.0840974Z [command]/usr/bin/git submodule foreach --recursive sh -c "git config --local --name-only --get-regexp 'core\.sshCommand' && git config --local --unset-all 'core.sshCommand' || :"
opentofu-host-fixtures	Run actions/checkout@34e114876b0b11c390a56381ad16ebd13914f8d5	2026-09-14T16:28:34.1189021Z [command]/usr/bin/git config --local --name-only --get-regexp http\.https\:\/\/github\.com\/\.extraheader
opentofu-host-fixtures	Run actions/checkout@34e114876b0b11c390a56381ad16ebd13914f8d5	2026-09-14T16:28:34.1221034Z [command]/usr/bin/git submodule foreach --recursive sh -c "git config --local --name-only --get-regexp 'http\.https\:\/\/github\.com\/\.extraheader' && git config --local --unset-all 'http.https://github.com/.extraheader' || :"
opentofu-host-fixtures	Run actions/checkout@34e114876b0b11c390a56381ad16ebd13914f8d5	2026-09-14T16:28:34.1435084Z [command]/usr/bin/git config --local --name-only --get-regexp ^includeIf\.gitdir:
opentofu-host-fixtures	Run actions/checkout@34e114876b0b11c390a56381ad16ebd13914f8d5	2026-09-14T16:28:34.1465612Z [command]/usr/bin/git submodule foreach --recursive git config --local --show-origin --name-only --get-regexp remote.origin.url
opentofu-host-fixtures	Run actions/checkout@34e114876b0b11c390a56381ad16ebd13914f8d5	2026-09-14T16:28:34.1679829Z [command]/usr/bin/git config --local http.https://github.com/.extraheader AUTHORIZATION: basic ***
opentofu-host-fixtures	Run actions/checkout@34e114876b0b11c390a56381ad16ebd13914f8d5	2026-09-14T16:28:34.1713306Z ##[endgroup]
opentofu-host-fixtures	Run actions/checkout@34e114876b0b11c390a56381ad16ebd13914f8d5	2026-09-14T16:28:34.1714421Z ##[group]Fetching the repository
opentofu-host-fixtures	Run actions/checkout@34e114876b0b11c390a56381ad16ebd13914f8d5	2026-09-14T16:28:34.1722843Z [command]/usr/bin/git -c protocol.version=2 fetch --no-tags --prune --no-recurse-submodules --depth=1 origin +4f5954104c839dbec57188607829fdc7b975e0cc:refs/remotes/origin/main
opentofu-host-fixtures	Run actions/checkout@34e114876b0b11c390a56381ad16ebd13914f8d5	2026-09-14T16:28:35.3691944Z From https://github.com/szTheory/keepling
opentofu-host-fixtures	Run actions/checkout@34e114876b0b11c390a56381ad16ebd13914f8d5	2026-09-14T16:28:35.3694159Z  * [new ref]         4f5954104c839dbec57188607829fdc7b975e0cc -> origin/main
opentofu-host-fixtures	Run actions/checkout@34e114876b0b11c390a56381ad16ebd13914f8d5	2026-09-14T16:28:35.3699610Z ##[endgroup]
opentofu-host-fixtures	Run actions/checkout@34e114876b0b11c390a56381ad16ebd13914f8d5	2026-09-14T16:28:35.3701043Z ##[group]Determining the checkout info
opentofu-host-fixtures	Run actions/checkout@34e114876b0b11c390a56381ad16ebd13914f8d5	2026-09-14T16:28:35.3702580Z ##[endgroup]
opentofu-host-fixtures	Run actions/checkout@34e114876b0b11c390a56381ad16ebd13914f8d5	2026-09-14T16:28:35.3706882Z [command]/usr/bin/git sparse-checkout disable
opentofu-host-fixtures	Run actions/checkout@34e114876b0b11c390a56381ad16ebd13914f8d5	2026-09-14T16:28:35.3755898Z [command]/usr/bin/git config --local --unset-all extensions.worktreeConfig
opentofu-host-fixtures	Run actions/checkout@34e114876b0b11c390a56381ad16ebd13914f8d5	2026-09-14T16:28:35.3785498Z ##[group]Checking out the ref
opentofu-host-fixtures	Run actions/checkout@34e114876b0b11c390a56381ad16ebd13914f8d5	2026-09-14T16:28:35.3790465Z [command]/usr/bin/git checkout --progress --force -B main refs/remotes/origin/main
opentofu-host-fixtures	Run actions/checkout@34e114876b0b11c390a56381ad16ebd13914f8d5	2026-09-14T16:28:35.5252685Z Switched to a new branch 'main'
opentofu-host-fixtures	Run actions/checkout@34e114876b0b11c390a56381ad16ebd13914f8d5	2026-09-14T16:28:35.5256983Z branch 'main' set up to track 'origin/main'.
opentofu-host-fixtures	Run actions/checkout@34e114876b0b11c390a56381ad16ebd13914f8d5	2026-09-14T16:28:35.5270825Z ##[endgroup]
opentofu-host-fixtures	Run actions/checkout@34e114876b0b11c390a56381ad16ebd13914f8d5	2026-09-14T16:28:35.5310710Z [command]/usr/bin/git log -1 --format=%H
opentofu-host-fixtures	Run actions/checkout@34e114876b0b11c390a56381ad16ebd13914f8d5	2026-09-14T16:28:35.5334385Z 4f5954104c839dbec57188607829fdc7b975e0cc
opentofu-host-fixtures	Run exact hermetic host-boundary lane	﻿2026-09-14T16:28:35.5580677Z ##[group]Run set -o pipefail
opentofu-host-fixtures	Run exact hermetic host-boundary lane	2026-09-14T16:28:35.5582114Z ^[[36;1mset -o pipefail^[[0m
opentofu-host-fixtures	Run exact hermetic host-boundary lane	2026-09-14T16:28:35.5584578Z ^[[36;1m./tooling/test-phase-2.sh --lane opentofu-host-fixtures | tee "$RUNNER_TEMP/opentofu-host-fixtures.txt"^[[0m
opentofu-host-fixtures	Run exact hermetic host-boundary lane	2026-09-14T16:28:35.5587953Z ^[[36;1m./tooling/verify-privacy.sh "$RUNNER_TEMP/opentofu-host-fixtures.txt"^[[0m
opentofu-host-fixtures	Run exact hermetic host-boundary lane	2026-09-14T16:28:35.5629630Z shell: /usr/bin/bash -e {0}
opentofu-host-fixtures	Run exact hermetic host-boundary lane	2026-09-14T16:28:35.5630865Z env:
opentofu-host-fixtures	Run exact hermetic host-boundary lane	2026-09-14T16:28:35.5631843Z   KEEPLING_PHASE2_SEED: 20260901
opentofu-host-fixtures	Run exact hermetic host-boundary lane	2026-09-14T16:28:35.5633620Z   KEEPLING_FLAKE_POLICY: no-retry; quarantine-requires-owner-issue-expiry
opentofu-host-fixtures	Run exact hermetic host-boundary lane	2026-09-14T16:28:35.5635515Z ##[endgroup]
opentofu-host-fixtures	Run exact hermetic host-boundary lane	2026-09-14T16:28:35.8000373Z lane=opentofu-host-fixtures status=RUNNING command=eight hermetic OpenTofu/bootstrap/archive/teardown/DNS-fence fixture commands cases=8 seed=20260901 inputs_sha256=a2129174948e0f8d1f97efeeec96426adc96721c9473c48a40a3fa382d83b7a8
opentofu-host-fixtures	Run exact hermetic host-boundary lane	2026-09-14T16:28:38.8223132Z lane=opentofu-host-fixtures status=PASS command=eight hermetic OpenTofu/bootstrap/archive/teardown/DNS-fence fixture commands cases=8 seed=20260901 elapsed_ms=3023 inputs_sha256=a2129174948e0f8d1f97efeeec96426adc96721c9473c48a40a3fa382d83b7a8
opentofu-host-fixtures	Run exact hermetic host-boundary lane	2026-09-14T16:28:38.8359601Z Privacy verification passed: artifacts=1 sentinels=7
opentofu-host-fixtures	Run actions/upload-artifact@ea165f8d65b6e75b540449e92b4886f43607fa02	﻿2026-09-14T16:28:38.8466747Z Node 20 is being deprecated. This workflow is running with Node 24 by default. If you need to temporarily use Node 20, you can set the ACTIONS_ALLOW_USE_UNSECURE_NODE_VERSION=true environment variable. For more information see: https://github.blog/changelog/2025-09-19-deprecation-of-node-20-on-github-actions-runners/
opentofu-host-fixtures	Run actions/upload-artifact@ea165f8d65b6e75b540449e92b4886f43607fa02	2026-09-14T16:28:38.8468784Z ##[group]Run actions/upload-artifact@ea165f8d65b6e75b540449e92b4886f43607fa02
opentofu-host-fixtures	Run actions/upload-artifact@ea165f8d65b6e75b540449e92b4886f43607fa02	2026-09-14T16:28:38.8469232Z with:
opentofu-host-fixtures	Run actions/upload-artifact@ea165f8d65b6e75b540449e92b4886f43607fa02	2026-09-14T16:28:38.8469519Z   name: opentofu-host-fixtures-timing
opentofu-host-fixtures	Run actions/upload-artifact@ea165f8d65b6e75b540449e92b4886f43607fa02	2026-09-14T16:28:38.8469941Z   path: /home/runner/work/_temp/opentofu-host-fixtures.txt
opentofu-host-fixtures	Run actions/upload-artifact@ea165f8d65b6e75b540449e92b4886f43607fa02	2026-09-14T16:28:38.8470348Z   if-no-files-found: error
opentofu-host-fixtures	Run actions/upload-artifact@ea165f8d65b6e75b540449e92b4886f43607fa02	2026-09-14T16:28:38.8470627Z   retention-days: 14
opentofu-host-fixtures	Run actions/upload-artifact@ea165f8d65b6e75b540449e92b4886f43607fa02	2026-09-14T16:28:38.8470887Z   compression-level: 6
opentofu-host-fixtures	Run actions/upload-artifact@ea165f8d65b6e75b540449e92b4886f43607fa02	2026-09-14T16:28:38.8471151Z   overwrite: false
opentofu-host-fixtures	Run actions/upload-artifact@ea165f8d65b6e75b540449e92b4886f43607fa02	2026-09-14T16:28:38.8471414Z   include-hidden-files: false
opentofu-host-fixtures	Run actions/upload-artifact@ea165f8d65b6e75b540449e92b4886f43607fa02	2026-09-14T16:28:38.8471693Z env:
opentofu-host-fixtures	Run actions/upload-artifact@ea165f8d65b6e75b540449e92b4886f43607fa02	2026-09-14T16:28:38.8471928Z   KEEPLING_PHASE2_SEED: 20260901
opentofu-host-fixtures	Run actions/upload-artifact@ea165f8d65b6e75b540449e92b4886f43607fa02	2026-09-14T16:28:38.8472346Z   KEEPLING_FLAKE_POLICY: no-retry; quarantine-requires-owner-issue-expiry
opentofu-host-fixtures	Run actions/upload-artifact@ea165f8d65b6e75b540449e92b4886f43607fa02	2026-09-14T16:28:38.8472842Z ##[endgroup]
opentofu-host-fixtures	Run actions/upload-artifact@ea165f8d65b6e75b540449e92b4886f43607fa02	2026-09-14T16:28:39.0097292Z (node:5400) [DEP0040] DeprecationWarning: The `punycode` module is deprecated. Please use a userland alternative instead.
opentofu-host-fixtures	Run actions/upload-artifact@ea165f8d65b6e75b540449e92b4886f43607fa02	2026-09-14T16:28:39.0098213Z (Use `node --trace-deprecation ...` to show where the warning was created)
opentofu-host-fixtures	Run actions/upload-artifact@ea165f8d65b6e75b540449e92b4886f43607fa02	2026-09-14T16:28:39.0141684Z With the provided path, there will be 1 file uploaded
opentofu-host-fixtures	Run actions/upload-artifact@ea165f8d65b6e75b540449e92b4886f43607fa02	2026-09-14T16:28:39.0147682Z Artifact name is valid!
opentofu-host-fixtures	Run actions/upload-artifact@ea165f8d65b6e75b540449e92b4886f43607fa02	2026-09-14T16:28:39.0148688Z Root directory input is valid!
opentofu-host-fixtures	Run actions/upload-artifact@ea165f8d65b6e75b540449e92b4886f43607fa02	2026-09-14T16:28:39.2027292Z Beginning upload of artifact content to blob storage
opentofu-host-fixtures	Run actions/upload-artifact@ea165f8d65b6e75b540449e92b4886f43607fa02	2026-09-14T16:28:39.2194730Z (node:5400) [DEP0169] DeprecationWarning: `url.parse()` behavior is not standardized and prone to errors that have security implications. Use the WHATWG URL API instead. CVEs are not issued for `url.parse()` vulnerabilities.
opentofu-host-fixtures	Run actions/upload-artifact@ea165f8d65b6e75b540449e92b4886f43607fa02	2026-09-14T16:28:39.2653411Z Uploaded bytes 376
opentofu-host-fixtures	Run actions/upload-artifact@ea165f8d65b6e75b540449e92b4886f43607fa02	2026-09-14T16:28:39.2965156Z Finished uploading artifact content to blob storage!
opentofu-host-fixtures	Run actions/upload-artifact@ea165f8d65b6e75b540449e92b4886f43607fa02	2026-09-14T16:28:39.2966237Z SHA256 digest of uploaded artifact zip is 00b20dc65334224c78947f0454ccd2531276ea1abb1273e7dd9564045045f696
opentofu-host-fixtures	Run actions/upload-artifact@ea165f8d65b6e75b540449e92b4886f43607fa02	2026-09-14T16:28:39.2968226Z Finalizing artifact upload
opentofu-host-fixtures	Run actions/upload-artifact@ea165f8d65b6e75b540449e92b4886f43607fa02	2026-09-14T16:28:39.5023810Z Artifact opentofu-host-fixtures-timing.zip successfully finalized. Artifact ID 10358066881
opentofu-host-fixtures	Run actions/upload-artifact@ea165f8d65b6e75b540449e92b4886f43607fa02	2026-09-14T16:28:39.5025723Z Artifact opentofu-host-fixtures-timing has been successfully uploaded! Final size is 376 bytes. Artifact ID is 10358066881
opentofu-host-fixtures	Run actions/upload-artifact@ea165f8d65b6e75b540449e92b4886f43607fa02	2026-09-14T16:28:39.5031251Z Artifact download URL: https://github.com/szTheory/keepling/actions/runs/34868832053/artifacts/10358066881
opentofu-host-fixtures	Post Run actions/checkout@34e114876b0b11c390a56381ad16ebd13914f8d5	﻿2026-09-14T16:28:39.5231726Z Node 20 is being deprecated. This workflow is running with Node 24 by default. If you need to temporarily use Node 20, you can set the ACTIONS_ALLOW_USE_UNSECURE_NODE_VERSION=true environment variable. For more information see: https://github.blog/changelog/2025-09-19-deprecation-of-node-20-on-github-actions-runners/
opentofu-host-fixtures	Post Run actions/checkout@34e114876b0b11c390a56381ad16ebd13914f8d5	2026-09-14T16:28:39.5233042Z Post job cleanup.
opentofu-host-fixtures	Post Run actions/checkout@34e114876b0b11c390a56381ad16ebd13914f8d5	2026-09-14T16:28:39.6058580Z [command]/usr/bin/git version
opentofu-host-fixtures	Post Run actions/checkout@34e114876b0b11c390a56381ad16ebd13914f8d5	2026-09-14T16:28:39.6094974Z git version 2.55.0
opentofu-host-fixtures	Post Run actions/checkout@34e114876b0b11c390a56381ad16ebd13914f8d5	2026-09-14T16:28:39.6131839Z Temporarily overriding HOME='/home/runner/work/_temp/237a9b95-45c1-4d6b-8b1c-2ef6adefe211' before making global git config changes
opentofu-host-fixtures	Post Run actions/checkout@34e114876b0b11c390a56381ad16ebd13914f8d5	2026-09-14T16:28:39.6132847Z Adding repository directory to the temporary git global config as a safe directory
opentofu-host-fixtures	Post Run actions/checkout@34e114876b0b11c390a56381ad16ebd13914f8d5	2026-09-14T16:28:39.6137657Z [command]/usr/bin/git config --global --add safe.directory /home/runner/work/keepling/keepling
opentofu-host-fixtures	Post Run actions/checkout@34e114876b0b11c390a56381ad16ebd13914f8d5	2026-09-14T16:28:39.6174092Z [command]/usr/bin/git config --local --name-only --get-regexp core\.sshCommand
opentofu-host-fixtures	Post Run actions/checkout@34e114876b0b11c390a56381ad16ebd13914f8d5	2026-09-14T16:28:39.6207208Z [command]/usr/bin/git submodule foreach --recursive sh -c "git config --local --name-only --get-regexp 'core\.sshCommand' && git config --local --unset-all 'core.sshCommand' || :"
opentofu-host-fixtures	Post Run actions/checkout@34e114876b0b11c390a56381ad16ebd13914f8d5	2026-09-14T16:28:39.6425804Z [command]/usr/bin/git config --local --name-only --get-regexp http\.https\:\/\/github\.com\/\.extraheader
opentofu-host-fixtures	Post Run actions/checkout@34e114876b0b11c390a56381ad16ebd13914f8d5	2026-09-14T16:28:39.6454141Z http.https://github.com/.extraheader
opentofu-host-fixtures	Post Run actions/checkout@34e114876b0b11c390a56381ad16ebd13914f8d5	2026-09-14T16:28:39.6466368Z [command]/usr/bin/git config --local --unset-all http.https://github.com/.extraheader
opentofu-host-fixtures	Post Run actions/checkout@34e114876b0b11c390a56381ad16ebd13914f8d5	2026-09-14T16:28:39.6497349Z [command]/usr/bin/git submodule foreach --recursive sh -c "git config --local --name-only --get-regexp 'http\.https\:\/\/github\.com\/\.extraheader' && git config --local --unset-all 'http.https://github.com/.extraheader' || :"
opentofu-host-fixtures	Post Run actions/checkout@34e114876b0b11c390a56381ad16ebd13914f8d5	2026-09-14T16:28:39.6715350Z [command]/usr/bin/git config --local --name-only --get-regexp ^includeIf\.gitdir:
opentofu-host-fixtures	Post Run actions/checkout@34e114876b0b11c390a56381ad16ebd13914f8d5	2026-09-14T16:28:39.6745843Z [command]/usr/bin/git submodule foreach --recursive git config --local --show-origin --name-only --get-regexp remote.origin.url
opentofu-host-fixtures	Complete job	﻿2026-09-14T16:28:39.7091761Z Cleaning up orphan processes
opentofu-host-fixtures	Complete job	2026-09-14T16:28:39.7392719Z ##[warning]Node.js 20 is deprecated. The following actions target Node.js 20 but are being forced to run on Node.js 24: actions/checkout@34e114876b0b11c390a56381ad16ebd13914f8d5, actions/upload-artifact@ea165f8d65b6e75b540449e92b4886f43607fa02. For more information see: https://github.blog/changelog/2025-09-19-deprecation-of-node-20-on-github-actions-runners/
phase2-backup-restore	Set up job	﻿2026-09-14T16:28:34.3750689Z Current runner version: '2.337.0'
phase2-backup-restore	Set up job	2026-09-14T16:28:34.3778997Z ##[group]Runner Image Provisioner
phase2-backup-restore	Set up job	2026-09-14T16:28:34.3780010Z Hosted Compute Agent
phase2-backup-restore	Set up job	2026-09-14T16:28:34.3780922Z Version: 20260828.587
phase2-backup-restore	Set up job	2026-09-14T16:28:34.3781610Z Commit: abac92662cab4cc7352de4f9f9d2e2419aad9c29
phase2-backup-restore	Set up job	2026-09-14T16:28:34.3782416Z Build Date: 2026-08-28T16:44:25Z
phase2-backup-restore	Set up job	2026-09-14T16:28:34.3783188Z Worker ID: {ccac9483-3fc3-4c07-a845-19d2b20212be}
phase2-backup-restore	Set up job	2026-09-14T16:28:34.3783963Z Azure Region: westus
phase2-backup-restore	Set up job	2026-09-14T16:28:34.3784555Z ##[endgroup]
phase2-backup-restore	Set up job	2026-09-14T16:28:34.3786218Z ##[group]Operating System
phase2-backup-restore	Set up job	2026-09-14T16:28:34.3786970Z Ubuntu
phase2-backup-restore	Set up job	2026-09-14T16:28:34.3787583Z 24.04.5
phase2-backup-restore	Set up job	2026-09-14T16:28:34.3788113Z LTS
phase2-backup-restore	Set up job	2026-09-14T16:28:34.3788712Z ##[endgroup]
phase2-backup-restore	Set up job	2026-09-14T16:28:34.3789322Z ##[group]Runner Image
phase2-backup-restore	Set up job	2026-09-14T16:28:34.3790662Z Image: ubuntu-24.04
phase2-backup-restore	Set up job	2026-09-14T16:28:34.3791305Z Version: 20260907.300.1
phase2-backup-restore	Set up job	2026-09-14T16:28:34.3792391Z Included Software: https://github.com/actions/runner-images/blob/ubuntu24/20260907.300/images/ubuntu/Ubuntu2404-Readme.md
phase2-backup-restore	Set up job	2026-09-14T16:28:34.3794230Z Image Release: https://github.com/actions/runner-images/releases/tag/ubuntu24%2F20260907.300
phase2-backup-restore	Set up job	2026-09-14T16:28:34.3795321Z ##[endgroup]
phase2-backup-restore	Set up job	2026-09-14T16:28:34.3796409Z ##[group]GITHUB_TOKEN Permissions
phase2-backup-restore	Set up job	2026-09-14T16:28:34.3798701Z Contents: read
phase2-backup-restore	Set up job	2026-09-14T16:28:34.3799352Z Metadata: read
phase2-backup-restore	Set up job	2026-09-14T16:28:34.3799895Z ##[endgroup]
phase2-backup-restore	Set up job	2026-09-14T16:28:34.3802665Z Secret source: Actions
phase2-backup-restore	Set up job	2026-09-14T16:28:34.3803663Z Cache mode: write
phase2-backup-restore	Set up job	2026-09-14T16:28:34.3804503Z Prepare workflow directory
phase2-backup-restore	Set up job	2026-09-14T16:28:34.4221934Z Prepare all required actions
phase2-backup-restore	Set up job	2026-09-14T16:28:34.4272514Z Getting action download info
phase2-backup-restore	Set up job	2026-09-14T16:28:34.7936491Z Download action repository 'actions/checkout@34e114876b0b11c390a56381ad16ebd13914f8d5' (SHA:34e114876b0b11c390a56381ad16ebd13914f8d5)
phase2-backup-restore	Set up job	2026-09-14T16:28:34.9293361Z Download action repository 'actions/setup-node@49933ea5288caeca8642d1e84afbd3f7d6820020' (SHA:49933ea5288caeca8642d1e84afbd3f7d6820020)
phase2-backup-restore	Set up job	2026-09-14T16:28:35.0743740Z Download action repository 'actions/cache@0400d5f644dc74513175e3cd8d07132dd4860809' (SHA:0400d5f644dc74513175e3cd8d07132dd4860809)
phase2-backup-restore	Set up job	2026-09-14T16:28:35.2559716Z Download action repository 'actions/upload-artifact@ea165f8d65b6e75b540449e92b4886f43607fa02' (SHA:ea165f8d65b6e75b540449e92b4886f43607fa02)
phase2-backup-restore	Set up job	2026-09-14T16:28:35.4750845Z Complete job name: phase2-backup-restore
phase2-backup-restore	Run actions/checkout@34e114876b0b11c390a56381ad16ebd13914f8d5	﻿2026-09-14T16:28:35.5577918Z Node 20 is being deprecated. This workflow is running with Node 24 by default. If you need to temporarily use Node 20, you can set the ACTIONS_ALLOW_USE_UNSECURE_NODE_VERSION=true environment variable. For more information see: https://github.blog/changelog/2025-09-19-deprecation-of-node-20-on-github-actions-runners/
phase2-backup-restore	Run actions/checkout@34e114876b0b11c390a56381ad16ebd13914f8d5	2026-09-14T16:28:35.5588177Z ##[group]Run actions/checkout@34e114876b0b11c390a56381ad16ebd13914f8d5
phase2-backup-restore	Run actions/checkout@34e114876b0b11c390a56381ad16ebd13914f8d5	2026-09-14T16:28:35.5589235Z with:
phase2-backup-restore	Run actions/checkout@34e114876b0b11c390a56381ad16ebd13914f8d5	2026-09-14T16:28:35.5589736Z   repository: szTheory/keepling
phase2-backup-restore	Run actions/checkout@34e114876b0b11c390a56381ad16ebd13914f8d5	2026-09-14T16:28:35.5594248Z   token: ***
phase2-backup-restore	Run actions/checkout@34e114876b0b11c390a56381ad16ebd13914f8d5	2026-09-14T16:28:35.5594745Z   ssh-strict: true
phase2-backup-restore	Run actions/checkout@34e114876b0b11c390a56381ad16ebd13914f8d5	2026-09-14T16:28:35.5595220Z   ssh-user: git
phase2-backup-restore	Run actions/checkout@34e114876b0b11c390a56381ad16ebd13914f8d5	2026-09-14T16:28:35.5595749Z   persist-credentials: true
phase2-backup-restore	Run actions/checkout@34e114876b0b11c390a56381ad16ebd13914f8d5	2026-09-14T16:28:35.5596281Z   clean: true
phase2-backup-restore	Run actions/checkout@34e114876b0b11c390a56381ad16ebd13914f8d5	2026-09-14T16:28:35.5596767Z   sparse-checkout-cone-mode: true
phase2-backup-restore	Run actions/checkout@34e114876b0b11c390a56381ad16ebd13914f8d5	2026-09-14T16:28:35.5597336Z   fetch-depth: 1
phase2-backup-restore	Run actions/checkout@34e114876b0b11c390a56381ad16ebd13914f8d5	2026-09-14T16:28:35.5597807Z   fetch-tags: false
phase2-backup-restore	Run actions/checkout@34e114876b0b11c390a56381ad16ebd13914f8d5	2026-09-14T16:28:35.5598297Z   show-progress: true
phase2-backup-restore	Run actions/checkout@34e114876b0b11c390a56381ad16ebd13914f8d5	2026-09-14T16:28:35.5598795Z   lfs: false
phase2-backup-restore	Run actions/checkout@34e114876b0b11c390a56381ad16ebd13914f8d5	2026-09-14T16:28:35.5599306Z   submodules: false
phase2-backup-restore	Run actions/checkout@34e114876b0b11c390a56381ad16ebd13914f8d5	2026-09-14T16:28:35.5599812Z   set-safe-directory: true
phase2-backup-restore	Run actions/checkout@34e114876b0b11c390a56381ad16ebd13914f8d5	2026-09-14T16:28:35.5600778Z env:
phase2-backup-restore	Run actions/checkout@34e114876b0b11c390a56381ad16ebd13914f8d5	2026-09-14T16:28:35.5601273Z   KEEPLING_PHASE2_SEED: 20260901
phase2-backup-restore	Run actions/checkout@34e114876b0b11c390a56381ad16ebd13914f8d5	2026-09-14T16:28:35.5602070Z   KEEPLING_FLAKE_POLICY: no-retry; quarantine-requires-owner-issue-expiry
phase2-backup-restore	Run actions/checkout@34e114876b0b11c390a56381ad16ebd13914f8d5	2026-09-14T16:28:35.5602890Z ##[endgroup]
phase2-backup-restore	Run actions/checkout@34e114876b0b11c390a56381ad16ebd13914f8d5	2026-09-14T16:28:35.6605105Z Syncing repository: szTheory/keepling
phase2-backup-restore	Run actions/checkout@34e114876b0b11c390a56381ad16ebd13914f8d5	2026-09-14T16:28:35.6607248Z ##[group]Getting Git version info
phase2-backup-restore	Run actions/checkout@34e114876b0b11c390a56381ad16ebd13914f8d5	2026-09-14T16:28:35.6608120Z Working directory is '/home/runner/work/keepling/keepling'
phase2-backup-restore	Run actions/checkout@34e114876b0b11c390a56381ad16ebd13914f8d5	2026-09-14T16:28:35.6609358Z [command]/usr/bin/git version
phase2-backup-restore	Run actions/checkout@34e114876b0b11c390a56381ad16ebd13914f8d5	2026-09-14T16:28:35.6671415Z git version 2.55.0
phase2-backup-restore	Run actions/checkout@34e114876b0b11c390a56381ad16ebd13914f8d5	2026-09-14T16:28:35.6694527Z ##[endgroup]
phase2-backup-restore	Run actions/checkout@34e114876b0b11c390a56381ad16ebd13914f8d5	2026-09-14T16:28:35.6710789Z Temporarily overriding HOME='/home/runner/work/_temp/2f33faea-2f22-4a44-a2cb-3cdf068533c4' before making global git config changes
phase2-backup-restore	Run actions/checkout@34e114876b0b11c390a56381ad16ebd13914f8d5	2026-09-14T16:28:35.6713129Z Adding repository directory to the temporary git global config as a safe directory
phase2-backup-restore	Run actions/checkout@34e114876b0b11c390a56381ad16ebd13914f8d5	2026-09-14T16:28:35.6716208Z [command]/usr/bin/git config --global --add safe.directory /home/runner/work/keepling/keepling
phase2-backup-restore	Run actions/checkout@34e114876b0b11c390a56381ad16ebd13914f8d5	2026-09-14T16:28:35.6775457Z Deleting the contents of '/home/runner/work/keepling/keepling'
phase2-backup-restore	Run actions/checkout@34e114876b0b11c390a56381ad16ebd13914f8d5	2026-09-14T16:28:35.6780970Z ##[group]Initializing the repository
phase2-backup-restore	Run actions/checkout@34e114876b0b11c390a56381ad16ebd13914f8d5	2026-09-14T16:28:35.6786812Z [command]/usr/bin/git init /home/runner/work/keepling/keepling
phase2-backup-restore	Run actions/checkout@34e114876b0b11c390a56381ad16ebd13914f8d5	2026-09-14T16:28:35.6921618Z hint: Using 'master' as the name for the initial branch. This default branch name
phase2-backup-restore	Run actions/checkout@34e114876b0b11c390a56381ad16ebd13914f8d5	2026-09-14T16:28:35.6923581Z hint: will change to "main" in Git 3.0. To configure the initial branch name
phase2-backup-restore	Run actions/checkout@34e114876b0b11c390a56381ad16ebd13914f8d5	2026-09-14T16:28:35.6925069Z hint: to use in all of your new repositories, which will suppress this warning,
phase2-backup-restore	Run actions/checkout@34e114876b0b11c390a56381ad16ebd13914f8d5	2026-09-14T16:28:35.6926229Z hint: call:
phase2-backup-restore	Run actions/checkout@34e114876b0b11c390a56381ad16ebd13914f8d5	2026-09-14T16:28:35.6927429Z hint:
phase2-backup-restore	Run actions/checkout@34e114876b0b11c390a56381ad16ebd13914f8d5	2026-09-14T16:28:35.6928702Z hint: 	git config --global init.defaultBranch <name>
phase2-backup-restore	Run actions/checkout@34e114876b0b11c390a56381ad16ebd13914f8d5	2026-09-14T16:28:35.6930455Z hint:
phase2-backup-restore	Run actions/checkout@34e114876b0b11c390a56381ad16ebd13914f8d5	2026-09-14T16:28:35.6931846Z hint: Names commonly chosen instead of 'master' are 'main', 'trunk' and
phase2-backup-restore	Run actions/checkout@34e114876b0b11c390a56381ad16ebd13914f8d5	2026-09-14T16:28:35.6933340Z hint: 'development'. The just-created branch can be renamed via this command:
phase2-backup-restore	Run actions/checkout@34e114876b0b11c390a56381ad16ebd13914f8d5	2026-09-14T16:28:35.6934844Z hint:
phase2-backup-restore	Run actions/checkout@34e114876b0b11c390a56381ad16ebd13914f8d5	2026-09-14T16:28:35.6935594Z hint: 	git branch -m <name>
phase2-backup-restore	Run actions/checkout@34e114876b0b11c390a56381ad16ebd13914f8d5	2026-09-14T16:28:35.6936171Z hint:
phase2-backup-restore	Run actions/checkout@34e114876b0b11c390a56381ad16ebd13914f8d5	2026-09-14T16:28:35.6936887Z hint: Disable this message with "git config set advice.defaultBranchName false"
phase2-backup-restore	Run actions/checkout@34e114876b0b11c390a56381ad16ebd13914f8d5	2026-09-14T16:28:35.6937975Z Initialized empty Git repository in /home/runner/work/keepling/keepling/.git/
phase2-backup-restore	Run actions/checkout@34e114876b0b11c390a56381ad16ebd13914f8d5	2026-09-14T16:28:35.6941658Z [command]/usr/bin/git remote add origin https://github.com/szTheory/keepling
phase2-backup-restore	Run actions/checkout@34e114876b0b11c390a56381ad16ebd13914f8d5	2026-09-14T16:28:35.6993905Z ##[endgroup]
phase2-backup-restore	Run actions/checkout@34e114876b0b11c390a56381ad16ebd13914f8d5	2026-09-14T16:28:35.6994946Z ##[group]Disabling automatic garbage collection
phase2-backup-restore	Run actions/checkout@34e114876b0b11c390a56381ad16ebd13914f8d5	2026-09-14T16:28:35.6998389Z [command]/usr/bin/git config --local gc.auto 0
phase2-backup-restore	Run actions/checkout@34e114876b0b11c390a56381ad16ebd13914f8d5	2026-09-14T16:28:35.7032536Z ##[endgroup]
phase2-backup-restore	Run actions/checkout@34e114876b0b11c390a56381ad16ebd13914f8d5	2026-09-14T16:28:35.7033375Z ##[group]Setting up auth
phase2-backup-restore	Run actions/checkout@34e114876b0b11c390a56381ad16ebd13914f8d5	2026-09-14T16:28:35.7040478Z [command]/usr/bin/git config --local --name-only --get-regexp core\.sshCommand
phase2-backup-restore	Run actions/checkout@34e114876b0b11c390a56381ad16ebd13914f8d5	2026-09-14T16:28:35.7075903Z [command]/usr/bin/git submodule foreach --recursive sh -c "git config --local --name-only --get-regexp 'core\.sshCommand' && git config --local --unset-all 'core.sshCommand' || :"
phase2-backup-restore	Run actions/checkout@34e114876b0b11c390a56381ad16ebd13914f8d5	2026-09-14T16:28:35.7440569Z [command]/usr/bin/git config --local --name-only --get-regexp http\.https\:\/\/github\.com\/\.extraheader
phase2-backup-restore	Run actions/checkout@34e114876b0b11c390a56381ad16ebd13914f8d5	2026-09-14T16:28:35.7477731Z [command]/usr/bin/git submodule foreach --recursive sh -c "git config --local --name-only --get-regexp 'http\.https\:\/\/github\.com\/\.extraheader' && git config --local --unset-all 'http.https://github.com/.extraheader' || :"
phase2-backup-restore	Run actions/checkout@34e114876b0b11c390a56381ad16ebd13914f8d5	2026-09-14T16:28:35.7713290Z [command]/usr/bin/git config --local --name-only --get-regexp ^includeIf\.gitdir:
phase2-backup-restore	Run actions/checkout@34e114876b0b11c390a56381ad16ebd13914f8d5	2026-09-14T16:28:35.7748149Z [command]/usr/bin/git submodule foreach --recursive git config --local --show-origin --name-only --get-regexp remote.origin.url
phase2-backup-restore	Run actions/checkout@34e114876b0b11c390a56381ad16ebd13914f8d5	2026-09-14T16:28:35.7987321Z [command]/usr/bin/git config --local http.https://github.com/.extraheader AUTHORIZATION: basic ***
phase2-backup-restore	Run actions/checkout@34e114876b0b11c390a56381ad16ebd13914f8d5	2026-09-14T16:28:35.8028424Z ##[endgroup]
phase2-backup-restore	Run actions/checkout@34e114876b0b11c390a56381ad16ebd13914f8d5	2026-09-14T16:28:35.8029516Z ##[group]Fetching the repository
phase2-backup-restore	Run actions/checkout@34e114876b0b11c390a56381ad16ebd13914f8d5	2026-09-14T16:28:35.8038656Z [command]/usr/bin/git -c protocol.version=2 fetch --no-tags --prune --no-recurse-submodules --depth=1 origin +4f5954104c839dbec57188607829fdc7b975e0cc:refs/remotes/origin/main
phase2-backup-restore	Run actions/checkout@34e114876b0b11c390a56381ad16ebd13914f8d5	2026-09-14T16:28:36.5474009Z From https://github.com/szTheory/keepling
phase2-backup-restore	Run actions/checkout@34e114876b0b11c390a56381ad16ebd13914f8d5	2026-09-14T16:28:36.5476371Z  * [new ref]         4f5954104c839dbec57188607829fdc7b975e0cc -> origin/main
phase2-backup-restore	Run actions/checkout@34e114876b0b11c390a56381ad16ebd13914f8d5	2026-09-14T16:28:36.5481855Z ##[endgroup]
phase2-backup-restore	Run actions/checkout@34e114876b0b11c390a56381ad16ebd13914f8d5	2026-09-14T16:28:36.5484062Z ##[group]Determining the checkout info
phase2-backup-restore	Run actions/checkout@34e114876b0b11c390a56381ad16ebd13914f8d5	2026-09-14T16:28:36.5486411Z ##[endgroup]
phase2-backup-restore	Run actions/checkout@34e114876b0b11c390a56381ad16ebd13914f8d5	2026-09-14T16:28:36.5489418Z [command]/usr/bin/git sparse-checkout disable
phase2-backup-restore	Run actions/checkout@34e114876b0b11c390a56381ad16ebd13914f8d5	2026-09-14T16:28:36.5543547Z [command]/usr/bin/git config --local --unset-all extensions.worktreeConfig
phase2-backup-restore	Run actions/checkout@34e114876b0b11c390a56381ad16ebd13914f8d5	2026-09-14T16:28:36.5576075Z ##[group]Checking out the ref
phase2-backup-restore	Run actions/checkout@34e114876b0b11c390a56381ad16ebd13914f8d5	2026-09-14T16:28:36.5581135Z [command]/usr/bin/git checkout --progress --force -B main refs/remotes/origin/main
phase2-backup-restore	Run actions/checkout@34e114876b0b11c390a56381ad16ebd13914f8d5	2026-09-14T16:28:36.7057665Z Switched to a new branch 'main'
phase2-backup-restore	Run actions/checkout@34e114876b0b11c390a56381ad16ebd13914f8d5	2026-09-14T16:28:36.7063501Z branch 'main' set up to track 'origin/main'.
phase2-backup-restore	Run actions/checkout@34e114876b0b11c390a56381ad16ebd13914f8d5	2026-09-14T16:28:36.7078951Z ##[endgroup]
phase2-backup-restore	Run actions/checkout@34e114876b0b11c390a56381ad16ebd13914f8d5	2026-09-14T16:28:36.7136890Z [command]/usr/bin/git log -1 --format=%H
phase2-backup-restore	Run actions/checkout@34e114876b0b11c390a56381ad16ebd13914f8d5	2026-09-14T16:28:36.7153756Z 4f5954104c839dbec57188607829fdc7b975e0cc
phase2-backup-restore	Run actions/setup-node@49933ea5288caeca8642d1e84afbd3f7d6820020	﻿2026-09-14T16:28:36.7647210Z Node 20 is being deprecated. This workflow is running with Node 24 by default. If you need to temporarily use Node 20, you can set the ACTIONS_ALLOW_USE_UNSECURE_NODE_VERSION=true environment variable. For more information see: https://github.blog/changelog/2025-09-19-deprecation-of-node-20-on-github-actions-runners/
phase2-backup-restore	Run actions/setup-node@49933ea5288caeca8642d1e84afbd3f7d6820020	2026-09-14T16:28:36.7654609Z ##[group]Run actions/setup-node@49933ea5288caeca8642d1e84afbd3f7d6820020
phase2-backup-restore	Run actions/setup-node@49933ea5288caeca8642d1e84afbd3f7d6820020	2026-09-14T16:28:36.7656328Z with:
phase2-backup-restore	Run actions/setup-node@49933ea5288caeca8642d1e84afbd3f7d6820020	2026-09-14T16:28:36.7657207Z   node-version: 24.7.0
phase2-backup-restore	Run actions/setup-node@49933ea5288caeca8642d1e84afbd3f7d6820020	2026-09-14T16:28:36.7658198Z   always-auth: false
phase2-backup-restore	Run actions/setup-node@49933ea5288caeca8642d1e84afbd3f7d6820020	2026-09-14T16:28:36.7659218Z   check-latest: false
phase2-backup-restore	Run actions/setup-node@49933ea5288caeca8642d1e84afbd3f7d6820020	2026-09-14T16:28:36.7670628Z   token: ***
phase2-backup-restore	Run actions/setup-node@49933ea5288caeca8642d1e84afbd3f7d6820020	2026-09-14T16:28:36.7671546Z env:
phase2-backup-restore	Run actions/setup-node@49933ea5288caeca8642d1e84afbd3f7d6820020	2026-09-14T16:28:36.7672403Z   KEEPLING_PHASE2_SEED: 20260901
phase2-backup-restore	Run actions/setup-node@49933ea5288caeca8642d1e84afbd3f7d6820020	2026-09-14T16:28:36.7674038Z   KEEPLING_FLAKE_POLICY: no-retry; quarantine-requires-owner-issue-expiry
phase2-backup-restore	Run actions/setup-node@49933ea5288caeca8642d1e84afbd3f7d6820020	2026-09-14T16:28:36.7675736Z ##[endgroup]
phase2-backup-restore	Run actions/setup-node@49933ea5288caeca8642d1e84afbd3f7d6820020	2026-09-14T16:28:36.9283579Z Attempting to download 24.7.0...
phase2-backup-restore	Run actions/setup-node@49933ea5288caeca8642d1e84afbd3f7d6820020	2026-09-14T16:28:36.9402004Z (node:2264) [DEP0040] DeprecationWarning: The `punycode` module is deprecated. Please use a userland alternative instead.
phase2-backup-restore	Run actions/setup-node@49933ea5288caeca8642d1e84afbd3f7d6820020	2026-09-14T16:28:36.9407434Z (Use `node --trace-deprecation ...` to show where the warning was created)
phase2-backup-restore	Run actions/setup-node@49933ea5288caeca8642d1e84afbd3f7d6820020	2026-09-14T16:28:37.7240854Z Acquiring 24.7.0 - x64 from https://github.com/actions/node-versions/releases/download/24.7.0-17283839804/node-24.7.0-linux-x64.tar.gz
phase2-backup-restore	Run actions/setup-node@49933ea5288caeca8642d1e84afbd3f7d6820020	2026-09-14T16:28:38.2918453Z Extracting ...
phase2-backup-restore	Run actions/setup-node@49933ea5288caeca8642d1e84afbd3f7d6820020	2026-09-14T16:28:38.3054866Z [command]/usr/bin/tar xz --strip 1 --warning=no-unknown-keyword --overwrite -C /home/runner/work/_temp/1902bba2-95ff-44ee-8d1f-fb12f6d46a3f -f /home/runner/work/_temp/570d3957-fce3-4a04-a125-a212fd94389d
phase2-backup-restore	Run actions/setup-node@49933ea5288caeca8642d1e84afbd3f7d6820020	2026-09-14T16:28:39.6112676Z Adding to the cache ...
phase2-backup-restore	Run actions/setup-node@49933ea5288caeca8642d1e84afbd3f7d6820020	2026-09-14T16:28:41.8267216Z ##[group]Environment details
phase2-backup-restore	Run actions/setup-node@49933ea5288caeca8642d1e84afbd3f7d6820020	2026-09-14T16:28:42.2630448Z node: v24.7.0
phase2-backup-restore	Run actions/setup-node@49933ea5288caeca8642d1e84afbd3f7d6820020	2026-09-14T16:28:42.2631019Z npm: 11.5.1
phase2-backup-restore	Run actions/setup-node@49933ea5288caeca8642d1e84afbd3f7d6820020	2026-09-14T16:28:42.2634321Z yarn: 1.22.22
phase2-backup-restore	Run actions/setup-node@49933ea5288caeca8642d1e84afbd3f7d6820020	2026-09-14T16:28:42.2635245Z ##[endgroup]
phase2-backup-restore	Run actions/cache@0400d5f644dc74513175e3cd8d07132dd4860809	﻿2026-09-14T16:28:42.3484413Z Node 20 is being deprecated. This workflow is running with Node 24 by default. If you need to temporarily use Node 20, you can set the ACTIONS_ALLOW_USE_UNSECURE_NODE_VERSION=true environment variable. For more information see: https://github.blog/changelog/2025-09-19-deprecation-of-node-20-on-github-actions-runners/
phase2-backup-restore	Run actions/cache@0400d5f644dc74513175e3cd8d07132dd4860809	2026-09-14T16:28:42.3485891Z ##[group]Run actions/cache@0400d5f644dc74513175e3cd8d07132dd4860809
phase2-backup-restore	Run actions/cache@0400d5f644dc74513175e3cd8d07132dd4860809	2026-09-14T16:28:42.3486261Z with:
phase2-backup-restore	Run actions/cache@0400d5f644dc74513175e3cd8d07132dd4860809	2026-09-14T16:28:42.3486580Z   path: ~/.asdf/installs
phase2-backup-restore	Run actions/cache@0400d5f644dc74513175e3cd8d07132dd4860809	apps/server/deps
phase2-backup-restore	Run actions/cache@0400d5f644dc74513175e3cd8d07132dd4860809	apps/server/_build
phase2-backup-restore	Run actions/cache@0400d5f644dc74513175e3cd8d07132dd4860809	node_modules
phase2-backup-restore	Run actions/cache@0400d5f644dc74513175e3cd8d07132dd4860809	
phase2-backup-restore	Run actions/cache@0400d5f644dc74513175e3cd8d07132dd4860809	2026-09-14T16:28:42.3487244Z   key: phase2-Linux-backup-restore-45b3b35ef45f5d65ae586b2b25dfb93049c099ec9870f23270bda4b35fe975d3
phase2-backup-restore	Run actions/cache@0400d5f644dc74513175e3cd8d07132dd4860809	2026-09-14T16:28:42.3487813Z   enableCrossOsArchive: false
phase2-backup-restore	Run actions/cache@0400d5f644dc74513175e3cd8d07132dd4860809	2026-09-14T16:28:42.3488118Z   fail-on-cache-miss: false
phase2-backup-restore	Run actions/cache@0400d5f644dc74513175e3cd8d07132dd4860809	2026-09-14T16:28:42.3488359Z   lookup-only: false
phase2-backup-restore	Run actions/cache@0400d5f644dc74513175e3cd8d07132dd4860809	2026-09-14T16:28:42.3488580Z   save-always: false
phase2-backup-restore	Run actions/cache@0400d5f644dc74513175e3cd8d07132dd4860809	2026-09-14T16:28:42.3488790Z env:
phase2-backup-restore	Run actions/cache@0400d5f644dc74513175e3cd8d07132dd4860809	2026-09-14T16:28:42.3489003Z   KEEPLING_PHASE2_SEED: 20260901
phase2-backup-restore	Run actions/cache@0400d5f644dc74513175e3cd8d07132dd4860809	2026-09-14T16:28:42.3489439Z   KEEPLING_FLAKE_POLICY: no-retry; quarantine-requires-owner-issue-expiry
phase2-backup-restore	Run actions/cache@0400d5f644dc74513175e3cd8d07132dd4860809	2026-09-14T16:28:42.3489833Z ##[endgroup]
phase2-backup-restore	Run actions/cache@0400d5f644dc74513175e3cd8d07132dd4860809	2026-09-14T16:28:42.4613339Z (node:2310) [DEP0040] DeprecationWarning: The `punycode` module is deprecated. Please use a userland alternative instead.
phase2-backup-restore	Run actions/cache@0400d5f644dc74513175e3cd8d07132dd4860809	2026-09-14T16:28:42.4615020Z (Use `node --trace-deprecation ...` to show where the warning was created)
phase2-backup-restore	Run actions/cache@0400d5f644dc74513175e3cd8d07132dd4860809	2026-09-14T16:28:42.7320032Z Cache hit for: phase2-Linux-backup-restore-45b3b35ef45f5d65ae586b2b25dfb93049c099ec9870f23270bda4b35fe975d3
phase2-backup-restore	Run actions/cache@0400d5f644dc74513175e3cd8d07132dd4860809	2026-09-14T16:28:42.7439386Z (node:2310) [DEP0169] DeprecationWarning: `url.parse()` behavior is not standardized and prone to errors that have security implications. Use the WHATWG URL API instead. CVEs are not issued for `url.parse()` vulnerabilities.
phase2-backup-restore	Run actions/cache@0400d5f644dc74513175e3cd8d07132dd4860809	2026-09-14T16:28:44.0016662Z Received 0 of 172281393 (0.0%), 0.0 MBs/sec
phase2-backup-restore	Run actions/cache@0400d5f644dc74513175e3cd8d07132dd4860809	2026-09-14T16:28:45.0056482Z Received 104857600 of 172281393 (60.9%), 49.9 MBs/sec
phase2-backup-restore	Run actions/cache@0400d5f644dc74513175e3cd8d07132dd4860809	2026-09-14T16:28:45.8672332Z Received 172281393 of 172281393 (100.0%), 57.3 MBs/sec
phase2-backup-restore	Run actions/cache@0400d5f644dc74513175e3cd8d07132dd4860809	2026-09-14T16:28:45.8674300Z Cache Size: ~164 MB (172281393 B)
phase2-backup-restore	Run actions/cache@0400d5f644dc74513175e3cd8d07132dd4860809	2026-09-14T16:28:45.8808816Z [command]/usr/bin/tar -xf /home/runner/work/_temp/ef02d963-e830-4f01-8573-59b51d6f0768/cache.tzst -P -C /home/runner/work/keepling/keepling --use-compress-program unzstd
phase2-backup-restore	Run actions/cache@0400d5f644dc74513175e3cd8d07132dd4860809	2026-09-14T16:28:48.0201733Z Cache restored successfully
phase2-backup-restore	Run actions/cache@0400d5f644dc74513175e3cd8d07132dd4860809	2026-09-14T16:28:48.0367530Z Cache restored from key: phase2-Linux-backup-restore-45b3b35ef45f5d65ae586b2b25dfb93049c099ec9870f23270bda4b35fe975d3
phase2-backup-restore	Install asdf	﻿2026-09-14T16:28:48.0494773Z ##[group]Run set -eu
phase2-backup-restore	Install asdf	2026-09-14T16:28:48.0495167Z ^[[36;1mset -eu^[[0m
phase2-backup-restore	Install asdf	2026-09-14T16:28:48.0495534Z ^[[36;1m# The cache step above restores ~/.asdf/installs, which CREATES^[[0m
phase2-backup-restore	Install asdf	2026-09-14T16:28:48.0496092Z ^[[36;1m# $HOME/.asdf before this step runs. An unconditional clone then dies^[[0m
phase2-backup-restore	Install asdf	2026-09-14T16:28:48.0496589Z ^[[36;1m# with "destination path already exists and is not an empty^[[0m
phase2-backup-restore	Install asdf	2026-09-14T16:28:48.0497081Z ^[[36;1m# directory" (exit 128) and the lane never reaches any project code.^[[0m
phase2-backup-restore	Install asdf	2026-09-14T16:28:48.0497589Z ^[[36;1m# Clone into a scratch directory and move only the parts that are^[[0m
phase2-backup-restore	Install asdf	2026-09-14T16:28:48.0498112Z ^[[36;1m# missing, so a restored cache and a cold runner both end up with the^[[0m
phase2-backup-restore	Install asdf	2026-09-14T16:28:48.0498509Z ^[[36;1m# same tree.^[[0m
phase2-backup-restore	Install asdf	2026-09-14T16:28:48.0498779Z ^[[36;1mif [ ! -d "$HOME/.asdf/.git" ]; then^[[0m
phase2-backup-restore	Install asdf	2026-09-14T16:28:48.0499094Z ^[[36;1m  scratch="$(mktemp -d)"^[[0m
phase2-backup-restore	Install asdf	2026-09-14T16:28:48.0499553Z ^[[36;1m  git clone https://github.com/asdf-vm/asdf.git "$scratch/asdf" --branch v0.14.1^[[0m
phase2-backup-restore	Install asdf	2026-09-14T16:28:48.0500051Z ^[[36;1m  mkdir -p "$HOME/.asdf"^[[0m
phase2-backup-restore	Install asdf	2026-09-14T16:28:48.0500748Z ^[[36;1m  # `cp -R src/. dst` merges into an existing directory instead of^[[0m
phase2-backup-restore	Install asdf	2026-09-14T16:28:48.0501226Z ^[[36;1m  # nesting, which is what the restored-cache case needs.^[[0m
phase2-backup-restore	Install asdf	2026-09-14T16:28:48.0501629Z ^[[36;1m  cp -R "$scratch/asdf/." "$HOME/.asdf/"^[[0m
phase2-backup-restore	Install asdf	2026-09-14T16:28:48.0501973Z ^[[36;1m  rm -rf "$scratch"^[[0m
phase2-backup-restore	Install asdf	2026-09-14T16:28:48.0502241Z ^[[36;1mfi^[[0m
phase2-backup-restore	Install asdf	2026-09-14T16:28:48.0502506Z ^[[36;1mecho "$HOME/.asdf/bin" >> "$GITHUB_PATH"^[[0m
phase2-backup-restore	Install asdf	2026-09-14T16:28:48.0502886Z ^[[36;1mecho "$HOME/.asdf/shims" >> "$GITHUB_PATH"^[[0m
phase2-backup-restore	Install asdf	2026-09-14T16:28:48.0543365Z shell: /usr/bin/bash -e {0}
phase2-backup-restore	Install asdf	2026-09-14T16:28:48.0543666Z env:
phase2-backup-restore	Install asdf	2026-09-14T16:28:48.0543901Z   KEEPLING_PHASE2_SEED: 20260901
phase2-backup-restore	Install asdf	2026-09-14T16:28:48.0544342Z   KEEPLING_FLAKE_POLICY: no-retry; quarantine-requires-owner-issue-expiry
phase2-backup-restore	Install asdf	2026-09-14T16:28:48.0544765Z ##[endgroup]
phase2-backup-restore	Install asdf	2026-09-14T16:28:48.0657633Z Cloning into '/tmp/tmp.2dPTeNXvyu/asdf'...
phase2-backup-restore	Install asdf	2026-09-14T16:28:49.2101275Z Note: switching to 'f00f759f3d8d405468d0071310a91b8f5a9c3798'.
phase2-backup-restore	Install asdf	2026-09-14T16:28:49.2101944Z 
phase2-backup-restore	Install asdf	2026-09-14T16:28:49.2102531Z You are in 'detached HEAD' state. You can look around, make experimental
phase2-backup-restore	Install asdf	2026-09-14T16:28:49.2103659Z changes and commit them, and you can discard any commits you make in this
phase2-backup-restore	Install asdf	2026-09-14T16:28:49.2104661Z state without impacting any branches by switching back to a branch.
phase2-backup-restore	Install asdf	2026-09-14T16:28:49.2105035Z 
phase2-backup-restore	Install asdf	2026-09-14T16:28:49.2105382Z If you want to create a new branch to retain commits you create, you may
phase2-backup-restore	Install asdf	2026-09-14T16:28:49.2106047Z do so (now or later) by using -c with the switch command. Example:
phase2-backup-restore	Install asdf	2026-09-14T16:28:49.2106382Z 
phase2-backup-restore	Install asdf	2026-09-14T16:28:49.2106554Z   git switch -c <new-branch-name>
phase2-backup-restore	Install asdf	2026-09-14T16:28:49.2106776Z 
phase2-backup-restore	Install asdf	2026-09-14T16:28:49.2106936Z Or undo this operation with:
phase2-backup-restore	Install asdf	2026-09-14T16:28:49.2107148Z 
phase2-backup-restore	Install asdf	2026-09-14T16:28:49.2107267Z   git switch -
phase2-backup-restore	Install asdf	2026-09-14T16:28:49.2107427Z 
phase2-backup-restore	Install asdf	2026-09-14T16:28:49.2107804Z Turn off this advice by setting config variable advice.detachedHead to false
phase2-backup-restore	Install asdf	2026-09-14T16:28:49.2108217Z 
phase2-backup-restore	Provision exact repository runtimes	﻿2026-09-14T16:28:49.2535758Z ##[group]Run ./tooling/runtime-preflight.sh --provision
phase2-backup-restore	Provision exact repository runtimes	2026-09-14T16:28:49.2536231Z ^[[36;1m./tooling/runtime-preflight.sh --provision^[[0m
phase2-backup-restore	Provision exact repository runtimes	2026-09-14T16:28:49.2536758Z ^[[36;1mcorepack enable^[[0m
phase2-backup-restore	Provision exact repository runtimes	2026-09-14T16:28:49.2537015Z ^[[36;1mpnpm install --frozen-lockfile^[[0m
phase2-backup-restore	Provision exact repository runtimes	2026-09-14T16:28:49.2537509Z ^[[36;1m./tooling/runtime-preflight.sh --exec -- sh -c 'cd apps/server && mix deps.get --check-locked'^[[0m
phase2-backup-restore	Provision exact repository runtimes	2026-09-14T16:28:49.2574288Z shell: /usr/bin/bash -e {0}
phase2-backup-restore	Provision exact repository runtimes	2026-09-14T16:28:49.2574557Z env:
phase2-backup-restore	Provision exact repository runtimes	2026-09-14T16:28:49.2574770Z   KEEPLING_PHASE2_SEED: 20260901
phase2-backup-restore	Provision exact repository runtimes	2026-09-14T16:28:49.2575171Z   KEEPLING_FLAKE_POLICY: no-retry; quarantine-requires-owner-issue-expiry
phase2-backup-restore	Provision exact repository runtimes	2026-09-14T16:28:49.2575597Z ##[endgroup]
phase2-backup-restore	Provision exact repository runtimes	2026-09-14T16:28:49.3574338Z Cloning into '/home/runner/.asdf/repository'...
phase2-backup-restore	Provision exact repository runtimes	2026-09-14T16:28:52.7201963Z initializing plugin repository...erlang 29.0.5 is already installed
phase2-backup-restore	Provision exact repository runtimes	2026-09-14T16:28:52.7587516Z elixir 1.20.2-otp-29 is already installed
phase2-backup-restore	Provision exact repository runtimes	2026-09-14T16:28:53.5211520Z Get:1 file:/etc/apt/apt-mirrors.txt Mirrorlist [144 B]
phase2-backup-restore	Provision exact repository runtimes	2026-09-14T16:28:53.5686402Z Hit:2 http://azure.archive.ubuntu.com/ubuntu noble InRelease
phase2-backup-restore	Provision exact repository runtimes	2026-09-14T16:28:53.5701878Z Get:6 https://packages.microsoft.com/ubuntu/24.04/prod noble InRelease [3600 B]
phase2-backup-restore	Provision exact repository runtimes	2026-09-14T16:28:53.5752089Z Get:3 http://azure.archive.ubuntu.com/ubuntu noble-updates InRelease [126 kB]
phase2-backup-restore	Provision exact repository runtimes	2026-09-14T16:28:53.5781370Z Get:4 http://azure.archive.ubuntu.com/ubuntu noble-backports InRelease [126 kB]
phase2-backup-restore	Provision exact repository runtimes	2026-09-14T16:28:53.5813387Z Get:5 http://azure.archive.ubuntu.com/ubuntu noble-security InRelease [126 kB]
phase2-backup-restore	Provision exact repository runtimes	2026-09-14T16:28:53.6196306Z Get:7 https://apt.postgresql.org/pub/repos/apt noble-pgdg InRelease [189 kB]
phase2-backup-restore	Provision exact repository runtimes	2026-09-14T16:28:53.6761662Z Get:8 https://dl.google.com/linux/chrome-stable/deb stable InRelease [2548 B]
phase2-backup-restore	Provision exact repository runtimes	2026-09-14T16:28:53.7441947Z Get:9 https://packages.microsoft.com/ubuntu/24.04/prod noble/main arm64 Packages [415 kB]
phase2-backup-restore	Provision exact repository runtimes	2026-09-14T16:28:53.7571861Z Get:10 https://packages.microsoft.com/ubuntu/24.04/prod noble/main amd64 Packages [464 kB]
phase2-backup-restore	Provision exact repository runtimes	2026-09-14T16:28:53.8013438Z Get:11 http://azure.archive.ubuntu.com/ubuntu noble-updates/main amd64 Packages [1263 kB]
phase2-backup-restore	Provision exact repository runtimes	2026-09-14T16:28:53.8092031Z Get:12 http://azure.archive.ubuntu.com/ubuntu noble-updates/main Translation-en [292 kB]
phase2-backup-restore	Provision exact repository runtimes	2026-09-14T16:28:53.8111544Z Get:13 http://azure.archive.ubuntu.com/ubuntu noble-updates/main amd64 Components [181 kB]
phase2-backup-restore	Provision exact repository runtimes	2026-09-14T16:28:53.8113151Z Get:14 http://azure.archive.ubuntu.com/ubuntu noble-updates/universe amd64 Packages [1691 kB]
phase2-backup-restore	Provision exact repository runtimes	2026-09-14T16:28:53.8201314Z Get:15 http://azure.archive.ubuntu.com/ubuntu noble-updates/universe Translation-en [339 kB]
phase2-backup-restore	Provision exact repository runtimes	2026-09-14T16:28:53.8232046Z Get:16 http://azure.archive.ubuntu.com/ubuntu noble-updates/universe amd64 Components [388 kB]
phase2-backup-restore	Provision exact repository runtimes	2026-09-14T16:28:53.8251887Z Get:17 http://azure.archive.ubuntu.com/ubuntu noble-updates/restricted amd64 Packages [1544 kB]
phase2-backup-restore	Provision exact repository runtimes	2026-09-14T16:28:53.8325725Z Get:18 http://azure.archive.ubuntu.com/ubuntu noble-updates/restricted Translation-en [354 kB]
phase2-backup-restore	Provision exact repository runtimes	2026-09-14T16:28:53.8347193Z Get:19 http://azure.archive.ubuntu.com/ubuntu noble-updates/multiverse amd64 Components [940 B]
phase2-backup-restore	Provision exact repository runtimes	2026-09-14T16:28:53.8625196Z Get:20 http://azure.archive.ubuntu.com/ubuntu noble-backports/main amd64 Components [5772 B]
phase2-backup-restore	Provision exact repository runtimes	2026-09-14T16:28:53.9155567Z Get:21 http://azure.archive.ubuntu.com/ubuntu noble-backports/universe amd64 Components [12.6 kB]
phase2-backup-restore	Provision exact repository runtimes	2026-09-14T16:28:53.9169393Z Get:22 http://azure.archive.ubuntu.com/ubuntu noble-security/main amd64 Packages [1007 kB]
phase2-backup-restore	Provision exact repository runtimes	2026-09-14T16:28:53.9237039Z Get:23 http://azure.archive.ubuntu.com/ubuntu noble-security/main Translation-en [213 kB]
phase2-backup-restore	Provision exact repository runtimes	2026-09-14T16:28:53.9245746Z Get:24 http://azure.archive.ubuntu.com/ubuntu noble-security/main amd64 Components [46.4 kB]
phase2-backup-restore	Provision exact repository runtimes	2026-09-14T16:28:53.9250933Z Get:25 http://azure.archive.ubuntu.com/ubuntu noble-security/universe amd64 Packages [1207 kB]
phase2-backup-restore	Provision exact repository runtimes	2026-09-14T16:28:53.9334027Z Get:26 http://azure.archive.ubuntu.com/ubuntu noble-security/universe Translation-en [242 kB]
phase2-backup-restore	Provision exact repository runtimes	2026-09-14T16:28:53.9336702Z Get:27 http://azure.archive.ubuntu.com/ubuntu noble-security/universe amd64 Components [76.3 kB]
phase2-backup-restore	Provision exact repository runtimes	2026-09-14T16:28:53.9349548Z Get:28 http://azure.archive.ubuntu.com/ubuntu noble-security/restricted amd64 Packages [1445 kB]
phase2-backup-restore	Provision exact repository runtimes	2026-09-14T16:28:53.9432101Z Get:29 http://azure.archive.ubuntu.com/ubuntu noble-security/restricted Translation-en [336 kB]
phase2-backup-restore	Provision exact repository runtimes	2026-09-14T16:28:53.9938559Z Get:30 https://apt.postgresql.org/pub/repos/apt noble-pgdg/main amd64 Packages [835 kB]
phase2-backup-restore	Provision exact repository runtimes	2026-09-14T16:28:54.1061310Z Get:31 https://dl.google.com/linux/chrome-stable/deb stable/main amd64 Packages [1410 B]
phase2-backup-restore	Provision exact repository runtimes	2026-09-14T16:28:59.1095310Z Fetched 12.9 MB in 2s (8534 kB/s)
phase2-backup-restore	Provision exact repository runtimes	2026-09-14T16:28:59.9991732Z Reading package lists...
phase2-backup-restore	Provision exact repository runtimes	2026-09-14T16:29:00.0329411Z Reading package lists...
phase2-backup-restore	Provision exact repository runtimes	2026-09-14T16:29:00.2641383Z Building dependency tree...
phase2-backup-restore	Provision exact repository runtimes	2026-09-14T16:29:00.2650039Z Reading state information...
phase2-backup-restore	Provision exact repository runtimes	2026-09-14T16:29:00.4293098Z The following additional packages will be installed:
phase2-backup-restore	Provision exact repository runtimes	2026-09-14T16:29:00.4294925Z   liburing2 postgresql-18-jit postgresql-client-18
phase2-backup-restore	Provision exact repository runtimes	2026-09-14T16:29:00.4301093Z Suggested packages:
phase2-backup-restore	Provision exact repository runtimes	2026-09-14T16:29:00.4301753Z   postgresql-doc-18
phase2-backup-restore	Provision exact repository runtimes	2026-09-14T16:29:00.4584984Z The following NEW packages will be installed:
phase2-backup-restore	Provision exact repository runtimes	2026-09-14T16:29:00.4588763Z   liburing2 postgresql-18 postgresql-18-jit postgresql-client-18
phase2-backup-restore	Provision exact repository runtimes	2026-09-14T16:29:00.4835287Z 0 upgraded, 4 newly installed, 0 to remove and 52 not upgraded.
phase2-backup-restore	Provision exact repository runtimes	2026-09-14T16:29:00.4835879Z Need to get 19.6 MB of archives.
phase2-backup-restore	Provision exact repository runtimes	2026-09-14T16:29:00.4836334Z After this operation, 71.9 MB of additional disk space will be used.
phase2-backup-restore	Provision exact repository runtimes	2026-09-14T16:29:00.4836863Z Get:1 file:/etc/apt/apt-mirrors.txt Mirrorlist [144 B]
phase2-backup-restore	Provision exact repository runtimes	2026-09-14T16:29:00.5463680Z Get:3 https://apt.postgresql.org/pub/repos/apt noble-pgdg/main amd64 postgresql-client-18 amd64 18.6-1.pgdg24.04+2 [2114 kB]
phase2-backup-restore	Provision exact repository runtimes	2026-09-14T16:29:00.5567693Z Get:2 http://azure.archive.ubuntu.com/ubuntu noble/main amd64 liburing2 amd64 2.5-1build1 [21.1 kB]
phase2-backup-restore	Provision exact repository runtimes	2026-09-14T16:29:00.5975433Z Get:4 https://apt.postgresql.org/pub/repos/apt noble-pgdg/main amd64 postgresql-18 amd64 18.6-1.pgdg24.04+2 [7577 kB]
phase2-backup-restore	Provision exact repository runtimes	2026-09-14T16:29:00.6620932Z Get:5 https://apt.postgresql.org/pub/repos/apt noble-pgdg/main amd64 postgresql-18-jit amd64 18.6-1.pgdg24.04+2 [9924 kB]
phase2-backup-restore	Provision exact repository runtimes	2026-09-14T16:29:01.0425693Z Preconfiguring packages ...
phase2-backup-restore	Provision exact repository runtimes	2026-09-14T16:29:01.1007768Z Fetched 19.6 MB in 0s (68.4 MB/s)
phase2-backup-restore	Provision exact repository runtimes	2026-09-14T16:29:01.1233452Z Selecting previously unselected package liburing2:amd64.
phase2-backup-restore	Provision exact repository runtimes	2026-09-14T16:29:01.1541099Z (Reading database ... 
phase2-backup-restore	Provision exact repository runtimes	2026-09-14T16:29:01.1541727Z (Reading database ... 5%
phase2-backup-restore	Provision exact repository runtimes	2026-09-14T16:29:01.1542266Z (Reading database ... 10%
phase2-backup-restore	Provision exact repository runtimes	2026-09-14T16:29:01.1542804Z (Reading database ... 15%
phase2-backup-restore	Provision exact repository runtimes	2026-09-14T16:29:01.1543527Z (Reading database ... 20%
phase2-backup-restore	Provision exact repository runtimes	2026-09-14T16:29:01.1544323Z (Reading database ... 25%
phase2-backup-restore	Provision exact repository runtimes	2026-09-14T16:29:01.1545036Z (Reading database ... 30%
phase2-backup-restore	Provision exact repository runtimes	2026-09-14T16:29:01.1546420Z (Reading database ... 35%
phase2-backup-restore	Provision exact repository runtimes	2026-09-14T16:29:01.1547258Z (Reading database ... 40%
phase2-backup-restore	Provision exact repository runtimes	2026-09-14T16:29:01.1547833Z (Reading database ... 45%
phase2-backup-restore	Provision exact repository runtimes	2026-09-14T16:29:01.1548286Z (Reading database ... 50%
phase2-backup-restore	Provision exact repository runtimes	2026-09-14T16:29:01.1595817Z (Reading database ... 55%
phase2-backup-restore	Provision exact repository runtimes	2026-09-14T16:29:01.2986042Z (Reading database ... 60%
phase2-backup-restore	Provision exact repository runtimes	2026-09-14T16:29:01.4948224Z (Reading database ... 65%
phase2-backup-restore	Provision exact repository runtimes	2026-09-14T16:29:01.6628311Z (Reading database ... 70%
phase2-backup-restore	Provision exact repository runtimes	2026-09-14T16:29:01.8400850Z (Reading database ... 75%
phase2-backup-restore	Provision exact repository runtimes	2026-09-14T16:29:02.0311698Z (Reading database ... 80%
phase2-backup-restore	Provision exact repository runtimes	2026-09-14T16:29:02.2512341Z (Reading database ... 85%
phase2-backup-restore	Provision exact repository runtimes	2026-09-14T16:29:02.4503465Z (Reading database ... 90%
phase2-backup-restore	Provision exact repository runtimes	2026-09-14T16:29:02.6610829Z (Reading database ... 95%
phase2-backup-restore	Provision exact repository runtimes	2026-09-14T16:29:02.6611410Z (Reading database ... 100%
phase2-backup-restore	Provision exact repository runtimes	2026-09-14T16:29:02.6612137Z (Reading database ... 201818 files and directories currently installed.)
phase2-backup-restore	Provision exact repository runtimes	2026-09-14T16:29:02.6657799Z Preparing to unpack .../liburing2_2.5-1build1_amd64.deb ...
phase2-backup-restore	Provision exact repository runtimes	2026-09-14T16:29:02.6754720Z Unpacking liburing2:amd64 (2.5-1build1) ...
phase2-backup-restore	Provision exact repository runtimes	2026-09-14T16:29:02.6978806Z Selecting previously unselected package postgresql-client-18.
phase2-backup-restore	Provision exact repository runtimes	2026-09-14T16:29:02.7107316Z Preparing to unpack .../postgresql-client-18_18.6-1.pgdg24.04+2_amd64.deb ...
phase2-backup-restore	Provision exact repository runtimes	2026-09-14T16:29:02.7116595Z Unpacking postgresql-client-18 (18.6-1.pgdg24.04+2) ...
phase2-backup-restore	Provision exact repository runtimes	2026-09-14T16:29:02.9666092Z Selecting previously unselected package postgresql-18.
phase2-backup-restore	Provision exact repository runtimes	2026-09-14T16:29:02.9854615Z Preparing to unpack .../postgresql-18_18.6-1.pgdg24.04+2_amd64.deb ...
phase2-backup-restore	Provision exact repository runtimes	2026-09-14T16:29:02.9910687Z Unpacking postgresql-18 (18.6-1.pgdg24.04+2) ...
phase2-backup-restore	Provision exact repository runtimes	2026-09-14T16:29:03.4960842Z Selecting previously unselected package postgresql-18-jit.
phase2-backup-restore	Provision exact repository runtimes	2026-09-14T16:29:03.5097063Z Preparing to unpack .../postgresql-18-jit_18.6-1.pgdg24.04+2_amd64.deb ...
phase2-backup-restore	Provision exact repository runtimes	2026-09-14T16:29:03.5128324Z Unpacking postgresql-18-jit (18.6-1.pgdg24.04+2) ...
phase2-backup-restore	Provision exact repository runtimes	2026-09-14T16:29:04.1816404Z Setting up postgresql-client-18 (18.6-1.pgdg24.04+2) ...
phase2-backup-restore	Provision exact repository runtimes	2026-09-14T16:29:04.6017283Z update-alternatives: using /usr/share/postgresql/18/man/man1/psql.1.gz to provide /usr/share/man/man1/psql.1.gz (psql.1.gz) in auto mode
phase2-backup-restore	Provision exact repository runtimes	2026-09-14T16:29:04.6394168Z Setting up liburing2:amd64 (2.5-1build1) ...
phase2-backup-restore	Provision exact repository runtimes	2026-09-14T16:29:04.6416981Z Setting up postgresql-18 (18.6-1.pgdg24.04+2) ...
phase2-backup-restore	Provision exact repository runtimes	2026-09-14T16:29:05.5728905Z Setting up postgresql-18-jit (18.6-1.pgdg24.04+2) ...
phase2-backup-restore	Provision exact repository runtimes	2026-09-14T16:29:05.5757642Z Processing triggers for libc-bin (2.39-0ubuntu8.8) ...
phase2-backup-restore	Provision exact repository runtimes	2026-09-14T16:29:05.6729595Z Processing triggers for postgresql-common (293.pgdg24.04+1) ...
phase2-backup-restore	Provision exact repository runtimes	2026-09-14T16:29:05.7901545Z Building PostgreSQL dictionaries from installed myspell/hunspell packages...
phase2-backup-restore	Provision exact repository runtimes	2026-09-14T16:29:05.7953624Z   en_us
phase2-backup-restore	Provision exact repository runtimes	2026-09-14T16:29:05.8515884Z Removing obsolete dictionary files:
phase2-backup-restore	Provision exact repository runtimes	2026-09-14T16:29:07.1327321Z 
phase2-backup-restore	Provision exact repository runtimes	2026-09-14T16:29:07.1328092Z Running kernel seems to be up-to-date.
phase2-backup-restore	Provision exact repository runtimes	2026-09-14T16:29:07.1328596Z 
phase2-backup-restore	Provision exact repository runtimes	2026-09-14T16:29:07.1328918Z No services need to be restarted.
phase2-backup-restore	Provision exact repository runtimes	2026-09-14T16:29:07.1329289Z 
phase2-backup-restore	Provision exact repository runtimes	2026-09-14T16:29:07.1329510Z No containers need to be restarted.
phase2-backup-restore	Provision exact repository runtimes	2026-09-14T16:29:07.1329769Z 
phase2-backup-restore	Provision exact repository runtimes	2026-09-14T16:29:07.1330035Z No user sessions are running outdated binaries.
phase2-backup-restore	Provision exact repository runtimes	2026-09-14T16:29:07.1330853Z 
phase2-backup-restore	Provision exact repository runtimes	2026-09-14T16:29:07.1331294Z No VM guests are running outdated hypervisor (qemu) binaries on this host.
phase2-backup-restore	Provision exact repository runtimes	2026-09-14T16:29:08.7609867Z Runtime preflight passed: Elixir 1.20.2, OTP 29.0.5, PostgreSQL 18.6
phase2-backup-restore	Provision exact repository runtimes	2026-09-14T16:29:08.9201750Z ! Corepack is about to download https://registry.npmjs.org/pnpm/-/pnpm-10.33.0.tgz
phase2-backup-restore	Provision exact repository runtimes	2026-09-14T16:29:09.9266660Z Scope: all 4 workspace projects
phase2-backup-restore	Provision exact repository runtimes	2026-09-14T16:29:10.0185951Z Lockfile is up to date, resolution step is skipped
phase2-backup-restore	Provision exact repository runtimes	2026-09-14T16:29:11.1705222Z Packages: +2 -47
phase2-backup-restore	Provision exact repository runtimes	2026-09-14T16:29:11.1706014Z ++-----------------------------------------------
phase2-backup-restore	Provision exact repository runtimes	2026-09-14T16:29:11.3845125Z Progress: resolved 0, reused 0, downloaded 1, added 0
phase2-backup-restore	Provision exact repository runtimes	2026-09-14T16:29:12.3842692Z Progress: resolved 0, reused 0, downloaded 26, added 0
phase2-backup-restore	Provision exact repository runtimes	2026-09-14T16:29:12.8781804Z Progress: resolved 0, reused 0, downloaded 48, added 2, done
phase2-backup-restore	Provision exact repository runtimes	2026-09-14T16:29:13.0484124Z 
phase2-backup-restore	Provision exact repository runtimes	2026-09-14T16:29:13.1514676Z Done in 3.5s using pnpm v10.33.0
phase2-backup-restore	Provision exact repository runtimes	2026-09-14T16:29:13.6793180Z Runtime preflight passed: Elixir 1.20.2, OTP 29.0.5, PostgreSQL 18.6
phase2-backup-restore	Provision exact repository runtimes	2026-09-14T16:29:14.4057084Z * creating /home/runner/.mix/archives/hex-2.5.1
phase2-backup-restore	Provision exact repository runtimes	2026-09-14T16:29:15.0025982Z Resolving Hex dependencies...
phase2-backup-restore	Provision exact repository runtimes	2026-09-14T16:29:15.1354118Z Resolution completed in 0.128s
phase2-backup-restore	Provision exact repository runtimes	2026-09-14T16:29:15.1595019Z Unchanged:
phase2-backup-restore	Provision exact repository runtimes	2026-09-14T16:29:15.1595697Z   argon2_elixir 4.1.3
phase2-backup-restore	Provision exact repository runtimes	2026-09-14T16:29:15.1606283Z   bandit 1.12.5
phase2-backup-restore	Provision exact repository runtimes	2026-09-14T16:29:15.1607263Z   certifi 2.17.0
phase2-backup-restore	Provision exact repository runtimes	2026-09-14T16:29:15.1608229Z   comeonin 5.5.1
phase2-backup-restore	Provision exact repository runtimes	2026-09-14T16:29:15.1609252Z   db_connection 2.10.2
phase2-backup-restore	Provision exact repository runtimes	2026-09-14T16:29:15.1609837Z   decimal 3.1.1
phase2-backup-restore	Provision exact repository runtimes	2026-09-14T16:29:15.1610669Z   dns_cluster 0.2.0
phase2-backup-restore	Provision exact repository runtimes	2026-09-14T16:29:15.1611328Z   ecto 3.14.2
phase2-backup-restore	Provision exact repository runtimes	2026-09-14T16:29:15.1611979Z   ecto_sql 3.14.0
phase2-backup-restore	Provision exact repository runtimes	2026-09-14T16:29:15.1612434Z   elixir_make 0.10.0
phase2-backup-restore	Provision exact repository runtimes	2026-09-14T16:29:15.1612914Z   expo 1.1.1
phase2-backup-restore	Provision exact repository runtimes	2026-09-14T16:29:15.1613418Z   gettext 1.0.2
phase2-backup-restore	Provision exact repository runtimes	2026-09-14T16:29:15.1613922Z   h2 0.12.0
phase2-backup-restore	Provision exact repository runtimes	2026-09-14T16:29:15.1614452Z   hackney 4.7.4
phase2-backup-restore	Provision exact repository runtimes	2026-09-14T16:29:15.1615041Z   hammer 7.4.1
phase2-backup-restore	Provision exact repository runtimes	2026-09-14T16:29:15.1615762Z   hex_core 0.15.0
phase2-backup-restore	Provision exact repository runtimes	2026-09-14T16:29:15.1616250Z   hpax 1.0.4
phase2-backup-restore	Provision exact repository runtimes	2026-09-14T16:29:15.1616700Z   idna 7.1.0
phase2-backup-restore	Provision exact repository runtimes	2026-09-14T16:29:15.1617270Z   jason 1.4.5
phase2-backup-restore	Provision exact repository runtimes	2026-09-14T16:29:15.1617674Z   mime 2.0.7
phase2-backup-restore	Provision exact repository runtimes	2026-09-14T16:29:15.1618192Z   mimerl 1.5.0
phase2-backup-restore	Provision exact repository runtimes	2026-09-14T16:29:15.1618779Z   optimus 0.6.1
phase2-backup-restore	Provision exact repository runtimes	2026-09-14T16:29:15.1619251Z   parse_trans 3.4.2
phase2-backup-restore	Provision exact repository runtimes	2026-09-14T16:29:15.1620061Z   phoenix 1.8.13
phase2-backup-restore	Provision exact repository runtimes	2026-09-14T16:29:15.1621346Z   phoenix_ecto 4.7.0
phase2-backup-restore	Provision exact repository runtimes	2026-09-14T16:29:15.1622412Z   phoenix_pubsub 2.3.0
phase2-backup-restore	Provision exact repository runtimes	2026-09-14T16:29:15.1624466Z   phoenix_template 1.0.4
phase2-backup-restore	Provision exact repository runtimes	2026-09-14T16:29:15.1625152Z   plug 1.20.3
phase2-backup-restore	Provision exact repository runtimes	2026-09-14T16:29:15.1625615Z   plug_crypto 2.2.0
phase2-backup-restore	Provision exact repository runtimes	2026-09-14T16:29:15.1626049Z   postgrex 0.22.4
phase2-backup-restore	Provision exact repository runtimes	2026-09-14T16:29:15.1626464Z   protobuf 0.16.1
phase2-backup-restore	Provision exact repository runtimes	2026-09-14T16:29:15.1626865Z   purl 0.3.0
phase2-backup-restore	Provision exact repository runtimes	2026-09-14T16:29:15.1627259Z   quic 1.8.2
phase2-backup-restore	Provision exact repository runtimes	2026-09-14T16:29:15.1627661Z   sbom 0.10.0
phase2-backup-restore	Provision exact repository runtimes	2026-09-14T16:29:15.1628066Z   ssl_verify_fun 1.1.7
phase2-backup-restore	Provision exact repository runtimes	2026-09-14T16:29:15.1628521Z   stream_data 1.4.0
phase2-backup-restore	Provision exact repository runtimes	2026-09-14T16:29:15.1628944Z   telemetry 1.4.2
phase2-backup-restore	Provision exact repository runtimes	2026-09-14T16:29:15.1629376Z   telemetry_metrics 1.2.0
phase2-backup-restore	Provision exact repository runtimes	2026-09-14T16:29:15.1629854Z   telemetry_poller 1.3.0
phase2-backup-restore	Provision exact repository runtimes	2026-09-14T16:29:15.1630574Z   thousand_island 1.5.0
phase2-backup-restore	Provision exact repository runtimes	2026-09-14T16:29:15.1631004Z   tzdata 1.1.5
phase2-backup-restore	Provision exact repository runtimes	2026-09-14T16:29:15.1631374Z   websock 0.5.3
phase2-backup-restore	Provision exact repository runtimes	2026-09-14T16:29:15.1631773Z   websock_adapter 0.6.0
phase2-backup-restore	Provision exact repository runtimes	2026-09-14T16:29:15.1632229Z   webtransport 0.4.5
phase2-backup-restore	Provision exact repository runtimes	2026-09-14T16:29:15.2161207Z * creating /home/runner/.mix/elixir/1-20-otp-29/rebar3
phase2-backup-restore	Provision exact repository runtimes	2026-09-14T16:29:15.2644563Z All dependencies have been fetched
phase2-backup-restore	Run exact Phase 2 lane	﻿2026-09-14T16:29:15.3002248Z ##[group]Run set -o pipefail
phase2-backup-restore	Run exact Phase 2 lane	2026-09-14T16:29:15.3002596Z ^[[36;1mset -o pipefail^[[0m
phase2-backup-restore	Run exact Phase 2 lane	2026-09-14T16:29:15.3003053Z ^[[36;1m./tooling/test-phase-2.sh --lane "backup-restore" | tee "$RUNNER_TEMP/backup-restore.txt"^[[0m
phase2-backup-restore	Run exact Phase 2 lane	2026-09-14T16:29:15.3003634Z ^[[36;1m./tooling/verify-privacy.sh "$RUNNER_TEMP/backup-restore.txt"^[[0m
phase2-backup-restore	Run exact Phase 2 lane	2026-09-14T16:29:15.3040483Z shell: /usr/bin/bash -e {0}
phase2-backup-restore	Run exact Phase 2 lane	2026-09-14T16:29:15.3040753Z env:
phase2-backup-restore	Run exact Phase 2 lane	2026-09-14T16:29:15.3040963Z   KEEPLING_PHASE2_SEED: 20260901
phase2-backup-restore	Run exact Phase 2 lane	2026-09-14T16:29:15.3041361Z   KEEPLING_FLAKE_POLICY: no-retry; quarantine-requires-owner-issue-expiry
phase2-backup-restore	Run exact Phase 2 lane	2026-09-14T16:29:15.3041865Z ##[endgroup]
phase2-backup-restore	Run exact Phase 2 lane	2026-09-14T16:29:15.3767983Z lane=backup-restore status=RUNNING command=./tooling/verify-backup.sh and three ./tooling/verify-restore.sh fixtures cases=4 seed=20260901 inputs_sha256=d8a1ae0c06fd36a5daef7c2f88d22dfb8943b3c4f70b0b9b07223de7fa9c9422
phase2-backup-restore	Run exact Phase 2 lane	2026-09-14T16:29:37.9843682Z lane=backup-restore status=PASS command=./tooling/verify-backup.sh and three ./tooling/verify-restore.sh fixtures cases=4 seed=20260901 elapsed_ms=22607 inputs_sha256=d8a1ae0c06fd36a5daef7c2f88d22dfb8943b3c4f70b0b9b07223de7fa9c9422
phase2-backup-restore	Run exact Phase 2 lane	2026-09-14T16:29:37.9991086Z Privacy verification passed: artifacts=1 sentinels=7
phase2-backup-restore	Run actions/upload-artifact@ea165f8d65b6e75b540449e92b4886f43607fa02	﻿2026-09-14T16:29:38.0056682Z Node 20 is being deprecated. This workflow is running with Node 24 by default. If you need to temporarily use Node 20, you can set the ACTIONS_ALLOW_USE_UNSECURE_NODE_VERSION=true environment variable. For more information see: https://github.blog/changelog/2025-09-19-deprecation-of-node-20-on-github-actions-runners/
phase2-backup-restore	Run actions/upload-artifact@ea165f8d65b6e75b540449e92b4886f43607fa02	2026-09-14T16:29:38.0058117Z ##[group]Run actions/upload-artifact@ea165f8d65b6e75b540449e92b4886f43607fa02
phase2-backup-restore	Run actions/upload-artifact@ea165f8d65b6e75b540449e92b4886f43607fa02	2026-09-14T16:29:38.0058533Z with:
phase2-backup-restore	Run actions/upload-artifact@ea165f8d65b6e75b540449e92b4886f43607fa02	2026-09-14T16:29:38.0058776Z   name: phase2-backup-restore-timing
phase2-backup-restore	Run actions/upload-artifact@ea165f8d65b6e75b540449e92b4886f43607fa02	2026-09-14T16:29:38.0059125Z   path: /home/runner/work/_temp/backup-restore.txt
phase2-backup-restore	Run actions/upload-artifact@ea165f8d65b6e75b540449e92b4886f43607fa02	2026-09-14T16:29:38.0059475Z   if-no-files-found: error
phase2-backup-restore	Run actions/upload-artifact@ea165f8d65b6e75b540449e92b4886f43607fa02	2026-09-14T16:29:38.0059734Z   retention-days: 14
phase2-backup-restore	Run actions/upload-artifact@ea165f8d65b6e75b540449e92b4886f43607fa02	2026-09-14T16:29:38.0059980Z   compression-level: 6
phase2-backup-restore	Run actions/upload-artifact@ea165f8d65b6e75b540449e92b4886f43607fa02	2026-09-14T16:29:38.0060497Z   overwrite: false
phase2-backup-restore	Run actions/upload-artifact@ea165f8d65b6e75b540449e92b4886f43607fa02	2026-09-14T16:29:38.0060771Z   include-hidden-files: false
phase2-backup-restore	Run actions/upload-artifact@ea165f8d65b6e75b540449e92b4886f43607fa02	2026-09-14T16:29:38.0061032Z env:
phase2-backup-restore	Run actions/upload-artifact@ea165f8d65b6e75b540449e92b4886f43607fa02	2026-09-14T16:29:38.0061248Z   KEEPLING_PHASE2_SEED: 20260901
phase2-backup-restore	Run actions/upload-artifact@ea165f8d65b6e75b540449e92b4886f43607fa02	2026-09-14T16:29:38.0061653Z   KEEPLING_FLAKE_POLICY: no-retry; quarantine-requires-owner-issue-expiry
phase2-backup-restore	Run actions/upload-artifact@ea165f8d65b6e75b540449e92b4886f43607fa02	2026-09-14T16:29:38.0062100Z ##[endgroup]
phase2-backup-restore	Run actions/upload-artifact@ea165f8d65b6e75b540449e92b4886f43607fa02	2026-09-14T16:29:38.1864621Z (node:8643) [DEP0040] DeprecationWarning: The `punycode` module is deprecated. Please use a userland alternative instead.
phase2-backup-restore	Run actions/upload-artifact@ea165f8d65b6e75b540449e92b4886f43607fa02	2026-09-14T16:29:38.1866248Z (Use `node --trace-deprecation ...` to show where the warning was created)
phase2-backup-restore	Run actions/upload-artifact@ea165f8d65b6e75b540449e92b4886f43607fa02	2026-09-14T16:29:38.1913959Z With the provided path, there will be 1 file uploaded
phase2-backup-restore	Run actions/upload-artifact@ea165f8d65b6e75b540449e92b4886f43607fa02	2026-09-14T16:29:38.1920517Z Artifact name is valid!
phase2-backup-restore	Run actions/upload-artifact@ea165f8d65b6e75b540449e92b4886f43607fa02	2026-09-14T16:29:38.1921803Z Root directory input is valid!
phase2-backup-restore	Run actions/upload-artifact@ea165f8d65b6e75b540449e92b4886f43607fa02	2026-09-14T16:29:38.6054216Z Beginning upload of artifact content to blob storage
phase2-backup-restore	Run actions/upload-artifact@ea165f8d65b6e75b540449e92b4886f43607fa02	2026-09-14T16:29:38.6244280Z (node:8643) [DEP0169] DeprecationWarning: `url.parse()` behavior is not standardized and prone to errors that have security implications. Use the WHATWG URL API instead. CVEs are not issued for `url.parse()` vulnerabilities.
phase2-backup-restore	Run actions/upload-artifact@ea165f8d65b6e75b540449e92b4886f43607fa02	2026-09-14T16:29:38.8818385Z Uploaded bytes 347
phase2-backup-restore	Run actions/upload-artifact@ea165f8d65b6e75b540449e92b4886f43607fa02	2026-09-14T16:29:38.9538103Z Finished uploading artifact content to blob storage!
phase2-backup-restore	Run actions/upload-artifact@ea165f8d65b6e75b540449e92b4886f43607fa02	2026-09-14T16:29:38.9539733Z SHA256 digest of uploaded artifact zip is c67c1d81bf92f5e17ada4181cfcafb404291e6323f38a16287ad06e44f17111e
phase2-backup-restore	Run actions/upload-artifact@ea165f8d65b6e75b540449e92b4886f43607fa02	2026-09-14T16:29:38.9541033Z Finalizing artifact upload
phase2-backup-restore	Run actions/upload-artifact@ea165f8d65b6e75b540449e92b4886f43607fa02	2026-09-14T16:29:39.2580585Z Artifact phase2-backup-restore-timing.zip successfully finalized. Artifact ID 10358371699
phase2-backup-restore	Run actions/upload-artifact@ea165f8d65b6e75b540449e92b4886f43607fa02	2026-09-14T16:29:39.2582837Z Artifact phase2-backup-restore-timing has been successfully uploaded! Final size is 347 bytes. Artifact ID is 10358371699
phase2-backup-restore	Run actions/upload-artifact@ea165f8d65b6e75b540449e92b4886f43607fa02	2026-09-14T16:29:39.2589371Z Artifact download URL: https://github.com/szTheory/keepling/actions/runs/34868832053/artifacts/10358371699
phase2-backup-restore	Post Run actions/cache@0400d5f644dc74513175e3cd8d07132dd4860809	﻿2026-09-14T16:29:39.3367977Z Node 20 is being deprecated. This workflow is running with Node 24 by default. If you need to temporarily use Node 20, you can set the ACTIONS_ALLOW_USE_UNSECURE_NODE_VERSION=true environment variable. For more information see: https://github.blog/changelog/2025-09-19-deprecation-of-node-20-on-github-actions-runners/
phase2-backup-restore	Post Run actions/cache@0400d5f644dc74513175e3cd8d07132dd4860809	2026-09-14T16:29:39.3369332Z Post job cleanup.
phase2-backup-restore	Post Run actions/cache@0400d5f644dc74513175e3cd8d07132dd4860809	2026-09-14T16:29:39.4535738Z Cache hit occurred on the primary key phase2-Linux-backup-restore-45b3b35ef45f5d65ae586b2b25dfb93049c099ec9870f23270bda4b35fe975d3, not saving cache.
phase2-backup-restore	Post Run actions/cache@0400d5f644dc74513175e3cd8d07132dd4860809	2026-09-14T16:29:39.4538043Z (node:8667) [DEP0040] DeprecationWarning: The `punycode` module is deprecated. Please use a userland alternative instead.
phase2-backup-restore	Post Run actions/cache@0400d5f644dc74513175e3cd8d07132dd4860809	2026-09-14T16:29:39.4539218Z (Use `node --trace-deprecation ...` to show where the warning was created)
phase2-backup-restore	Post Run actions/setup-node@49933ea5288caeca8642d1e84afbd3f7d6820020	﻿2026-09-14T16:29:39.4665156Z Node 20 is being deprecated. This workflow is running with Node 24 by default. If you need to temporarily use Node 20, you can set the ACTIONS_ALLOW_USE_UNSECURE_NODE_VERSION=true environment variable. For more information see: https://github.blog/changelog/2025-09-19-deprecation-of-node-20-on-github-actions-runners/
phase2-backup-restore	Post Run actions/setup-node@49933ea5288caeca8642d1e84afbd3f7d6820020	2026-09-14T16:29:39.4666456Z Post job cleanup.
phase2-backup-restore	Post Run actions/setup-node@49933ea5288caeca8642d1e84afbd3f7d6820020	2026-09-14T16:29:39.6133697Z (node:8675) [DEP0040] DeprecationWarning: The `punycode` module is deprecated. Please use a userland alternative instead.
phase2-backup-restore	Post Run actions/setup-node@49933ea5288caeca8642d1e84afbd3f7d6820020	2026-09-14T16:29:39.6135741Z (Use `node --trace-deprecation ...` to show where the warning was created)
phase2-backup-restore	Post Run actions/checkout@34e114876b0b11c390a56381ad16ebd13914f8d5	﻿2026-09-14T16:29:39.6362192Z Node 20 is being deprecated. This workflow is running with Node 24 by default. If you need to temporarily use Node 20, you can set the ACTIONS_ALLOW_USE_UNSECURE_NODE_VERSION=true environment variable. For more information see: https://github.blog/changelog/2025-09-19-deprecation-of-node-20-on-github-actions-runners/
phase2-backup-restore	Post Run actions/checkout@34e114876b0b11c390a56381ad16ebd13914f8d5	2026-09-14T16:29:39.6363513Z Post job cleanup.
phase2-backup-restore	Post Run actions/checkout@34e114876b0b11c390a56381ad16ebd13914f8d5	2026-09-14T16:29:39.7277080Z [command]/usr/bin/git version
phase2-backup-restore	Post Run actions/checkout@34e114876b0b11c390a56381ad16ebd13914f8d5	2026-09-14T16:29:39.7318983Z git version 2.55.0
phase2-backup-restore	Post Run actions/checkout@34e114876b0b11c390a56381ad16ebd13914f8d5	2026-09-14T16:29:39.7359391Z Temporarily overriding HOME='/home/runner/work/_temp/50b540fb-11d3-4860-8e02-86440bd2cc50' before making global git config changes
phase2-backup-restore	Post Run actions/checkout@34e114876b0b11c390a56381ad16ebd13914f8d5	2026-09-14T16:29:39.7361080Z Adding repository directory to the temporary git global config as a safe directory
phase2-backup-restore	Post Run actions/checkout@34e114876b0b11c390a56381ad16ebd13914f8d5	2026-09-14T16:29:39.7366163Z [command]/usr/bin/git config --global --add safe.directory /home/runner/work/keepling/keepling
phase2-backup-restore	Post Run actions/checkout@34e114876b0b11c390a56381ad16ebd13914f8d5	2026-09-14T16:29:39.7406175Z [command]/usr/bin/git config --local --name-only --get-regexp core\.sshCommand
phase2-backup-restore	Post Run actions/checkout@34e114876b0b11c390a56381ad16ebd13914f8d5	2026-09-14T16:29:39.7443294Z [command]/usr/bin/git submodule foreach --recursive sh -c "git config --local --name-only --get-regexp 'core\.sshCommand' && git config --local --unset-all 'core.sshCommand' || :"
phase2-backup-restore	Post Run actions/checkout@34e114876b0b11c390a56381ad16ebd13914f8d5	2026-09-14T16:29:39.7685474Z [command]/usr/bin/git config --local --name-only --get-regexp http\.https\:\/\/github\.com\/\.extraheader
phase2-backup-restore	Post Run actions/checkout@34e114876b0b11c390a56381ad16ebd13914f8d5	2026-09-14T16:29:39.7712180Z http.https://github.com/.extraheader
phase2-backup-restore	Post Run actions/checkout@34e114876b0b11c390a56381ad16ebd13914f8d5	2026-09-14T16:29:39.7723539Z [command]/usr/bin/git config --local --unset-all http.https://github.com/.extraheader
phase2-backup-restore	Post Run actions/checkout@34e114876b0b11c390a56381ad16ebd13914f8d5	2026-09-14T16:29:39.7758111Z [command]/usr/bin/git submodule foreach --recursive sh -c "git config --local --name-only --get-regexp 'http\.https\:\/\/github\.com\/\.extraheader' && git config --local --unset-all 'http.https://github.com/.extraheader' || :"
phase2-backup-restore	Post Run actions/checkout@34e114876b0b11c390a56381ad16ebd13914f8d5	2026-09-14T16:29:39.7993589Z [command]/usr/bin/git config --local --name-only --get-regexp ^includeIf\.gitdir:
phase2-backup-restore	Post Run actions/checkout@34e114876b0b11c390a56381ad16ebd13914f8d5	2026-09-14T16:29:39.8029648Z [command]/usr/bin/git submodule foreach --recursive git config --local --show-origin --name-only --get-regexp remote.origin.url
phase2-backup-restore	Complete job	﻿2026-09-14T16:29:39.8424613Z Cleaning up orphan processes
phase2-backup-restore	Complete job	2026-09-14T16:29:39.8740488Z ##[warning]Node.js 20 is deprecated. The following actions target Node.js 20 but are being forced to run on Node.js 24: actions/cache@0400d5f644dc74513175e3cd8d07132dd4860809, actions/checkout@34e114876b0b11c390a56381ad16ebd13914f8d5, actions/setup-node@49933ea5288caeca8642d1e84afbd3f7d6820020, actions/upload-artifact@ea165f8d65b6e75b540449e92b4886f43607fa02. For more information see: https://github.blog/changelog/2025-09-19-deprecation-of-node-20-on-github-actions-runners/
phase2-contracts-compatibility	Set up job	﻿2026-09-14T16:28:39.1454710Z Current runner version: '2.337.0'
phase2-contracts-compatibility	Set up job	2026-09-14T16:28:39.1475630Z ##[group]Runner Image Provisioner
phase2-contracts-compatibility	Set up job	2026-09-14T16:28:39.1476410Z Hosted Compute Agent
phase2-contracts-compatibility	Set up job	2026-09-14T16:28:39.1476830Z Version: 20260828.587
phase2-contracts-compatibility	Set up job	2026-09-14T16:28:39.1477270Z Commit: abac92662cab4cc7352de4f9f9d2e2419aad9c29
phase2-contracts-compatibility	Set up job	2026-09-14T16:28:39.1477740Z Build Date: 2026-08-28T16:44:25Z
phase2-contracts-compatibility	Set up job	2026-09-14T16:28:39.1478180Z Worker ID: {c73a21cb-2543-4e73-a87a-463d294bfca7}
phase2-contracts-compatibility	Set up job	2026-09-14T16:28:39.1478640Z Azure Region: westus
phase2-contracts-compatibility	Set up job	2026-09-14T16:28:39.1479060Z ##[endgroup]
phase2-contracts-compatibility	Set up job	2026-09-14T16:28:39.1480070Z ##[group]Operating System
phase2-contracts-compatibility	Set up job	2026-09-14T16:28:39.1480510Z macOS
phase2-contracts-compatibility	Set up job	2026-09-14T16:28:39.1480870Z 15.7.9
phase2-contracts-compatibility	Set up job	2026-09-14T16:28:39.1481250Z 24G830
phase2-contracts-compatibility	Set up job	2026-09-14T16:28:39.1481730Z ##[endgroup]
phase2-contracts-compatibility	Set up job	2026-09-14T16:28:39.1482110Z ##[group]Runner Image
phase2-contracts-compatibility	Set up job	2026-09-14T16:28:39.1482560Z Image: macos-15-arm64
phase2-contracts-compatibility	Set up job	2026-09-14T16:28:39.1482990Z Version: 20260907.0337.1
phase2-contracts-compatibility	Set up job	2026-09-14T16:28:39.1483750Z Included Software: https://github.com/actions/runner-images/blob/macos-15-arm64/20260907.0337/images/macos/macos-15-arm64-Readme.md
phase2-contracts-compatibility	Set up job	2026-09-14T16:28:39.1485130Z Image Release: https://github.com/actions/runner-images/releases/tag/macos-15-arm64%2F20260907.0337
phase2-contracts-compatibility	Set up job	2026-09-14T16:28:39.1485820Z ##[endgroup]
phase2-contracts-compatibility	Set up job	2026-09-14T16:28:39.1486570Z ##[group]GITHUB_TOKEN Permissions
phase2-contracts-compatibility	Set up job	2026-09-14T16:28:39.1488040Z Contents: read
phase2-contracts-compatibility	Set up job	2026-09-14T16:28:39.1488410Z Metadata: read
phase2-contracts-compatibility	Set up job	2026-09-14T16:28:39.1488790Z ##[endgroup]
phase2-contracts-compatibility	Set up job	2026-09-14T16:28:39.1490370Z Secret source: Actions
phase2-contracts-compatibility	Set up job	2026-09-14T16:28:39.1490950Z Cache mode: write
phase2-contracts-compatibility	Set up job	2026-09-14T16:28:39.1491540Z Prepare workflow directory
phase2-contracts-compatibility	Set up job	2026-09-14T16:28:39.1813760Z Prepare all required actions
phase2-contracts-compatibility	Set up job	2026-09-14T16:28:39.1849540Z Getting action download info
phase2-contracts-compatibility	Set up job	2026-09-14T16:28:39.6051840Z Download action repository 'actions/checkout@34e114876b0b11c390a56381ad16ebd13914f8d5' (SHA:34e114876b0b11c390a56381ad16ebd13914f8d5)
phase2-contracts-compatibility	Set up job	2026-09-14T16:28:39.8892200Z Download action repository 'actions/setup-node@49933ea5288caeca8642d1e84afbd3f7d6820020' (SHA:49933ea5288caeca8642d1e84afbd3f7d6820020)
phase2-contracts-compatibility	Set up job	2026-09-14T16:28:40.0011980Z Download action repository 'actions/cache@0400d5f644dc74513175e3cd8d07132dd4860809' (SHA:0400d5f644dc74513175e3cd8d07132dd4860809)
phase2-contracts-compatibility	Set up job	2026-09-14T16:28:40.1857100Z Download action repository 'actions/upload-artifact@ea165f8d65b6e75b540449e92b4886f43607fa02' (SHA:ea165f8d65b6e75b540449e92b4886f43607fa02)
phase2-contracts-compatibility	Set up job	2026-09-14T16:28:40.4258480Z Complete job name: phase2-contracts-compatibility
phase2-contracts-compatibility	Run actions/checkout@34e114876b0b11c390a56381ad16ebd13914f8d5	﻿2026-09-14T16:28:40.4772430Z Node 20 is being deprecated. This workflow is running with Node 24 by default. If you need to temporarily use Node 20, you can set the ACTIONS_ALLOW_USE_UNSECURE_NODE_VERSION=true environment variable. For more information see: https://github.blog/changelog/2025-09-19-deprecation-of-node-20-on-github-actions-runners/
phase2-contracts-compatibility	Run actions/checkout@34e114876b0b11c390a56381ad16ebd13914f8d5	2026-09-14T16:28:40.4781340Z ##[group]Run actions/checkout@34e114876b0b11c390a56381ad16ebd13914f8d5
phase2-contracts-compatibility	Run actions/checkout@34e114876b0b11c390a56381ad16ebd13914f8d5	2026-09-14T16:28:40.4782010Z with:
phase2-contracts-compatibility	Run actions/checkout@34e114876b0b11c390a56381ad16ebd13914f8d5	2026-09-14T16:28:40.4782400Z   repository: szTheory/keepling
phase2-contracts-compatibility	Run actions/checkout@34e114876b0b11c390a56381ad16ebd13914f8d5	2026-09-14T16:28:40.4785120Z   token: ***
phase2-contracts-compatibility	Run actions/checkout@34e114876b0b11c390a56381ad16ebd13914f8d5	2026-09-14T16:28:40.4785470Z   ssh-strict: true
phase2-contracts-compatibility	Run actions/checkout@34e114876b0b11c390a56381ad16ebd13914f8d5	2026-09-14T16:28:40.4785860Z   ssh-user: git
phase2-contracts-compatibility	Run actions/checkout@34e114876b0b11c390a56381ad16ebd13914f8d5	2026-09-14T16:28:40.4786360Z   persist-credentials: true
phase2-contracts-compatibility	Run actions/checkout@34e114876b0b11c390a56381ad16ebd13914f8d5	2026-09-14T16:28:40.4786710Z   clean: true
phase2-contracts-compatibility	Run actions/checkout@34e114876b0b11c390a56381ad16ebd13914f8d5	2026-09-14T16:28:40.4787110Z   sparse-checkout-cone-mode: true
phase2-contracts-compatibility	Run actions/checkout@34e114876b0b11c390a56381ad16ebd13914f8d5	2026-09-14T16:28:40.4787500Z   fetch-depth: 1
phase2-contracts-compatibility	Run actions/checkout@34e114876b0b11c390a56381ad16ebd13914f8d5	2026-09-14T16:28:40.4787820Z   fetch-tags: false
phase2-contracts-compatibility	Run actions/checkout@34e114876b0b11c390a56381ad16ebd13914f8d5	2026-09-14T16:28:40.4788140Z   show-progress: true
phase2-contracts-compatibility	Run actions/checkout@34e114876b0b11c390a56381ad16ebd13914f8d5	2026-09-14T16:28:40.4788460Z   lfs: false
phase2-contracts-compatibility	Run actions/checkout@34e114876b0b11c390a56381ad16ebd13914f8d5	2026-09-14T16:28:40.4788800Z   submodules: false
phase2-contracts-compatibility	Run actions/checkout@34e114876b0b11c390a56381ad16ebd13914f8d5	2026-09-14T16:28:40.4789210Z   set-safe-directory: true
phase2-contracts-compatibility	Run actions/checkout@34e114876b0b11c390a56381ad16ebd13914f8d5	2026-09-14T16:28:40.4789720Z env:
phase2-contracts-compatibility	Run actions/checkout@34e114876b0b11c390a56381ad16ebd13914f8d5	2026-09-14T16:28:40.4790040Z   KEEPLING_PHASE2_SEED: 20260901
phase2-contracts-compatibility	Run actions/checkout@34e114876b0b11c390a56381ad16ebd13914f8d5	2026-09-14T16:28:40.4791620Z   KEEPLING_FLAKE_POLICY: no-retry; quarantine-requires-owner-issue-expiry
phase2-contracts-compatibility	Run actions/checkout@34e114876b0b11c390a56381ad16ebd13914f8d5	2026-09-14T16:28:40.4792270Z ##[endgroup]
phase2-contracts-compatibility	Run actions/checkout@34e114876b0b11c390a56381ad16ebd13914f8d5	2026-09-14T16:28:40.8588240Z Syncing repository: szTheory/keepling
phase2-contracts-compatibility	Run actions/checkout@34e114876b0b11c390a56381ad16ebd13914f8d5	2026-09-14T16:28:40.8589750Z ##[group]Getting Git version info
phase2-contracts-compatibility	Run actions/checkout@34e114876b0b11c390a56381ad16ebd13914f8d5	2026-09-14T16:28:40.8590370Z Working directory is '/Users/runner/work/keepling/keepling'
phase2-contracts-compatibility	Run actions/checkout@34e114876b0b11c390a56381ad16ebd13914f8d5	2026-09-14T16:28:40.8591770Z [command]/opt/homebrew/bin/git version
phase2-contracts-compatibility	Run actions/checkout@34e114876b0b11c390a56381ad16ebd13914f8d5	2026-09-14T16:28:40.9114880Z git version 2.55.0
phase2-contracts-compatibility	Run actions/checkout@34e114876b0b11c390a56381ad16ebd13914f8d5	2026-09-14T16:28:40.9126120Z ##[endgroup]
phase2-contracts-compatibility	Run actions/checkout@34e114876b0b11c390a56381ad16ebd13914f8d5	2026-09-14T16:28:40.9131200Z Copying '/Users/runner/.gitconfig' to '/Users/runner/work/_temp/11c58135-7e71-4f30-9d79-d9491d268153/.gitconfig'
phase2-contracts-compatibility	Run actions/checkout@34e114876b0b11c390a56381ad16ebd13914f8d5	2026-09-14T16:28:40.9138670Z Temporarily overriding HOME='/Users/runner/work/_temp/11c58135-7e71-4f30-9d79-d9491d268153' before making global git config changes
phase2-contracts-compatibility	Run actions/checkout@34e114876b0b11c390a56381ad16ebd13914f8d5	2026-09-14T16:28:40.9139740Z Adding repository directory to the temporary git global config as a safe directory
phase2-contracts-compatibility	Run actions/checkout@34e114876b0b11c390a56381ad16ebd13914f8d5	2026-09-14T16:28:40.9142070Z [command]/opt/homebrew/bin/git config --global --add safe.directory /Users/runner/work/keepling/keepling
phase2-contracts-compatibility	Run actions/checkout@34e114876b0b11c390a56381ad16ebd13914f8d5	2026-09-14T16:28:40.9248910Z Deleting the contents of '/Users/runner/work/keepling/keepling'
phase2-contracts-compatibility	Run actions/checkout@34e114876b0b11c390a56381ad16ebd13914f8d5	2026-09-14T16:28:40.9253540Z ##[group]Initializing the repository
phase2-contracts-compatibility	Run actions/checkout@34e114876b0b11c390a56381ad16ebd13914f8d5	2026-09-14T16:28:40.9255670Z [command]/opt/homebrew/bin/git init /Users/runner/work/keepling/keepling
phase2-contracts-compatibility	Run actions/checkout@34e114876b0b11c390a56381ad16ebd13914f8d5	2026-09-14T16:28:40.9452760Z hint: Using 'master' as the name for the initial branch. This default branch name
phase2-contracts-compatibility	Run actions/checkout@34e114876b0b11c390a56381ad16ebd13914f8d5	2026-09-14T16:28:40.9453820Z hint: will change to "main" in Git 3.0. To configure the initial branch name
phase2-contracts-compatibility	Run actions/checkout@34e114876b0b11c390a56381ad16ebd13914f8d5	2026-09-14T16:28:40.9454570Z hint: to use in all of your new repositories, which will suppress this warning,
phase2-contracts-compatibility	Run actions/checkout@34e114876b0b11c390a56381ad16ebd13914f8d5	2026-09-14T16:28:40.9455130Z hint: call:
phase2-contracts-compatibility	Run actions/checkout@34e114876b0b11c390a56381ad16ebd13914f8d5	2026-09-14T16:28:40.9455440Z hint:
phase2-contracts-compatibility	Run actions/checkout@34e114876b0b11c390a56381ad16ebd13914f8d5	2026-09-14T16:28:40.9455930Z hint: 	git config --global init.defaultBranch <name>
phase2-contracts-compatibility	Run actions/checkout@34e114876b0b11c390a56381ad16ebd13914f8d5	2026-09-14T16:28:40.9456430Z hint:
phase2-contracts-compatibility	Run actions/checkout@34e114876b0b11c390a56381ad16ebd13914f8d5	2026-09-14T16:28:40.9456920Z hint: Names commonly chosen instead of 'master' are 'main', 'trunk' and
phase2-contracts-compatibility	Run actions/checkout@34e114876b0b11c390a56381ad16ebd13914f8d5	2026-09-14T16:28:40.9457600Z hint: 'development'. The just-created branch can be renamed via this command:
phase2-contracts-compatibility	Run actions/checkout@34e114876b0b11c390a56381ad16ebd13914f8d5	2026-09-14T16:28:40.9458150Z hint:
phase2-contracts-compatibility	Run actions/checkout@34e114876b0b11c390a56381ad16ebd13914f8d5	2026-09-14T16:28:40.9458490Z hint: 	git branch -m <name>
phase2-contracts-compatibility	Run actions/checkout@34e114876b0b11c390a56381ad16ebd13914f8d5	2026-09-14T16:28:40.9458850Z hint:
phase2-contracts-compatibility	Run actions/checkout@34e114876b0b11c390a56381ad16ebd13914f8d5	2026-09-14T16:28:40.9459320Z hint: Disable this message with "git config set advice.defaultBranchName false"
phase2-contracts-compatibility	Run actions/checkout@34e114876b0b11c390a56381ad16ebd13914f8d5	2026-09-14T16:28:40.9460130Z Initialized empty Git repository in /Users/runner/work/keepling/keepling/.git/
phase2-contracts-compatibility	Run actions/checkout@34e114876b0b11c390a56381ad16ebd13914f8d5	2026-09-14T16:28:40.9467910Z [command]/opt/homebrew/bin/git remote add origin https://github.com/szTheory/keepling
phase2-contracts-compatibility	Run actions/checkout@34e114876b0b11c390a56381ad16ebd13914f8d5	2026-09-14T16:28:40.9536260Z ##[endgroup]
phase2-contracts-compatibility	Run actions/checkout@34e114876b0b11c390a56381ad16ebd13914f8d5	2026-09-14T16:28:40.9537010Z ##[group]Disabling automatic garbage collection
phase2-contracts-compatibility	Run actions/checkout@34e114876b0b11c390a56381ad16ebd13914f8d5	2026-09-14T16:28:40.9538510Z [command]/opt/homebrew/bin/git config --local gc.auto 0
phase2-contracts-compatibility	Run actions/checkout@34e114876b0b11c390a56381ad16ebd13914f8d5	2026-09-14T16:28:40.9606820Z ##[endgroup]
phase2-contracts-compatibility	Run actions/checkout@34e114876b0b11c390a56381ad16ebd13914f8d5	2026-09-14T16:28:40.9607580Z ##[group]Setting up auth
phase2-contracts-compatibility	Run actions/checkout@34e114876b0b11c390a56381ad16ebd13914f8d5	2026-09-14T16:28:40.9609480Z [command]/opt/homebrew/bin/git config --local --name-only --get-regexp core\.sshCommand
phase2-contracts-compatibility	Run actions/checkout@34e114876b0b11c390a56381ad16ebd13914f8d5	2026-09-14T16:28:40.9681450Z [command]/opt/homebrew/bin/git submodule foreach --recursive sh -c "git config --local --name-only --get-regexp 'core\.sshCommand' && git config --local --unset-all 'core.sshCommand' || :"
phase2-contracts-compatibility	Run actions/checkout@34e114876b0b11c390a56381ad16ebd13914f8d5	2026-09-14T16:28:41.0707100Z [command]/opt/homebrew/bin/git config --local --name-only --get-regexp http\.https\:\/\/github\.com\/\.extraheader
phase2-contracts-compatibility	Run actions/checkout@34e114876b0b11c390a56381ad16ebd13914f8d5	2026-09-14T16:28:41.0764550Z [command]/opt/homebrew/bin/git submodule foreach --recursive sh -c "git config --local --name-only --get-regexp 'http\.https\:\/\/github\.com\/\.extraheader' && git config --local --unset-all 'http.https://github.com/.extraheader' || :"
phase2-contracts-compatibility	Run actions/checkout@34e114876b0b11c390a56381ad16ebd13914f8d5	2026-09-14T16:28:41.1784150Z [command]/opt/homebrew/bin/git config --local --name-only --get-regexp ^includeIf\.gitdir:
phase2-contracts-compatibility	Run actions/checkout@34e114876b0b11c390a56381ad16ebd13914f8d5	2026-09-14T16:28:41.1918650Z [command]/opt/homebrew/bin/git submodule foreach --recursive git config --local --show-origin --name-only --get-regexp remote.origin.url
phase2-contracts-compatibility	Run actions/checkout@34e114876b0b11c390a56381ad16ebd13914f8d5	2026-09-14T16:28:41.2952810Z [command]/opt/homebrew/bin/git config --local http.https://github.com/.extraheader AUTHORIZATION: basic ***
phase2-contracts-compatibility	Run actions/checkout@34e114876b0b11c390a56381ad16ebd13914f8d5	2026-09-14T16:28:41.3039440Z ##[endgroup]
phase2-contracts-compatibility	Run actions/checkout@34e114876b0b11c390a56381ad16ebd13914f8d5	2026-09-14T16:28:41.3042340Z ##[group]Fetching the repository
phase2-contracts-compatibility	Run actions/checkout@34e114876b0b11c390a56381ad16ebd13914f8d5	2026-09-14T16:28:41.3047090Z [command]/opt/homebrew/bin/git -c protocol.version=2 fetch --no-tags --prune --no-recurse-submodules --depth=1 origin +4f5954104c839dbec57188607829fdc7b975e0cc:refs/remotes/origin/main
phase2-contracts-compatibility	Run actions/checkout@34e114876b0b11c390a56381ad16ebd13914f8d5	2026-09-14T16:28:42.0217380Z From https://github.com/szTheory/keepling
phase2-contracts-compatibility	Run actions/checkout@34e114876b0b11c390a56381ad16ebd13914f8d5	2026-09-14T16:28:42.0234810Z  * [new ref]         4f5954104c839dbec57188607829fdc7b975e0cc -> origin/main
phase2-contracts-compatibility	Run actions/checkout@34e114876b0b11c390a56381ad16ebd13914f8d5	2026-09-14T16:28:42.0239060Z ##[endgroup]
phase2-contracts-compatibility	Run actions/checkout@34e114876b0b11c390a56381ad16ebd13914f8d5	2026-09-14T16:28:42.0239860Z ##[group]Determining the checkout info
phase2-contracts-compatibility	Run actions/checkout@34e114876b0b11c390a56381ad16ebd13914f8d5	2026-09-14T16:28:42.0241090Z ##[endgroup]
phase2-contracts-compatibility	Run actions/checkout@34e114876b0b11c390a56381ad16ebd13914f8d5	2026-09-14T16:28:42.0241540Z [command]/opt/homebrew/bin/git sparse-checkout disable
phase2-contracts-compatibility	Run actions/checkout@34e114876b0b11c390a56381ad16ebd13914f8d5	2026-09-14T16:28:42.0336800Z [command]/opt/homebrew/bin/git config --local --unset-all extensions.worktreeConfig
phase2-contracts-compatibility	Run actions/checkout@34e114876b0b11c390a56381ad16ebd13914f8d5	2026-09-14T16:28:42.0417840Z ##[group]Checking out the ref
phase2-contracts-compatibility	Run actions/checkout@34e114876b0b11c390a56381ad16ebd13914f8d5	2026-09-14T16:28:42.0425780Z [command]/opt/homebrew/bin/git checkout --progress --force -B main refs/remotes/origin/main
phase2-contracts-compatibility	Run actions/checkout@34e114876b0b11c390a56381ad16ebd13914f8d5	2026-09-14T16:28:42.3312410Z Switched to a new branch 'main'
phase2-contracts-compatibility	Run actions/checkout@34e114876b0b11c390a56381ad16ebd13914f8d5	2026-09-14T16:28:42.3337770Z branch 'main' set up to track 'origin/main'.
phase2-contracts-compatibility	Run actions/checkout@34e114876b0b11c390a56381ad16ebd13914f8d5	2026-09-14T16:28:42.3341610Z ##[endgroup]
phase2-contracts-compatibility	Run actions/checkout@34e114876b0b11c390a56381ad16ebd13914f8d5	2026-09-14T16:28:42.3613550Z [command]/opt/homebrew/bin/git log -1 --format=%H
phase2-contracts-compatibility	Run actions/checkout@34e114876b0b11c390a56381ad16ebd13914f8d5	2026-09-14T16:28:42.3614120Z 4f5954104c839dbec57188607829fdc7b975e0cc
phase2-contracts-compatibility	Run actions/setup-node@49933ea5288caeca8642d1e84afbd3f7d6820020	﻿2026-09-14T16:28:42.3952930Z Node 20 is being deprecated. This workflow is running with Node 24 by default. If you need to temporarily use Node 20, you can set the ACTIONS_ALLOW_USE_UNSECURE_NODE_VERSION=true environment variable. For more information see: https://github.blog/changelog/2025-09-19-deprecation-of-node-20-on-github-actions-runners/
phase2-contracts-compatibility	Run actions/setup-node@49933ea5288caeca8642d1e84afbd3f7d6820020	2026-09-14T16:28:42.3954640Z ##[group]Run actions/setup-node@49933ea5288caeca8642d1e84afbd3f7d6820020
phase2-contracts-compatibility	Run actions/setup-node@49933ea5288caeca8642d1e84afbd3f7d6820020	2026-09-14T16:28:42.3954970Z with:
phase2-contracts-compatibility	Run actions/setup-node@49933ea5288caeca8642d1e84afbd3f7d6820020	2026-09-14T16:28:42.3955140Z   node-version: 24.7.0
phase2-contracts-compatibility	Run actions/setup-node@49933ea5288caeca8642d1e84afbd3f7d6820020	2026-09-14T16:28:42.3955340Z   always-auth: false
phase2-contracts-compatibility	Run actions/setup-node@49933ea5288caeca8642d1e84afbd3f7d6820020	2026-09-14T16:28:42.3955530Z   check-latest: false
phase2-contracts-compatibility	Run actions/setup-node@49933ea5288caeca8642d1e84afbd3f7d6820020	2026-09-14T16:28:42.3957590Z   token: ***
phase2-contracts-compatibility	Run actions/setup-node@49933ea5288caeca8642d1e84afbd3f7d6820020	2026-09-14T16:28:42.3957760Z env:
phase2-contracts-compatibility	Run actions/setup-node@49933ea5288caeca8642d1e84afbd3f7d6820020	2026-09-14T16:28:42.3957930Z   KEEPLING_PHASE2_SEED: 20260901
phase2-contracts-compatibility	Run actions/setup-node@49933ea5288caeca8642d1e84afbd3f7d6820020	2026-09-14T16:28:42.3958260Z   KEEPLING_FLAKE_POLICY: no-retry; quarantine-requires-owner-issue-expiry
phase2-contracts-compatibility	Run actions/setup-node@49933ea5288caeca8642d1e84afbd3f7d6820020	2026-09-14T16:28:42.3958610Z ##[endgroup]
phase2-contracts-compatibility	Run actions/setup-node@49933ea5288caeca8642d1e84afbd3f7d6820020	2026-09-14T16:28:42.5578900Z Attempting to download 24.7.0...
phase2-contracts-compatibility	Run actions/setup-node@49933ea5288caeca8642d1e84afbd3f7d6820020	2026-09-14T16:28:42.5776210Z (node:1196) [DEP0040] DeprecationWarning: The `punycode` module is deprecated. Please use a userland alternative instead.
phase2-contracts-compatibility	Run actions/setup-node@49933ea5288caeca8642d1e84afbd3f7d6820020	2026-09-14T16:28:42.5778770Z (Use `node --trace-deprecation ...` to show where the warning was created)
phase2-contracts-compatibility	Run actions/setup-node@49933ea5288caeca8642d1e84afbd3f7d6820020	2026-09-14T16:28:43.4492780Z Acquiring 24.7.0 - arm64 from https://github.com/actions/node-versions/releases/download/24.7.0-17283839804/node-24.7.0-darwin-arm64.tar.gz
phase2-contracts-compatibility	Run actions/setup-node@49933ea5288caeca8642d1e84afbd3f7d6820020	2026-09-14T16:28:44.2736610Z Extracting ...
phase2-contracts-compatibility	Run actions/setup-node@49933ea5288caeca8642d1e84afbd3f7d6820020	2026-09-14T16:28:44.2883110Z [command]/usr/bin/tar xz --strip 1 -C /Users/runner/work/_temp/29c5fd9f-4a17-42e6-825a-2adaf75f1a23 -f /Users/runner/work/_temp/af69443c-7b94-41dd-b2d0-a095fb4497b1
phase2-contracts-compatibility	Run actions/setup-node@49933ea5288caeca8642d1e84afbd3f7d6820020	2026-09-14T16:28:45.7778430Z Adding to the cache ...
phase2-contracts-compatibility	Run actions/setup-node@49933ea5288caeca8642d1e84afbd3f7d6820020	2026-09-14T16:28:48.8607750Z ##[group]Environment details
phase2-contracts-compatibility	Run actions/setup-node@49933ea5288caeca8642d1e84afbd3f7d6820020	2026-09-14T16:28:49.2824920Z node: v24.7.0
phase2-contracts-compatibility	Run actions/setup-node@49933ea5288caeca8642d1e84afbd3f7d6820020	2026-09-14T16:28:49.2827280Z npm: 11.5.1
phase2-contracts-compatibility	Run actions/setup-node@49933ea5288caeca8642d1e84afbd3f7d6820020	2026-09-14T16:28:49.2828030Z yarn: 1.22.22
phase2-contracts-compatibility	Run actions/setup-node@49933ea5288caeca8642d1e84afbd3f7d6820020	2026-09-14T16:28:49.2829040Z ##[endgroup]
phase2-contracts-compatibility	Run actions/cache@0400d5f644dc74513175e3cd8d07132dd4860809	﻿2026-09-14T16:28:49.6512890Z Node 20 is being deprecated. This workflow is running with Node 24 by default. If you need to temporarily use Node 20, you can set the ACTIONS_ALLOW_USE_UNSECURE_NODE_VERSION=true environment variable. For more information see: https://github.blog/changelog/2025-09-19-deprecation-of-node-20-on-github-actions-runners/
phase2-contracts-compatibility	Run actions/cache@0400d5f644dc74513175e3cd8d07132dd4860809	2026-09-14T16:28:49.6514460Z ##[group]Run actions/cache@0400d5f644dc74513175e3cd8d07132dd4860809
phase2-contracts-compatibility	Run actions/cache@0400d5f644dc74513175e3cd8d07132dd4860809	2026-09-14T16:28:49.6515340Z with:
phase2-contracts-compatibility	Run actions/cache@0400d5f644dc74513175e3cd8d07132dd4860809	2026-09-14T16:28:49.6515690Z   path: ~/.asdf/installs
phase2-contracts-compatibility	Run actions/cache@0400d5f644dc74513175e3cd8d07132dd4860809	apps/server/deps
phase2-contracts-compatibility	Run actions/cache@0400d5f644dc74513175e3cd8d07132dd4860809	apps/server/_build
phase2-contracts-compatibility	Run actions/cache@0400d5f644dc74513175e3cd8d07132dd4860809	node_modules
phase2-contracts-compatibility	Run actions/cache@0400d5f644dc74513175e3cd8d07132dd4860809	
phase2-contracts-compatibility	Run actions/cache@0400d5f644dc74513175e3cd8d07132dd4860809	2026-09-14T16:28:49.6516350Z   key: phase2-macOS-contracts-compatibility-45b3b35ef45f5d65ae586b2b25dfb93049c099ec9870f23270bda4b35fe975d3
phase2-contracts-compatibility	Run actions/cache@0400d5f644dc74513175e3cd8d07132dd4860809	2026-09-14T16:28:49.6516910Z   enableCrossOsArchive: false
phase2-contracts-compatibility	Run actions/cache@0400d5f644dc74513175e3cd8d07132dd4860809	2026-09-14T16:28:49.6517210Z   fail-on-cache-miss: false
phase2-contracts-compatibility	Run actions/cache@0400d5f644dc74513175e3cd8d07132dd4860809	2026-09-14T16:28:49.6517410Z   lookup-only: false
phase2-contracts-compatibility	Run actions/cache@0400d5f644dc74513175e3cd8d07132dd4860809	2026-09-14T16:28:49.6517810Z   save-always: false
phase2-contracts-compatibility	Run actions/cache@0400d5f644dc74513175e3cd8d07132dd4860809	2026-09-14T16:28:49.6518040Z env:
phase2-contracts-compatibility	Run actions/cache@0400d5f644dc74513175e3cd8d07132dd4860809	2026-09-14T16:28:49.6518200Z   KEEPLING_PHASE2_SEED: 20260901
phase2-contracts-compatibility	Run actions/cache@0400d5f644dc74513175e3cd8d07132dd4860809	2026-09-14T16:28:49.6518730Z   KEEPLING_FLAKE_POLICY: no-retry; quarantine-requires-owner-issue-expiry
phase2-contracts-compatibility	Run actions/cache@0400d5f644dc74513175e3cd8d07132dd4860809	2026-09-14T16:28:49.6519110Z ##[endgroup]
phase2-contracts-compatibility	Run actions/cache@0400d5f644dc74513175e3cd8d07132dd4860809	2026-09-14T16:28:49.8171440Z (node:1262) [DEP0040] DeprecationWarning: The `punycode` module is deprecated. Please use a userland alternative instead.
phase2-contracts-compatibility	Run actions/cache@0400d5f644dc74513175e3cd8d07132dd4860809	2026-09-14T16:28:49.8172980Z (Use `node --trace-deprecation ...` to show where the warning was created)
phase2-contracts-compatibility	Run actions/cache@0400d5f644dc74513175e3cd8d07132dd4860809	2026-09-14T16:28:50.0828120Z Cache hit for: phase2-macOS-contracts-compatibility-45b3b35ef45f5d65ae586b2b25dfb93049c099ec9870f23270bda4b35fe975d3
phase2-contracts-compatibility	Run actions/cache@0400d5f644dc74513175e3cd8d07132dd4860809	2026-09-14T16:28:50.0948400Z (node:1262) [DEP0169] DeprecationWarning: `url.parse()` behavior is not standardized and prone to errors that have security implications. Use the WHATWG URL API instead. CVEs are not issued for `url.parse()` vulnerabilities.
phase2-contracts-compatibility	Run actions/cache@0400d5f644dc74513175e3cd8d07132dd4860809	2026-09-14T16:28:51.3763400Z Received 0 of 194532178 (0.0%), 0.0 MBs/sec
phase2-contracts-compatibility	Run actions/cache@0400d5f644dc74513175e3cd8d07132dd4860809	2026-09-14T16:28:52.3788660Z Received 71303168 of 194532178 (36.7%), 33.9 MBs/sec
phase2-contracts-compatibility	Run actions/cache@0400d5f644dc74513175e3cd8d07132dd4860809	2026-09-14T16:28:53.3836800Z Received 130023424 of 194532178 (66.8%), 41.2 MBs/sec
phase2-contracts-compatibility	Run actions/cache@0400d5f644dc74513175e3cd8d07132dd4860809	2026-09-14T16:28:54.3812350Z Received 169366354 of 194532178 (87.1%), 40.3 MBs/sec
phase2-contracts-compatibility	Run actions/cache@0400d5f644dc74513175e3cd8d07132dd4860809	2026-09-14T16:28:54.5803650Z Received 194532178 of 194532178 (100.0%), 44.1 MBs/sec
phase2-contracts-compatibility	Run actions/cache@0400d5f644dc74513175e3cd8d07132dd4860809	2026-09-14T16:28:54.5871890Z Cache Size: ~186 MB (194532178 B)
phase2-contracts-compatibility	Run actions/cache@0400d5f644dc74513175e3cd8d07132dd4860809	2026-09-14T16:28:54.5899780Z [command]/opt/homebrew/bin/gtar -xf /Users/runner/work/_temp/7c9a0033-372f-4a2d-ac26-2a5fe9cd044e/cache.tzst -P -C /Users/runner/work/keepling/keepling --delay-directory-restore --use-compress-program unzstd
phase2-contracts-compatibility	Run actions/cache@0400d5f644dc74513175e3cd8d07132dd4860809	2026-09-14T16:29:04.1841460Z Cache restored successfully
phase2-contracts-compatibility	Run actions/cache@0400d5f644dc74513175e3cd8d07132dd4860809	2026-09-14T16:29:04.2297590Z Cache restored from key: phase2-macOS-contracts-compatibility-45b3b35ef45f5d65ae586b2b25dfb93049c099ec9870f23270bda4b35fe975d3
phase2-contracts-compatibility	Provision exact repository runtimes	﻿2026-09-14T16:29:04.2638320Z ##[group]Run brew list asdf >/dev/null 2>&1 || brew install asdf
phase2-contracts-compatibility	Provision exact repository runtimes	2026-09-14T16:29:04.2639480Z ^[[36;1mbrew list asdf >/dev/null 2>&1 || brew install asdf^[[0m
phase2-contracts-compatibility	Provision exact repository runtimes	2026-09-14T16:29:04.2639950Z ^[[36;1m./tooling/runtime-preflight.sh --provision^[[0m
phase2-contracts-compatibility	Provision exact repository runtimes	2026-09-14T16:29:04.2640260Z ^[[36;1mcorepack enable^[[0m
phase2-contracts-compatibility	Provision exact repository runtimes	2026-09-14T16:29:04.2640960Z ^[[36;1mpnpm install --frozen-lockfile^[[0m
phase2-contracts-compatibility	Provision exact repository runtimes	2026-09-14T16:29:04.2641540Z ^[[36;1m./tooling/runtime-preflight.sh --exec -- sh -c 'cd apps/server && mix deps.get --check-locked'^[[0m
phase2-contracts-compatibility	Provision exact repository runtimes	2026-09-14T16:29:04.2733260Z shell: /bin/bash -e {0}
phase2-contracts-compatibility	Provision exact repository runtimes	2026-09-14T16:29:04.2733760Z env:
phase2-contracts-compatibility	Provision exact repository runtimes	2026-09-14T16:29:04.2734060Z   KEEPLING_PHASE2_SEED: 20260901
phase2-contracts-compatibility	Provision exact repository runtimes	2026-09-14T16:29:04.2735800Z   KEEPLING_FLAKE_POLICY: no-retry; quarantine-requires-owner-issue-expiry
phase2-contracts-compatibility	Provision exact repository runtimes	2026-09-14T16:29:04.2737030Z ##[endgroup]
phase2-contracts-compatibility	Provision exact repository runtimes	2026-09-14T16:29:08.3831230Z ^[[32m==>^[[0m ^[[1mDownloading bottle manifests^[[0m
phase2-contracts-compatibility	Provision exact repository runtimes	2026-09-14T16:29:08.4043380Z ✔︎ Bottle Manifest asdf (0.20.0)
phase2-contracts-compatibility	Provision exact repository runtimes	2026-09-14T16:29:08.4044310Z ^[[34m==>^[[0m ^[[1mWould install 1 formula:^[[0m
phase2-contracts-compatibility	Provision exact repository runtimes	2026-09-14T16:29:08.4125640Z asdf
phase2-contracts-compatibility	Provision exact repository runtimes	2026-09-14T16:29:08.4446170Z ^[[32m==>^[[0m ^[[1mFetching downloads for: ^[[32masdf^[[39m^[[0m
phase2-contracts-compatibility	Provision exact repository runtimes	2026-09-14T16:29:08.7739780Z ✔︎ Bottle asdf (0.20.0)
phase2-contracts-compatibility	Provision exact repository runtimes	2026-09-14T16:29:08.7767870Z ^[[34m==>^[[0m ^[[1mPouring asdf--0.20.0.arm64_sequoia.bottle.tar.gz^[[0m
phase2-contracts-compatibility	Provision exact repository runtimes	2026-09-14T16:29:08.9095590Z 🍺  /opt/homebrew/Cellar/asdf/0.20.0: 10 files, 4.4MB
phase2-contracts-compatibility	Provision exact repository runtimes	2026-09-14T16:29:08.9097170Z ^[[32m==>^[[0m ^[[1mCaveats^[[0m
phase2-contracts-compatibility	Provision exact repository runtimes	2026-09-14T16:29:08.9097700Z Bash completion has been installed to:
phase2-contracts-compatibility	Provision exact repository runtimes	2026-09-14T16:29:08.9098060Z   /opt/homebrew/etc/bash_completion.d
phase2-contracts-compatibility	Provision exact repository runtimes	2026-09-14T16:29:11.5460240Z version 29.0.5 of erlang is already installed
phase2-contracts-compatibility	Provision exact repository runtimes	2026-09-14T16:29:11.5506470Z version 1.20.2-otp-29 of elixir is already installed
phase2-contracts-compatibility	Provision exact repository runtimes	2026-09-14T16:29:12.0439290Z ^[[32m==>^[[0m ^[[1mDownloading bottle manifests^[[0m
phase2-contracts-compatibility	Provision exact repository runtimes	2026-09-14T16:29:12.2853350Z ✔︎ Bottle Manifest postgresql@18 (18.6)
phase2-contracts-compatibility	Provision exact repository runtimes	2026-09-14T16:29:12.2855540Z ^[[34m==>^[[0m ^[[1mWould install 1 formula:^[[0m
phase2-contracts-compatibility	Provision exact repository runtimes	2026-09-14T16:29:12.2856150Z postgresql@18
phase2-contracts-compatibility	Provision exact repository runtimes	2026-09-14T16:29:12.4175150Z ^[[32m==>^[[0m ^[[1mFetching downloads for: ^[[32mpostgresql@18^[[39m^[[0m
phase2-contracts-compatibility	Provision exact repository runtimes	2026-09-14T16:29:13.9384820Z ✔︎ Bottle postgresql@18 (18.6)
phase2-contracts-compatibility	Provision exact repository runtimes	2026-09-14T16:29:13.9665070Z ^[[34m==>^[[0m ^[[1mPouring postgresql@18--18.6.arm64_sequoia.bottle.tar.gz^[[0m
phase2-contracts-compatibility	Provision exact repository runtimes	2026-09-14T16:29:16.8880790Z The files belonging to this database system will be owned by user "runner".
phase2-contracts-compatibility	Provision exact repository runtimes	2026-09-14T16:29:16.8886220Z This user must also own the server process.
phase2-contracts-compatibility	Provision exact repository runtimes	2026-09-14T16:29:16.8887490Z 
phase2-contracts-compatibility	Provision exact repository runtimes	2026-09-14T16:29:16.8888800Z The database cluster will be initialized with locale "en_US.UTF-8".
phase2-contracts-compatibility	Provision exact repository runtimes	2026-09-14T16:29:16.8890480Z The default text search configuration will be set to "english".
phase2-contracts-compatibility	Provision exact repository runtimes	2026-09-14T16:29:16.8891160Z 
phase2-contracts-compatibility	Provision exact repository runtimes	2026-09-14T16:29:16.8891760Z Data page checksums are enabled.
phase2-contracts-compatibility	Provision exact repository runtimes	2026-09-14T16:29:16.8900960Z 
phase2-contracts-compatibility	Provision exact repository runtimes	2026-09-14T16:29:16.8902080Z fixing permissions on existing directory /opt/homebrew/var/postgresql@18 ... ok
phase2-contracts-compatibility	Provision exact repository runtimes	2026-09-14T16:29:16.8903560Z creating subdirectories ... ok
phase2-contracts-compatibility	Provision exact repository runtimes	2026-09-14T16:29:16.8904260Z selecting dynamic shared memory implementation ... posix
phase2-contracts-compatibility	Provision exact repository runtimes	2026-09-14T16:29:16.9340850Z selecting default "max_connections" ... 100
phase2-contracts-compatibility	Provision exact repository runtimes	2026-09-14T16:29:16.9575100Z selecting default "shared_buffers" ... 128MB
phase2-contracts-compatibility	Provision exact repository runtimes	2026-09-14T16:29:16.9622000Z selecting default time zone ... UTC
phase2-contracts-compatibility	Provision exact repository runtimes	2026-09-14T16:29:16.9635940Z creating configuration files ... ok
phase2-contracts-compatibility	Provision exact repository runtimes	2026-09-14T16:29:17.1024400Z running bootstrap script ... ok
phase2-contracts-compatibility	Provision exact repository runtimes	2026-09-14T16:29:17.5226170Z performing post-bootstrap initialization ... ok
phase2-contracts-compatibility	Provision exact repository runtimes	2026-09-14T16:29:17.5339960Z syncing data to disk ... ok
phase2-contracts-compatibility	Provision exact repository runtimes	2026-09-14T16:29:17.5361440Z 
phase2-contracts-compatibility	Provision exact repository runtimes	2026-09-14T16:29:17.5361510Z 
phase2-contracts-compatibility	Provision exact repository runtimes	2026-09-14T16:29:17.5362090Z Success. You can now start the database server using:
phase2-contracts-compatibility	Provision exact repository runtimes	2026-09-14T16:29:17.5362520Z 
phase2-contracts-compatibility	Provision exact repository runtimes	2026-09-14T16:29:17.5363010Z     '/opt/homebrew/Cellar/postgresql@18/18.6/bin/pg_ctl' -D '/opt/homebrew/var/postgresql@18' -l logfile start
phase2-contracts-compatibility	Provision exact repository runtimes	2026-09-14T16:29:17.5363470Z 
phase2-contracts-compatibility	Provision exact repository runtimes	2026-09-14T16:29:17.5363730Z initdb: warning: enabling "trust" authentication for local connections
phase2-contracts-compatibility	Provision exact repository runtimes	2026-09-14T16:29:17.5364690Z initdb: hint: You can change this by editing pg_hba.conf or using the option -A, or --auth-local and --auth-host, the next time you run initdb.
phase2-contracts-compatibility	Provision exact repository runtimes	2026-09-14T16:29:18.0756580Z 🍺  /opt/homebrew/Cellar/postgresql@18/18.6: 3,873 files, 77.7MB
phase2-contracts-compatibility	Provision exact repository runtimes	2026-09-14T16:29:18.0759200Z ^[[32m==>^[[0m ^[[1mCaveats^[[0m
phase2-contracts-compatibility	Provision exact repository runtimes	2026-09-14T16:29:18.0760400Z ^[[34m==>^[[0m ^[[1mpostgresql@18^[[0m
phase2-contracts-compatibility	Provision exact repository runtimes	2026-09-14T16:29:18.0761590Z This formula has created a default database cluster with:
phase2-contracts-compatibility	Provision exact repository runtimes	2026-09-14T16:29:18.0762830Z   initdb --locale=en_US.UTF-8 -E UTF-8 /opt/homebrew/var/postgresql@18
phase2-contracts-compatibility	Provision exact repository runtimes	2026-09-14T16:29:18.0763730Z 
phase2-contracts-compatibility	Provision exact repository runtimes	2026-09-14T16:29:18.0764570Z When uninstalling, some dead symlinks are left behind so you may want to run:
phase2-contracts-compatibility	Provision exact repository runtimes	2026-09-14T16:29:18.0765690Z   brew cleanup --prune-prefix
phase2-contracts-compatibility	Provision exact repository runtimes	2026-09-14T16:29:18.0766280Z 
phase2-contracts-compatibility	Provision exact repository runtimes	2026-09-14T16:29:18.0767020Z To start postgresql@18 now and restart at login:
phase2-contracts-compatibility	Provision exact repository runtimes	2026-09-14T16:29:18.0768160Z   brew services start postgresql@18
phase2-contracts-compatibility	Provision exact repository runtimes	2026-09-14T16:29:18.0769430Z Or, if you don't want/need a background service you can just run:
phase2-contracts-compatibility	Provision exact repository runtimes	2026-09-14T16:29:18.0771290Z   LC_ALL="en_US.UTF-8" /opt/homebrew/opt/postgresql@18/bin/postgres -D /opt/homebrew/var/postgresql@18
phase2-contracts-compatibility	Provision exact repository runtimes	2026-09-14T16:29:18.6138110Z Runtime preflight passed: Elixir 1.20.2, OTP 29.0.5, PostgreSQL 18.6
phase2-contracts-compatibility	Provision exact repository runtimes	2026-09-14T16:29:18.8088910Z ! Corepack is about to download https://registry.npmjs.org/pnpm/-/pnpm-10.33.0.tgz
phase2-contracts-compatibility	Provision exact repository runtimes	2026-09-14T16:29:19.7859310Z Scope: all 4 workspace projects
phase2-contracts-compatibility	Provision exact repository runtimes	2026-09-14T16:29:19.8514360Z Lockfile is up to date, resolution step is skipped
phase2-contracts-compatibility	Provision exact repository runtimes	2026-09-14T16:29:20.6136250Z Progress: resolved 0, reused 0, downloaded 1, added 0
phase2-contracts-compatibility	Provision exact repository runtimes	2026-09-14T16:29:21.1440060Z Packages: +2 -45
phase2-contracts-compatibility	Provision exact repository runtimes	2026-09-14T16:29:21.1647140Z ++---------------------------------------------
phase2-contracts-compatibility	Provision exact repository runtimes	2026-09-14T16:29:21.6174380Z Progress: resolved 0, reused 0, downloaded 15, added 0
phase2-contracts-compatibility	Provision exact repository runtimes	2026-09-14T16:29:22.6195640Z Progress: resolved 0, reused 0, downloaded 45, added 0
phase2-contracts-compatibility	Provision exact repository runtimes	2026-09-14T16:29:22.7424960Z Progress: resolved 0, reused 0, downloaded 46, added 2, done
phase2-contracts-compatibility	Provision exact repository runtimes	2026-09-14T16:29:22.9543390Z 
phase2-contracts-compatibility	Provision exact repository runtimes	2026-09-14T16:29:23.0448320Z Done in 3.5s using pnpm v10.33.0
phase2-contracts-compatibility	Provision exact repository runtimes	2026-09-14T16:29:23.6627400Z Runtime preflight passed: Elixir 1.20.2, OTP 29.0.5, PostgreSQL 18.6
phase2-contracts-compatibility	Provision exact repository runtimes	2026-09-14T16:29:24.7620410Z * creating /Users/runner/.mix/archives/hex-2.5.1
phase2-contracts-compatibility	Provision exact repository runtimes	2026-09-14T16:29:25.1261060Z Resolving Hex dependencies...
phase2-contracts-compatibility	Provision exact repository runtimes	2026-09-14T16:29:25.2327430Z Resolution completed in 0.103s
phase2-contracts-compatibility	Provision exact repository runtimes	2026-09-14T16:29:25.2511110Z Unchanged:
phase2-contracts-compatibility	Provision exact repository runtimes	2026-09-14T16:29:25.2513080Z   argon2_elixir 4.1.3
phase2-contracts-compatibility	Provision exact repository runtimes	2026-09-14T16:29:25.2520680Z   bandit 1.12.5
phase2-contracts-compatibility	Provision exact repository runtimes	2026-09-14T16:29:25.2521020Z   certifi 2.17.0
phase2-contracts-compatibility	Provision exact repository runtimes	2026-09-14T16:29:25.2521240Z   comeonin 5.5.1
phase2-contracts-compatibility	Provision exact repository runtimes	2026-09-14T16:29:25.2521630Z   db_connection 2.10.2
phase2-contracts-compatibility	Provision exact repository runtimes	2026-09-14T16:29:25.2522040Z   decimal 3.1.1
phase2-contracts-compatibility	Provision exact repository runtimes	2026-09-14T16:29:25.2522350Z   dns_cluster 0.2.0
phase2-contracts-compatibility	Provision exact repository runtimes	2026-09-14T16:29:25.2522650Z   ecto 3.14.2
phase2-contracts-compatibility	Provision exact repository runtimes	2026-09-14T16:29:25.2522900Z   ecto_sql 3.14.0
phase2-contracts-compatibility	Provision exact repository runtimes	2026-09-14T16:29:25.2524100Z   elixir_make 0.10.0
phase2-contracts-compatibility	Provision exact repository runtimes	2026-09-14T16:29:25.2524450Z   expo 1.1.1
phase2-contracts-compatibility	Provision exact repository runtimes	2026-09-14T16:29:25.2525670Z   gettext 1.0.2
phase2-contracts-compatibility	Provision exact repository runtimes	2026-09-14T16:29:25.2526630Z   h2 0.12.0
phase2-contracts-compatibility	Provision exact repository runtimes	2026-09-14T16:29:25.2527260Z   hackney 4.7.4
phase2-contracts-compatibility	Provision exact repository runtimes	2026-09-14T16:29:25.2527950Z   hammer 7.4.1
phase2-contracts-compatibility	Provision exact repository runtimes	2026-09-14T16:29:25.2528630Z   hex_core 0.15.0
phase2-contracts-compatibility	Provision exact repository runtimes	2026-09-14T16:29:25.2529230Z   hpax 1.0.4
phase2-contracts-compatibility	Provision exact repository runtimes	2026-09-14T16:29:25.2529810Z   idna 7.1.0
phase2-contracts-compatibility	Provision exact repository runtimes	2026-09-14T16:29:25.2530560Z   jason 1.4.5
phase2-contracts-compatibility	Provision exact repository runtimes	2026-09-14T16:29:25.2531570Z   mime 2.0.7
phase2-contracts-compatibility	Provision exact repository runtimes	2026-09-14T16:29:25.2532330Z   mimerl 1.5.0
phase2-contracts-compatibility	Provision exact repository runtimes	2026-09-14T16:29:25.2532770Z   optimus 0.6.1
phase2-contracts-compatibility	Provision exact repository runtimes	2026-09-14T16:29:25.2533140Z   parse_trans 3.4.2
phase2-contracts-compatibility	Provision exact repository runtimes	2026-09-14T16:29:25.2533620Z   phoenix 1.8.13
phase2-contracts-compatibility	Provision exact repository runtimes	2026-09-14T16:29:25.2533990Z   phoenix_ecto 4.7.0
phase2-contracts-compatibility	Provision exact repository runtimes	2026-09-14T16:29:25.2534360Z   phoenix_pubsub 2.3.0
phase2-contracts-compatibility	Provision exact repository runtimes	2026-09-14T16:29:25.2534760Z   phoenix_template 1.0.4
phase2-contracts-compatibility	Provision exact repository runtimes	2026-09-14T16:29:25.2535180Z   plug 1.20.3
phase2-contracts-compatibility	Provision exact repository runtimes	2026-09-14T16:29:25.2535540Z   plug_crypto 2.2.0
phase2-contracts-compatibility	Provision exact repository runtimes	2026-09-14T16:29:25.2535920Z   postgrex 0.22.4
phase2-contracts-compatibility	Provision exact repository runtimes	2026-09-14T16:29:25.2537050Z   protobuf 0.16.1
phase2-contracts-compatibility	Provision exact repository runtimes	2026-09-14T16:29:25.2537460Z   purl 0.3.0
phase2-contracts-compatibility	Provision exact repository runtimes	2026-09-14T16:29:25.2537870Z   quic 1.8.2
phase2-contracts-compatibility	Provision exact repository runtimes	2026-09-14T16:29:25.2538230Z   sbom 0.10.0
phase2-contracts-compatibility	Provision exact repository runtimes	2026-09-14T16:29:25.2538660Z   ssl_verify_fun 1.1.7
phase2-contracts-compatibility	Provision exact repository runtimes	2026-09-14T16:29:25.2539040Z   stream_data 1.4.0
phase2-contracts-compatibility	Provision exact repository runtimes	2026-09-14T16:29:25.2539490Z   telemetry 1.4.2
phase2-contracts-compatibility	Provision exact repository runtimes	2026-09-14T16:29:25.2539900Z   telemetry_metrics 1.2.0
phase2-contracts-compatibility	Provision exact repository runtimes	2026-09-14T16:29:25.2540340Z   telemetry_poller 1.3.0
phase2-contracts-compatibility	Provision exact repository runtimes	2026-09-14T16:29:25.2545780Z   thousand_island 1.5.0
phase2-contracts-compatibility	Provision exact repository runtimes	2026-09-14T16:29:25.2546020Z   tzdata 1.1.5
phase2-contracts-compatibility	Provision exact repository runtimes	2026-09-14T16:29:25.2546300Z   websock 0.5.3
phase2-contracts-compatibility	Provision exact repository runtimes	2026-09-14T16:29:25.2546590Z   websock_adapter 0.6.0
phase2-contracts-compatibility	Provision exact repository runtimes	2026-09-14T16:29:25.2546820Z   webtransport 0.4.5
phase2-contracts-compatibility	Provision exact repository runtimes	2026-09-14T16:29:25.3611550Z * creating /Users/runner/.mix/elixir/1-20-otp-29/rebar3
phase2-contracts-compatibility	Provision exact repository runtimes	2026-09-14T16:29:25.4290980Z All dependencies have been fetched
phase2-contracts-compatibility	Run exact Phase 2 lane	﻿2026-09-14T16:29:25.4775630Z ##[group]Run set -o pipefail
phase2-contracts-compatibility	Run exact Phase 2 lane	2026-09-14T16:29:25.4776010Z ^[[36;1mset -o pipefail^[[0m
phase2-contracts-compatibility	Run exact Phase 2 lane	2026-09-14T16:29:25.4776570Z ^[[36;1m./tooling/test-phase-2.sh --lane "contracts-compatibility" | tee "$RUNNER_TEMP/contracts-compatibility.txt"^[[0m
phase2-contracts-compatibility	Run exact Phase 2 lane	2026-09-14T16:29:25.4777240Z ^[[36;1m./tooling/verify-privacy.sh "$RUNNER_TEMP/contracts-compatibility.txt"^[[0m
phase2-contracts-compatibility	Run exact Phase 2 lane	2026-09-14T16:29:25.4939390Z shell: /bin/bash -e {0}
phase2-contracts-compatibility	Run exact Phase 2 lane	2026-09-14T16:29:25.4939750Z env:
phase2-contracts-compatibility	Run exact Phase 2 lane	2026-09-14T16:29:25.4940090Z   KEEPLING_PHASE2_SEED: 20260901
phase2-contracts-compatibility	Run exact Phase 2 lane	2026-09-14T16:29:25.4940480Z   KEEPLING_FLAKE_POLICY: no-retry; quarantine-requires-owner-issue-expiry
phase2-contracts-compatibility	Run exact Phase 2 lane	2026-09-14T16:29:25.4940920Z ##[endgroup]
phase2-contracts-compatibility	Run exact Phase 2 lane	2026-09-14T16:29:25.7121580Z lane=contracts-compatibility status=RUNNING command=pnpm contracts:check && ./tooling/test-compatibility.sh cases=30 seed=20260901 inputs_sha256=dfa0a5c186e2763696c5c720bdaa039477ea51eb9d9d1bb7dab188fdeb3a4614
phase2-contracts-compatibility	Run exact Phase 2 lane	2026-09-14T16:29:38.3847910Z lane=contracts-compatibility status=PASS command=pnpm contracts:check && ./tooling/test-compatibility.sh cases=30 seed=20260901 elapsed_ms=12671 inputs_sha256=dfa0a5c186e2763696c5c720bdaa039477ea51eb9d9d1bb7dab188fdeb3a4614
phase2-contracts-compatibility	Run exact Phase 2 lane	2026-09-14T16:29:38.4461160Z Privacy verification passed: artifacts=1 sentinels=7
phase2-contracts-compatibility	Run actions/upload-artifact@ea165f8d65b6e75b540449e92b4886f43607fa02	﻿2026-09-14T16:29:38.4735630Z Node 20 is being deprecated. This workflow is running with Node 24 by default. If you need to temporarily use Node 20, you can set the ACTIONS_ALLOW_USE_UNSECURE_NODE_VERSION=true environment variable. For more information see: https://github.blog/changelog/2025-09-19-deprecation-of-node-20-on-github-actions-runners/
phase2-contracts-compatibility	Run actions/upload-artifact@ea165f8d65b6e75b540449e92b4886f43607fa02	2026-09-14T16:29:38.4736870Z ##[group]Run actions/upload-artifact@ea165f8d65b6e75b540449e92b4886f43607fa02
phase2-contracts-compatibility	Run actions/upload-artifact@ea165f8d65b6e75b540449e92b4886f43607fa02	2026-09-14T16:29:38.4737200Z with:
phase2-contracts-compatibility	Run actions/upload-artifact@ea165f8d65b6e75b540449e92b4886f43607fa02	2026-09-14T16:29:38.4737400Z   name: phase2-contracts-compatibility-timing
phase2-contracts-compatibility	Run actions/upload-artifact@ea165f8d65b6e75b540449e92b4886f43607fa02	2026-09-14T16:29:38.4737720Z   path: /Users/runner/work/_temp/contracts-compatibility.txt
phase2-contracts-compatibility	Run actions/upload-artifact@ea165f8d65b6e75b540449e92b4886f43607fa02	2026-09-14T16:29:38.4738000Z   if-no-files-found: error
phase2-contracts-compatibility	Run actions/upload-artifact@ea165f8d65b6e75b540449e92b4886f43607fa02	2026-09-14T16:29:38.4738210Z   retention-days: 14
phase2-contracts-compatibility	Run actions/upload-artifact@ea165f8d65b6e75b540449e92b4886f43607fa02	2026-09-14T16:29:38.4738380Z   compression-level: 6
phase2-contracts-compatibility	Run actions/upload-artifact@ea165f8d65b6e75b540449e92b4886f43607fa02	2026-09-14T16:29:38.4738650Z   overwrite: false
phase2-contracts-compatibility	Run actions/upload-artifact@ea165f8d65b6e75b540449e92b4886f43607fa02	2026-09-14T16:29:38.4738990Z   include-hidden-files: false
phase2-contracts-compatibility	Run actions/upload-artifact@ea165f8d65b6e75b540449e92b4886f43607fa02	2026-09-14T16:29:38.4739210Z env:
phase2-contracts-compatibility	Run actions/upload-artifact@ea165f8d65b6e75b540449e92b4886f43607fa02	2026-09-14T16:29:38.4739500Z   KEEPLING_PHASE2_SEED: 20260901
phase2-contracts-compatibility	Run actions/upload-artifact@ea165f8d65b6e75b540449e92b4886f43607fa02	2026-09-14T16:29:38.4739900Z   KEEPLING_FLAKE_POLICY: no-retry; quarantine-requires-owner-issue-expiry
phase2-contracts-compatibility	Run actions/upload-artifact@ea165f8d65b6e75b540449e92b4886f43607fa02	2026-09-14T16:29:38.4740910Z ##[endgroup]
phase2-contracts-compatibility	Run actions/upload-artifact@ea165f8d65b6e75b540449e92b4886f43607fa02	2026-09-14T16:29:38.7586190Z (node:3063) [DEP0040] DeprecationWarning: The `punycode` module is deprecated. Please use a userland alternative instead.
phase2-contracts-compatibility	Run actions/upload-artifact@ea165f8d65b6e75b540449e92b4886f43607fa02	2026-09-14T16:29:38.7664610Z (Use `node --trace-deprecation ...` to show where the warning was created)
phase2-contracts-compatibility	Run actions/upload-artifact@ea165f8d65b6e75b540449e92b4886f43607fa02	2026-09-14T16:29:38.7672180Z With the provided path, there will be 1 file uploaded
phase2-contracts-compatibility	Run actions/upload-artifact@ea165f8d65b6e75b540449e92b4886f43607fa02	2026-09-14T16:29:38.7673820Z Artifact name is valid!
phase2-contracts-compatibility	Run actions/upload-artifact@ea165f8d65b6e75b540449e92b4886f43607fa02	2026-09-14T16:29:38.7674730Z Root directory input is valid!
phase2-contracts-compatibility	Run actions/upload-artifact@ea165f8d65b6e75b540449e92b4886f43607fa02	2026-09-14T16:29:39.2063170Z Beginning upload of artifact content to blob storage
phase2-contracts-compatibility	Run actions/upload-artifact@ea165f8d65b6e75b540449e92b4886f43607fa02	2026-09-14T16:29:39.2176230Z (node:3063) [DEP0169] DeprecationWarning: `url.parse()` behavior is not standardized and prone to errors that have security implications. Use the WHATWG URL API instead. CVEs are not issued for `url.parse()` vulnerabilities.
phase2-contracts-compatibility	Run actions/upload-artifact@ea165f8d65b6e75b540449e92b4886f43607fa02	2026-09-14T16:29:39.4956400Z Uploaded bytes 362
phase2-contracts-compatibility	Run actions/upload-artifact@ea165f8d65b6e75b540449e92b4886f43607fa02	2026-09-14T16:29:39.5697340Z Finished uploading artifact content to blob storage!
phase2-contracts-compatibility	Run actions/upload-artifact@ea165f8d65b6e75b540449e92b4886f43607fa02	2026-09-14T16:29:39.5699680Z SHA256 digest of uploaded artifact zip is 9b7142d6b13a982727f729764d9c37d496fc1a86066a40e546763ce81ae96549
phase2-contracts-compatibility	Run actions/upload-artifact@ea165f8d65b6e75b540449e92b4886f43607fa02	2026-09-14T16:29:39.5704130Z Finalizing artifact upload
phase2-contracts-compatibility	Run actions/upload-artifact@ea165f8d65b6e75b540449e92b4886f43607fa02	2026-09-14T16:29:39.8669460Z Artifact phase2-contracts-compatibility-timing.zip successfully finalized. Artifact ID 10358086251
phase2-contracts-compatibility	Run actions/upload-artifact@ea165f8d65b6e75b540449e92b4886f43607fa02	2026-09-14T16:29:39.8673690Z Artifact phase2-contracts-compatibility-timing has been successfully uploaded! Final size is 362 bytes. Artifact ID is 10358086251
phase2-contracts-compatibility	Run actions/upload-artifact@ea165f8d65b6e75b540449e92b4886f43607fa02	2026-09-14T16:29:39.8676400Z Artifact download URL: https://github.com/szTheory/keepling/actions/runs/34868832053/artifacts/10358086251
phase2-contracts-compatibility	Post Run actions/cache@0400d5f644dc74513175e3cd8d07132dd4860809	﻿2026-09-14T16:29:40.0250720Z Node 20 is being deprecated. This workflow is running with Node 24 by default. If you need to temporarily use Node 20, you can set the ACTIONS_ALLOW_USE_UNSECURE_NODE_VERSION=true environment variable. For more information see: https://github.blog/changelog/2025-09-19-deprecation-of-node-20-on-github-actions-runners/
phase2-contracts-compatibility	Post Run actions/cache@0400d5f644dc74513175e3cd8d07132dd4860809	2026-09-14T16:29:40.0252230Z Post job cleanup.
phase2-contracts-compatibility	Post Run actions/cache@0400d5f644dc74513175e3cd8d07132dd4860809	2026-09-14T16:29:40.1888480Z Cache hit occurred on the primary key phase2-macOS-contracts-compatibility-45b3b35ef45f5d65ae586b2b25dfb93049c099ec9870f23270bda4b35fe975d3, not saving cache.
phase2-contracts-compatibility	Post Run actions/cache@0400d5f644dc74513175e3cd8d07132dd4860809	2026-09-14T16:29:40.1891360Z (node:3070) [DEP0040] DeprecationWarning: The `punycode` module is deprecated. Please use a userland alternative instead.
phase2-contracts-compatibility	Post Run actions/cache@0400d5f644dc74513175e3cd8d07132dd4860809	2026-09-14T16:29:40.1892180Z (Use `node --trace-deprecation ...` to show where the warning was created)
phase2-contracts-compatibility	Post Run actions/setup-node@49933ea5288caeca8642d1e84afbd3f7d6820020	﻿2026-09-14T16:29:40.2043650Z Node 20 is being deprecated. This workflow is running with Node 24 by default. If you need to temporarily use Node 20, you can set the ACTIONS_ALLOW_USE_UNSECURE_NODE_VERSION=true environment variable. For more information see: https://github.blog/changelog/2025-09-19-deprecation-of-node-20-on-github-actions-runners/
phase2-contracts-compatibility	Post Run actions/setup-node@49933ea5288caeca8642d1e84afbd3f7d6820020	2026-09-14T16:29:40.2044970Z Post job cleanup.
phase2-contracts-compatibility	Post Run actions/setup-node@49933ea5288caeca8642d1e84afbd3f7d6820020	2026-09-14T16:29:40.5006600Z (node:3071) [DEP0040] DeprecationWarning: The `punycode` module is deprecated. Please use a userland alternative instead.
phase2-contracts-compatibility	Post Run actions/setup-node@49933ea5288caeca8642d1e84afbd3f7d6820020	2026-09-14T16:29:40.5007490Z (Use `node --trace-deprecation ...` to show where the warning was created)
phase2-contracts-compatibility	Post Run actions/checkout@34e114876b0b11c390a56381ad16ebd13914f8d5	﻿2026-09-14T16:29:40.5105860Z Node 20 is being deprecated. This workflow is running with Node 24 by default. If you need to temporarily use Node 20, you can set the ACTIONS_ALLOW_USE_UNSECURE_NODE_VERSION=true environment variable. For more information see: https://github.blog/changelog/2025-09-19-deprecation-of-node-20-on-github-actions-runners/
phase2-contracts-compatibility	Post Run actions/checkout@34e114876b0b11c390a56381ad16ebd13914f8d5	2026-09-14T16:29:40.5106850Z Post job cleanup.
phase2-contracts-compatibility	Post Run actions/checkout@34e114876b0b11c390a56381ad16ebd13914f8d5	2026-09-14T16:29:40.6106780Z [command]/opt/homebrew/bin/git version
phase2-contracts-compatibility	Post Run actions/checkout@34e114876b0b11c390a56381ad16ebd13914f8d5	2026-09-14T16:29:40.6184750Z git version 2.55.0
phase2-contracts-compatibility	Post Run actions/checkout@34e114876b0b11c390a56381ad16ebd13914f8d5	2026-09-14T16:29:40.6232930Z Copying '/Users/runner/.gitconfig' to '/Users/runner/work/_temp/5fbeb14c-c798-49fc-9bc7-04ef8dcb313f/.gitconfig'
phase2-contracts-compatibility	Post Run actions/checkout@34e114876b0b11c390a56381ad16ebd13914f8d5	2026-09-14T16:29:40.6242450Z Temporarily overriding HOME='/Users/runner/work/_temp/5fbeb14c-c798-49fc-9bc7-04ef8dcb313f' before making global git config changes
phase2-contracts-compatibility	Post Run actions/checkout@34e114876b0b11c390a56381ad16ebd13914f8d5	2026-09-14T16:29:40.6244460Z Adding repository directory to the temporary git global config as a safe directory
phase2-contracts-compatibility	Post Run actions/checkout@34e114876b0b11c390a56381ad16ebd13914f8d5	2026-09-14T16:29:40.6248410Z [command]/opt/homebrew/bin/git config --global --add safe.directory /Users/runner/work/keepling/keepling
phase2-contracts-compatibility	Post Run actions/checkout@34e114876b0b11c390a56381ad16ebd13914f8d5	2026-09-14T16:29:40.6329340Z [command]/opt/homebrew/bin/git config --local --name-only --get-regexp core\.sshCommand
phase2-contracts-compatibility	Post Run actions/checkout@34e114876b0b11c390a56381ad16ebd13914f8d5	2026-09-14T16:29:40.6401840Z [command]/opt/homebrew/bin/git submodule foreach --recursive sh -c "git config --local --name-only --get-regexp 'core\.sshCommand' && git config --local --unset-all 'core.sshCommand' || :"
phase2-contracts-compatibility	Post Run actions/checkout@34e114876b0b11c390a56381ad16ebd13914f8d5	2026-09-14T16:29:40.7357250Z [command]/opt/homebrew/bin/git config --local --name-only --get-regexp http\.https\:\/\/github\.com\/\.extraheader
phase2-contracts-compatibility	Post Run actions/checkout@34e114876b0b11c390a56381ad16ebd13914f8d5	2026-09-14T16:29:40.7423450Z http.https://github.com/.extraheader
phase2-contracts-compatibility	Post Run actions/checkout@34e114876b0b11c390a56381ad16ebd13914f8d5	2026-09-14T16:29:40.7432540Z [command]/opt/homebrew/bin/git config --local --unset-all http.https://github.com/.extraheader
phase2-contracts-compatibility	Post Run actions/checkout@34e114876b0b11c390a56381ad16ebd13914f8d5	2026-09-14T16:29:40.7534130Z [command]/opt/homebrew/bin/git submodule foreach --recursive sh -c "git config --local --name-only --get-regexp 'http\.https\:\/\/github\.com\/\.extraheader' && git config --local --unset-all 'http.https://github.com/.extraheader' || :"
phase2-contracts-compatibility	Post Run actions/checkout@34e114876b0b11c390a56381ad16ebd13914f8d5	2026-09-14T16:29:40.8613420Z [command]/opt/homebrew/bin/git config --local --name-only --get-regexp ^includeIf\.gitdir:
phase2-contracts-compatibility	Post Run actions/checkout@34e114876b0b11c390a56381ad16ebd13914f8d5	2026-09-14T16:29:40.8690270Z [command]/opt/homebrew/bin/git submodule foreach --recursive git config --local --show-origin --name-only --get-regexp remote.origin.url
phase2-contracts-compatibility	Complete job	﻿2026-09-14T16:29:41.0034990Z Cleaning up orphan processes
phase2-contracts-compatibility	Complete job	2026-09-14T16:29:41.2703060Z ##[warning]Node.js 20 is deprecated. The following actions target Node.js 20 but are being forced to run on Node.js 24: actions/cache@0400d5f644dc74513175e3cd8d07132dd4860809, actions/checkout@34e114876b0b11c390a56381ad16ebd13914f8d5, actions/setup-node@49933ea5288caeca8642d1e84afbd3f7d6820020, actions/upload-artifact@ea165f8d65b6e75b540449e92b4886f43607fa02. For more information see: https://github.blog/changelog/2025-09-19-deprecation-of-node-20-on-github-actions-runners/
All required checks passed	Set up job	﻿2026-09-14T16:31:23.0078218Z Current runner version: '2.337.0'
All required checks passed	Set up job	2026-09-14T16:31:23.0099615Z ##[group]Runner Image Provisioner
All required checks passed	Set up job	2026-09-14T16:31:23.0100482Z Hosted Compute Agent
All required checks passed	Set up job	2026-09-14T16:31:23.0101002Z Version: 20260828.587
All required checks passed	Set up job	2026-09-14T16:31:23.0101545Z Commit: abac92662cab4cc7352de4f9f9d2e2419aad9c29
All required checks passed	Set up job	2026-09-14T16:31:23.0102199Z Build Date: 2026-08-28T16:44:25Z
All required checks passed	Set up job	2026-09-14T16:31:23.0102809Z Worker ID: {9ddc180d-5e37-478b-b693-b083717635cd}
All required checks passed	Set up job	2026-09-14T16:31:23.0103437Z Azure Region: centralus
All required checks passed	Set up job	2026-09-14T16:31:23.0103938Z ##[endgroup]
All required checks passed	Set up job	2026-09-14T16:31:23.0105088Z ##[group]Operating System
All required checks passed	Set up job	2026-09-14T16:31:23.0105786Z Ubuntu
All required checks passed	Set up job	2026-09-14T16:31:23.0106255Z 24.04.5
All required checks passed	Set up job	2026-09-14T16:31:23.0106702Z LTS
All required checks passed	Set up job	2026-09-14T16:31:23.0107169Z ##[endgroup]
All required checks passed	Set up job	2026-09-14T16:31:23.0107644Z ##[group]Runner Image
All required checks passed	Set up job	2026-09-14T16:31:23.0108190Z Image: ubuntu-24.04
All required checks passed	Set up job	2026-09-14T16:31:23.0108747Z Version: 20260907.300.1
All required checks passed	Set up job	2026-09-14T16:31:23.0109639Z Included Software: https://github.com/actions/runner-images/blob/ubuntu24/20260907.300/images/ubuntu/Ubuntu2404-Readme.md
All required checks passed	Set up job	2026-09-14T16:31:23.0111085Z Image Release: https://github.com/actions/runner-images/releases/tag/ubuntu24%2F20260907.300
All required checks passed	Set up job	2026-09-14T16:31:23.0111938Z ##[endgroup]
All required checks passed	Set up job	2026-09-14T16:31:23.0112915Z ##[group]GITHUB_TOKEN Permissions
All required checks passed	Set up job	2026-09-14T16:31:23.0115035Z Contents: read
All required checks passed	Set up job	2026-09-14T16:31:23.0115537Z Metadata: read
All required checks passed	Set up job	2026-09-14T16:31:23.0116163Z ##[endgroup]
All required checks passed	Set up job	2026-09-14T16:31:23.0117944Z Secret source: Actions
All required checks passed	Set up job	2026-09-14T16:31:23.0118748Z Cache mode: write
All required checks passed	Set up job	2026-09-14T16:31:23.0119516Z Prepare workflow directory
All required checks passed	Set up job	2026-09-14T16:31:23.0439811Z Prepare all required actions
All required checks passed	Set up job	2026-09-14T16:31:23.0490739Z Complete job name: All required checks passed
All required checks passed	Assert every required dependency succeeded	﻿2026-09-14T16:31:23.1303214Z ##[group]Run node -e '
All required checks passed	Assert every required dependency succeeded	2026-09-14T16:31:23.1304196Z ^[[36;1mnode -e '^[[0m
All required checks passed	Assert every required dependency succeeded	2026-09-14T16:31:23.1305065Z ^[[36;1m  const needs = JSON.parse(process.env.NEEDS_CONTEXT);^[[0m
All required checks passed	Assert every required dependency succeeded	2026-09-14T16:31:23.1306219Z ^[[36;1m  let failed = false;^[[0m
All required checks passed	Assert every required dependency succeeded	2026-09-14T16:31:23.1307074Z ^[[36;1m  for (const [job, info] of Object.entries(needs)) {^[[0m
All required checks passed	Assert every required dependency succeeded	2026-09-14T16:31:23.1307771Z ^[[36;1m    const result = info.result;^[[0m
All required checks passed	Assert every required dependency succeeded	2026-09-14T16:31:23.1308490Z ^[[36;1m    console.log("needs job=" + job + " result=" + result);^[[0m
All required checks passed	Assert every required dependency succeeded	2026-09-14T16:31:23.1309202Z ^[[36;1m    if (result !== "success") {^[[0m
All required checks passed	Assert every required dependency succeeded	2026-09-14T16:31:23.1310019Z ^[[36;1m      console.error("required job " + job + " did not succeed (result=" + result + ")");^[[0m
All required checks passed	Assert every required dependency succeeded	2026-09-14T16:31:23.1310861Z ^[[36;1m      failed = true;^[[0m
All required checks passed	Assert every required dependency succeeded	2026-09-14T16:31:23.1311374Z ^[[36;1m    }^[[0m
All required checks passed	Assert every required dependency succeeded	2026-09-14T16:31:23.1311830Z ^[[36;1m  }^[[0m
All required checks passed	Assert every required dependency succeeded	2026-09-14T16:31:23.1312318Z ^[[36;1m  if (failed) process.exit(1);^[[0m
All required checks passed	Assert every required dependency succeeded	2026-09-14T16:31:23.1312877Z ^[[36;1m'^[[0m
All required checks passed	Assert every required dependency succeeded	2026-09-14T16:31:23.1782061Z shell: /usr/bin/bash -e {0}
All required checks passed	Assert every required dependency succeeded	2026-09-14T16:31:23.1783374Z env:
All required checks passed	Assert every required dependency succeeded	2026-09-14T16:31:23.1783892Z   KEEPLING_PHASE2_SEED: 20260901
All required checks passed	Assert every required dependency succeeded	2026-09-14T16:31:23.1784667Z   KEEPLING_FLAKE_POLICY: no-retry; quarantine-requires-owner-issue-expiry
All required checks passed	Assert every required dependency succeeded	2026-09-14T16:31:23.1787348Z   NEEDS_CONTEXT: {
All required checks passed	Assert every required dependency succeeded	  "ci-contract": {
All required checks passed	Assert every required dependency succeeded	    "result": "success",
All required checks passed	Assert every required dependency succeeded	    "outputs": {}
All required checks passed	Assert every required dependency succeeded	  },
All required checks passed	Assert every required dependency succeeded	  "repository-integrity": {
All required checks passed	Assert every required dependency succeeded	    "result": "success",
All required checks passed	Assert every required dependency succeeded	    "outputs": {}
All required checks passed	Assert every required dependency succeeded	  },
All required checks passed	Assert every required dependency succeeded	  "phase2-linux": {
All required checks passed	Assert every required dependency succeeded	    "result": "success",
All required checks passed	Assert every required dependency succeeded	    "outputs": {}
All required checks passed	Assert every required dependency succeeded	  },
All required checks passed	Assert every required dependency succeeded	  "phase2-runtime": {
All required checks passed	Assert every required dependency succeeded	    "result": "success",
All required checks passed	Assert every required dependency succeeded	    "outputs": {}
All required checks passed	Assert every required dependency succeeded	  },
All required checks passed	Assert every required dependency succeeded	  "image-compose-deploy": {
All required checks passed	Assert every required dependency succeeded	    "result": "success",
All required checks passed	Assert every required dependency succeeded	    "outputs": {}
All required checks passed	Assert every required dependency succeeded	  },
All required checks passed	Assert every required dependency succeeded	  "opentofu-host-fixtures": {
All required checks passed	Assert every required dependency succeeded	    "result": "success",
All required checks passed	Assert every required dependency succeeded	    "outputs": {}
All required checks passed	Assert every required dependency succeeded	  },
All required checks passed	Assert every required dependency succeeded	  "export-reader": {
All required checks passed	Assert every required dependency succeeded	    "result": "success",
All required checks passed	Assert every required dependency succeeded	    "outputs": {}
All required checks passed	Assert every required dependency succeeded	  }
All required checks passed	Assert every required dependency succeeded	}
All required checks passed	Assert every required dependency succeeded	2026-09-14T16:31:23.1789724Z ##[endgroup]
All required checks passed	Assert every required dependency succeeded	2026-09-14T16:31:23.3190004Z needs job=ci-contract result=success
All required checks passed	Assert every required dependency succeeded	2026-09-14T16:31:23.3190979Z needs job=repository-integrity result=success
All required checks passed	Assert every required dependency succeeded	2026-09-14T16:31:23.3191609Z needs job=phase2-linux result=success
All required checks passed	Assert every required dependency succeeded	2026-09-14T16:31:23.3192209Z needs job=phase2-runtime result=success
All required checks passed	Assert every required dependency succeeded	2026-09-14T16:31:23.3192879Z needs job=image-compose-deploy result=success
All required checks passed	Assert every required dependency succeeded	2026-09-14T16:31:23.3193506Z needs job=opentofu-host-fixtures result=success
All required checks passed	Assert every required dependency succeeded	2026-09-14T16:31:23.3194099Z needs job=export-reader result=success
All required checks passed	Complete job	﻿2026-09-14T16:31:23.3356532Z Cleaning up orphan processes
